CDR3b	TRBV	TRBJ	patient	HLA	counts
CASSPNGIMNTEAFF	TRBV7-6	TRBJ1-1	09/0018	NA	5047
CASTQSGGTNEKLFF	TRBV28	TRBJ1-4	09/0018	NA	5342
CASSAWDRGRFTEAFF	TRBV25-1	TRBJ1-1	09/0018	NA	5946
CASSLQGGGYEQYF	TRBV18	TRBJ2-7	09/0018	NA	4033
CASSKLEGLEQFF	TRBV12-3	TRBJ2-1	09/0018	NA	4735
CASSLEVVPGRPQYF	TRBV7-2	TRBJ2-5	09/0018	NA	4415
CASSFALGSKNTEAFF	TRBV5-6	TRBJ1-1	09/0018	NA	6049
CSAQKPGLAPNEQFF	TRBV20-1	TRBJ2-1	09/0018	NA	5496
CASSAWDRGRFTEAFF	TRBV25-1	TRBJ1-1	09/0018	NA	5746
CASRRQGGAYEQYF	TRBV12-3	TRBJ2-7	09/0018	NA	3546
CASRPRVLNYGYTF	TRBV28	TRBJ1-2	09/0018	NA	5296
CASRRQGGAYEQYF	TRBV12-3	TRBJ2-7	09/0018	NA	6331
CASSHLQGARETQYF	TRBV4-1	TRBJ2-5	09/0018	NA	6036
CSASLGLTGDSNSPLHF	TRBV20-1	TRBJ1-6	09/0018	NA	3835
CASSRGTTQYF	TRBV6-6	TRBJ2-3	09/0018	NA	4131
CASSKLEGLEQFF	TRBV12-3	TRBJ2-1	09/0018	NA	4992
CASSLQGGGYEQYF	TRBV18	TRBJ2-7	09/0018	NA	4670
CASSAHVVGTGMHEQYF	TRBV9	TRBJ2-7	09/0018	NA	5523
CASSLVTGGGYGYTF	TRBV7-2	TRBJ1-2	09/0018	NA	374
CASSAWDRGRFTEAFF	TRBV25-1	TRBJ1-1	09/0018	NA	6157
CSARALSSGGELFF	TRBV20-1	TRBJ2-2	09/0018	NA	5500
CSARVPLHPGNTEAFF	TRBV20-1	TRBJ1-1	09/0018	NA	5036
CASSLSPLGQGAREKLFF	TRBV27	TRBJ1-4	09/0018	NA	3134
CASRPGQRNTEAFF	TRBV19	TRBJ1-1	09/0018	NA	4296
CASRPRVLNYGYTF	TRBV28	TRBJ1-2	09/0018	NA	4944
CASRRQGGAYEQYF	TRBV12-3	TRBJ2-7	09/0018	NA	6255
CASSTPSGGGDTQYF	TRBV2	TRBJ2-3	09/0018	NA	6088
CASSLAWQIHYEQYF	TRBV5-1	TRBJ2-7	09/0018	NA	6198
CSATPGGGSSGYTF	TRBV20-1	TRBJ1-2	09/0018	NA	4726
CASKRTGSIYGYTF	TRBV19	TRBJ1-2	09/0018	NA	6055
CASSPGGQPQHF	TRBV6-6	TRBJ1-5	09/0018	NA	6148
CASSLEVVPGRPQYF	TRBV7-2	TRBJ2-5	09/0018	NA	3717
CASSLEGRLLAEAFF	TRBV5-1	TRBJ1-1	09/0018	NA	3904
CASSRGAVTYEQYF	TRBV18	TRBJ2-7	09/0018	NA	3371
CASRRGGGPNNEQFF	TRBV19	TRBJ2-1	09/0018	NA	4362
CASSLRGPFEKLFF	TRBV27	TRBJ1-4	09/0018	NA	5359
CASSLTTSGGWSSYNEQFF	TRBV5-6	TRBJ2-1	09/0018	NA	5933
CASSLAWQIHYEQYF	TRBV5-1	TRBJ2-7	09/0018	NA	6200
CASSDFATGSADTQYF	TRBV10-1	TRBJ2-3	09/0018	NA	5152
CASSRLAGMDTQYF	TRBV6-6	TRBJ2-3	09/0018	NA	6277
CASSDFATGSADTQYF	TRBV10-1	TRBJ2-3	09/0018	NA	4735
CASSLAWQIHYEQYF	TRBV5-1	TRBJ2-7	09/0018	NA	2270
CASSRGTTQYF	TRBV6-6	TRBJ2-3	09/0018	NA	3915
CASSQGRLAGGRDTQYF	TRBV4-3	TRBJ2-3	09/0018	NA	3254
CASSLDVDYGYTF	TRBV12-3	TRBJ1-2	09/0018	NA	5288
CASRGTGTGNYGYTF	TRBV6-2	TRBJ1-2	09/0018	NA	5095
CASSGRPAGYTF	TRBV10-2	TRBJ1-2	09/0018	NA	5984
CASSLAWQIHYEQYF	TRBV5-1	TRBJ2-7	09/0018	NA	6497
CSAPPIAAYNEQFF	TRBV20-1	TRBJ2-1	09/0018	NA	52
CASSPRWGANTEAFF	TRBV7-2	TRBJ1-1	09/0018	NA	454
CASSLALAGGGRLSGANVLTF	TRBV5-1	TRBJ2-6	09/0018	NA	3563
CATSRDRGTATYTQETQYF	TRBV15	TRBJ2-5	09/0018	NA	3077
CASSLRELGRNEQFF	TRBV11-2	TRBJ2-1	09/0018	NA	5029
CASSTRDRVHNEQFF	TRBV9	TRBJ2-1	09/0018	NA	5180
CASSRIPFHEDTEAFF	TRBV14	TRBJ1-1	09/0018	NA	6009
CASSLTTSGGWSSYNEQFF	TRBV5-6	TRBJ2-1	09/0018	NA	5529
CASSEVVDNEQFF	TRBV6-1	TRBJ2-1	01/0906	NA	5524
CASRRTLAGSGANVLTF	TRBV6-1	TRBJ2-6	01/0906	NA	6179
CASSQEGNYGYTF	TRBV4-3	TRBJ1-2	01/0906	NA	7102
CASRTGSQALALHF	TRBV19	TRBJ1-6	01/0906	NA	6128
CASSQAGMNTEAFF	TRBV14	TRBJ1-1	01/0906	NA	4999
CASSKDGASNEKLFF	TRBV6-5	TRBJ1-4	01/0906	NA	4182
CASTNSGSNQPQHF	TRBV12-3	TRBJ1-5	01/0906	NA	4789
CATSRDSHMNTEAFF	TRBV15	TRBJ1-1	01/0906	NA	4923
CSADGPSGAFGAFF	TRBV20-1	TRBJ1-1	01/0906	NA	5756
CSVSTGGSGANVLTF	TRBV29-1	TRBJ2-6	01/0906	NA	6654
CASSTLRLRNIQYF	TRBV12-3	TRBJ2-4	01/0906	NA	7430
CASATQGQGAGYTF	TRBV12-5	TRBJ1-2	01/0906	NA	5261
CASSIRQTGTGSSPLHF	TRBV19	TRBJ1-6	01/0906	NA	5717
CASSQDRGLSNEKLFF	TRBV4-2	TRBJ1-4	01/0906	NA	5246
CATGPTGLNTEAFF	TRBV10-2	TRBJ1-1	01/0906	NA	93
CASSLEMVYNEQFF	TRBV11-2	TRBJ2-1	01/0906	NA	4183
CASSLVTAGNTIYF	TRBV12-3	TRBJ1-3	01/0906	NA	4726
CASRGTGRTGNTIYF	TRBV6-2	TRBJ1-3	01/0906	NA	5688
CASRGTGRTGNTIYF	TRBV6-2	TRBJ1-3	01/0906	NA	5162
CASSPRQGAGYTF	TRBV7-6	TRBJ1-2	01/0906	NA	7018
CASMIATGRTDTQYF	TRBV19	TRBJ2-3	01/0906	NA	57
CASSFSGIPYEQYF	TRBV28	TRBJ2-7	01/0906	NA	5442
CASTRMGRGPNTEAFF	TRBV19	TRBJ1-1	01/0906	NA	3934
CASGFGATGGLDEQYF	TRBV12-5	TRBJ2-7	01/0906	NA	3696
CASSPRLAGGGSPLHF	TRBV18	TRBJ1-6	01/0906	NA	3461
CASSLDTQVIGYTF	TRBV11-2	TRBJ1-2	01/0906	NA	5484
CASSQRGLRDRVTVSNQPQHF	TRBV4-1	TRBJ1-5	01/0906	NA	4800
CSVVDGFTEAFF	TRBV29-1	TRBJ1-1	01/0906	NA	5932
CASGPGTAVTEAFF	TRBV11-2	TRBJ1-1	01/0906	NA	6511
CASSPRQGAGYTF	TRBV7-6	TRBJ1-2	01/0906	NA	7676
CSARSSGGEAKNIQYF	TRBV20-1	TRBJ2-4	01/0906	NA	5455
CAWSGGGPVVEQYF	TRBV30	TRBJ2-7	01/0906	NA	4493
CASSLDTQVIGYTF	TRBV11-2	TRBJ1-2	01/0906	NA	4223
CASSKLGNEQFF	TRBV6-2	TRBJ2-1	01/0906	NA	3760
CASSLSRSNEQYF	TRBV27	TRBJ2-7	01/0906	NA	4732
CASSPRPSNQPQHF	TRBV27	TRBJ1-5	01/0906	NA	5370
CASSLEGRRNYEQYF	TRBV5-1	TRBJ2-7	01/0906	NA	6350
CASSQTSSKNIQYF	TRBV7-2	TRBJ2-4	01/0906	NA	7121
CSVVDGFTEAFF	TRBV29-1	TRBJ1-1	01/0906	NA	6823
CASTPGQGGGELFF	TRBV6-1	TRBJ2-2	01/0906	NA	4792
CASSSRREQYF	TRBV7-2	TRBJ2-7	01/0906	NA	6426
CASSSRVSGGPYNEQFF	TRBV9	TRBJ2-1	01/0906	NA	4051
CASSSTLGRNTEAFF	TRBV5-1	TRBJ1-1	01/0906	NA	3836
CSVSTGGSGANVLTF	TRBV29-1	TRBJ2-6	01/0906	NA	4051
CSVVDGFTEAFF	TRBV29-1	TRBJ1-1	01/0906	NA	4797
CASSRGLLSETEAFF	TRBV5-6	TRBJ1-1	01/0906	NA	391
CASSVAWSGAGNEQFF	TRBV9	TRBJ2-1	01/0906	NA	6170
CASSKDSGANVLTF	TRBV6-4	TRBJ2-6	01/0906	NA	6107
CASSPRQGAGYTF	TRBV7-6	TRBJ1-2	01/0906	NA	6711
CASSLDTQVIGYTF	TRBV11-2	TRBJ1-2	01/0906	NA	6575
CSARAGGYTDTQYF	TRBV20-1	TRBJ2-3	01/0906	NA	4338
CASSLGTSPGNQPQHF	TRBV5-1	TRBJ1-5	01/0906	NA	3715
CASTPGQGGGELFF	TRBV6-1	TRBJ2-2	01/0906	NA	2820
CASSLEGQANSEAFF	TRBV5-1	TRBJ1-1	01/0906	NA	3566
CASSSRVSGGPYNEQFF	TRBV9	TRBJ2-1	01/0906	NA	4354
CASSLDTQVIGYTF	TRBV11-2	TRBJ1-2	01/0906	NA	6243
CASSFSGIPYEQYF	TRBV28	TRBJ2-7	01/0906	NA	5049
CSARTRQDLYKFNEKLFF	TRBV20-1	TRBJ1-4	01/0906	NA	4670
CASREGLSNNNSPLHF	TRBV5-1	TRBJ1-6	01/0906	NA	5579
CSARAGFLGYTF	TRBV20-1	TRBJ1-2	01/0906	NA	5773
CVSSVDASGNTIYF	TRBV18	TRBJ1-3	01/0906	NA	3669
CASVGRGTSLRAFF	TRBV6-1	TRBJ1-1	01/0906	NA	3179
CASTEGPGGTEAFF	TRBV6-1	TRBJ1-1	01/0906	NA	3376
CASSFRGGEGYTF	TRBV27	TRBJ1-2	01/0906	NA	3318
CATSRDSHMNTEAFF	TRBV15	TRBJ1-1	01/0906	NA	4434
CASTEGPGGTEAFF	TRBV6-1	TRBJ1-1	01/0906	NA	4979
CASSVGGTGELFF	TRBV9	TRBJ2-2	01/0906	NA	5473
CASSLEGRRNYEQYF	TRBV5-1	TRBJ2-7	01/0906	NA	6038
CASSLDTQVIGYTF	TRBV11-2	TRBJ1-2	01/0906	NA	6192
CASSFRAGDGGYTF	TRBV27	TRBJ1-2	01/0906	NA	2316
CSASPGSRGPGANVLTF	TRBV20-1	TRBJ2-6	01/0906	NA	5540
CASSSRREQYF	TRBV7-2	TRBJ2-7	01/0906	NA	5977
CASSLEGRRNYEQYF	TRBV5-1	TRBJ2-7	01/0906	NA	4950
CASSSQRTGENYGYTF	TRBV19	TRBJ1-2	01/0906	NA	3737
CSARTRQDLYKFNEKLFF	TRBV20-1	TRBJ1-4	01/0906	NA	3320
CASSLDTQVIGYTF	TRBV11-2	TRBJ1-2	01/0906	NA	4973
CASSLEGRRNYEQYF	TRBV5-1	TRBJ2-7	01/0906	NA	5407
CASTEGPGGTEAFF	TRBV6-1	TRBJ1-1	01/0906	NA	5236
CASSSRGGYTF	TRBV4-3	TRBJ1-2	01/0906	NA	6589
CASATQGQGAGYTF	TRBV12-5	TRBJ1-2	01/0906	NA	5199
CASSRGTLGDTQYF	TRBV7-2	TRBJ2-3	01/0906	NA	5837
CASSLGRGGSDTEAFF	TRBV5-1	TRBJ1-1	01/0906	NA	4681
CASREGLSNNNSPLHF	TRBV5-1	TRBJ1-6	01/0906	NA	4562
CASSNQAGGSYNEQFF	TRBV7-2	TRBJ2-1	01/0906	NA	4156
CASSPRDSGGAGSYEQYF	TRBV7-4	TRBJ2-7	01/0906	NA	198
CSVSTGGSGANVLTF	TRBV29-1	TRBJ2-6	01/0906	NA	3901
CASSHRGGTSYGYTF	TRBV7-2	TRBJ1-2	01/0906	NA	4686
CSARTRQDLYKFNEKLFF	TRBV20-1	TRBJ1-4	01/0906	NA	3529
CASSLDLHPNTEAFF	TRBV6-6	TRBJ1-1	01/0906	NA	4830
CASGFGATGGLDEQYF	TRBV12-5	TRBJ2-7	01/0906	NA	5556
CASSLWGQGAVEQYF	TRBV28	TRBJ2-7	01/0906	NA	5143
CASSLTQGANGANVLTF	TRBV5-1	TRBJ2-6	01/0906	NA	5232
CASATQGQGAGYTF	TRBV12-5	TRBJ1-2	01/0906	NA	4851
CASSLGTSPGNQPQHF	TRBV5-1	TRBJ1-5	01/0906	NA	4565
CSARDPELNQPQHF	TRBV20-1	TRBJ1-5	01/0906	NA	4512
CASSTEGNYGYTF	TRBV27	TRBJ1-2	01/0906	NA	4246
CASGFGATGGLDEQYF	TRBV12-5	TRBJ2-7	01/0906	NA	4118
CASSPNAATYEQYF	TRBV18	TRBJ2-7	01/0906	NA	4846
CASSPRPSNQPQHF	TRBV27	TRBJ1-5	01/0906	NA	3822
CASSFSGIPYEQYF	TRBV28	TRBJ2-7	01/0906	NA	5168
CASSLGQGRGGYTF	TRBV12-3	TRBJ1-2	01/0906	NA	6289
CASSLDTQVIGYTF	TRBV11-2	TRBJ1-2	01/0906	NA	5599
CASVGRGTSLRAFF	TRBV6-1	TRBJ1-1	01/0906	NA	4066
CASSQAGAKGPGANVLTF	TRBV4-3	TRBJ2-6	01/0906	NA	4205
CASSSRREQYF	TRBV7-2	TRBJ2-7	01/0906	NA	4735
CASATQGQGAGYTF	TRBV12-5	TRBJ1-2	01/0906	NA	4405
CASSRDRGQDNEQFF	TRBV18	TRBJ2-1	01/0906	NA	4028
CASSQRGLRDRVTVSNQPQHF	TRBV4-1	TRBJ1-5	01/0906	NA	4027
CASSLFADSPLHF	TRBV7-3	TRBJ1-6	01/0906	NA	395
CASSPRLAGGGSPLHF	TRBV18	TRBJ1-6	01/0906	NA	4622
CSARVGQQHNSPLHF	TRBV20-1	TRBJ1-6	01/0906	NA	5851
CASSNLQHTNNNQPQHF	TRBV7-2	TRBJ1-5	01/0906	NA	151
CASSEVGDRGKNIQYF	TRBV10-2	TRBJ2-4	01/0906	NA	97
CASSPRQGAGYTF	TRBV7-6	TRBJ1-2	01/0906	NA	4421
CASTEGPGGTEAFF	TRBV6-1	TRBJ1-1	01/0906	NA	3829
CASSEGTGSSYEQYF	TRBV5-1	TRBJ2-7	01/0906	NA	4230
CASREGLSNNNSPLHF	TRBV5-1	TRBJ1-6	01/0906	NA	4196
CASSHGTGGRVNQPQHF	TRBV28	TRBJ1-5	01/0906	NA	4361
CASSPQSGYTF	TRBV6-2	TRBJ1-2	01/0906	NA	5363
CASSQATGWTGNTIYF	TRBV3-1	TRBJ1-3	01/0906	NA	2677
CASSLGTEAFF	TRBV27	TRBJ1-1	01/0906	NA	4172
CSARASGGEAKNIQYF	TRBV20-1	TRBJ2-4	01/0906	NA	3762
CASSTEGNYGYTF	TRBV27	TRBJ1-2	01/0906	NA	3794
CATSGRREGQGWSDTQYF	TRBV15	TRBJ2-3	01/0906	NA	3416
CSARGGLFSSYNSPLHF	TRBV20-1	TRBJ1-6	01/0906	NA	3979
CSARDPELNQPQHF	TRBV20-1	TRBJ1-5	01/0906	NA	4475
CASSGQQIYNEQFF	TRBV19	TRBJ2-1	01/0906	NA	3907
CAWSEDRVGEQYF	TRBV30	TRBJ2-7	01/0906	NA	4849
CASSYSPTGELFF	TRBV6-5	TRBJ2-2	01/0906	NA	4582
CASTGTAADNSPLHF	TRBV6-1	TRBJ1-6	01/0906	NA	4411
CASSLGQTSYNSPLHF	TRBV12-3	TRBJ1-6	01/0906	NA	4760
CASSPEGNYGYTF	TRBV27	TRBJ1-2	01/0906	NA	1912
CSARDPELNQPQHF	TRBV20-1	TRBJ1-5	01/0906	NA	4125
CSAMRQGYNEQFF	TRBV20-1	TRBJ2-1	01/0906	NA	4395
CASSLVNPGMGRNYGYTF	TRBV7-2	TRBJ1-2	01/0906	NA	4466
CASSQDPGVGEQFF	TRBV3-1	TRBJ2-1	01/0906	NA	1834
CASRISGGASEYAYEQYF	TRBV6-5	TRBJ2-7	01/0906	NA	3063
CASSLGLTNEKLFF	TRBV28	TRBJ1-4	01/0906	NA	3934
CASSIDLKGTDYGYTF	TRBV19	TRBJ1-2	01/0906	NA	4053
CSAGSRVIGTDTQYF	TRBV20-1	TRBJ2-3	01/0906	NA	5000
CASSLEGQRKYEQYF	TRBV11-2	TRBJ2-7	01/0906	NA	4513
CASSQEGNYGYTF	TRBV4-3	TRBJ1-2	01/0906	NA	4049
CASSPRGTSMEQFF	TRBV3-1	TRBJ2-1	01/0906	NA	716
CASSPSFQTTEAFF	TRBV11-2	TRBJ1-1	01/0906	NA	4111
CASSLVDSAYEQYF	TRBV11-2	TRBJ2-7	01/0906	NA	4671
CASSQDRQGAQDIQYF	TRBV4-1	TRBJ2-4	01/0906	NA	4690
CASSLVRAGLGSFYEQYF	TRBV7-2	TRBJ2-7	01/0906	NA	5508
CASSAGGGVSSYEQYF	TRBV9	TRBJ2-7	01/0906	NA	4930
CSASGVQDSNQPQHF	TRBV20-1	TRBJ1-5	01/0906	NA	4128
CASSLGQGANYGYTF	TRBV7-2	TRBJ1-2	01/0906	NA	4888
CASSLQEKQETQYF	TRBV12-3	TRBJ2-5	01/0906	NA	239
CASSLVGTGLGRNYGYTF	TRBV7-2	TRBJ1-2	01/0906	NA	4819
CSARAGGNTGELFF	TRBV20-1	TRBJ2-2	01/0906	NA	5182
CASTGTAADNSPLHF	TRBV6-1	TRBJ1-6	01/0906	NA	4609
CSAIIRVGNTEAFF	TRBV20-1	TRBJ1-1	01/0906	NA	3923
CASSLERGGRAEQYF	TRBV7-2	TRBJ2-7	01/0906	NA	634
CAWSVSVDTEAFF	TRBV30	TRBJ1-1	01/0906	NA	3386
CASRPPGTGNTEAFF	TRBV6-5	TRBJ1-1	01/0906	NA	3721
CASSLSPSRVESPLHF	TRBV7-2	TRBJ1-6	01/0906	NA	5285
CSARGGRTNTGELFF	TRBV29-1	TRBJ2-2	01/0906	NA	1651
CSASPGSRGPGANVLTF	TRBV20-1	TRBJ2-6	01/0906	NA	4494
CASSFVDSSYEQYF	TRBV11-2	TRBJ2-7	01/0906	NA	5745
CASSLIGRADTQYF	TRBV7-3	TRBJ2-3	01/0906	NA	219
CASSLEGQANSPLHF	TRBV5-1	TRBJ1-6	01/0906	NA	4417
CASSLRSRAYEQYF	TRBV5-6	TRBJ2-7	01/0906	NA	5078
CASSLGRIGRADTQYF	TRBV5-6	TRBJ2-3	01/0906	NA	3554
CASSIPGVGNTIYF	TRBV19	TRBJ1-3	01/0906	NA	3151
CASSFVDSSYEQYF	TRBV11-2	TRBJ2-7	01/0906	NA	5074
CSARVGEGYTF	TRBV20-1	TRBJ1-2	01/0906	NA	5447
CATQQGNYGYTF	TRBV24-1	TRBJ1-2	01/0906	NA	4972
CASREGGAFF	TRBV2	TRBJ1-1	01/0906	NA	5009
CSASVRLFGTDTQYF	TRBV20-1	TRBJ2-3	01/0906	NA	6341
CSARDQGGAGNQPQHF	TRBV20-1	TRBJ1-5	01/0906	NA	5232
CASSLRSRGYEQYF	TRBV5-6	TRBJ2-7	01/0906	NA	4230
CASSPLGTQERSYGYTF	TRBV25-1	TRBJ1-2	01/0906	NA	4706
CASSQGLRGDSNQPQHF	TRBV4-1	TRBJ1-5	01/0906	NA	3878
CASTQGQPAHTF	TRBV28	TRBJ1-2	01/0906	NA	4518
CSVETGVREAEAFF	TRBV29-1	TRBJ1-1	01/0906	NA	5513
CASSHRGGTSYGYTF	TRBV7-2	TRBJ1-2	01/0906	NA	5228
CSASVRLFGTDTQYF	TRBV20-1	TRBJ2-3	01/0906	NA	4348
CASSGQGAYNSPLHF	TRBV25-1	TRBJ1-6	01/0906	NA	1310
CASSSSGTGEKLFF	TRBV12-3	TRBJ1-4	01/0906	NA	5787
CASSEGAGGYTF	TRBV25-1	TRBJ1-2	01/0906	NA	5335
CASSPARGLGNEQFF	TRBV2	TRBJ2-1	01/0906	NA	3247
CSARDPQVAKNIQYF	TRBV20-1	TRBJ2-4	01/0906	NA	4662
CATSDPALYEQYF	TRBV24-1	TRBJ2-7	01/0906	NA	5622
CASSLRSRSYEQYF	TRBV5-6	TRBJ2-7	01/0906	NA	6149
CASSQPTGRSYEQYF	TRBV4-1	TRBJ2-7	01/0906	NA	6017
CASSPPGRGNEKLFF	TRBV3-1	TRBJ1-4	01/0906	NA	3338
CASFLGRANYGYTF	TRBV2	TRBJ1-2	01/0906	NA	4600
CASSSSGTGEKLFF	TRBV12-3	TRBJ1-4	01/0906	NA	4420
CSARGGRTNTGELFF	TRBV29-1	TRBJ2-2	01/0906	NA	4980
CSASVRLFGTDTQYF	TRBV20-1	TRBJ2-3	01/0906	NA	5400
CASSFVDSSYEQYF	TRBV11-2	TRBJ2-7	01/0906	NA	5433
CSAERSVGGETQYF	TRBV20-1	TRBJ2-5	01/0906	NA	2264
CASSRDRGYNEQFF	TRBV7-3	TRBJ2-1	01/0906	NA	5593
CASSQITNTEAFF	TRBV3-1	TRBJ1-1	01/0906	NA	4170
CSVSTGGSGANVLTF	TRBV29-1	TRBJ2-6	01/0906	NA	5757
CASSFRGGEGYTF	TRBV27	TRBJ1-2	01/0906	NA	4783
CSARVGEGYTF	TRBV20-1	TRBJ1-2	01/0906	NA	5372
CSARAKFPSYEQYF	TRBV20-1	TRBJ2-7	01/0906	NA	4728
CASSVGGTGELFF	TRBV9	TRBJ2-2	01/0906	NA	4668
CASSGLAGGAKNIQYF	TRBV6-1	TRBJ2-4	01/0906	NA	4269
CASSPPGVQGYGYTF	TRBV5-1	TRBJ1-2	01/0906	NA	3133
CASSLRRGDQQYF	TRBV7-3	TRBJ2-7	01/0906	NA	5333
CASSSPGQGAPGYGYTF	TRBV28	TRBJ1-2	01/0906	NA	5073
CASSFTGTGGYNEQFF	TRBV4-3	TRBJ2-1	01/0906	NA	346
CASSLRSRSYEQYF	TRBV5-6	TRBJ2-7	01/0906	NA	5646
CSASKLVSGNTIYF	TRBV20-1	TRBJ1-3	01/0906	NA	4483
CASSSTFGEQFF	TRBV7-3	TRBJ2-1	01/0906	NA	4255
CASNRDRDEKLFF	TRBV5-1	TRBJ1-4	01/0906	NA	5464
CATSGRREGQGWSDTQYF	TRBV15	TRBJ2-3	01/0906	NA	4801
CASSLDVSGARGYTF	TRBV7-2	TRBJ1-2	01/0906	NA	343
CASSLGRIGRADTQYF	TRBV5-6	TRBJ2-3	01/0906	NA	3513
CASSLEGRRNYEQYF	TRBV5-1	TRBJ2-7	01/0906	NA	4935
CASSFWGLSYEQYF	TRBV11-2	TRBJ2-7	01/0906	NA	6212
CASSESGGSNQPQHF	TRBV10-2	TRBJ1-5	01/0906	NA	6713
CASSARDRGEQYF	TRBV7-2	TRBJ2-7	01/0906	NA	6293
CASSSGPLNSPLHF	TRBV12-3	TRBJ1-6	01/0906	NA	5998
CASSESGGSNQPQHF	TRBV10-2	TRBJ1-5	01/0906	NA	5087
CSVELGGHGNTIYF	TRBV29-1	TRBJ1-3	01/0906	NA	4168
CSARDPELNQPQHF	TRBV20-1	TRBJ1-5	01/0906	NA	4528
CASSEGVDKQYF	TRBV10-2	TRBJ2-7	01/0906	NA	5781
CSARGFGDTEAFF	TRBV20-1	TRBJ1-1	01/0906	NA	5657
CASSQDRPGSYNEQFF	TRBV14	TRBJ2-1	09/0018	NA	5385
CSATGLDRVNGNTIYF	TRBV20-1	TRBJ1-3	09/0018	NA	5814
CASSQDRANQPQHF	TRBV4-1	TRBJ1-5	09/0018	NA	5309
CASSRNNEQFF	TRBV27	TRBJ2-1	09/0018	NA	1943
CASNLASGSPLHF	TRBV19	TRBJ1-6	09/0018	NA	4620
CASSLDRAMGTQYF	TRBV11-2	TRBJ2-3	09/0018	NA	5612
CSVLPRQGGTEAFF	TRBV29-1	TRBJ1-1	09/0018	NA	4986
CASSLDRAMGTQYF	TRBV11-2	TRBJ2-3	09/0018	NA	5350
CASSLDRAMGTQYF	TRBV11-2	TRBJ2-3	09/0018	NA	6273
CASSAISKRYEQYF	TRBV2	TRBJ2-7	09/0018	NA	3180
CASSLVWAGNTEAFF	TRBV7-9	TRBJ1-1	09/0018	NA	2972
CASSPAVYENEQFF	TRBV9	TRBJ2-1	09/0018	NA	5095
CSARVYRLVNTEAFF	TRBV20-1	TRBJ1-1	09/0018	NA	5362
CASSETGTSGVQFF	TRBV25-1	TRBJ2-1	09/0018	NA	4695
CASRANRGPNTGELFF	TRBV6-1	TRBJ2-2	09/0018	NA	3231
CASSLSTVRQSPLHF	TRBV11-2	TRBJ1-6	09/0018	NA	5130
CASSLDRAMGTQYF	TRBV11-2	TRBJ2-3	09/0018	NA	5733
CASSKLEGLEQFF	TRBV12-3	TRBJ2-1	09/0018	NA	5431
CASSLDRAMGTQYF	TRBV11-2	TRBJ2-3	09/0018	NA	5481
CASSEYGGPEQFF	TRBV6-1	TRBJ2-1	09/0018	NA	4399
CASSLRAGGGTGELFF	TRBV7-6	TRBJ2-2	09/0018	NA	5825
CASSQLENTEAFF	TRBV12-3	TRBJ1-1	09/0018	NA	7166
CASSFGVTNYGYTF	TRBV28	TRBJ1-2	09/0018	NA	4457
CSASGPLQETQYF	TRBV20-1	TRBJ2-5	09/0018	NA	4897
CASSLATGNYGYTF	TRBV7-2	TRBJ1-2	09/0018	NA	377
CASSLEVVPGRPQYF	TRBV7-2	TRBJ2-5	09/0018	NA	4261
CASSLSTVRQSPLHF	TRBV11-2	TRBJ1-6	09/0018	NA	4194
CASSQLENTEAFF	TRBV12-3	TRBJ1-1	09/0018	NA	5179
CASSLRAGGGTGELFF	TRBV7-6	TRBJ2-2	09/0018	NA	5063
CASGRQSNEQFF	TRBV7-2	TRBJ2-1	09/0018	NA	5203
CASSVDPLRSGTQYF	TRBV9	TRBJ2-5	09/0018	NA	4555
CASSLDIPGELFF	TRBV7-2	TRBJ2-2	09/0018	NA	5533
CASSLDRAMGTQYF	TRBV11-2	TRBJ2-3	09/0018	NA	6344
CSIGQGQGLPRSYEQYF	TRBV20-1	TRBJ2-7	09/0018	NA	4279
CASSLDRAMGTQYF	TRBV11-2	TRBJ2-3	09/0018	NA	3979
CASSSGGADSDTQYF	TRBV19	TRBJ2-3	09/0018	NA	3493
CASSLDRAMGTQYF	TRBV11-2	TRBJ2-3	09/0018	NA	5033
CASNRDSQETQYF	TRBV11-2	TRBJ2-5	09/0018	NA	5578
CSAWDARETQYF	TRBV20-1	TRBJ2-5	09/0018	NA	4845
CASSAALIGGEQFF	TRBV9	TRBJ2-1	09/0018	NA	5222
CASMGTDNTGELFF	TRBV24-1	TRBJ2-2	09/0018	NA	5009
CATSEGTITGNEQFF	TRBV24-1	TRBJ2-1	09/0018	NA	5886
CASSQGRLAGGRDTQYF	TRBV4-3	TRBJ2-3	09/0018	NA	4156
CASSLDRAMGTQYF	TRBV11-2	TRBJ2-3	09/0018	NA	3388
CASSLDRAMGTQYF	TRBV11-2	TRBJ2-3	09/0018	NA	3122
CSADDRVRPIQGETQYF	TRBV20-1	TRBJ2-5	09/0018	NA	4103
CASSLGRGGEQETQYF	TRBV7-2	TRBJ2-5	09/0018	NA	3982
CSAPIGGLAGGPYNEQFF	TRBV20-1	TRBJ2-1	09/0018	NA	4129
CSAGPTSAGTRDEQFF	TRBV20-1	TRBJ2-1	09/0018	NA	4909
CASRTLKASGGVVDTQYF	TRBV27	TRBJ2-3	09/0018	NA	4414
CASSRKGREYTGELFF	TRBV5-6	TRBJ2-2	09/0018	NA	5470
CSGKGTDQNTEAFF	TRBV29-1	TRBJ1-1	09/0018	NA	4276
CASSLDRAMGTQYF	TRBV11-2	TRBJ2-3	09/0018	NA	4778
CASSLDRAMGTQYF	TRBV11-2	TRBJ2-3	09/0018	NA	5053
CASSLDRAMGTQYF	TRBV11-2	TRBJ2-3	09/0018	NA	4845
CASSGLRFGTKNIQYF	TRBV11-2	TRBJ2-4	09/0018	NA	4864
CASSRDRGGTYEQYF	TRBV4-1	TRBJ2-7	09/0018	NA	4308
CASRTFPGQGSGELFF	TRBV6-1	TRBJ2-2	09/0018	NA	4640
CSASPTDRGVSGELFF	TRBV20-1	TRBJ2-2	09/0018	NA	5086
CASSFPRESDTQYF	TRBV12-3	TRBJ2-3	09/0018	NA	5788
CASSAHVVGTGMHEQYF	TRBV9	TRBJ2-7	09/0018	NA	4651
CSARDSLLPETQYF	TRBV20-1	TRBJ2-5	09/0018	NA	4198
CASSLDRAMGTQYF	TRBV11-2	TRBJ2-3	09/0018	NA	4059
CSARVPLHPGNTEAFF	TRBV20-1	TRBJ1-1	09/0018	NA	5031
CASSASGGAVTYNEQFF	TRBV9	TRBJ2-1	09/0018	NA	5017
CASSLDRAMGTQYF	TRBV11-2	TRBJ2-3	09/0018	NA	4526
CASRGVRVYEQYF	TRBV6-2	TRBJ2-7	09/0018	NA	4275
CASSLGRGGEQETQYF	TRBV7-2	TRBJ2-5	09/0018	NA	6291
CSARVGGSGNTIYF	TRBV20-1	TRBJ1-3	09/0018	NA	3902
CASSLDRAMGTQYF	TRBV11-2	TRBJ2-3	09/0018	NA	4474
CASSLRPSRGPDTQYF	TRBV4-1	TRBJ2-3	09/0018	NA	3666
CASRLTSGSYNEQFF	TRBV6-1	TRBJ2-1	09/0018	NA	3291
CASMGTDNTGELFF	TRBV24-1	TRBJ2-2	09/0018	NA	3983
CASSVAGWGAVSYTF	TRBV9	TRBJ1-2	09/0018	NA	4578
CASSFNPRETQYF	TRBV7-2	TRBJ2-5	09/0018	NA	4422
CASSLDRAMGTQYF	TRBV11-2	TRBJ2-3	09/0018	NA	5255
CASRRTGALSVLTF	TRBV27	TRBJ2-6	09/0018	NA	5342
CASSLDMDYGYTF	TRBV7-9	TRBJ1-2	09/0018	NA	6957
CSMGGQSTDTQYF	TRBV29-1	TRBJ2-3	09/0018	NA	4794
CASSVALMGGELFF	TRBV9	TRBJ2-2	09/0018	NA	4517
CSMGGQSTDTQYF	TRBV29-1	TRBJ2-3	09/0018	NA	4092
CSARDLRVSYNEQFF	TRBV20-1	TRBJ2-1	09/0018	NA	3968
CASSSSRSGEQYF	TRBV11-1	TRBJ2-7	09/0018	NA	4571
CASSPAVYENEQFF	TRBV9	TRBJ2-1	09/0018	NA	4675
CASSLDRAMGTQYF	TRBV11-2	TRBJ2-3	09/0018	NA	4873
CASSQDRANQPQHF	TRBV4-1	TRBJ1-5	09/0018	NA	4600
CASSLDRAMGTQYF	TRBV11-2	TRBJ2-3	09/0018	NA	5874
CASSDIAGEYNEQFF	TRBV6-4	TRBJ2-1	09/0018	NA	6081
CASSLDRAMGTQYF	TRBV11-2	TRBJ2-3	09/0018	NA	5914
CASSLFGGRGNTIYF	TRBV6-5	TRBJ1-3	09/0018	NA	4580
CASSLRGPFEKLFF	TRBV27	TRBJ1-4	09/0018	NA	4210
CASSASGGAVTYNEQFF	TRBV9	TRBJ2-1	09/0018	NA	3999
CASSETGTGQETQYF	TRBV25-1	TRBJ2-5	09/0018	NA	3833
CASSLDVDYGYTF	TRBV12-3	TRBJ1-2	09/0018	NA	4897
CSAREGHTDTEAFF	TRBV20-1	TRBJ1-1	09/0018	NA	4308
CASSFGVMNTEAFF	TRBV7-2	TRBJ1-1	09/0018	NA	4958
CASSLDRAMGTQYF	TRBV11-2	TRBJ2-3	09/0018	NA	5294
CASTGEVNTGELFF	TRBV10-3	TRBJ2-2	09/0018	NA	4543
CASSADRGGIYNEQFF	TRBV5-6	TRBJ2-1	09/0018	NA	5784
CASSRGGGEQFF	TRBV6-6	TRBJ2-1	09/0018	NA	4431
CASSKSIGPRGPGELFF	TRBV19	TRBJ2-2	09/0018	NA	4052
CASSQGRLAGGRDTQYF	TRBV4-3	TRBJ2-3	09/0018	NA	3375
CASSADRGGIYNEQFF	TRBV5-6	TRBJ2-1	09/0018	NA	112
CASSAWDRGRFTEAFF	TRBV25-1	TRBJ1-1	09/0018	NA	4744
CSVNPGTGITGELFF	TRBV29-1	TRBJ2-2	09/0018	NA	4133
CASSLAGTGVLKTQYF	TRBV5-1	TRBJ2-5	09/0018	NA	4283
CASSIVAGGDQPQHF	TRBV19	TRBJ1-5	09/0018	NA	3811
CSAREPFSYNEQFF	TRBV20-1	TRBJ2-1	09/0018	NA	3839
CASSLREGAGNTIYF	TRBV11-2	TRBJ1-3	09/0018	NA	5206
CSVALSGQGKYF	TRBV29-1	TRBJ2-4	09/0018	NA	5250
CSVRGGRTNTGELFF	TRBV29-1	TRBJ2-2	09/0018	NA	3669
CSARDPTGGGLETQYF	TRBV20-1	TRBJ2-5	09/0018	NA	3742
CASSLDRAMGTQYF	TRBV11-2	TRBJ2-3	09/0018	NA	4006
CASSVNLFGNTIYF	TRBV9	TRBJ1-3	09/0018	NA	3793
CASSLEYNEQFF	TRBV28	TRBJ2-1	09/0018	NA	3912
CASSRQPNTEAFF	TRBV28	TRBJ1-1	09/0018	NA	3848
CSASFGQGVNSPLHF	TRBV20-1	TRBJ1-6	09/0018	NA	3432
CASSPGSQWNTEAFF	TRBV19	TRBJ1-1	09/0018	NA	4137
CASSLDRAMGTQYF	TRBV11-2	TRBJ2-3	09/0018	NA	5523
CASSLDRAMGTQYF	TRBV11-2	TRBJ2-3	09/0018	NA	5452
CASSPPRDLGSGELFF	TRBV6-6	TRBJ2-2	09/0018	NA	3869
CSASFGQGVNSPLHF	TRBV20-1	TRBJ1-6	09/0018	NA	3578
CSAIHTAIYGYTF	TRBV20-1	TRBJ1-2	09/0018	NA	3645
CASSFSRGKNIQYF	TRBV12-3	TRBJ2-4	09/0018	NA	3939
CAWSVGTSSPFF	TRBV30	TRBJ2-1	09/0018	NA	4016
CSARDTQGPYSNQPQHF	TRBV20-1	TRBJ1-5	09/0018	NA	4182
CSGKGTDQNTEAFF	TRBV29-1	TRBJ1-1	09/0018	NA	3821
CSAHPKHGDPPYEQYF	TRBV20-1	TRBJ2-7	09/0018	NA	4739
CASSLDRAMGTQYF	TRBV11-2	TRBJ2-3	09/0018	NA	3927
CASSVALYANEQFF	TRBV9	TRBJ2-1	09/0018	NA	4019
CSASRGRQVNQPQHF	TRBV20-1	TRBJ1-5	09/0018	NA	3485
CASSASGGAVTYNEQFF	TRBV9	TRBJ2-1	09/0018	NA	3453
CASSASGGAVTYNEQFF	TRBV9	TRBJ2-1	09/0018	NA	3556
CASSLDRAMGTQYF	TRBV11-2	TRBJ2-3	09/0018	NA	4259
CASSSIRDRGLNEQFF	TRBV5-1	TRBJ2-1	09/0018	NA	3581
CASMGTDNTGELFF	TRBV24-1	TRBJ2-2	09/0018	NA	5133
CSASHNTAGSTDTQYF	TRBV20-1	TRBJ2-3	09/0018	NA	3902
CASSASGGAVTYNEQFF	TRBV9	TRBJ2-1	09/0018	NA	3435
CAMVGEVNTGELFF	TRBV10-3	TRBJ2-2	09/0018	NA	2692
CASSDSDRAGYNEQFF	TRBV6-4	TRBJ2-1	09/0018	NA	137
CASSLKGPPGTYEQYF	TRBV12-3	TRBJ2-7	09/0018	NA	4451
CASSFSDLNTEAFF	TRBV27	TRBJ1-1	09/0018	NA	3863
CASSPRLTPYEQYF	TRBV12-3	TRBJ2-7	09/0018	NA	4406
CASSDSDRAGYNEQFF	TRBV6-4	TRBJ2-1	09/0018	NA	5103
CASSLDRAMGTQYF	TRBV11-2	TRBJ2-3	09/0018	NA	3758
CASSLAHSGGGYTF	TRBV12-3	TRBJ1-2	09/0018	NA	3328
CASSLIENTEAFF	TRBV12-3	TRBJ1-1	09/0018	NA	4001
CASSLRAWGKADYGYTF	TRBV27	TRBJ1-2	09/0018	NA	1816
CSAIHTAIYGYTF	TRBV20-1	TRBJ1-2	09/0018	NA	2874
CASTRADTQYF	TRBV27	TRBJ2-3	09/0018	NA	3987
CASSQFVLAGGPYF	TRBV4-1	TRBJ2-3	09/0018	NA	4271
CSASSGVSRYTF	TRBV20-1	TRBJ1-2	01/0430	NA	6482
CATSSYGGNYGYTF	TRBV15	TRBJ1-2	01/0430	NA	4378
CASSRGQTTEAFF	TRBV7-2	TRBJ1-1	01/0430	NA	6524
CASSTNRRGYGYTF	TRBV11-1	TRBJ1-2	01/0430	NA	5733
CSGRDRVSGSYEQYF	TRBV20-1	TRBJ2-7	01/0430	NA	5441
CASSLAWGTEYGYTF	TRBV5-1	TRBJ1-2	01/0430	NA	5418
CASSRLPPGEGYEQYF	TRBV18	TRBJ2-7	01/0430	NA	3724
CATSSYGGNYGYTF	TRBV15	TRBJ1-2	01/0430	NA	3989
CAIRQGAREKLFF	TRBV2	TRBJ1-4	01/0430	NA	5068
CASSLSVSGNTIYF	TRBV11-1	TRBJ1-3	01/0430	NA	942
CASSLTDGRNSPLHF	TRBV5-1	TRBJ1-6	01/0430	NA	5617
CASSPNRGTESTDTQYF	TRBV27	TRBJ2-3	01/0430	NA	4335
CSVTPVTAGGYTF	TRBV29-1	TRBJ1-2	01/0430	NA	6221
CSAQSGGANGELFF	TRBV20-1	TRBJ2-2	01/0430	NA	5200
CASSLGGPSNSPLHF	TRBV5-1	TRBJ1-6	01/0430	NA	5653
CASSLSDSRNSPLHF	TRBV5-1	TRBJ1-6	01/0430	NA	5527
CASSPGQVKFF	TRBV6-6	TRBJ2-1	01/0430	NA	5514
CASSLSPLGVGGYTF	TRBV27	TRBJ1-2	01/0430	NA	5317
CASSFNRRGNEQFF	TRBV11-1	TRBJ2-1	01/0430	NA	5619
CASSQAFAGVTDTQYF	TRBV4-2	TRBJ2-3	01/0430	NA	4667
CSVQTGYTEAFF	TRBV29-1	TRBJ1-1	01/0430	NA	5452
CSASSGVSRYTF	TRBV20-1	TRBJ1-2	01/0430	NA	5300
CSVAGTRAGGGYTF	TRBV29-1	TRBJ1-2	01/0430	NA	5526
CASSQESGGYNEQFF	TRBV3-1	TRBJ2-1	01/0430	NA	4925
CASSPGQVKFF	TRBV6-6	TRBJ2-1	01/0430	NA	5741
CASSTNRRGYGYTF	TRBV11-1	TRBJ1-2	01/0430	NA	6541
CATSSGSNEQFF	TRBV24-1	TRBJ2-1	01/0430	NA	5944
CASSLGHADNEQFF	TRBV5-1	TRBJ2-1	01/0430	NA	4629
CATRGSGGNQPQHF	TRBV24-1	TRBJ1-5	01/0430	NA	4906
CASTRGQMNYEQYF	TRBV2	TRBJ2-7	01/0430	NA	5357
CSAATSWEGTQYF	TRBV20-1	TRBJ2-3	01/0430	NA	1359
CASRAGSQPQHF	TRBV10-2	TRBJ1-5	01/0430	NA	6002
CASSSTTGNNEQFF	TRBV6-6	TRBJ2-1	01/0430	NA	5782
CASSLSSGGRETQYF	TRBV7-2	TRBJ2-5	01/0430	NA	5830
CASSPGGNQPQHF	TRBV10-1	TRBJ1-5	01/0430	NA	5082
CASSLAGTSDPQYF	TRBV5-1	TRBJ2-7	01/0430	NA	5669
CASSAGTASYEQYF	TRBV9	TRBJ2-7	01/0430	NA	5504
CASRAGSQPQHF	TRBV10-2	TRBJ1-5	01/0430	NA	5801
CASSVGRVARAQYF	TRBV9	TRBJ2-3	01/0430	NA	5123
CASSLTDGRNSPLHF	TRBV5-1	TRBJ1-6	01/0430	NA	5277
CASSLGSLWEQYF	TRBV5-1	TRBJ2-7	01/0430	NA	4824
CATRGSGGNQPQHF	TRBV24-1	TRBJ1-5	01/0430	NA	4543
CASMIGGNTIYF	TRBV6-1	TRBJ1-3	01/0430	NA	5270
CSVAGTRAGGGYTF	TRBV29-1	TRBJ1-2	01/0430	NA	5725
CASSPLGAESGYTF	TRBV5-1	TRBJ1-2	01/0430	NA	5713
CASSLSVSGNTIYF	TRBV11-1	TRBJ1-3	01/0430	NA	216
CATSSGSNEQFF	TRBV24-1	TRBJ2-1	01/0430	NA	5959
CSVTPVTAGGYTF	TRBV29-1	TRBJ1-2	01/0430	NA	5549
CASSPNPDRDQFF	TRBV9	TRBJ2-1	01/0430	NA	5431
CASSLAGTSDPQYF	TRBV5-1	TRBJ2-7	01/0430	NA	4696
CASSMGRNQPQHF	TRBV19	TRBJ1-5	01/0430	NA	4625
CASSRGRVEQYF	TRBV6-6	TRBJ2-7	01/0430	NA	4935
CSVTPVTAGGYTF	TRBV29-1	TRBJ1-2	01/0430	NA	5318
CASSRPGGIATQYF	TRBV3-1	TRBJ2-3	01/0430	NA	4460
CASKGTFEQYF	TRBV6-1	TRBJ2-7	01/0430	NA	4897
CASSLAGTSDPQYF	TRBV5-1	TRBJ2-7	01/0430	NA	5241
CASSLAGTSDPQYF	TRBV5-1	TRBJ2-7	01/0430	NA	5268
CASSLAGTSDPQYF	TRBV5-1	TRBJ2-7	01/0430	NA	5139
CASKTGGNEAFF	TRBV6-1	TRBJ1-1	01/0430	NA	5053
CASRPPGAYTGELFF	TRBV6-6	TRBJ2-2	01/0430	NA	4797
CASGFAYQGGFQPQHF	TRBV12-5	TRBJ1-5	01/0430	NA	4830
CSVPGLVPPQETQYF	TRBV29-1	TRBJ2-5	01/0430	NA	4384
CASSPNRGTESTDTQYF	TRBV27	TRBJ2-3	01/0430	NA	3733
CASSPVAGEDYNEQFF	TRBV18	TRBJ2-1	01/0430	NA	4672
CASSTNRRGYGYTF	TRBV11-1	TRBJ1-2	01/0430	NA	5949
CSAWDGSSGGTDTQYF	TRBV20-1	TRBJ2-3	01/0430	NA	5224
CASSLAGTSDPQYF	TRBV5-1	TRBJ2-7	01/0430	NA	5267
CASSAPPGYGYTF	TRBV9	TRBJ1-2	01/0430	NA	3934
CASSLSRGTDSTDTQYF	TRBV27	TRBJ2-3	01/0430	NA	4571
CATQQSGGNTIYF	TRBV10-3	TRBJ1-3	01/0430	NA	4517
CASSPVEGLDTQYF	TRBV19	TRBJ2-3	01/0430	NA	3732
CSVTPVTAGGYTF	TRBV29-1	TRBJ1-2	01/0430	NA	5202
CSARKGNGYTF	TRBV20-1	TRBJ1-2	01/0430	NA	5901
CASSLGSYGYTF	TRBV5-1	TRBJ1-2	01/0430	NA	5690
CASSPGQVKFF	TRBV6-6	TRBJ2-1	01/0430	NA	5448
CASKTGGNEAFF	TRBV6-1	TRBJ1-1	01/0430	NA	6132
CATSSGSNEQFF	TRBV24-1	TRBJ2-1	01/0430	NA	6511
CASSLEETQYF	TRBV7-2	TRBJ2-5	01/0430	NA	651
CASSRGQTTEAFF	TRBV7-2	TRBJ1-1	01/0430	NA	4947
CSASTGTGAEQYF	TRBV29-1	TRBJ2-7	01/0430	NA	4882
CASSTNRRGYGYTF	TRBV11-1	TRBJ1-2	01/0430	NA	5751
CASSQAFAGVTDTQYF	TRBV4-2	TRBJ2-3	01/0430	NA	3893
CASSRQGGITDTQYF	TRBV12-3	TRBJ2-3	09/0772	NA	4941
CATSRDRGQLYDYTF	TRBV15	TRBJ1-2	09/0772	NA	5210
CASRHGTDGYTF	TRBV6-6	TRBJ1-2	09/0772	NA	6477
CASSIPTAKNTEAFF	TRBV5-1	TRBJ1-1	09/0772	NA	4425
CASSKVTGQAYEQYF	TRBV7-2	TRBJ2-7	09/0772	NA	4840
CASSPPVGDPVPLFTGELFF	TRBV18	TRBJ2-2	09/0772	NA	1065
CASAGGVSGGSYNEQFF	TRBV25-1	TRBJ2-1	09/0772	NA	2913
CASSGGQGAGETQYF	TRBV11-3	TRBJ2-5	09/0772	NA	4641
CASSPRAGYFETQYF	TRBV3-1	TRBJ2-5	09/0772	NA	1885
CASSGGQGAGETQYF	TRBV11-3	TRBJ2-5	09/0772	NA	4986
CASSRDRGRTDTQYF	TRBV4-3	TRBJ2-3	09/0772	NA	310
CSAFGEGKPQHF	TRBV20-1	TRBJ1-5	09/0772	NA	6085
CASSEGVNEQYF	TRBV12-3	TRBJ2-7	09/0772	NA	5695
CASRKGQPSNQPQHF	TRBV2	TRBJ1-5	09/0772	NA	4719
CASSPGLTSWSSTDTQYF	TRBV12-3	TRBJ2-3	09/0772	NA	4143
CATSGGHKGSGYTF	TRBV24-1	TRBJ1-2	09/0772	NA	4538
CASSQWGPGNTIYF	TRBV3-1	TRBJ1-3	09/0772	NA	1720
CASSPTTAGTTEAFF	TRBV5-1	TRBJ1-1	09/0772	NA	3743
CASSDRQYNSPLHF	TRBV3-1	TRBJ1-6	09/0772	NA	3006
CASSGLDIGVNQPQHF	TRBV2	TRBJ1-5	09/0772	NA	4362
CASSSGRGRAQPQHF	TRBV5-6	TRBJ1-5	09/0772	NA	5080
CSVQQGRSEQYF	TRBV29-1	TRBJ2-7	09/0772	NA	4691
CASSSGRGRAQPQHF	TRBV5-6	TRBJ1-5	09/0772	NA	5412
CASSLVLGRGGNEQFF	TRBV11-2	TRBJ2-1	09/0772	NA	3978
CASRPRGTSPNEQYF	TRBV28	TRBJ2-7	09/0772	NA	4141
CSVSTRGVGTEAFF	TRBV29-1	TRBJ1-1	09/0772	NA	1970
CASKRSTAISYEQYF	TRBV7-2	TRBJ2-7	09/0772	NA	4727
CASSRLEGLGAFF	TRBV12-3	TRBJ1-1	09/0772	NA	4737
CATSDIRDAQGYNEQFF	TRBV24-1	TRBJ2-1	09/0772	NA	3737
CASSLGQTTETQYF	TRBV11-3	TRBJ2-5	09/0772	NA	5054
CASTGSYQPQHF	TRBV19	TRBJ1-5	09/0772	NA	3971
CATSTDSHMNTEAFF	TRBV15	TRBJ1-1	09/0772	NA	1396
CASSLSQPAGNTIYF	TRBV12-3	TRBJ1-3	09/0772	NA	3589
CASSPNGIMNTEAFF	TRBV7-6	TRBJ1-1	09/0772	NA	362
CASSPTSGDTQYF	TRBV7-3	TRBJ2-3	09/0772	NA	3156
CASSPRAGERGYTF	TRBV27	TRBJ1-2	09/0772	NA	3626
CASRGGRGASTDTQYF	TRBV5-6	TRBJ2-3	09/0772	NA	196
CASSRDGRGPGNTIYF	TRBV12-3	TRBJ1-3	09/0772	NA	4225
CASSLMGQGANGSPLHF	TRBV5-1	TRBJ1-6	09/0772	NA	3899
CSARRQDRVLFF	TRBV20-1	TRBJ2-1	09/0772	NA	4303
CSAPPDTYGYTF	TRBV20-1	TRBJ1-2	09/0772	NA	895
CSARTTSSYNEQFF	TRBV20-1	TRBJ2-1	09/0772	NA	4431
CASSLAGEGKTQYF	TRBV5-6	TRBJ2-5	09/0772	NA	4148
CASRATGTGVYEQYF	TRBV6-2	TRBJ2-7	09/0772	NA	3759
CASSQQGTGELFF	TRBV3-1	TRBJ2-2	09/0772	NA	1957
CASSGLDIGVNQPQHF	TRBV2	TRBJ1-5	09/0772	NA	2908
CASTPSATGKNIQYF	TRBV19	TRBJ2-4	09/0772	NA	3071
CSVVGRNEQYF	TRBV29-1	TRBJ2-7	09/0772	NA	231
CASSLGPGPYGYTF	TRBV11-2	TRBJ1-2	09/0772	NA	3079
CASSFGAIYGEQYF	TRBV12-3	TRBJ2-7	09/0772	NA	2529
CAWRVTWGNEGYTF	TRBV30	TRBJ1-2	09/0772	NA	3530
CASSIDGSFYGYTF	TRBV19	TRBJ1-2	09/0772	NA	3440
CASSFRTSGETQYF	TRBV12-3	TRBJ2-5	09/0772	NA	4068
CSARYSSAGGEQYF	TRBV20-1	TRBJ2-7	09/0772	NA	3413
CASSRATGKGSSYEQYF	TRBV6-5	TRBJ2-7	09/0772	NA	1863
CSIARRGVGTEAFF	TRBV29-1	TRBJ1-1	09/0772	NA	1854
CSARSETGAYTEAFF	TRBV20-1	TRBJ1-1	09/0772	NA	3052
CASSFGQRSETQYF	TRBV5-6	TRBJ2-5	09/0772	NA	4386
CASSDRQYNSPLHF	TRBV3-1	TRBJ1-6	09/0772	NA	3305
CAWSVQRLATKQQETQYF	TRBV30	TRBJ2-5	09/0772	NA	3128
CASSRSTGTPYTDTQYF	TRBV4-3	TRBJ2-3	09/0772	NA	2714
CASSDRQYNSPLHF	TRBV3-1	TRBJ1-6	09/0772	NA	3599
CASSRDGRGPGNTIYF	TRBV12-3	TRBJ1-3	09/0772	NA	3138
CASSLGTSPGNQPQHF	TRBV5-1	TRBJ1-5	09/0772	NA	3548
CSAISPSGNQPQHF	TRBV20-1	TRBJ1-5	09/0772	NA	2367
CASSLGNTGELFF	TRBV12-3	TRBJ2-2	01/0430	NA	5377
CASSPGQVKFF	TRBV6-6	TRBJ2-1	01/0430	NA	5708
CSASGGTTNEKLFF	TRBV20-1	TRBJ1-4	01/0430	NA	4863
CSAIRGPLGNQPQHF	TRBV20-1	TRBJ1-5	01/0430	NA	5055
CSAKRGGEYSNEQFF	TRBV20-1	TRBJ2-1	01/0430	NA	4815
CSAIRGPLGNQPQHF	TRBV20-1	TRBJ1-5	01/0430	NA	4672
CATSRDLVNTGELFF	TRBV15	TRBJ2-2	01/0430	NA	4434
CASSQVRTEDSPLHF	TRBV3-1	TRBJ1-6	01/0430	NA	4656
CASSVGRVARAQYF	TRBV9	TRBJ2-3	01/0430	NA	5017
CSAIRGPPTSPLHF	TRBV20-1	TRBJ1-6	01/0430	NA	4867
CSARDVDTEAFF	TRBV20-1	TRBJ1-1	01/0430	NA	5014
CASSLSVSGNTIYF	TRBV11-1	TRBJ1-3	01/0430	NA	426
CSARPGSMNTEAFF	TRBV20-1	TRBJ1-1	01/0430	NA	5655
CASSGRGEPRNIQYF	TRBV6-1	TRBJ2-4	01/0430	NA	139
CASSSTTGNNEQFF	TRBV6-6	TRBJ2-1	01/0430	NA	4753
CSSQGSGANVLTF	TRBV20-1	TRBJ2-6	01/0430	NA	4998
CASMIGGNTIYF	TRBV6-1	TRBJ1-3	01/0430	NA	3374
CASTQRWGAEAFF	TRBV11-3	TRBJ1-1	01/0430	NA	5035
CASSPGRVEQFF	TRBV6-6	TRBJ2-1	01/0430	NA	4920
CASSLAGTSDPQYF	TRBV5-1	TRBJ2-7	01/0430	NA	4861
CASSLGARDQAFF	TRBV11-1	TRBJ1-1	01/0430	NA	5558
CASSLAAGTSGDTIYF	TRBV5-1	TRBJ1-3	01/0430	NA	4535
CASSQAFAGVTDTQYF	TRBV4-2	TRBJ2-3	01/0430	NA	4688
CASSPGRGEQYF	TRBV6-6	TRBJ2-7	01/0430	NA	5059
CASSPRPSGNSPLHF	TRBV9	TRBJ1-6	01/0430	NA	4638
CASSLSKGTETTDTQYF	TRBV27	TRBJ2-3	01/0430	NA	4575
CSVVQGRSGELFF	TRBV29-1	TRBJ2-2	01/0430	NA	4288
CASSQLGRVGEKLFF	TRBV14	TRBJ1-4	01/0430	NA	4666
CSALRGPMGNQPQHF	TRBV20-1	TRBJ1-5	01/0430	NA	4291
CASSSLSGANTGELFF	TRBV11-3	TRBJ2-2	01/0430	NA	4582
CASSLTGLEEQYF	TRBV7-3	TRBJ2-7	01/0430	NA	4204
CASSQVRTEDSPLHF	TRBV3-1	TRBJ1-6	01/0430	NA	3970
CASSFNRRGNEQFF	TRBV11-1	TRBJ2-1	01/0430	NA	5111
CASSSTTGNNEQFF	TRBV6-6	TRBJ2-1	01/0430	NA	5476
CASRETGAGYGYTF	TRBV2	TRBJ1-2	01/0430	NA	4938
CASSQDGQGNYGYTF	TRBV4-3	TRBJ1-2	01/0430	NA	3577
CSARDPGTSSPLHF	TRBV20-1	TRBJ1-6	01/0430	NA	4659
CSARDVDTEAFF	TRBV20-1	TRBJ1-1	01/0430	NA	4577
CASSPLTGTGAYEQYF	TRBV11-2	TRBJ2-7	01/0430	NA	4507
CASSRGSGRENGYTF	TRBV6-5	TRBJ1-2	01/0430	NA	4449
CSVEARDSNYGYTF	TRBV29-1	TRBJ1-2	01/0430	NA	4569
CSARVGHNEQFF	TRBV20-1	TRBJ2-1	01/0430	NA	4809
CSARDQGRAYEQYF	TRBV20-1	TRBJ2-7	01/0430	NA	5058
CATSREGGLRELFF	TRBV15	TRBJ2-2	01/0430	NA	4708
CASSFKGKEYTEAFF	TRBV7-2	TRBJ1-1	01/0430	NA	2624
CASSSTTGNNEQFF	TRBV6-6	TRBJ2-1	01/0430	NA	4248
CASSPGQVKFF	TRBV6-6	TRBJ2-1	01/0430	NA	4436
CASSLAGTSDPQYF	TRBV5-1	TRBJ2-7	01/0430	NA	4601
CASRPPGAYTGELFF	TRBV6-6	TRBJ2-2	01/0430	NA	4389
CASSSTTGNNEQFF	TRBV6-6	TRBJ2-1	01/0430	NA	4574
CASSESLGDAFF	TRBV10-2	TRBJ1-1	01/0430	NA	5619
CASSLQGLSPLHF	TRBV5-6	TRBJ1-6	01/0430	NA	4938
CASSERGGVVGAAEQFF	TRBV2	TRBJ2-1	01/0430	NA	4437
CASSQVWEEGTEAFF	TRBV3-1	TRBJ1-1	01/0430	NA	4197
CASSLTGGTGELFF	TRBV12-3	TRBJ2-2	01/0430	NA	3756
CASSYSVDRYNQPQHF	TRBV6-5	TRBJ1-5	01/0430	NA	140
CASSTNRRGYGYTF	TRBV11-1	TRBJ1-2	01/0430	NA	5031
CASGRDREDLRAFF	TRBV2	TRBJ1-1	01/0430	NA	4797
CSVGQGRFGYTF	TRBV29-1	TRBJ1-2	01/0430	NA	5002
CASSVGRVARAQYF	TRBV9	TRBJ2-3	01/0430	NA	4972
CSAWDGSSGGTDTQYF	TRBV20-1	TRBJ2-3	01/0430	NA	4218
CASSIDLGQGTFF	TRBV19	TRBJ2-1	01/0430	NA	4058
CSGGGAYTDTQYF	TRBV20-1	TRBJ2-3	01/0430	NA	5267
CSVPRGAGGAEAFF	TRBV29-1	TRBJ1-1	01/0430	NA	3681
CSVTPVTAGGYTF	TRBV29-1	TRBJ1-2	01/0430	NA	4590
CSAQSGGANGELFF	TRBV20-1	TRBJ2-2	01/0430	NA	4645
CATSREGGLRELFF	TRBV15	TRBJ2-2	01/0430	NA	4030
CATSRVRGTETSGANVLTF	TRBV15	TRBJ2-6	01/0430	NA	3629
CATSAAGGGNEQFF	TRBV24-1	TRBJ2-1	01/0430	NA	2086
CASSLDLRGARYGYTF	TRBV7-9	TRBJ1-2	01/0430	NA	4231
CASSPAQNNEKLFF	TRBV11-2	TRBJ1-4	01/0430	NA	4617
CASRDRGTKTGELFF	TRBV19	TRBJ2-2	01/0430	NA	3580
CATSSGSNEQFF	TRBV24-1	TRBJ2-1	01/0430	NA	4831
CSATTSTSSTDTQYF	TRBV20-1	TRBJ2-3	03/0387	NA	3287
CASSLSAGQAFF	TRBV12-3	TRBJ1-1	03/0387	NA	4833
CSARVGGRGLETQYF	TRBV20-1	TRBJ2-5	03/0387	NA	4007
CRITGDYGYTF	TRBV30	TRBJ1-2	03/0387	NA	3549
CASSLEASTDTQYF	TRBV5-1	TRBJ2-3	03/0387	NA	3097
CASSYGQPSTDTQYF	TRBV12-3	TRBJ2-3	03/0387	NA	3390
CASSQEYSADGYTF	TRBV3-1	TRBJ1-2	03/0387	NA	4041
CSATGRVNTEAFF	TRBV20-1	TRBJ1-1	03/0387	NA	4218
CSVLSGGPYGYTF	TRBV29-1	TRBJ1-2	03/0387	NA	3981
CATSRGLAGVSTDTQYF	TRBV15	TRBJ2-3	03/0387	NA	3262
CASSVGLASYGYTF	TRBV2	TRBJ1-2	03/0387	NA	4650
CSARGRSLNIQYF	TRBV20-1	TRBJ2-4	03/0387	NA	4317
CASSLGNSPLHF	TRBV12-3	TRBJ1-6	03/0387	NA	4598
CASSPTTGGYEQFF	TRBV5-1	TRBJ2-1	03/0387	NA	3350
CASSLARPNTGELFF	TRBV5-1	TRBJ2-2	03/0387	NA	3124
CASSPNIEQQPQHF	TRBV2	TRBJ1-5	03/0387	NA	4119
CASSPQHPQETQYF	TRBV18	TRBJ2-5	03/0387	NA	4362
CASSSPDRTDTQYF	TRBV11-2	TRBJ2-3	03/0387	NA	4582
CSANRARTDSYEQYF	TRBV20-1	TRBJ2-7	03/0387	NA	4393
CSASISTSSTDTQYF	TRBV20-1	TRBJ2-3	03/0387	NA	3533
CASSLGTGNNSPLHF	TRBV7-6	TRBJ1-6	03/0387	NA	3970
CASRSTGGTEAFF	TRBV7-3	TRBJ1-1	03/0387	NA	475
CASSTGQGYGYTF	TRBV19	TRBJ1-2	03/0387	NA	3775
CSASIGTSSTDTQYF	TRBV20-1	TRBJ2-3	03/0387	NA	3438
CASSLGNSPLHF	TRBV12-3	TRBJ1-6	03/0387	NA	4158
CASSLLADPYNEQFF	TRBV5-1	TRBJ2-1	03/0387	NA	3703
CASSRRQGNGYTF	TRBV6-5	TRBJ1-2	03/0387	NA	3898
CASSLRQALNEKLFF	TRBV7-6	TRBJ1-4	01/0960	NA	2728
CASSLVGGMSDTQYF	TRBV11-2	TRBJ2-3	01/0960	NA	180
CSASRGTGATNTEAFF	TRBV29-1	TRBJ1-1	01/0960	NA	3684
CSARDLREAQETQYF	TRBV20-1	TRBJ2-5	01/0960	NA	4224
CASSNDRGLGGYTF	TRBV5-1	TRBJ1-2	01/0960	NA	2801
CSARPPGNEKLFF	TRBV20-1	TRBJ1-4	01/0960	NA	2961
CASSKKVAGGTGELFF	TRBV12-3	TRBJ2-2	01/0960	NA	643
CSVRAERAFF	TRBV29-1	TRBJ1-1	01/0960	NA	3318
CASSLVGGMSDTQYF	TRBV11-2	TRBJ2-3	01/0960	NA	1262
CASGIPGQKYGYTF	TRBV12-3	TRBJ1-2	01/0960	NA	4216
CASRLAGGLYNEQFF	TRBV11-3	TRBJ2-1	01/0960	NA	3801
CASSLSGIPNADGYTF	TRBV12-3	TRBJ1-2	01/0960	NA	3911
CASSLRQALNEKLFF	TRBV7-6	TRBJ1-4	01/0960	NA	3127
CASRRGIGSGTTDTQYF	TRBV19	TRBJ2-3	01/0960	NA	3318
CSVRAERAFF	TRBV29-1	TRBJ1-1	01/0960	NA	3613
CASLRASGANVLTF	TRBV12-3	TRBJ2-6	01/0960	NA	3697
CASCPGGGTDTQYF	TRBV7-9	TRBJ2-3	01/0960	NA	2514
CASSYRWDNNEQFF	TRBV6-6	TRBJ2-1	01/0960	NA	3854
CASSIGFGQGIFEQYF	TRBV19	TRBJ2-7	01/0960	NA	3620
CASSKTGTYEQYF	TRBV6-2	TRBJ2-7	01/0960	NA	3384
CASSQNSPLHF	TRBV7-2	TRBJ1-6	01/0960	NA	3706
CASSKTGTYEQYF	TRBV6-2	TRBJ2-7	01/0960	NA	2949
CSVGQGNYGYTF	TRBV29-1	TRBJ1-2	01/0960	NA	2330
CASSFSEVNEQFF	TRBV12-3	TRBJ2-1	01/0960	NA	3360
CASRRGIGSGTTDTQYF	TRBV19	TRBJ2-3	01/0960	NA	2097
CSVSTGNTIYF	TRBV29-1	TRBJ1-3	01/0960	NA	2488
CASSLTERSYNEQFF	TRBV5-1	TRBJ2-1	01/0960	NA	2163
CASSRTGTYEQYF	TRBV6-2	TRBJ2-7	01/0960	NA	2424
CASSQEGSKAGETQYF	TRBV5-1	TRBJ2-5	01/0960	NA	2867
CASSQNSPLHF	TRBV7-2	TRBJ1-6	01/0960	NA	3438
CASSKTGTYEQYF	TRBV6-2	TRBJ2-7	01/0960	NA	2273
CASSSGRALNEQFF	TRBV6-2	TRBJ2-1	01/0960	NA	2203
CASRRGIGSGTTDTQYF	TRBV19	TRBJ2-3	01/0960	NA	2768
CASSQNSPLHF	TRBV7-2	TRBJ1-6	01/0960	NA	3635
CSARDLREAQETQYF	TRBV20-1	TRBJ2-5	01/0960	NA	3176
CASGIPGQKYGYTF	TRBV12-3	TRBJ1-2	01/0960	NA	2994
CAISEKGQAYEQYF	TRBV10-3	TRBJ2-7	01/0960	NA	2610
CSAPTSGSRSYNEQFF	TRBV20-1	TRBJ2-1	01/0960	NA	2374
CASSNDRGLGGYTF	TRBV5-1	TRBJ1-2	01/0960	NA	1761
CASSLALGQGAEAFF	TRBV7-2	TRBJ1-1	01/0960	NA	3494
CASSPNPGETSTDTQYF	TRBV11-2	TRBJ2-3	02/0207	NA	4751
CASSRRGGLAGSDTQYF	TRBV4-2	TRBJ2-3	02/0207	NA	4011
CASSPNPGETSTDTQYF	TRBV11-2	TRBJ2-3	02/0207	NA	5664
CASSPNPGETSTDTQYF	TRBV11-2	TRBJ2-3	02/0207	NA	4971
CASSFFGGGTYNEQFF	TRBV7-3	TRBJ2-1	02/0207	NA	229
CAWSVQLNTGVDF	TRBV30	TRBJ1-3	02/0207	NA	4833
CATEATAPSGNQPQHF	TRBV10-3	TRBJ1-5	02/0207	NA	3476
CASSRGFLYEQYF	TRBV14	TRBJ2-7	02/0207	NA	2649
CASTSGGNTEAFF	TRBV30	TRBJ1-1	02/0207	NA	4753
CASSQDLGGTSTDTQYF	TRBV14	TRBJ2-3	02/0207	NA	4834
CASSPNPGETSTDTQYF	TRBV11-2	TRBJ2-3	02/0207	NA	5424
CASSPVAAASSTDTQYF	TRBV14	TRBJ2-3	02/0207	NA	3349
CASSRDRGPEKLFF	TRBV18	TRBJ1-4	02/0207	NA	3609
CASSPNPGETSTDTQYF	TRBV11-2	TRBJ2-3	02/0207	NA	3655
CASIPTAGRKNTGELFF	TRBV6-6	TRBJ2-2	02/0207	NA	3415
CSAREDSPLHF	TRBV20-1	TRBJ1-6	02/0207	NA	4343
CASSPNPGETSTDTQYF	TRBV11-2	TRBJ2-3	02/0207	NA	4022
CASSPNPGETSTDTQYF	TRBV11-2	TRBJ2-3	02/0207	NA	4471
CASSEKPPYGYTF	TRBV2	TRBJ1-2	02/0207	NA	5041
CASSQEQLKGQGAHRDTEAFF	TRBV4-1	TRBJ1-1	02/0207	NA	4896
CASSLLIRGSSYNSPLHF	TRBV27	TRBJ1-6	02/0207	NA	3427
CASSQDLGGTSTDTQYF	TRBV14	TRBJ2-3	02/0207	NA	3521
CASSPVAAASSTDTQYF	TRBV14	TRBJ2-3	02/0207	NA	3977
CASSRSGQPQHF	TRBV7-2	TRBJ1-5	02/0207	NA	362
CASSQDRGGGNTIYF	TRBV4-3	TRBJ1-3	02/0207	NA	3664
CASSPNPGETSTDTQYF	TRBV11-2	TRBJ2-3	02/0207	NA	4652
CAWKGQAGYGYTF	TRBV30	TRBJ1-2	02/0207	NA	5491
CSAKEVGPYEQYF	TRBV20-1	TRBJ2-7	02/0207	NA	5430
CASSPEDRTWTPLHF	TRBV18	TRBJ1-6	02/0207	NA	3946
CASSQDLGGTSTDTQYF	TRBV14	TRBJ2-3	02/0207	NA	3336
CASRAGTLYNEQFF	TRBV6-1	TRBJ2-1	02/0207	NA	3338
CASSVGQVTGELFF	TRBV9	TRBJ2-2	02/0207	NA	3763
CASSRRGGLAGSDTQYF	TRBV4-2	TRBJ2-3	02/0207	NA	3757
CASSPEDRTWTPLHF	TRBV18	TRBJ1-6	02/0207	NA	4693
CASSPNPGETSTDTQYF	TRBV11-2	TRBJ2-3	02/0207	NA	3988
CASSESELFDQPQHF	TRBV6-1	TRBJ1-5	02/0207	NA	3978
CASANREEGSQYF	TRBV11-2	TRBJ2-5	02/0207	NA	3297
CASSPNPGETSTDTQYF	TRBV11-2	TRBJ2-3	02/0207	NA	3272
CASSQDLGGTSTDTQYF	TRBV14	TRBJ2-3	02/0207	NA	3068
CASSRRGGLAGSDTQYF	TRBV4-2	TRBJ2-3	02/0207	NA	3110
CASANREEGSQYF	TRBV11-2	TRBJ2-5	02/0207	NA	4224
CSARPGLAASYNEQFF	TRBV20-1	TRBJ2-1	02/0207	NA	4126
CASSHEWSVSTGYTF	TRBV12-3	TRBJ1-2	02/0207	NA	5627
CASSQVRLAGAGYEQFF	TRBV4-2	TRBJ2-1	02/0207	NA	3632
CASSHEWSVSTGYTF	TRBV12-3	TRBJ1-2	02/0207	NA	719
CASSPNPGETSTDTQYF	TRBV11-2	TRBJ2-3	02/0207	NA	3715
CSARDGTGLRNQPQHF	TRBV20-1	TRBJ1-5	02/0207	NA	3247
CASSWGGIGRNQPQHF	TRBV12-3	TRBJ1-5	02/0207	NA	4152
CAWSGVIRGGQPQHF	TRBV30	TRBJ1-5	02/0207	NA	4269
CSAGQLGELFF	TRBV29-1	TRBJ2-2	02/0207	NA	5485
CSAGGKGGQPQHF	TRBV20-1	TRBJ1-5	02/0207	NA	3690
CAGGKGNSPLHF	TRBV2	TRBJ1-6	02/0207	NA	3127
CASSQNRLTGELFF	TRBV14	TRBJ2-2	02/0207	NA	3999
CASSRRGGLAGSDTQYF	TRBV4-2	TRBJ2-3	02/0207	NA	3677
CSVARSNEKLFF	TRBV29-1	TRBJ1-4	02/0207	NA	3830
CASGRDREDLRAFF	TRBV2	TRBJ1-1	01/0430	NA	5888
CASSRLPPGEGYEQYF	TRBV18	TRBJ2-7	01/0430	NA	3611
CASSMTGGNTEAFF	TRBV19	TRBJ1-1	01/0430	NA	4480
CASSSTSSGRLRNYGYTF	TRBV11-2	TRBJ1-2	01/0430	NA	4970
CASSPGRQEQYF	TRBV6-6	TRBJ2-7	01/0430	NA	4991
CASSQSRVGSIGGYTF	TRBV4-2	TRBJ1-2	01/0430	NA	4141
CASSLGHADNEQFF	TRBV5-1	TRBJ2-1	01/0430	NA	4561
CASNLAGEADTQYF	TRBV10-2	TRBJ2-3	01/0430	NA	4376
CASSPNPGATSTDTQYF	TRBV7-3	TRBJ2-3	01/0430	NA	4188
CASSFRTGPSPLHF	TRBV6-5	TRBJ1-6	01/0430	NA	4255
CASRRPGTGERRELFF	TRBV11-2	TRBJ2-2	01/0430	NA	4605
CASSDHTGQRPYEQYF	TRBV14	TRBJ2-7	01/0430	NA	4908
CSVEDHLRWGDEQFF	TRBV29-1	TRBJ2-1	01/0430	NA	4488
CASSLSVSGNTIYF	TRBV11-1	TRBJ1-3	01/0430	NA	367
CASRDPRTGQAFF	TRBV27	TRBJ1-1	01/0430	NA	4623
CASSRGSGRENGYTF	TRBV6-5	TRBJ1-2	01/0430	NA	3950
CASSLRGLRGEAFF	TRBV12-3	TRBJ1-1	01/0430	NA	4348
CASSSTTGNNEQFF	TRBV6-6	TRBJ2-1	01/0430	NA	4405
CASSLDQNNEQFF	TRBV7-2	TRBJ2-1	01/0430	NA	4592
CASSQGSGTSGSSYEQYF	TRBV4-3	TRBJ2-7	01/0430	NA	4552
CSAATSWEGTQYF	TRBV20-1	TRBJ2-3	01/0430	NA	1777
CASIRSFLSNTEAFF	TRBV2	TRBJ1-1	01/0430	NA	4396
CSAHTGTAYGYTF	TRBV20-1	TRBJ1-2	01/0430	NA	5460
CASSPGQVKFF	TRBV6-6	TRBJ2-1	01/0430	NA	5038
CASRTGSYEQYF	TRBV6-6	TRBJ2-7	01/0430	NA	4980
CASSPLRVGGTGADTQYF	TRBV18	TRBJ2-3	01/0430	NA	2853
CASIRGGRVTDTQYF	TRBV6-6	TRBJ2-3	01/0430	NA	4691
CASSQESGGYNEQFF	TRBV3-1	TRBJ2-1	01/0430	NA	3769
CASSEDRDSPLHF	TRBV6-4	TRBJ1-6	01/0430	NA	4967
CAISETLAGAEDTQYF	TRBV10-3	TRBJ2-3	01/0430	NA	4451
CASSRGQTTEAFF	TRBV7-2	TRBJ1-1	01/0430	NA	6220
CASSSLTESYGYTF	TRBV28	TRBJ1-2	01/0430	NA	4350
CATSREGGLRELFF	TRBV15	TRBJ2-2	01/0430	NA	4435
CSAQSGQPQHF	TRBV20-1	TRBJ1-5	01/0430	NA	4371
CASRLGGLAEDEQFF	TRBV12-3	TRBJ2-1	01/0430	NA	5214
CASSRGTTQYF	TRBV6-6	TRBJ2-3	01/0430	NA	282
CASSLAAAADTQYF	TRBV5-1	TRBJ2-3	01/0430	NA	4530
CSVEDHLRWGDEQFF	TRBV29-1	TRBJ2-1	01/0430	NA	4230
CASSLANRFTDTQYF	TRBV5-1	TRBJ2-3	01/0430	NA	4411
CSARKGNGYTF	TRBV20-1	TRBJ1-2	01/0430	NA	4754
CSVTPVTAGGYTF	TRBV29-1	TRBJ1-2	01/0430	NA	4786
CASSLGGSSGYTF	TRBV5-1	TRBJ1-2	01/0430	NA	5397
CAISETLAGAEDTQYF	TRBV10-3	TRBJ2-3	01/0430	NA	4080
CASRRSGGARNEQFF	TRBV4-1	TRBJ2-1	01/0430	NA	4028
CSVALLAGVTQYF	TRBV29-1	TRBJ2-3	01/0430	NA	320
CASRATSGGNTDTQYF	TRBV6-1	TRBJ2-3	01/0430	NA	3807
CASSLHRGEQFF	TRBV6-5	TRBJ2-1	01/0430	NA	4811
CASSPGQVKFF	TRBV6-6	TRBJ2-1	01/0430	NA	4918
CASSTNRRGYGYTF	TRBV11-1	TRBJ1-2	01/0430	NA	5041
CASSQSGVPGNTIYF	TRBV4-2	TRBJ1-3	01/0430	NA	4266
CSARVQGGQYEQYF	TRBV20-1	TRBJ2-7	01/0430	NA	4701
CASSLSGQGGEAFF	TRBV7-2	TRBJ1-1	01/0430	NA	5192
CASRPPGAYTGELFF	TRBV6-6	TRBJ2-2	01/0430	NA	4146
CASSPQASGYTF	TRBV12-3	TRBJ1-2	01/0430	NA	5070
CASSQVWEEGTEAFF	TRBV3-1	TRBJ1-1	01/0430	NA	3117
CASSQDLAGYTDTQYF	TRBV4-3	TRBJ2-3	01/0430	NA	3870
CASSKPGHGYGYTF	TRBV12-3	TRBJ1-2	PBMC863	NA	5081
CASSGNRKADTQYF	TRBV7-2	TRBJ2-3	PBMC863	NA	4723
CASRLDRDSQHF	TRBV6-1	TRBJ1-5	PBMC863	NA	4276
CASSRQGNSANVLTF	TRBV5-1	TRBJ2-6	PBMC863	NA	4881
CASSHEGSAKNIQYF	TRBV6-2	TRBJ2-4	PBMC863	NA	3882
CSASPLGSSTDTQYF	TRBV20-1	TRBJ2-3	PBMC863	NA	4368
CSGYANYEQYF	TRBV20-1	TRBJ2-7	PBMC863	NA	4691
CASSHAPRETQYF	TRBV14	TRBJ2-5	PBMC863	NA	4683
CSVENNTGTGLLFGNQPQHF	TRBV29-1	TRBJ1-5	PBMC863	NA	3631
CASSRWTGGGYEQYF	TRBV2	TRBJ2-7	PBMC863	NA	3026
CASSPDQNTEAFF	TRBV18	TRBJ1-1	PBMC863	NA	4265
CASSSGQGPETQYF	TRBV19	TRBJ2-5	PBMC863	NA	4781
CASSTSLTGRTEAFF	TRBV19	TRBJ1-1	PBMC863	NA	4424
CASRHQGYEQYF	TRBV6-2	TRBJ2-7	PBMC863	NA	4410
CACVSNTEAFF	TRBV28	TRBJ1-1	PBMC863	NA	5176
CASSDSGGPSNEQFF	TRBV6-4	TRBJ2-1	PBMC863	NA	4289
CSAIHETQYF	TRBV20-1	TRBJ2-5	PBMC863	NA	4491
CASSLDYAGYNEQFF	TRBV6-2	TRBJ2-1	PBMC863	NA	4066
CASSGVASQETQYF	TRBV10-2	TRBJ2-5	PBMC863	NA	4014
CASSPLGGPYEQYF	TRBV18	TRBJ2-7	PBMC863	NA	3878
CATSPRDYSTEAFF	TRBV15	TRBJ1-1	09/0772	NA	4387
CASSQVRDSFYEQYF	TRBV4-3	TRBJ2-7	09/0772	NA	4259
CASSATGGTGELFF	TRBV9	TRBJ2-2	09/0772	NA	4291
CASSRQGSGNEQYF	TRBV6-2	TRBJ2-7	09/0772	NA	3994
CASSPFNRDGYTF	TRBV5-6	TRBJ1-2	09/0772	NA	5920
CASRGGGTEAFF	TRBV6-2	TRBJ1-1	09/0772	NA	110
CASSFPTGGNEKLFF	TRBV7-2	TRBJ1-4	09/0772	NA	4182
CASSRKGQENSPLHF	TRBV19	TRBJ1-6	09/0772	NA	3832
CASSAVGGGAFFGTDTQYF	TRBV7-3	TRBJ2-3	09/0772	NA	3224
CASSPRTGRGNLAKNIQYF	TRBV9	TRBJ2-4	09/0772	NA	932
CASRRRQGARQETQYF	TRBV5-1	TRBJ2-5	09/0772	NA	4295
CASSFSSGSADTQYF	TRBV12-3	TRBJ2-3	09/0772	NA	4517
CASSLSVTGVQPQHF	TRBV12-3	TRBJ1-5	09/0772	NA	4863
CASSLGHRNYSPLHF	TRBV7-2	TRBJ1-6	09/0772	NA	4598
CASSVVGNEQFF	TRBV9	TRBJ2-1	09/0772	NA	4896
CAWSYDTHPLF	TRBV30	TRBJ1-2	09/0772	NA	4043
CASSKGTVTDTQYF	TRBV12-3	TRBJ2-3	09/0772	NA	4202
CASSLGQTTETQYF	TRBV11-3	TRBJ2-5	09/0772	NA	4607
CAISESNGVRDRAF	TRBV10-3	TRBJ1-2	09/0772	NA	3449
CASSPLGWDTQYF	TRBV18	TRBJ2-3	09/0772	NA	1856
CASSFGAIYGEQYF	TRBV12-3	TRBJ2-7	09/0772	NA	4916
CASSPLGGAGANVLTF	TRBV18	TRBJ2-6	09/0772	NA	4240
CASSLAGPWGTEAFF	TRBV5-1	TRBJ1-1	09/0772	NA	3979
CASRETGRLLQPQHF	TRBV19	TRBJ1-5	09/0772	NA	4066
CASSRTGWTEAFF	TRBV18	TRBJ1-1	09/0772	NA	4447
CASSDLAGGHYNEQFF	TRBV9	TRBJ2-1	09/0772	NA	4314
CASSLAGPWGTEAFF	TRBV5-1	TRBJ1-1	09/0772	NA	717
CASSSGLGGRNTEAFF	TRBV7-3	TRBJ1-1	09/0772	NA	3665
CASSPDRGNFEAFF	TRBV4-3	TRBJ1-1	09/0772	NA	4431
CASSIRTGHSGANVLTF	TRBV3-1	TRBJ2-6	09/0772	NA	3248
CASGESPGTRRGTYEQYF	TRBV12-3	TRBJ2-7	09/0772	NA	4175
CASRPIADTSDEQFF	TRBV11-2	TRBJ2-1	09/0772	NA	4837
CASSQGNMNTEAFF	TRBV6-1	TRBJ1-1	09/0772	NA	4216
CSAGRTSAGELFF	TRBV20-1	TRBJ2-2	09/0772	NA	4411
CASSLGTGGGYTF	TRBV7-2	TRBJ1-2	09/0772	NA	5169
CASSLGILNEKLFF	TRBV11-2	TRBJ1-4	09/0772	NA	4569
CSVTRGQGYGYTF	TRBV29-1	TRBJ1-2	09/0772	NA	4497
CASRGQGGNYGYTF	TRBV2	TRBJ1-2	09/0772	NA	4258
CSARDLGETQYF	TRBV20-1	TRBJ2-5	09/0772	NA	4021
CASSQDSRSNEKLFF	TRBV4-1	TRBJ1-4	09/0772	NA	3851
CASSLGRDGYTDTQYF	TRBV7-2	TRBJ2-3	09/0772	NA	4621
CASSSPGTVSYEQYF	TRBV7-2	TRBJ2-7	09/0772	NA	4451
CASSLSGQNTEAFF	TRBV5-1	TRBJ1-1	09/0772	NA	4163
CASSSEGRIQETQYF	TRBV5-1	TRBJ2-5	09/0772	NA	4011
CSARVKGRNQPQHF	TRBV20-1	TRBJ1-5	09/0772	NA	4685
CASSFGQGTEAFF	TRBV5-1	TRBJ1-1	09/0772	NA	3969
CAISNSNQPQHF	TRBV10-3	TRBJ1-5	09/0772	NA	3245
CASSYSGDIVEKLFF	TRBV6-5	TRBJ1-4	09/0772	NA	3667
CASSSLERVSSKVLYNQPQHF	TRBV12-3	TRBJ1-5	09/0772	NA	3857
CAWNTGAGGNTIYF	TRBV30	TRBJ1-3	09/0772	NA	3784
CASSQGAVGATEAFF	TRBV5-1	TRBJ1-1	09/0772	NA	4004
CASSQTGVGSGKLFF	TRBV4-3	TRBJ1-4	09/0772	NA	3967
CASSVALLGETQYF	TRBV9	TRBJ2-5	09/0772	NA	4695
CASRPDGRGSTNEKLFF	TRBV6-5	TRBJ1-4	09/0772	NA	3711
CASSLGNKGGLVGYGYTF	TRBV6-5	TRBJ1-2	09/0772	NA	4441
CSARVFAGRGFTDTQYF	TRBV20-1	TRBJ2-3	09/0772	NA	3857
CASSLIEGLEQYF	TRBV12-3	TRBJ2-7	09/0772	NA	4631
CSVVGWWTEAFF	TRBV29-1	TRBJ1-1	09/0772	NA	4676
CASSFGGFGAGTEAFF	TRBV5-1	TRBJ1-1	09/0772	NA	3858
CASSQVLSGSGEKLFF	TRBV4-1	TRBJ1-4	09/0772	NA	3461
CASSEAGRGSGYGYTF	TRBV2	TRBJ1-2	09/0772	NA	1147
CASSLGQNYGYTF	TRBV7-2	TRBJ1-2	09/0772	NA	5308
CSVIRPIQGYTGELFF	TRBV29-1	TRBJ2-2	09/0772	NA	3849
CASSHPGQGANYGYTF	TRBV6-1	TRBJ1-2	09/0772	NA	3575
CAWSVGGSNQPQHF	TRBV30	TRBJ1-5	09/0772	NA	4416
CASSEARPGASRYGYTF	TRBV2	TRBJ1-2	09/0772	NA	3909
CATSRDKGGNQPQHF	TRBV15	TRBJ1-5	09/0772	NA	4212
CASRKRGGVGTDTQYF	TRBV2	TRBJ2-3	09/0772	NA	4089
CASSEDRAPNTGELFF	TRBV2	TRBJ2-2	09/0772	NA	428
CSIARRGVGTEAFF	TRBV29-1	TRBJ1-1	09/0772	NA	3507
CSAFRPPEETQYF	TRBV20-1	TRBJ2-5	09/0772	NA	4348
CASSKTREDGYTF	TRBV2	TRBJ1-2	09/0772	NA	4764
CASSLWQGALNTEAFF	TRBV5-1	TRBJ1-1	09/0772	NA	4277
CSVAFTSSGNTIYF	TRBV29-1	TRBJ1-3	09/0772	NA	4341
CASSLTSSGGYTF	TRBV27	TRBJ1-2	09/0772	NA	4630
CASSLPGGNTEAFF	TRBV5-1	TRBJ1-1	09/0772	NA	4375
CASSLVRRETQYF	TRBV5-1	TRBJ2-5	09/0772	NA	3958
CASSSVGDNQPQHF	TRBV28	TRBJ1-5	09/0772	NA	4286
CASSRLEGLGAFF	TRBV12-3	TRBJ1-1	09/0772	NA	4211
CASSPLRSPGQGALTQYF	TRBV18	TRBJ2-3	09/0772	NA	3418
CASSLGPGANYGYTF	TRBV7-2	TRBJ1-2	09/0772	NA	5707
CASSPNRVKGNTEAFF	TRBV14	TRBJ1-1	09/0772	NA	4650
CASSVTGLISYEQYF	TRBV6-1	TRBJ2-7	09/0772	NA	4749
CASTSRRGLQPQHF	TRBV12-3	TRBJ1-5	09/0772	NA	5036
CAWSVRGLDQPQHF	TRBV30	TRBJ1-5	09/0772	NA	4388
CASSPQGDYGYTF	TRBV19	TRBJ1-2	09/0772	NA	4784
CASSLALGGFGNTIYF	TRBV7-2	TRBJ1-3	09/0772	NA	6204
CATSEARTGGKAPLHF	TRBV24-1	TRBJ1-6	09/0772	NA	4861
CASSIIGQYTEAFF	TRBV19	TRBJ1-1	09/0772	NA	5112
CASSQEGTQSGYTF	TRBV4-1	TRBJ1-2	09/0772	NA	4749
CASRAGSGNTIYF	TRBV19	TRBJ1-3	09/0772	NA	4288
CASSQMLHTEAFF	TRBV14	TRBJ1-1	09/0772	NA	5472
CASSPIGADTQYF	TRBV11-3	TRBJ2-3	09/0772	NA	5100
CASSPRAGERGYTF	TRBV27	TRBJ1-2	09/0772	NA	4287
CASSQGLAWGGGYTF	TRBV3-1	TRBJ1-2	09/0772	NA	3608
CASSQTGVGSGKLFF	TRBV4-3	TRBJ1-4	09/0772	NA	3459
CASSPLFQPTEAFF	TRBV27	TRBJ1-1	09/0772	NA	3989
CASSLDPAGGSYEQYF	TRBV5-6	TRBJ2-7	09/0772	NA	4747
CASSLDFRTRKYF	TRBV11-3	TRBJ2-7	09/0772	NA	3438
CASSLGTGGSGANVLTF	TRBV11-3	TRBJ2-6	09/0772	NA	4712
CASSLDPGLQYF	TRBV7-9	TRBJ2-5	09/0772	NA	4994
CAISSLGRGPQETQYF	TRBV10-3	TRBJ2-5	09/0772	NA	3979
CASSYSTARGSTDTQYF	TRBV6-5	TRBJ2-3	09/0772	NA	4214
CASSLGQGLNEKLFF	TRBV12-3	TRBJ1-4	09/0772	NA	826
CSARLGGGNTIYF	TRBV20-1	TRBJ1-3	09/0772	NA	4094
CASSQALGGKLFF	TRBV14	TRBJ1-4	09/0772	NA	4722
CASSHRVLSEYEQYF	TRBV7-2	TRBJ2-7	09/0772	NA	569
CASSYPQRNYGYTF	TRBV5-6	TRBJ1-2	02/0207	NA	4961
CASSPNPGETSTDTQYF	TRBV11-2	TRBJ2-3	02/0207	NA	4994
CASSPNPGETSTDTQYF	TRBV11-2	TRBJ2-3	02/0207	NA	4729
CASRRSGDEQFF	TRBV5-1	TRBJ2-1	02/0207	NA	4050
CSAGQLGELFF	TRBV29-1	TRBJ2-2	02/0207	NA	4043
CASSLSGSGSRGETQYF	TRBV7-2	TRBJ2-5	02/0207	NA	4456
CASSPVAAASSTDTQYF	TRBV14	TRBJ2-3	02/0207	NA	4541
CSAGQLGELFF	TRBV29-1	TRBJ2-2	02/0207	NA	4512
CASMALSNSGTGDYEQYF	TRBV2	TRBJ2-7	02/0207	NA	147
CASSPNPGETSTDTQYF	TRBV11-2	TRBJ2-3	02/0207	NA	4865
CASSRRGGLAGSDTQYF	TRBV4-2	TRBJ2-3	02/0207	NA	4000
CSASFAGADTQYF	TRBV20-1	TRBJ2-3	02/0207	NA	4994
CSAREAGYTEAFF	TRBV20-1	TRBJ1-1	02/0207	NA	4383
CASSPNPGETSTDTQYF	TRBV11-2	TRBJ2-3	02/0207	NA	4516
CSVGGREDWGYTF	TRBV29-1	TRBJ1-2	02/0207	NA	4168
CSAREAGYTEAFF	TRBV20-1	TRBJ1-1	02/0207	NA	4053
CATSGPAELGGDTQYF	TRBV24-1	TRBJ2-3	02/0207	NA	1261
CATQHSGRGNTGELFF	TRBV3-1	TRBJ2-2	02/0207	NA	3202
CASSPNPGETSTDTQYF	TRBV11-2	TRBJ2-3	02/0207	NA	3968
CASSLKMGGQSGIRTDTQYF	TRBV4-1	TRBJ2-3	02/0207	NA	3466
CASRRSGTFGPLGQGAYNEQFF	TRBV4-1	TRBJ2-1	02/0207	NA	3265
CSASFAGADTQYF	TRBV20-1	TRBJ2-3	02/0207	NA	4811
CASSPNPGETSTDTQYF	TRBV11-2	TRBJ2-3	02/0207	NA	4679
CSAGQLGELFF	TRBV29-1	TRBJ2-2	02/0207	NA	4499
CASSPTFLRQGARNVLTF	TRBV11-1	TRBJ2-6	02/0207	NA	1336
CASSPNPGETSTDTQYF	TRBV11-2	TRBJ2-3	02/0207	NA	4352
CSGAEGGGTEAFF	TRBV20-1	TRBJ1-1	02/0207	NA	4076
CASSLQGVGTEAFF	TRBV13	TRBJ1-1	02/0207	NA	3609
CASSRRGGLAGSDTQYF	TRBV4-2	TRBJ2-3	02/0207	NA	3389
CAISESGQGPYEQYF	TRBV10-3	TRBJ2-7	02/0207	NA	3965
CASSQDFGEQFF	TRBV14	TRBJ2-1	02/0207	NA	4425
CASSPEDRTWTPLHF	TRBV18	TRBJ1-6	02/0207	NA	4549
CSASFAGADTQYF	TRBV20-1	TRBJ2-3	02/0207	NA	4874
CASSPNPGETSTDTQYF	TRBV11-2	TRBJ2-3	02/0207	NA	4625
CASSLPGLAGDDEQFF	TRBV7-3	TRBJ2-1	02/0207	NA	4051
CASSLVGGSYEQYF	TRBV5-1	TRBJ2-7	02/0207	NA	482
CASSWGGIGRNQPQHF	TRBV12-3	TRBJ1-5	02/0207	NA	4234
CASSPVAAASSTDTQYF	TRBV14	TRBJ2-3	02/0207	NA	4117
CSAGQLGELFF	TRBV29-1	TRBJ2-2	02/0207	NA	3804
CASRRSGDEQFF	TRBV5-1	TRBJ2-1	02/0207	NA	4404
CASSLVGGSYEQYF	TRBV5-1	TRBJ2-7	02/0207	NA	843
CASSLKDRPAGYTF	TRBV7-9	TRBJ1-2	02/0207	NA	4652
CSASFAGADTQYF	TRBV20-1	TRBJ2-3	02/0207	NA	4218
CSAGQLGELFF	TRBV29-1	TRBJ2-2	02/0207	NA	4384
CASSQDFGEQFF	TRBV14	TRBJ2-1	02/0207	NA	6661
CATSRENTDTQYF	TRBV15	TRBJ2-3	02/0207	NA	4141
CASSTDLNTEAFF	TRBV6-4	TRBJ1-1	02/0207	NA	4035
CASSGRQDTQYF	TRBV9	TRBJ2-3	02/0207	NA	4200
CSVDKNSGSTDTQYF	TRBV29-1	TRBJ2-3	02/0207	NA	3789
CSAPGPLLAEDYNEQFF	TRBV20-1	TRBJ2-1	02/0207	NA	3231
CASSYTGGGNEQFF	TRBV5-1	TRBJ2-1	02/0207	NA	2673
CASMALSNSGTGDYEQYF	TRBV2	TRBJ2-7	02/0207	NA	99
CASSGREGGTDTQYF	TRBV9	TRBJ2-3	02/0207	NA	4484
CASSFAGTGIRGYTF	TRBV5-6	TRBJ1-2	02/0207	NA	5259
CASSPGDRAHQPQHF	TRBV27	TRBJ1-5	02/0207	NA	4377
CASSLNFPLQETQYF	TRBV7-2	TRBJ2-5	02/0207	NA	3538
CASSSPPGGLVGTQYF	TRBV5-6	TRBJ2-3	02/0207	NA	5524
CASRFRDRGFSAEKLFF	TRBV6-2	TRBJ1-4	02/0207	NA	3074
CATSEGEAGWEPQHF	TRBV24-1	TRBJ1-5	02/0207	NA	3552
CASSLSRGPYEQYF	TRBV5-1	TRBJ2-7	02/0207	NA	3777
CSGAEGGGTEAFF	TRBV20-1	TRBJ1-1	02/0207	NA	4012
CASSLQSLGSSNEQFF	TRBV11-3	TRBJ2-1	02/0207	NA	5132
CASSPNPGETSTDTQYF	TRBV11-2	TRBJ2-3	02/0207	NA	4619
CASSGRQDTQYF	TRBV9	TRBJ2-3	02/0207	NA	4726
CASSPNPGETSTDTQYF	TRBV11-2	TRBJ2-3	02/0207	NA	4097
CASSGPTDTQYF	TRBV9	TRBJ2-3	02/0207	NA	4737
CSASFAGADTQYF	TRBV20-1	TRBJ2-3	02/0207	NA	4171
CASAGGGTGELFF	TRBV19	TRBJ2-2	02/0207	NA	3820
CASSPNPGETSTDTQYF	TRBV11-2	TRBJ2-3	02/0207	NA	4341
CASSILAVSGQYF	TRBV14	TRBJ2-7	02/0207	NA	4892
CSAREVTSGVPKEQYF	TRBV20-1	TRBJ2-7	02/0207	NA	4246
CASSGGANVLTF	TRBV2	TRBJ2-6	02/0207	NA	2927
CASSLLGTGSDYGYTF	TRBV4-2	TRBJ1-2	02/0207	NA	4536
CATSGPAELGGDTQYF	TRBV24-1	TRBJ2-3	02/0207	NA	1439
CATSGPAELGGDTQYF	TRBV24-1	TRBJ2-3	02/0207	NA	2135
CASSQGTGYSYEQYF	TRBV3-1	TRBJ2-7	02/0207	NA	3036
CASSVGQVTGELFF	TRBV9	TRBJ2-2	02/0207	NA	3630
CASSPTPPGLADGELFF	TRBV5-1	TRBJ2-2	02/0207	NA	1366
CASSQDLGATSTDTQYF	TRBV14	TRBJ2-3	02/0207	NA	3997
CSAREAGYTEAFF	TRBV20-1	TRBJ1-1	02/0207	NA	4582
CASSPEDRTWTPLHF	TRBV18	TRBJ1-6	02/0207	NA	4272
CSATPRDIQYF	TRBV20-1	TRBJ2-4	02/0207	NA	4471
CSAREAGYTEAFF	TRBV20-1	TRBJ1-1	02/0207	NA	4212
CASSQDFGEQFF	TRBV14	TRBJ2-1	02/0207	NA	4635
CATSDPGGGELFF	TRBV24-1	TRBJ2-2	02/0207	NA	1595
CASSLARGGSYGYTF	TRBV5-1	TRBJ1-2	02/0207	NA	461
CSAAKRDEQFF	TRBV20-1	TRBJ2-1	02/0207	NA	4326
CASSGPTDTQYF	TRBV9	TRBJ2-3	02/0207	NA	4649
CASSPNPGETSTDTQYF	TRBV11-2	TRBJ2-3	02/0207	NA	4174
CASTPGLESPLHF	TRBV12-3	TRBJ1-6	02/0207	NA	4473
CASSPPLAETSTDTQYF	TRBV14	TRBJ2-3	02/0207	NA	3746
CSAREAGYTEAFF	TRBV20-1	TRBJ1-1	02/0207	NA	4660
CASSLNLGGYTF	TRBV5-6	TRBJ1-2	02/0207	NA	5056
CASSGLLAPDTGELFF	TRBV12-3	TRBJ2-2	02/0207	NA	4223
CASSQDFGEQFF	TRBV14	TRBJ2-1	02/0207	NA	4321
CASSPNPGETSTDTQYF	TRBV11-2	TRBJ2-3	02/0207	NA	4433
CASSLVGGSYEQYF	TRBV5-1	TRBJ2-7	02/0207	NA	1207
CASSQDFGEQFF	TRBV14	TRBJ2-1	02/0207	NA	4581
CASSRGGGDNTEAFF	TRBV4-2	TRBJ1-1	02/0207	NA	3507
CASTGQISGELFF	TRBV10-1	TRBJ2-2	02/0207	NA	4030
CSASFAGADTQYF	TRBV20-1	TRBJ2-3	02/0207	NA	4361
CSVDKNSGSTDTQYF	TRBV29-1	TRBJ2-3	02/0207	NA	3860
CASSQDFGEQFF	TRBV14	TRBJ2-1	02/0207	NA	4745
CASSGREGGTDTQYF	TRBV9	TRBJ2-3	02/0207	NA	4019
CASSDSGGFYEQYF	TRBV9	TRBJ2-7	02/0207	NA	3872
CATSGPAELGGDTQYF	TRBV24-1	TRBJ2-3	02/0207	NA	491
CAWSVGQKNSPLHF	TRBV30	TRBJ1-6	02/0207	NA	3773
CSVDKNSGSTDTQYF	TRBV29-1	TRBJ2-3	02/0207	NA	4233
CASSEKDGLRGPLHF	TRBV2	TRBJ1-6	02/0207	NA	4128
CASSPDLLRGNTIYF	TRBV5-1	TRBJ1-3	02/0207	NA	1498
CSAREAGYTEAFF	TRBV20-1	TRBJ1-1	02/0207	NA	3992
CASSSPWDRGMAKNIQYF	TRBV11-2	TRBJ2-4	02/0207	NA	4090
CASSPNPGETSTDTQYF	TRBV11-2	TRBJ2-3	02/0207	NA	4028
CASSYTGGGNEQFF	TRBV5-1	TRBJ2-1	02/0207	NA	4035
CSAGQLGELFF	TRBV29-1	TRBJ2-2	02/0207	NA	3859
CASSPGLAAEAFF	TRBV7-6	TRBJ1-1	02/0207	NA	3861
CASSPNPGETSTDTQYF	TRBV11-2	TRBJ2-3	02/0207	NA	4146
CSASGLAGEGYEQYF	TRBV20-1	TRBJ2-7	02/0207	NA	4625
CASSRGSGGYTF	TRBV9	TRBJ1-2	02/0207	NA	3978
CASSQNTMNTEAFF	TRBV4-1	TRBJ1-1	02/0207	NA	3763
CSAARAGSDEKLFF	TRBV20-1	TRBJ1-4	02/0207	NA	4435
CSASKRDEAFF	TRBV20-1	TRBJ1-1	02/0207	NA	4624
CASRRSGDEQFF	TRBV5-1	TRBJ2-1	02/0207	NA	4367
CATRPQAPSRDTQYF	TRBV19	TRBJ2-3	02/0207	NA	3540
CSASRDYNTGELFF	TRBV20-1	TRBJ2-2	09/0263	NA	3636
CASSLADSNQPQHF	TRBV7-2	TRBJ1-5	09/0263	NA	4192
CASRGLLISMNTEAFF	TRBV19	TRBJ1-1	09/0263	NA	3774
CASSRRGGAPNTGELFF	TRBV19	TRBJ2-2	09/0263	NA	2421
CSVEGGSFNEKLFF	TRBV29-1	TRBJ1-4	09/0263	NA	2381
CASTTGLGGSDTQYF	TRBV5-6	TRBJ2-3	09/0263	NA	2754
CAWSVQGRISGNTIYF	TRBV30	TRBJ1-3	09/0263	NA	2915
CASSNSNSPLHF	TRBV3-1	TRBJ1-6	09/0263	NA	2691
CASDRRDYGYTF	TRBV2	TRBJ1-2	09/0263	NA	4061
CASSQADYGYTF	TRBV5-6	TRBJ1-2	09/0263	NA	4196
CSASRDYNTGELFF	TRBV20-1	TRBJ2-2	09/0263	NA	2998
CASSYSTAGQGSYNEQFF	TRBV6-6	TRBJ2-1	09/0263	NA	2209
CASSLVSGGGSGANVLTF	TRBV7-2	TRBJ2-6	09/0263	NA	3746
CASTSSEALNQPQHF	TRBV12-3	TRBJ1-5	09/0263	NA	3835
CAWSVQGRISGNTIYF	TRBV30	TRBJ1-3	09/0263	NA	4001
CASSYEWDREAFF	TRBV6-5	TRBJ1-1	09/0263	NA	2743
CASSYHGNEQFF	TRBV7-2	TRBJ2-1	09/0263	NA	3042
CASSYEWDREAFF	TRBV6-5	TRBJ1-1	09/0263	NA	2524
CASRPPGGSNEKLFF	TRBV19	TRBJ1-4	09/0263	NA	2491
CASRPPGGSNEKLFF	TRBV19	TRBJ1-4	09/0263	NA	2927
CASSLVSGGGSGANVLTF	TRBV7-2	TRBJ2-6	09/0263	NA	3562
CASSQDRVGGKSYNEQFF	TRBV4-1	TRBJ2-1	09/0263	NA	3221
CASTSSEALNQPQHF	TRBV12-3	TRBJ1-5	09/0263	NA	3743
CASSYLRTGGTGYGYTF	TRBV6-5	TRBJ1-2	09/0263	NA	3576
CASTSSEALNQPQHF	TRBV12-3	TRBJ1-5	09/0263	NA	3401
CSARAGGGGSLQPQHF	TRBV20-1	TRBJ1-5	09/0263	NA	2505
CASTSSEALNQPQHF	TRBV12-3	TRBJ1-5	09/0263	NA	3582
CASTSSEALNQPQHF	TRBV12-3	TRBJ1-5	09/0263	NA	3374
CASSQEWDRVVTF	TRBV14	TRBJ1-2	09/0263	NA	3395
CASRPPGGSNEKLFF	TRBV19	TRBJ1-4	09/0263	NA	2775
CSVEGGRFNEKLFF	TRBV29-1	TRBJ1-4	09/0263	NA	3029
CSASRDYNTGELFF	TRBV20-1	TRBJ2-2	09/0263	NA	3307
CSASRDYNTGELFF	TRBV20-1	TRBJ2-2	09/0263	NA	72
CASSDGDYFYEQYF	TRBV6-5	TRBJ2-7	09/0263	NA	2994
CSVEGGRFNEKLFF	TRBV29-1	TRBJ1-4	09/0263	NA	2535
CAWSVQGRISGNTIYF	TRBV30	TRBJ1-3	09/0263	NA	2665
CSAPGLASYNEQFF	TRBV20-1	TRBJ2-1	01/0817	NA	2907
CSAPGLASYNEQFF	TRBV20-1	TRBJ2-1	01/0817	NA	3245
CASSLANPQDTIYF	TRBV5-1	TRBJ1-3	01/0817	NA	2957
CASSLDPGGYGELFF	TRBV7-6	TRBJ2-2	01/0817	NA	2161
CSAPGLASYNEQFF	TRBV20-1	TRBJ2-1	01/0817	NA	2357
CASRRTGSNYGYTF	TRBV19	TRBJ1-2	01/0817	NA	2958
CAISVAGGHTDTQYF	TRBV10-3	TRBJ2-3	01/0817	NA	2394
CSARDLREAQETQYF	TRBV20-1	TRBJ2-5	01/0960	NA	2347
CASRPDVPNTGELFF	TRBV6-6	TRBJ2-2	01/0960	NA	2702
CSVEVGAAADTQYF	TRBV29-1	TRBJ2-3	01/0960	NA	2769
CASSLVGGMSDTQYF	TRBV11-2	TRBJ2-3	01/0960	NA	1036
CASRRTGANYGYTF	TRBV19	TRBJ1-2	01/0960	NA	2487
CASSQEGSKAGETQYF	TRBV5-1	TRBJ2-5	01/0960	NA	2244
CSVEDQGRAGMGYTF	TRBV29-1	TRBJ1-2	01/0960	NA	2483
CASSNDRGLGGYTF	TRBV5-1	TRBJ1-2	01/0960	NA	2085
CSALGDRGNYGYTF	TRBV29-1	TRBJ1-2	01/0960	NA	2798
CSVGQGNYGYTF	TRBV29-1	TRBJ1-2	01/0960	NA	2538
CASSKTGTYEQYF	TRBV6-2	TRBJ2-7	01/0960	NA	2258
CASRRGIGSGTTDTQYF	TRBV19	TRBJ2-3	01/0960	NA	2253
CSARDLREAQETQYF	TRBV20-1	TRBJ2-5	01/0960	NA	2061
CSVRAERAFF	TRBV29-1	TRBJ1-1	01/0960	NA	3094
CSVEDPDRLGAFF	TRBV29-1	TRBJ1-1	01/0960	NA	2055
CSASRGTGATNTEAFF	TRBV29-1	TRBJ1-1	01/0960	NA	1904
CSARDRAPRGYTF	TRBV20-1	TRBJ1-2	01/0960	NA	2164
CASSLSWGNTDTQYF	TRBV5-1	TRBJ2-3	01/0960	NA	1744
CSARDLREAQETQYF	TRBV20-1	TRBJ2-5	01/0960	NA	2361
CASSPPEGLPNQPQHF	TRBV6-6	TRBJ1-5	01/0960	NA	1821
CAISEKGQAYEQYF	TRBV10-3	TRBJ2-7	01/0960	NA	280
CASSLLRGAGANEQFF	TRBV2	TRBJ2-1	01/0960	NA	1897
CSVDTGFTEAFF	TRBV29-1	TRBJ1-1	01/0960	NA	2282
CASSVGGFGGTEAFF	TRBV6-1	TRBJ1-1	01/0960	NA	1805
CASRRGIGSGTTDTQYF	TRBV19	TRBJ2-3	01/0960	NA	2739
CAISEKGQAYEQYF	TRBV10-3	TRBJ2-7	01/0960	NA	1448
CSAREWSYNEQFF	TRBV20-1	TRBJ2-1	01/0960	NA	1636
CASSLSTSNQPQHF	TRBV7-9	TRBJ1-5	01/0960	NA	2481
CASSLVRDGGYTF	TRBV5-1	TRBJ1-2	01/0960	NA	1881
CASSKTGTYEQYF	TRBV6-2	TRBJ2-7	01/0960	NA	1436
CASSQALTGVGNQETQYF	TRBV4-1	TRBJ2-5	01/0960	NA	2031
CASSLWDQVNNEQFF	TRBV13	TRBJ2-1	01/0960	NA	1593
CASSKTGTYEQYF	TRBV6-2	TRBJ2-7	01/0960	NA	1596
CASSKTGTYEQYF	TRBV6-2	TRBJ2-7	01/0960	NA	1286
CASSQNSPLHF	TRBV7-2	TRBJ1-6	01/0960	NA	2227
CASSSGQDYGYTF	TRBV11-2	TRBJ1-2	03/0387	NA	2625
CSARDYRGGSGNTGELFF	TRBV20-1	TRBJ2-2	03/0387	NA	2359
CASSLIRNYGYTF	TRBV3-1	TRBJ1-2	03/0387	NA	1217
CASSWGPGNYGYTF	TRBV27	TRBJ1-2	03/0387	NA	2317
CASSLGNSPLHF	TRBV12-3	TRBJ1-6	03/0387	NA	3522
CASSHQGGLTEAFF	TRBV14	TRBJ1-1	03/0387	NA	2100
CASSLTFSGYNEQFF	TRBV7-3	TRBJ2-1	03/0387	NA	1882
CASSFGTGDNEQFF	TRBV5-1	TRBJ2-1	03/0387	NA	1759
CSAPRDSGQPQHF	TRBV20-1	TRBJ1-5	03/0387	NA	1962
CASSHQGGLTEAFF	TRBV14	TRBJ1-1	03/0387	NA	2457
CASSQVIGHYGYTF	TRBV7-9	TRBJ1-2	03/0387	NA	3663
CASSYLGEGASPLHF	TRBV6-5	TRBJ1-6	03/0387	NA	3355
CASSQDNTGSYEQYF	TRBV4-2	TRBJ2-7	03/0387	NA	4228
CASSYEKLFF	TRBV2	TRBJ1-4	03/0387	NA	5029
CASSPATEGVYGYTF	TRBV18	TRBJ1-2	03/0387	NA	3731
CSARTGGDYGYTF	TRBV20-1	TRBJ1-2	03/0387	NA	4054
CASSPLPQGARELFF	TRBV27	TRBJ2-2	03/0387	NA	3863
CSARDPASGETQYF	TRBV20-1	TRBJ2-5	03/0387	NA	3654
CASSFGTGDNEQFF	TRBV5-1	TRBJ2-1	03/0387	NA	3427
CASSLTFSGYNEQFF	TRBV7-3	TRBJ2-1	03/0387	NA	2652
CASRRSLNTGELFF	TRBV6-5	TRBJ2-2	03/0387	NA	3355
CSASPGFALSGNTIYF	TRBV20-1	TRBJ1-3	03/0387	NA	3456
CASSFGTGDNEQFF	TRBV5-1	TRBJ2-1	03/0387	NA	2754
CASSLLGGGFGQPQHF	TRBV27	TRBJ1-5	03/0387	NA	4210
CASSHQGGLTEAFF	TRBV14	TRBJ1-1	03/0387	NA	4159
CASSFGTGDNEQFF	TRBV5-1	TRBJ2-1	03/0387	NA	2953
CASSFGTGDNEAFF	TRBV5-1	TRBJ1-1	03/0387	NA	3263
CASSLGPKEKLFF	TRBV4-1	TRBJ1-4	03/0387	NA	3600
CASSFGTGDNEAFF	TRBV5-1	TRBJ1-1	03/0387	NA	3281
CASSLGRDNGYTF	TRBV7-6	TRBJ1-2	03/0387	NA	3512
CASSFGTGDNEQFF	TRBV5-1	TRBJ2-1	03/0387	NA	3012
CASTSYGYTF	TRBV2	TRBJ1-2	03/0387	NA	5420
CSASPGFALSGNTIYF	TRBV20-1	TRBJ1-3	03/0387	NA	3455
CASSPNLYEQYF	TRBV9	TRBJ2-7	03/0387	NA	3439
CASSQGGLLPETQYF	TRBV3-1	TRBJ2-5	03/0387	NA	342
CASSFGTGDNEAFF	TRBV5-1	TRBJ1-1	03/0387	NA	3786
CSASPGFALSGNTIYF	TRBV20-1	TRBJ1-3	03/0387	NA	2406
CASSFRGFMNTEAFF	TRBV12-3	TRBJ1-1	03/0387	NA	3656
CSASPGFALSGNTIYF	TRBV20-1	TRBJ1-3	03/0387	NA	1538
CSASISTSSTDTQYF	TRBV20-1	TRBJ2-3	03/0387	NA	3303
CASTTIGQTFNYGYTF	TRBV2	TRBJ1-2	03/0387	NA	4013
CASSLTFSGYNEQFF	TRBV7-3	TRBJ2-1	03/0387	NA	2637
CASSLRATDHSYNSPLHF	TRBV27	TRBJ1-6	03/0387	NA	2705
CSARDPASGETQYF	TRBV20-1	TRBJ2-5	03/0387	NA	3307
CSGTASSSSTDTQYF	TRBV20-1	TRBJ2-3	03/0387	NA	3287
CASSKGVGGTEAFF	TRBV3-1	TRBJ1-1	03/0387	NA	2044
CSARDPASGETQYF	TRBV20-1	TRBJ2-5	03/0387	NA	4038
CASSLTFSGYNEQFF	TRBV7-3	TRBJ2-1	03/0387	NA	2945
CSARDDRAGYGYTF	TRBV20-1	TRBJ1-2	03/0387	NA	2642
CASSFGQMGLNTEAFF	TRBV5-1	TRBJ1-1	03/0387	NA	2941
CSASPGFALSGNTIYF	TRBV20-1	TRBJ1-3	03/0387	NA	2218
CASSYFSANEQFF	TRBV6-6	TRBJ2-1	03/0387	NA	2963
CSARTRGTGTEAFF	TRBV20-1	TRBJ1-1	03/0387	NA	3335
CASSYGTRNTGELFF	TRBV6-5	TRBJ2-2	03/0387	NA	1095
CASSPRVMEGGYTF	TRBV18	TRBJ1-2	03/0387	NA	2250
CASGLVLILVGVAGASYNEQFF	TRBV12-5	TRBJ2-1	03/0387	NA	2377
CASSSLTDTQYF	TRBV27	TRBJ2-3	03/0387	NA	2804
CASSQLTDTQYF	TRBV14	TRBJ2-3	03/0387	NA	4092
CASSLTFSGYNEQFF	TRBV7-3	TRBJ2-1	03/0387	NA	3213
CASSFGTGDNEQFF	TRBV5-1	TRBJ2-1	03/0387	NA	2736
CASRGTGAGNSPLHF	TRBV6-5	TRBJ1-6	03/0387	NA	1005
CASSLQGAAEQFF	TRBV27	TRBJ2-1	03/0387	NA	54
CASWDNHSGNTIYF	TRBV6-5	TRBJ1-3	03/0387	NA	2927
CATRIAGAAYNEQFF	TRBV5-1	TRBJ2-1	03/0387	NA	3020
CASSQQGTGEAFF	TRBV3-1	TRBJ1-1	03/0387	NA	2583
CSARDVGRTGDGYTF	TRBV20-1	TRBJ1-2	03/0387	NA	3704
CASSFGTGDNEQFF	TRBV5-1	TRBJ2-1	03/0387	NA	3096
CSARDVPGGTEAFF	TRBV20-1	TRBJ1-1	03/0387	NA	2754
CASSGQLNQPQHF	TRBV10-2	TRBJ1-5	03/0387	NA	4116
CASSESGGSNQPQHF	TRBV10-2	TRBJ1-5	03/0387	NA	2957
CASSLGSGGYNEQFF	TRBV5-1	TRBJ2-1	03/0387	NA	3112
CASSFGTGDNEQFF	TRBV5-1	TRBJ2-1	03/0387	NA	3057
CATATSGSYNEQFF	TRBV5-1	TRBJ2-1	03/0387	NA	2784
CASSSPGNTGELFF	TRBV27	TRBJ2-2	03/0387	NA	2977
CASSGQGGSTEAFF	TRBV5-1	TRBJ1-1	03/0387	NA	2358
CASSFGTGDNEQFF	TRBV5-1	TRBJ2-1	03/0387	NA	3257
CASSEGAAGNEKLFF	TRBV6-1	TRBJ1-4	03/0387	NA	2818
CASSFGTGDNEQFF	TRBV5-1	TRBJ2-1	03/0387	NA	2609
CASSFGTGDNEQFF	TRBV5-1	TRBJ2-1	03/0387	NA	2858
CSAPPTGTDTQYF	TRBV20-1	TRBJ2-3	03/0387	NA	3393
CSASPGFALSGNTIYF	TRBV20-1	TRBJ1-3	03/0387	NA	1698
CASSSSGQSNEKLFF	TRBV5-1	TRBJ1-4	03/0387	NA	2643
CSARAGQRHTGELFF	TRBV20-1	TRBJ2-2	03/0387	NA	2341
CASSPGQGFNYGYTF	TRBV5-1	TRBJ1-2	03/0387	NA	2636
CSASPGFALSGNTIYF	TRBV20-1	TRBJ1-3	03/0387	NA	1236
CASSAQGNTEAFF	TRBV7-9	TRBJ1-1	03/0387	NA	3304
CSASPGFALSGNTIYF	TRBV20-1	TRBJ1-3	03/0387	NA	1505
CASSFGTGDNEQFF	TRBV5-1	TRBJ2-1	03/0387	NA	2968
CASSFGTGDNEQFF	TRBV5-1	TRBJ2-1	03/0387	NA	3252
CASSIGGGAGRNTEAFF	TRBV19	TRBJ1-1	03/0387	NA	851
CSASPGFALSGNTIYF	TRBV20-1	TRBJ1-3	03/0387	NA	1006
CASSLTFSGYNEQFF	TRBV7-3	TRBJ2-1	03/0387	NA	2580
CSASPQGTGNTIYF	TRBV20-1	TRBJ1-3	03/0387	NA	2899
CASSLTFSGYNEQFF	TRBV7-3	TRBJ2-1	03/0387	NA	2303
CASSFGTGDNEQFF	TRBV5-1	TRBJ2-1	03/0387	NA	2666
CSARETHGGDEQFF	TRBV20-1	TRBJ2-1	03/0387	NA	2983
CASSHQGGLTEAFF	TRBV14	TRBJ1-1	03/0387	NA	3122
CASSLTFSGYNEQFF	TRBV7-3	TRBJ2-1	03/0387	NA	2249
CASSFGTGDNEAFF	TRBV5-1	TRBJ1-1	03/0387	NA	4081
CAWKTGTSGNTIYF	TRBV30	TRBJ1-3	03/0387	NA	1217
CASSHPGQTYEQYF	TRBV27	TRBJ2-7	03/0387	NA	3189
CASSSPGNTGELFF	TRBV27	TRBJ2-2	03/0387	NA	3022
CASSLIQGDTGELFF	TRBV4-1	TRBJ2-2	03/0387	NA	2520
CMTRDPDDEQYF	TRBV10-3	TRBJ2-7	03/0387	NA	3085
CSATDPKGANTEAFF	TRBV20-1	TRBJ1-1	03/0387	NA	2528
CASSSPGNTGELFF	TRBV27	TRBJ2-2	03/0387	NA	2998
CASSHQGGLTEAFF	TRBV14	TRBJ1-1	03/0387	NA	2791
CASSQLAAGQETQYF	TRBV7-3	TRBJ2-5	03/0387	NA	2041
CSVGQGLANYGYTF	TRBV29-1	TRBJ1-2	03/0387	NA	3512
CATSDPSGNTIYF	TRBV24-1	TRBJ1-3	03/0387	NA	3017
CAISEITGQTYEQYF	TRBV10-3	TRBJ2-7	03/0387	NA	3075
CAWKTGTSGNTIYF	TRBV30	TRBJ1-3	03/0387	NA	779
CASSALTVDNSPLHF	TRBV12-3	TRBJ1-6	03/0387	NA	3224
CASSFGTGDNEQFF	TRBV5-1	TRBJ2-1	03/0387	NA	2464
CASSTDRINTEAFF	TRBV5-1	TRBJ1-1	03/0387	NA	2249
CASSHRGAQNNSPLHF	TRBV12-3	TRBJ1-6	03/0387	NA	2690
CASSPLGAGNTIYF	TRBV3-1	TRBJ1-3	03/0387	NA	3149
CSVQYTGELFF	TRBV29-1	TRBJ2-2	03/0387	NA	2623
CASSFGTGDNEAFF	TRBV5-1	TRBJ1-1	03/0387	NA	3398
CASSHQGGLTEAFF	TRBV14	TRBJ1-1	03/0387	NA	3697
CASSQPVGNQPQHF	TRBV4-1	TRBJ1-5	03/0387	NA	2740
CSARVVSGGEQFF	TRBV20-1	TRBJ2-1	03/0387	NA	2564
CASSPPGDTEAFF	TRBV27	TRBJ1-1	03/0387	NA	3039
CASSFGTGDNEQFF	TRBV5-1	TRBJ2-1	03/0387	NA	2443
CASSFGTGDNEQFF	TRBV5-1	TRBJ2-1	03/0387	NA	2543
CATATSGSYNEQFF	TRBV5-1	TRBJ2-1	03/0387	NA	2341
CASSLVQYTDTQYF	TRBV5-1	TRBJ2-3	03/0387	NA	2615
CASSLGPSGDAFF	TRBV11-3	TRBJ1-1	03/0387	NA	4170
CASSSGGLSTDTQYF	TRBV7-2	TRBJ2-3	03/0387	NA	2517
CASSPLATGYSGNTIYF	TRBV18	TRBJ1-3	03/0387	NA	2323
CSVQYTGELFF	TRBV29-1	TRBJ2-2	03/0387	NA	3225
CATQGLDGYTF	TRBV2	TRBJ1-2	03/0387	NA	3575
CASSHQGGLTEAFF	TRBV14	TRBJ1-1	03/0387	NA	1961
CAISSEDRGVTEAFF	TRBV10-3	TRBJ1-1	03/0387	NA	849
CASSLATLAGGSTDTQYF	TRBV12-3	TRBJ2-3	03/0387	NA	2365
CASSEALRGAGELFF	TRBV2	TRBJ2-2	03/0387	NA	2464
CASSIGGTGGGGPQHF	TRBV19	TRBJ1-5	03/0387	NA	2402
CSARGGGYLDEKLFF	TRBV20-1	TRBJ1-4	03/0387	NA	2130
CASSFGTGDNEAFF	TRBV5-1	TRBJ1-1	03/0387	NA	3162
CASSFGTGDNEAFF	TRBV5-1	TRBJ1-1	03/0387	NA	2410
CASSHQGGLTEAFF	TRBV14	TRBJ1-1	03/0387	NA	2542
CSARSLTSGVTDTQYF	TRBV20-1	TRBJ2-3	03/0387	NA	2982
CSARDPASGETQYF	TRBV20-1	TRBJ2-5	03/0387	NA	2606
CASSSPGNTGELFF	TRBV27	TRBJ2-2	03/0387	NA	2847
CASSPNIEQQPQHF	TRBV2	TRBJ1-5	03/0387	NA	2656
CASSFGTGDNEQFF	TRBV5-1	TRBJ2-1	03/0387	NA	2133
CASSFGTGDNEAFF	TRBV5-1	TRBJ1-1	03/0387	NA	2344
CSARDPASGETQYF	TRBV20-1	TRBJ2-5	03/0387	NA	3071
CASSQGAGVFNIQYF	TRBV14	TRBJ2-4	03/0387	NA	2428
CSASISTSSTDTQYF	TRBV20-1	TRBJ2-3	03/0387	NA	2537
CASSLTSGGTKNIQYF	TRBV4-1	TRBJ2-4	03/0387	NA	1520
CASSFGTGDNEQFF	TRBV5-1	TRBJ2-1	03/0387	NA	3290
CASSLTFSGYNEQFF	TRBV7-3	TRBJ2-1	03/0387	NA	2494
CASSRGQGGNTEAFF	TRBV12-3	TRBJ1-1	03/0387	NA	2357
CASSSPGNTGELFF	TRBV27	TRBJ2-2	03/0387	NA	1945
CASSFGTGDNEQFF	TRBV5-1	TRBJ2-1	03/0387	NA	2164
CASKVGQLYGYTF	TRBV6-1	TRBJ1-2	03/0387	NA	1828
CASSGREGSSPLHF	TRBV2	TRBJ1-6	03/0387	NA	2882
CASSLWRSGYTF	TRBV12-3	TRBJ1-2	03/0387	NA	2915
CASSFGTGDNEQFF	TRBV5-1	TRBJ2-1	03/0387	NA	2156
CASSLGNSPLHF	TRBV12-3	TRBJ1-6	03/0387	NA	2461
CSARTSGGASTDTQYF	TRBV20-1	TRBJ2-3	03/0387	NA	2516
CSASPSSASTDTQYF	TRBV20-1	TRBJ2-3	03/0387	NA	2132
CASSQAVQGRGTQYF	TRBV4-1	TRBJ2-5	03/0387	NA	1799
CASSSPGNTGELFF	TRBV27	TRBJ2-2	03/0387	NA	1984
CSASPGFALSGNTIYF	TRBV20-1	TRBJ1-3	03/0387	NA	848
CASSPPNADYGYTF	TRBV5-6	TRBJ1-2	09/0263	NA	3722
CAWSVTGGGGGYTF	TRBV30	TRBJ1-2	09/0263	NA	2289
CSARYSGAGDTQYF	TRBV20-1	TRBJ2-3	09/0263	NA	2639
CSVEGGRFNEKLFF	TRBV29-1	TRBJ1-4	09/0263	NA	2996
CASRPPGGSNEKLFF	TRBV19	TRBJ1-4	09/0263	NA	2138
CSVEGGSFNEKLFF	TRBV29-1	TRBJ1-4	09/0263	NA	2026
CAIKSRGFLQETQYF	TRBV10-3	TRBJ2-5	09/0263	NA	179
CATGPRDRVHNEQFF	TRBV24-1	TRBJ2-1	09/0263	NA	2049
CASSSPGGSNQPQHF	TRBV19	TRBJ1-5	09/0263	NA	2047
CASSYEWDREAFF	TRBV6-5	TRBJ1-1	09/0263	NA	2391
CASRPPGGSNEKLFF	TRBV19	TRBJ1-4	09/0263	NA	2847
CASRPPGGSNEKLFF	TRBV19	TRBJ1-4	09/0263	NA	2724
CASSQDAPTSSGANVLTF	TRBV3-1	TRBJ2-6	09/0263	NA	3078
CARGTVNSPLHF	TRBV2	TRBJ1-6	09/0263	NA	2634
CASARGGRSYEQYF	TRBV6-1	TRBJ2-7	09/0263	NA	2600
CASSLGQWGGNYEQYF	TRBV12-3	TRBJ2-7	09/0263	NA	2576
CSARIGSTGELFF	TRBV20-1	TRBJ2-2	09/0263	NA	3313
CASTQAPGLNIQYF	TRBV6-6	TRBJ2-4	09/0263	NA	2239
CASSGYSSGANVLTF	TRBV7-6	TRBJ2-6	09/0263	NA	2862
CASTRTLGFSNQPQHF	TRBV4-1	TRBJ1-5	09/0263	NA	2962
CSVEAQGARGTEAFF	TRBV29-1	TRBJ1-1	09/0263	NA	3092
CASKLSGGARYEQFF	TRBV6-2	TRBJ2-1	09/0263	NA	2551
CSAPGQLLMNTEAFF	TRBV20-1	TRBJ1-1	09/0263	NA	3549
CASKEGGNQPQHF	TRBV19	TRBJ1-5	09/0263	NA	3842
CSAKTSGGFKDTQYF	TRBV20-1	TRBJ2-3	09/0263	NA	4146
CASSPRTGEGYTF	TRBV6-6	TRBJ1-2	09/0263	NA	2866
CSLPGQHTLNTEAFF	TRBV20-1	TRBJ1-1	09/0263	NA	3091
CSASTGQRGTYEQYF	TRBV20-1	TRBJ2-7	09/0263	NA	3193
CSVKLRVTKGNTGELFF	TRBV29-1	TRBJ2-2	09/0263	NA	2815
CASSNSNSPLHF	TRBV3-1	TRBJ1-6	09/0263	NA	3174
CASSGFAGRASGNTIYF	TRBV25-1	TRBJ1-3	09/0263	NA	3261
CASRGTIQETQYF	TRBV4-2	TRBJ2-5	09/0263	NA	3380
CASSPSGGSNVGYTF	TRBV11-2	TRBJ1-2	09/0263	NA	2474
CSVEGGRFNEKLFF	TRBV29-1	TRBJ1-4	09/0263	NA	2557
CASSGWTGEETQYF	TRBV12-3	TRBJ2-5	09/0263	NA	3442
CAISESKRAGHEQYF	TRBV10-3	TRBJ2-7	09/0263	NA	1700
CASSLRAEETEAFF	TRBV7-3	TRBJ1-1	09/0263	NA	3386
CASSTSHRVTGYTF	TRBV19	TRBJ1-2	09/0263	NA	3185
CASSNPGADTQYF	TRBV19	TRBJ2-3	09/0263	NA	3072
CSVEGGRFNEKLFF	TRBV29-1	TRBJ1-4	09/0263	NA	2673
CASSTRTETQYF	TRBV7-2	TRBJ2-5	09/0263	NA	4190
CSVEKIGQLSYEQYF	TRBV29-1	TRBJ2-7	09/0263	NA	3367
CASSPFGTGSVEQYF	TRBV18	TRBJ2-7	09/0263	NA	3415
CASSEYGVSYEQYF	TRBV10-2	TRBJ2-7	09/0263	NA	4063
CASSIGPSGANVLTF	TRBV7-2	TRBJ2-6	09/0263	NA	4285
CATSERGRGLMDTQYF	TRBV24-1	TRBJ2-3	09/0263	NA	3917
CSVEGGRYNEKLFF	TRBV29-1	TRBJ1-4	09/0263	NA	2625
CASAAEGTTADTQYF	TRBV6-4	TRBJ2-3	09/0263	NA	3242
CAISDGTKSSGANVLTF	TRBV10-3	TRBJ2-6	09/0263	NA	3167
CASSLGRGGEQETQYF	TRBV7-2	TRBJ2-5	09/0263	NA	469
CSVEGEGAPGANVLTF	TRBV29-1	TRBJ2-6	09/0263	NA	2983
CASSIDSSHGYTF	TRBV5-1	TRBJ1-2	09/0263	NA	3983
CASGSSGQGNYEQFF	TRBV12-5	TRBJ2-1	09/0263	NA	3063
CAWSVQGRISGNTIYF	TRBV30	TRBJ1-3	09/0263	NA	3248
CATTSGPTEAFF	TRBV10-3	TRBJ1-1	09/0263	NA	3583
CSVEGGRYNEKLFF	TRBV29-1	TRBJ1-4	09/0263	NA	3781
CSANKIAGNEQYF	TRBV20-1	TRBJ2-7	09/0263	NA	3641
CASSNSNSPLHF	TRBV3-1	TRBJ1-6	09/0263	NA	2452
CASSPDRYSNQPQHF	TRBV6-4	TRBJ1-5	09/0263	NA	3133
CASSLSRQGRFVLHF	TRBV11-2	TRBJ1-6	09/0263	NA	2631
CASSLGDRGSPRSYGYTF	TRBV5-1	TRBJ1-2	09/0263	NA	3605
CASSHEESTNTEAFF	TRBV4-2	TRBJ1-1	09/0263	NA	3522
CSANKIAGNEQYF	TRBV20-1	TRBJ2-7	09/0263	NA	3588
CASSQGGGAGFNF	TRBV4-1	TRBJ2-4	09/0263	NA	2519
CASSQDGGVYEQYF	TRBV14	TRBJ2-7	09/0263	NA	3678
CASSLRDSTNEKLFF	TRBV5-1	TRBJ1-4	09/0263	NA	3420
CASSLRNLPNTEAFF	TRBV5-1	TRBJ1-1	09/0263	NA	3051
CATAVNQPWRGGLYEQFF	TRBV24-1	TRBJ2-1	09/0263	NA	2419
CASSLLRGKTGEVRAFF	TRBV14	TRBJ1-1	09/0263	NA	3119
CASGLVLGEAVATNEKLFF	TRBV12-5	TRBJ1-4	09/0263	NA	2865
CASSLNYIGTEPEAFF	TRBV28	TRBJ1-1	09/0263	NA	2971
CASSTIAGGPGETQYF	TRBV6-1	TRBJ2-5	09/0263	NA	2656
CSAMTGTGFRNQPQHF	TRBV20-1	TRBJ1-5	09/0263	NA	3629
CASGQTGGSGNTIYF	TRBV28	TRBJ1-3	09/0263	NA	2980
CATSDKALGNTIYF	TRBV24-1	TRBJ1-3	09/0263	NA	3570
CASSQEWDRVVTF	TRBV14	TRBJ1-2	09/0263	NA	3531
CASSRGDYGYTF	TRBV11-1	TRBJ1-2	09/0263	NA	3882
CSANKIAGNEQYF	TRBV20-1	TRBJ2-7	09/0263	NA	2740
CSARRAGVNTEAFF	TRBV20-1	TRBJ1-1	09/0263	NA	2967
CASSFLLVRDGYTF	TRBV19	TRBJ1-2	09/0263	NA	3716
CSVEGGSFNEKLFF	TRBV29-1	TRBJ1-4	09/0263	NA	2873
CASSLRSRAYEQYF	TRBV5-6	TRBJ2-7	09/0263	NA	3578
CASSQDWGLAQETQYF	TRBV4-2	TRBJ2-5	01/0817	NA	2181
CASSHTVQYSYEQYF	TRBV4-2	TRBJ2-7	01/0817	NA	2845
CASSDLAGNNSPLHF	TRBV6-4	TRBJ1-6	01/0817	NA	3470
CATRGQKKAEAFF	TRBV24-1	TRBJ1-1	01/0817	NA	3180
CASSIGETGANVLTF	TRBV19	TRBJ2-6	01/0817	NA	3350
CASSRLTGGGQPQHF	TRBV4-1	TRBJ1-5	01/0817	NA	3550
CATSASGGFGELFF	TRBV24-1	TRBJ2-2	01/0817	NA	3437
CASSRLPTVQETQYF	TRBV4-1	TRBJ2-5	01/0817	NA	3233
CASSSGGNHNSPLHF	TRBV19	TRBJ1-6	01/0817	NA	3165
CASSEEAGAGDTQYF	TRBV6-4	TRBJ2-3	01/0817	NA	2806
CASSIGGGLRVPYNEQFF	TRBV19	TRBJ2-1	01/0817	NA	3109
CASSQGRRRLF	TRBV4-1	TRBJ1-6	01/0817	NA	3653
CASRLGGNQPQHF	TRBV19	TRBJ1-5	01/0817	NA	3238
CASSLNILGGNYEQYF	TRBV28	TRBJ2-7	01/0817	NA	2895
CASSPGTWGYNEQFF	TRBV7-3	TRBJ2-1	01/0817	NA	2966
CASNHPGGAETQYF	TRBV28	TRBJ2-5	01/0817	NA	774
CASSLALRLGLTEAFF	TRBV11-2	TRBJ1-1	01/0817	NA	3456
CASSPRLAGLRDEQFF	TRBV5-1	TRBJ2-1	01/0817	NA	2573
CASSQFPGGEKLFF	TRBV4-1	TRBJ1-4	01/0817	NA	3331
CASSSGLGETQYF	TRBV11-2	TRBJ2-5	01/0817	NA	4924
CASSEIGGGTRTSPLHF	TRBV27	TRBJ1-6	01/0817	NA	3564
CSARDLAGFTGELFF	TRBV20-1	TRBJ2-2	01/0817	NA	2580
CASSLLSLRETGNEQFF	TRBV11-2	TRBJ2-1	01/0817	NA	2532
CASSQERHRGRGLGQPQHF	TRBV4-1	TRBJ1-5	01/0817	NA	2833
CASSIGGGLRVPYNEQFF	TRBV19	TRBJ2-1	01/0817	NA	2818
CASSWGGGALYQPQHF	TRBV5-6	TRBJ1-5	01/0817	NA	3474
CSAQAGAFGNEQFF	TRBV20-1	TRBJ2-1	01/0817	NA	2760
CSAKDRGRLRYGYTF	TRBV20-1	TRBJ1-2	01/0817	NA	3849
CASSSPSRTSPNLIEQYF	TRBV27	TRBJ2-7	01/0817	NA	97
CASRGGLAADTGELFF	TRBV19	TRBJ2-2	01/0817	NA	3647
CASSPPPGQGSYEQYF	TRBV4-1	TRBJ2-7	01/0817	NA	2154
CASSWGRRGNYGYTF	TRBV12-3	TRBJ1-2	01/0817	NA	3191
CASSESTGLAGGTGELFF	TRBV10-1	TRBJ2-2	01/0817	NA	882
CASSPGAQEDTQYF	TRBV25-1	TRBJ2-3	01/0817	NA	3527
CSANPPTSGGGEQYF	TRBV20-1	TRBJ2-7	01/0817	NA	1909
CASSPLGMGGHTGELFF	TRBV4-1	TRBJ2-2	01/0817	NA	2821
CASRYRHRDALGQPQHF	TRBV12-3	TRBJ1-5	01/0817	NA	3528
CASSAPQRGNTEAFF	TRBV4-1	TRBJ1-1	01/0817	NA	2284
CASSQRGDRGRGGYTF	TRBV14	TRBJ1-2	01/0817	NA	67
CASTEGGTDTQYF	TRBV25-1	TRBJ2-3	01/0817	NA	3441
CASSIGGGLRVPYNEQFF	TRBV19	TRBJ2-1	01/0817	NA	2909
CASSKLARASTDTQYF	TRBV9	TRBJ2-3	01/0817	NA	2666
CASSQSGIDTQYF	TRBV3-1	TRBJ2-3	01/0817	NA	2300
CSARDVIGRETQYF	TRBV20-1	TRBJ2-5	01/0817	NA	2426
CATSRDDQPQHF	TRBV15	TRBJ1-5	01/0817	NA	3106
CASSLGGGLTYEQYF	TRBV7-2	TRBJ2-7	01/0817	NA	2845
CASSPRTGPISGANVLTF	TRBV18	TRBJ2-6	01/0817	NA	2683
CAWSVRAGALQYF	TRBV30	TRBJ2-7	01/0817	NA	2851
CASSVGSQPVGYTF	TRBV9	TRBJ1-2	01/0817	NA	2885
CATSRVPQGRGNTIYF	TRBV15	TRBJ1-3	01/0817	NA	3610
CSARTGAPYNEQFF	TRBV20-1	TRBJ2-1	01/0817	NA	3529
CASSIGGGLRVPYNEQFF	TRBV19	TRBJ2-1	01/0817	NA	3352
CASSHPLGGPQARGYTF	TRBV4-1	TRBJ1-2	01/0817	NA	2732
CSARGVGEAFF	TRBV20-1	TRBJ1-1	01/0817	NA	3072
CASSIGGGLRVPYNEQFF	TRBV19	TRBJ2-1	01/0817	NA	2332
CAWRMGSLASGRDSAIRYYNEQFF	TRBV30	TRBJ2-1	01/0817	NA	2209
CASSPLATNEKLFF	TRBV4-1	TRBJ1-4	01/0817	NA	2950
CSAREPTSGGPEMYF	TRBV20-1	TRBJ2-5	01/0817	NA	2913
CASSLLGGAQETQYF	TRBV4-1	TRBJ2-5	01/0817	NA	2681
CAYGEGTGSSYEQYF	TRBV6-1	TRBJ2-7	01/0817	NA	2460
CASSQPSGIPYF	TRBV4-1	TRBJ2-3	01/0817	NA	3241
CASSLYNYGYTF	TRBV7-2	TRBJ1-2	01/0817	NA	4044
CASKTGGTGELFF	TRBV12-3	TRBJ2-2	01/0817	NA	2828
CASSTTSGVSYEQYF	TRBV6-2	TRBJ2-7	01/0817	NA	2585
CASSHPGGARPPNEQFF	TRBV4-1	TRBJ2-1	01/0817	NA	2711
CASSLGGRVETQYF	TRBV11-2	TRBJ2-5	01/0817	NA	2985
CSASRPLGIDTQYF	TRBV20-1	TRBJ2-3	01/0817	NA	3229
CASSWTQAGNTIYF	TRBV12-3	TRBJ1-3	01/0817	NA	3373
CSVVVRANTGELFF	TRBV29-1	TRBJ2-2	01/0817	NA	2357
CASRGSRWDFVNEQFF	TRBV6-1	TRBJ2-1	01/0817	NA	3476
CASRLEGTDTQYF	TRBV6-1	TRBJ2-3	01/0817	NA	3275
CASSQPRQGSYNEQFF	TRBV4-1	TRBJ2-1	01/0817	NA	2715
CASRSPGTGNTEAFF	TRBV4-1	TRBJ1-1	01/0817	NA	2555
CASSQDAAGQGLCTF	TRBV4-1	TRBJ1-2	01/0817	NA	2495
CASSPVVGYGYTF	TRBV7-6	TRBJ1-2	01/0817	NA	2817
CSAREGVGSRYEQYF	TRBV20-1	TRBJ2-7	01/0817	NA	2966
CASSYSAGAYEQYF	TRBV6-6	TRBJ2-7	01/0817	NA	3461
CASSLGDSRSYEQYF	TRBV5-1	TRBJ2-7	01/0817	NA	2985
CASSQYVDNEQFF	TRBV4-2	TRBJ2-1	01/0960	NA	1906
CASSPHRRVSGANVLTF	TRBV12-3	TRBJ2-6	01/0960	NA	2681
CASSQGGGRRGIQYF	TRBV4-1	TRBJ2-4	01/0960	NA	2381
CSVSTGLYQPQHF	TRBV29-1	TRBJ1-5	01/0960	NA	2236
CASSPDLDTQYF	TRBV3-1	TRBJ2-3	01/0960	NA	2457
CASSLRRVYRERSSEAFF	TRBV11-2	TRBJ1-1	01/0960	NA	2290
CASSYLDPLGEAFF	TRBV6-6	TRBJ1-1	01/0960	NA	1985
CASSRFSRAQETQYF	TRBV4-2	TRBJ2-5	01/0960	NA	1967
CATSDNLAGGGNEQFF	TRBV24-1	TRBJ2-1	01/0960	NA	2437
CASSLTDNEQFF	TRBV11-2	TRBJ2-1	01/0960	NA	1922
CASSYLLGRGRREKLFF	TRBV6-6	TRBJ1-4	01/0960	NA	2028
CSATPTGLVQPQHF	TRBV20-1	TRBJ1-5	01/0960	NA	2290
CSAPRDSNTEAFF	TRBV20-1	TRBJ1-1	01/0960	NA	2348
CASSATVHEQFF	TRBV7-3	TRBJ2-1	01/0960	NA	3261
CASSLGLIAKAEANEKLFF	TRBV11-2	TRBJ1-4	01/0960	NA	2633
CASSPDLDTQYF	TRBV3-1	TRBJ2-3	01/0960	NA	2684
CSARDKGFYEQYF	TRBV20-1	TRBJ2-7	01/0960	NA	2440
CSARDKGFYEQYF	TRBV20-1	TRBJ2-7	01/0960	NA	2284
CASSGTVTYEQYF	TRBV25-1	TRBJ2-7	01/0960	NA	2846
CASSLALRGRNHNEQFF	TRBV7-6	TRBJ2-1	01/0960	NA	3255
CASSARTGSNTIYF	TRBV5-1	TRBJ1-3	01/0960	NA	2773
CASSQRQGDGYTF	TRBV7-9	TRBJ1-2	01/0960	NA	3225
CASSLLGGTSEQFF	TRBV11-1	TRBJ2-1	01/0960	NA	3121
CASSLVSGGSRTYEQYF	TRBV7-6	TRBJ2-7	01/0960	NA	3013
CASSLYGLMGFSSTDTQYF	TRBV11-2	TRBJ2-3	01/0960	NA	2798
CASSLAGTGGAQPQHF	TRBV7-9	TRBJ1-5	01/0960	NA	2049
CASSALILTGRGETQYF	TRBV6-5	TRBJ2-5	01/0960	NA	2557
CSAQPGLAGGYNEQFF	TRBV20-1	TRBJ2-1	01/0960	NA	2525
CASSLSGGEGYTF	TRBV27	TRBJ1-2	01/0960	NA	2734
CASSTATAGGMETQYF	TRBV5-1	TRBJ2-5	01/0960	NA	2654
CASNSGGAFEAFF	TRBV6-6	TRBJ1-1	01/0960	NA	3167
CASSSGTGSYNEQFF	TRBV3-1	TRBJ2-1	01/0960	NA	706
CASNEAGDWDTQYF	TRBV5-1	TRBJ2-3	01/0960	NA	2521
CASGDRSKNIQYF	TRBV3-1	TRBJ2-4	01/0960	NA	685
CAISEKGQAYEQYF	TRBV10-3	TRBJ2-7	01/0960	NA	136
CSARAPQRSEAFF	TRBV20-1	TRBJ1-1	01/0960	NA	3196
CASTDDRATYNEQFF	TRBV19	TRBJ2-1	01/0960	NA	3375
CASSLAGGVLYGYTF	TRBV12-3	TRBJ1-2	01/0960	NA	3777
CSAYSTGDALGELFF	TRBV20-1	TRBJ2-2	01/0960	NA	2584
CSGQNNEQFF	TRBV29-1	TRBJ2-1	01/0960	NA	3292
CASSTRRGGTEAFF	TRBV12-3	TRBJ1-1	01/0960	NA	3765
CSAESGSRGYGYTF	TRBV20-1	TRBJ1-2	01/0960	NA	3135
CASSFSEVNEQFF	TRBV12-3	TRBJ2-1	01/0960	NA	3350
CAISEKGQAYEQYF	TRBV10-3	TRBJ2-7	01/0960	NA	2426
CASSLGFGDPYNEQFF	TRBV11-3	TRBJ2-1	01/0960	NA	180
CASSQFKRLAAGELFF	TRBV4-1	TRBJ2-2	01/0960	NA	2664
CASSNLRQGVGYEQYF	TRBV11-2	TRBJ2-7	01/0960	NA	3099
CASSSDGRWGPNTEAFF	TRBV5-6	TRBJ1-1	01/0960	NA	3055
CSVLLKGGNQPQHF	TRBV20-1	TRBJ1-5	01/0960	NA	3116
CASTRKARTEAFF	TRBV12-3	TRBJ1-1	01/0960	NA	3674
CASSGTVTYEQYF	TRBV25-1	TRBJ2-7	01/0960	NA	3075
CASGLVLGAQTEAFF	TRBV12-5	TRBJ1-1	01/0960	NA	2693
CASSLDRTGDGGYTF	TRBV5-1	TRBJ1-2	01/0960	NA	2990
CSARDKGFYEQYF	TRBV20-1	TRBJ2-7	01/0960	NA	2878
CASSLRQALNEKLFF	TRBV7-6	TRBJ1-4	01/0960	NA	2626
CSAKPRYATNEKLFF	TRBV20-1	TRBJ1-4	01/0960	NA	3305
CASSPGTDTQYF	TRBV7-2	TRBJ2-3	01/0960	NA	3423
CASSLVSGGSRTYEQYF	TRBV7-6	TRBJ2-7	01/0960	NA	2859
CASSPTGELFF	TRBV6-6	TRBJ2-2	01/0960	NA	3334
CASSYSWGTGANVLTF	TRBV6-5	TRBJ2-6	01/0960	NA	2153
CSGAFRDRGFTDTQYF	TRBV29-1	TRBJ2-3	01/0960	NA	2457
CASGLVRYEQYF	TRBV12-5	TRBJ2-7	01/0960	NA	3261
CASGRGLAGNEQFF	TRBV6-2	TRBJ2-1	01/0960	NA	2813
CASSFVDSSYEQYF	TRBV11-2	TRBJ2-7	01/0960	NA	3381
CASSRSGTQPQHF	TRBV27	TRBJ1-5	01/0960	NA	2546
CSARPSGSIYEQYF	TRBV20-1	TRBJ2-7	01/0960	NA	2851
CSALKSGGQETQYF	TRBV20-1	TRBJ2-5	01/0960	NA	2822
CASSPPSGTYTEAFF	TRBV18	TRBJ1-1	01/0960	NA	2702
CSGQNNEQFF	TRBV29-1	TRBJ2-1	01/0960	NA	3084
CASSLGGQGWEPQHF	TRBV7-2	TRBJ1-5	01/0960	NA	2908
CASQAWDRGAEATEF	TRBV19	TRBJ1-4	01/0960	NA	3153
CASSQLLSSWGNEQFF	TRBV14	TRBJ2-1	01/0960	NA	2707
CASSLGTSGSWGDTQYF	TRBV5-1	TRBJ2-3	01/0960	NA	173
CASSLFLHRGVYEQYF	TRBV7-9	TRBJ2-7	01/0960	NA	2903
CASSLTRNTEAFF	TRBV7-3	TRBJ1-1	01/0960	NA	2866
CSVSTGLYQPQHF	TRBV29-1	TRBJ1-5	01/0960	NA	2729
CSVRAERAFF	TRBV29-1	TRBJ1-1	01/0960	NA	2583
CASGLVRGEAFF	TRBV12-5	TRBJ1-1	01/0960	NA	2579
CSAQVPGLKNIQYF	TRBV20-1	TRBJ2-4	01/0960	NA	2531
CASLSLGTELTNYGYTF	TRBV12-3	TRBJ1-2	01/0960	NA	2988
CASSHLSQGASGYTF	TRBV4-1	TRBJ1-2	01/0960	NA	2644
CASSARTGSNTIYF	TRBV5-1	TRBJ1-3	01/0960	NA	2894
CASSYSRMYTEAFF	TRBV6-5	TRBJ1-1	01/0960	NA	2808
CASRLGLSGELFF	TRBV6-5	TRBJ2-2	01/0960	NA	2194
CASSLLTGADTQYF	TRBV7-2	TRBJ2-3	01/0960	NA	3121
CASGWDKASANNEQFF	TRBV12-5	TRBJ2-1	01/0960	NA	2416
CASSQDRARESGYTF	TRBV4-3	TRBJ1-2	01/0960	NA	2588
CASSKTSDYEQFF	TRBV3-1	TRBJ2-1	01/0960	NA	2544
CSARDPLRGGYTF	TRBV20-1	TRBJ1-2	01/0960	NA	2794
CASSLHGGQNNSPLHF	TRBV7-2	TRBJ1-6	01/0960	NA	2686
CSARGVGLAGGSTYNEQFF	TRBV20-1	TRBJ2-1	01/0960	NA	125
CATSRARSSLNEQFF	TRBV15	TRBJ2-1	01/0960	NA	3183
CASSLVEGPYEQYF	TRBV7-2	TRBJ2-7	01/0960	NA	3125
CASSIGAANSGNTIYF	TRBV19	TRBJ1-3	01/0960	NA	1953
CASSQNSPLHF	TRBV7-2	TRBJ1-6	01/0960	NA	3023
CAISLGVAGGGTDTQYF	TRBV10-3	TRBJ2-3	01/0960	NA	2641
CASKRPRTGGLEKLFF	TRBV2	TRBJ1-4	01/0960	NA	2744
CSANTPAAGDNEQFF	TRBV20-1	TRBJ2-1	01/0960	NA	2034
CASSLNSPLHF	TRBV7-2	TRBJ1-6	01/0960	NA	2926
CASSFTDSSGANVLTF	TRBV11-1	TRBJ2-6	01/0960	NA	3438
CASSLLGQGKIGYTF	TRBV5-1	TRBJ1-2	01/0960	NA	2868
CASSLNSPLHF	TRBV7-2	TRBJ1-6	01/0960	NA	2492
CASSLSGIPNADGYTF	TRBV12-3	TRBJ1-2	01/0960	NA	3900
CASSYLGSGVWQFF	TRBV6-2	TRBJ2-1	01/0960	NA	2542
CASSLSPGSGNTIYF	TRBV7-3	TRBJ1-3	01/0960	NA	1991
CSVERGLGREQFF	TRBV29-1	TRBJ2-1	01/0960	NA	944
CASRPGTGGRHNYGYTF	TRBV19	TRBJ1-2	01/0960	NA	2867
CASSEGGGRYNEQFF	TRBV2	TRBJ2-1	01/0960	NA	3259
CASRRTGANYGYTF	TRBV19	TRBJ1-2	01/0960	NA	2700
CASSPDLDTQYF	TRBV3-1	TRBJ2-3	01/0960	NA	2532
CASFWRESYNEQFF	TRBV6-2	TRBJ2-1	01/0960	NA	2018
CSARTGEGYTF	TRBV20-1	TRBJ1-2	01/0960	NA	3288
CSAPKDRINNEQFF	TRBV20-1	TRBJ2-1	01/0960	NA	2675
CASSLDRTGDGGYTF	TRBV5-1	TRBJ1-2	01/0960	NA	2558
CASSLGTGGNAGELFF	TRBV5-1	TRBJ2-2	01/0960	NA	317
CASRPDVPNTGELFF	TRBV6-6	TRBJ2-2	01/0960	NA	2279
CSAVLAGGRSYNEQFF	TRBV20-1	TRBJ2-1	01/0960	NA	2277
CASSLPLGTGQTGYEQYF	TRBV12-3	TRBJ2-7	01/0960	NA	2534
CASSPLTVDEQFF	TRBV18	TRBJ2-1	01/0960	NA	2790
CSAPKDRINNEQFF	TRBV20-1	TRBJ2-1	01/0960	NA	2877
CAIRGGFNYGYTF	TRBV11-2	TRBJ1-2	01/0960	NA	3203
CASSLVSGGSRTYEQYF	TRBV7-6	TRBJ2-7	01/0960	NA	2422
CASSSQPGLLRGRSSTDTQYF	TRBV7-2	TRBJ2-3	01/0960	NA	2430
CASSLRARNEKLFF	TRBV7-6	TRBJ1-4	01/0960	NA	2629
CASSSLFSGRSGTGELFF	TRBV6-5	TRBJ2-2	01/0960	NA	2268
CASTQISGANVLTF	TRBV12-3	TRBJ2-6	01/0960	NA	3215
CASSARTGGYNSPLHF	TRBV2	TRBJ1-6	01/0960	NA	2892
CASSMLGDTQYF	TRBV27	TRBJ2-3	01/0960	NA	2648
CASNYLGQGTGELFF	TRBV5-1	TRBJ2-2	01/0960	NA	845
CASSEGPNQPQHF	TRBV7-2	TRBJ1-5	01/0960	NA	2888
CATSDNLAGGGNEQFF	TRBV24-1	TRBJ2-1	01/0960	NA	2486
CASSFELSSTDTQYF	TRBV11-3	TRBJ2-3	01/0960	NA	2718
CSALKSGGQETQYF	TRBV20-1	TRBJ2-5	01/0960	NA	2430
CAIMSGGANTGELFF	TRBV10-3	TRBJ2-2	01/0960	NA	2326
CASRRTDYGYTF	TRBV19	TRBJ1-2	01/0960	NA	2753
CASSQGLAGGVETQYF	TRBV5-1	TRBJ2-5	01/0960	NA	277
CASSYRDMIYEQYF	TRBV7-2	TRBJ2-7	01/0960	NA	3324
CASSLSWGNTDTQYF	TRBV5-1	TRBJ2-3	01/0960	NA	1974
CAIKAAILTDTQYF	TRBV10-3	TRBJ2-3	01/0960	NA	2380
CASSAPGQRTVNIQYF	TRBV7-3	TRBJ2-4	01/0960	NA	2055
CASSLVGGAYGNTIYF	TRBV5-1	TRBJ1-3	01/0960	NA	1781
CASSNDRGLGGYTF	TRBV5-1	TRBJ1-2	01/0960	NA	1946
CASSQGLAGGVETQYF	TRBV5-1	TRBJ2-5	01/0960	NA	341
CASSLGTSGSWGDTQYF	TRBV5-1	TRBJ2-3	01/0960	NA	317
CASSFELSSTDTQYF	TRBV11-3	TRBJ2-3	01/0960	NA	3096
CASSPAGAGNQPQHF	TRBV28	TRBJ1-5	01/0960	NA	2959
CASSLVFWEQYF	TRBV7-2	TRBJ2-7	01/0960	NA	3359
CSALKSGGQETQYF	TRBV20-1	TRBJ2-5	01/0960	NA	2031
CSAESREAGMNTEAFF	TRBV20-1	TRBJ1-1	01/0960	NA	2401
CASSTFGLAYNEQFF	TRBV19	TRBJ2-1	01/0960	NA	2647
CASSELGGNTIYF	TRBV25-1	TRBJ1-3	01/0960	NA	2661
CASSLTSGSHEQFF	TRBV7-3	TRBJ2-1	01/0960	NA	1799
CASSLVTSGTYEQYF	TRBV27	TRBJ2-7	01/0960	NA	2523
CASSQVGLAGGPGGTDTQYF	TRBV4-1	TRBJ2-3	01/0960	NA	2118
CSAIDPGQGYGYTF	TRBV20-1	TRBJ1-2	01/0960	NA	2497
CAISESVFSNQPQHF	TRBV10-3	TRBJ1-5	01/0960	NA	2299
CASSLGDSPLHF	TRBV5-1	TRBJ1-6	01/0960	NA	3151
CSAQPGLAGGYNEQFF	TRBV20-1	TRBJ2-1	01/0960	NA	2662
CASIRVISGENEAFF	TRBV6-6	TRBJ1-1	01/0960	NA	1828
CASSLDRGRNNEQFF	TRBV7-2	TRBJ2-1	01/0960	NA	2298
CSARTGEGYTF	TRBV20-1	TRBJ1-2	01/0960	NA	2666
CSALKSGGQETQYF	TRBV20-1	TRBJ2-5	01/0960	NA	1995
CASSRGQGAGDTQYF	TRBV6-5	TRBJ2-3	01/0960	NA	2098
CASSWDREREQYF	TRBV7-2	TRBJ2-7	01/0960	NA	2909
CASSPAGSLNEQFF	TRBV6-2	TRBJ2-1	01/0960	NA	2139
CASSLGLFSTDTQYF	TRBV27	TRBJ2-3	01/0960	NA	2762
CASPPDSIWRNTEAFF	TRBV12-3	TRBJ1-1	01/0960	NA	2337
CASSSRTQETQYF	TRBV11-3	TRBJ2-5	01/0960	NA	2589
CSARTGEGYTF	TRBV20-1	TRBJ1-2	01/0960	NA	3042
CASSYLDPLGEAFF	TRBV6-6	TRBJ1-1	01/0960	NA	2185
CSARTGEGYTF	TRBV20-1	TRBJ1-2	01/0960	NA	2507
CASSRLAGLSYNEQFF	TRBV4-1	TRBJ2-1	01/0960	NA	1809
CASSLQETQYF	TRBV12-3	TRBJ2-5	01/0960	NA	2550
CSARPPLGGPYNEQFF	TRBV20-1	TRBJ2-1	01/0873	NA	791
CSVDRDGDGEAFF	TRBV29-1	TRBJ1-1	01/0873	NA	980
CAWSEGSNTGELFF	TRBV30	TRBJ2-2	01/0873	NA	1060
CSVDRAETQYF	TRBV29-1	TRBJ2-5	01/0873	NA	1039
CASSFDTSYGYTF	TRBV7-2	TRBJ1-2	01/0873	NA	1130
CASSQGDVAGGGETQYF	TRBV4-2	TRBJ2-5	01/0873	NA	745
CSARSRTGKRLETQYF	TRBV20-1	TRBJ2-5	01/0873	NA	778
CASSFGTESNQPQHF	TRBV7-2	TRBJ1-5	01/0873	NA	1227
CATSPEPIVTEAFF	TRBV15	TRBJ1-1	01/0873	NA	898
CASSPDNNQPQHF	TRBV18	TRBJ1-5	01/0873	NA	914
CSVGTSFTGELFF	TRBV29-1	TRBJ2-2	01/0873	NA	985
CASSLTNAMNTEAFF	TRBV3-1	TRBJ1-1	01/0873	NA	814
CASSSPGARYGYTF	TRBV19	TRBJ1-2	01/0873	NA	735
CASTPTGDTEAFF	TRBV12-3	TRBJ1-1	01/0873	NA	1266
CASSLAVAGLFDEAFF	TRBV12-3	TRBJ1-1	01/0873	NA	977
CSAPRVGGALDEQFF	TRBV20-1	TRBJ2-1	01/0873	NA	865
CASSKGEGAGETQYF	TRBV11-3	TRBJ2-5	01/0873	NA	1078
CASSKGEGAGETQYF	TRBV11-3	TRBJ2-5	01/0873	NA	1235
CASRGDKVGKRAFF	TRBV2	TRBJ1-1	01/0873	NA	1083
CASGQGAFF	TRBV19	TRBJ1-1	01/0873	NA	1304
CASSTPGTQGIITGELFF	TRBV11-2	TRBJ2-2	01/0873	NA	1168
CASSQFIGDTDQSDTQYF	TRBV4-3	TRBJ2-3	01/0873	NA	804
CASSLSGRGIETQYF	TRBV5-6	TRBJ2-5	01/0873	NA	1277
CASIGGGTDTQYF	TRBV6-6	TRBJ2-3	01/0873	NA	936
CSAVHHTEAFF	TRBV20-1	TRBJ1-1	01/0873	NA	1152
CSASLRLRDQPQHF	TRBV20-1	TRBJ1-5	01/0873	NA	1313
CASSQEPPTGFSNYGYTF	TRBV14	TRBJ1-2	01/0873	NA	1125
CASSMDRGNYGYTF	TRBV19	TRBJ1-2	01/0873	NA	1054
CASSSPGARYGYTF	TRBV19	TRBJ1-2	01/0873	NA	533
CSARRRIGRGNQPQHF	TRBV20-1	TRBJ1-5	01/0873	NA	1084
CASSLGAGGWETQYF	TRBV7-2	TRBJ2-5	01/0873	NA	1114
CASSDHNSPLHF	TRBV6-1	TRBJ1-6	01/0873	NA	318
CSGRGLAGGIEQFF	TRBV29-1	TRBJ2-1	01/0873	NA	950
CASSFYQGPSGANVLTF	TRBV7-3	TRBJ2-6	01/0873	NA	697
CASSYAGGGTEAFF	TRBV3-1	TRBJ1-1	01/0873	NA	812
CSVEGAGQGVSF	TRBV29-1	TRBJ1-1	01/0873	NA	1401
CASSSTDTQYF	TRBV12-3	TRBJ2-3	01/0873	NA	1163
CASSPSNTNEKLFF	TRBV4-3	TRBJ1-4	01/0873	NA	1121
CASSFRSRGYEQYF	TRBV5-6	TRBJ2-7	01/0873	NA	1254
CASSSRVAGGETQYF	TRBV7-2	TRBJ2-5	01/0873	NA	1232
CSAIIGLFKETQYF	TRBV20-1	TRBJ2-5	01/0873	NA	1131
CSASAVSGLAETQYF	TRBV20-1	TRBJ2-5	01/0873	NA	915
CASSSGTESNQPQHF	TRBV7-2	TRBJ1-5	01/0873	NA	1185
CASSQRQGTNYGYTF	TRBV3-1	TRBJ1-2	01/0873	NA	875
CASGEGTEAFF	TRBV6-1	TRBJ1-1	01/0873	NA	1145
CASSSTDTQYF	TRBV12-3	TRBJ2-3	01/0873	NA	1314
CASSLVGTGPTGELFF	TRBV7-6	TRBJ2-2	01/0873	NA	973
CASSYGGGLDYGYTF	TRBV5-6	TRBJ1-2	01/0873	NA	1010
CASRPGQSEGHGYTF	TRBV19	TRBJ1-2	01/0873	NA	985
CASSFGVGDQPQHF	TRBV5-6	TRBJ1-5	01/0873	NA	1159
CASSLGTESNQPQHF	TRBV7-2	TRBJ1-5	01/0873	NA	1051
CSDRLPAADTQYF	TRBV20-1	TRBJ2-3	01/0873	NA	1116
CASRSQGVGGYTF	TRBV19	TRBJ1-2	01/0873	NA	1164
CSDRLPAADTQYF	TRBV20-1	TRBJ2-3	01/0873	NA	900
CASSPRTGTGNTIYF	TRBV5-1	TRBJ1-3	01/0873	NA	1140
CASSGQGGGEQFF	TRBV2	TRBJ2-1	01/0873	NA	1357
CASSAQGLSGANVLTF	TRBV3-1	TRBJ2-6	01/0873	NA	1057
CSDRLPAADTQYF	TRBV20-1	TRBJ2-3	01/0873	NA	936
CASSQRQGTNYGYTF	TRBV3-1	TRBJ1-2	01/0873	NA	698
CASSEVGFTYEQYF	TRBV6-1	TRBJ2-7	01/0873	NA	726
CASSQDPGRGPARGNSPLHF	TRBV4-2	TRBJ1-6	01/0873	NA	886
CASSTTSGGARDTQYF	TRBV7-8	TRBJ2-3	01/0873	NA	981
CASSLRTRETQYF	TRBV5-6	TRBJ2-5	01/0873	NA	1123
CSARPPLGGPYNEQFF	TRBV20-1	TRBJ2-1	01/0873	NA	645
CASSFRSRGYEQYF	TRBV5-6	TRBJ2-7	01/0873	NA	1309
CASSIYRGTQVNTEAFF	TRBV19	TRBJ1-1	01/0873	NA	1080
CASSYSDRGYEQYF	TRBV6-6	TRBJ2-7	01/0873	NA	845
CSARDRPAGGGPQYF	TRBV20-1	TRBJ2-5	01/0873	NA	503
CSASPLAGGLDEQYF	TRBV20-1	TRBJ2-7	01/0873	NA	986
CASSFGQGGTEAFF	TRBV5-6	TRBJ1-1	01/0873	NA	1017
CSARPPLGGPYNEQFF	TRBV20-1	TRBJ2-1	01/0873	NA	1030
CASRREVGAGNTIYF	TRBV7-3	TRBJ1-3	01/0873	NA	273
CASSPRQLALAVEKLFF	TRBV27	TRBJ1-4	01/0873	NA	1035
CSASQTGGAQPQHF	TRBV20-1	TRBJ1-5	01/0873	NA	1019
CASSLETGVGDYTF	TRBV5-1	TRBJ1-2	02/0152	NA	848
CASSDEVNSPLHF	TRBV9	TRBJ1-6	02/0152	NA	1259
CSGAFRDRGFTDTQYF	TRBV29-1	TRBJ2-3	02/0152	NA	159
CATSDPLEGGETQYF	TRBV24-1	TRBJ2-5	02/0152	NA	826
CASTKPGQNYGYTF	TRBV27	TRBJ1-2	02/0152	NA	1059
CASSLFEDQPQHF	TRBV5-1	TRBJ1-5	02/0152	NA	1055
CASRLGLSGELFF	TRBV6-5	TRBJ2-2	02/0152	NA	95
CSAAGQVYTGELFF	TRBV20-1	TRBJ2-2	02/0152	NA	1148
CASSVALASGANVLTF	TRBV9	TRBJ2-6	02/0152	NA	1213
CATSRDGRNTGELFF	TRBV15	TRBJ2-2	02/0152	NA	1029
CASSFLGGQPNEKLFF	TRBV5-6	TRBJ1-4	02/0152	NA	1058
CATRTQPNSPLHF	TRBV12-3	TRBJ1-6	02/0152	NA	1040
CASSLPSGEQYF	TRBV3-1	TRBJ2-7	02/0152	NA	782
CSAQGGGQTQYF	TRBV20-1	TRBJ2-5	02/0152	NA	1004
CASRPGPPLLNSPLHF	TRBV12-3	TRBJ1-6	02/0152	NA	1140
CASSQAEVEAFF	TRBV3-1	TRBJ1-1	02/0152	NA	813
CASSFRGGAEAFF	TRBV27	TRBJ1-1	02/0152	NA	1067
CASSLGRLAGDRVTQYF	TRBV27	TRBJ2-5	02/0152	NA	1178
CSLQGQGRETQYF	TRBV20-1	TRBJ2-5	02/0152	NA	1307
CASSLIEQQPQHF	TRBV12-3	TRBJ1-5	02/0152	NA	1138
CASSPHLASPQRGEQFF	TRBV7-9	TRBJ2-1	02/0152	NA	887
CSVLEHDTQYF	TRBV20-1	TRBJ2-3	02/0152	NA	978
CASSPVGQGSNIQYF	TRBV6-2	TRBJ2-4	02/0152	NA	754
CASSFEGNYGYTF	TRBV27	TRBJ1-2	02/0152	NA	1088
CASTKPGQNYGYTF	TRBV27	TRBJ1-2	02/0152	NA	1141
CASRRKGDSPLHF	TRBV27	TRBJ1-6	02/0152	NA	1126
CASSYESGTGDEKLFF	TRBV6-5	TRBJ1-4	02/0152	NA	913
CATSRDRGQNLVTDTQYF	TRBV15	TRBJ2-3	02/0152	NA	692
CASSPELADTQYF	TRBV11-3	TRBJ2-3	02/0152	NA	1053
CASSFKAGQPNEKLFF	TRBV5-6	TRBJ1-4	02/0152	NA	1442
CATSDPTGFTDTQYF	TRBV24-1	TRBJ2-3	02/0152	NA	1117
CASSPGQGVHSPLHF	TRBV5-6	TRBJ1-6	02/0152	NA	1180
CSASAGSGNEQFF	TRBV20-1	TRBJ2-1	02/0152	NA	969
CASKETGVTGELFF	TRBV19	TRBJ2-2	02/0152	NA	845
CASWTGDNQPQHF	TRBV19	TRBJ1-5	02/0152	NA	1029
CASSLIEGGTEAFF	TRBV12-3	TRBJ1-1	02/0152	NA	279
CASSVALASGANVLTF	TRBV9	TRBJ2-6	02/0152	NA	1108
CASSLEGSGANVLTF	TRBV5-1	TRBJ2-6	02/0152	NA	977
CSAPPPALRNEQYF	TRBV20-1	TRBJ2-7	02/0152	NA	1016
CSARDLTGRSEAFF	TRBV20-1	TRBJ1-1	02/0152	NA	971
CASRLGLSGELFF	TRBV6-5	TRBJ2-2	02/0152	NA	67
CSAGGMGGERMNTEAFF	TRBV20-1	TRBJ1-1	03/0492	NA	820
CASRGVGGYTF	TRBV11-2	TRBJ1-2	03/0492	NA	1144
CASSALAAAYEQYF	TRBV2	TRBJ2-7	03/0492	NA	1169
CASSQRQGSDTQYF	TRBV12-3	TRBJ2-3	03/0492	NA	1247
CASSELGERGTQYF	TRBV6-1	TRBJ2-3	03/0492	NA	1090
CASSVALQGVHTQYF	TRBV9	TRBJ2-3	03/0492	NA	889
CASKLQGAVTEAFF	TRBV6-6	TRBJ1-1	03/0492	NA	758
CASVRDNEGYTF	TRBV19	TRBJ1-2	03/0492	NA	1126
CASSSRQGADTQYF	TRBV12-3	TRBJ2-3	03/0492	NA	1213
CASSDQNTEAFF	TRBV19	TRBJ1-1	03/0492	NA	1193
CSAIPPQRNEQYF	TRBV20-1	TRBJ2-7	03/0492	NA	1094
CSAPGQGQLNTEAFF	TRBV29-1	TRBJ1-1	03/0492	NA	1018
CSARAGGGEAKNIQYF	TRBV20-1	TRBJ2-4	03/0492	NA	933
CASSWGQRPYSYEQYF	TRBV7-2	TRBJ2-7	03/0492	NA	1064
CASSPSPGSGNTIYF	TRBV7-2	TRBJ1-3	03/0492	NA	898
CASSADRLSGNTIYF	TRBV6-5	TRBJ1-3	03/0492	NA	847
CASRGQGETQYF	TRBV2	TRBJ2-5	03/0492	NA	1108
CASSSSTVNTEAFF	TRBV11-2	TRBJ1-1	03/0492	NA	1226
CSARSSGGEAKNIQYF	TRBV20-1	TRBJ2-4	03/0492	NA	1145
CASSALAAAYEQYF	TRBV2	TRBJ2-7	03/0492	NA	1163
CASSSSTVNTEAFF	TRBV11-2	TRBJ1-1	03/0492	NA	1075
CASSGGGDTQYF	TRBV12-5	TRBJ2-3	03/0492	NA	423
CASRSTSFPSNYGYTF	TRBV6-2	TRBJ1-2	03/0492	NA	1073
CSVGGTGRGGYTF	TRBV29-1	TRBJ1-2	03/0492	NA	238
CASSQRQGSDTQYF	TRBV12-3	TRBJ2-3	03/0492	NA	1244
CSARSGGAEAKNIQYF	TRBV20-1	TRBJ2-4	03/0492	NA	992
CSARDYLRLAGYNEQFF	TRBV20-1	TRBJ2-1	03/0492	NA	697
CASSLSDRTHTEAFF	TRBV5-1	TRBJ1-1	03/0492	NA	979
CSVSISGANVLTF	TRBV29-1	TRBJ2-6	03/0492	NA	1004
CASSLLLGGEQYF	TRBV19	TRBJ2-7	03/0492	NA	1300
CASSPRANERGYTF	TRBV27	TRBJ1-2	03/0492	NA	1125
CASFPGTAREGYTF	TRBV2	TRBJ1-2	03/0492	NA	1240
CASSLRWQGAEIKDTQYF	TRBV5-1	TRBJ2-3	03/0492	NA	1011
CASSPSPGSGNTIYF	TRBV7-2	TRBJ1-3	03/0492	NA	1148
CASSELGERGTQYF	TRBV6-1	TRBJ2-3	03/0492	NA	880
CASSEDNRVANYGYTF	TRBV2	TRBJ1-2	03/0492	NA	1008
CSAKPSGGEFREQFF	TRBV20-1	TRBJ2-1	03/0492	NA	1146
CASSADRLSGNTIYF	TRBV6-5	TRBJ1-3	03/0492	NA	910
CSARVPGGGEAFF	TRBV20-1	TRBJ1-1	03/0492	NA	849
CSVVVRANTGELFF	TRBV29-1	TRBJ2-2	03/0492	NA	176
CASSMGVGQPQHF	TRBV19	TRBJ1-5	03/0492	NA	1247
CSATGTSGARTQYF	TRBV20-1	TRBJ2-5	03/0492	NA	1419
CASSLQGAFGDTQYF	TRBV5-1	TRBJ2-3	03/0492	NA	1126
CASSVALQGVHTQYF	TRBV9	TRBJ2-3	03/0492	NA	770
CASSHFNRDGFSGNTIYF	TRBV3-1	TRBJ1-3	03/0492	NA	388
CSARSGGAEAKNIQYF	TRBV20-1	TRBJ2-4	03/0492	NA	974
CASKEGSTDGYTF	TRBV19	TRBJ1-2	03/0492	NA	1202
CASSYSISSDTEAFF	TRBV6-6	TRBJ1-1	03/0492	NA	1179
CASSQRQGSDIQYF	TRBV12-3	TRBJ2-4	03/0492	NA	1230
CASSFDRVQPQHF	TRBV7-8	TRBJ1-5	03/0492	NA	1053
CASSLGEGPGETQYF	TRBV11-3	TRBJ2-5	03/0492	NA	1159
CSASTPLGGGNTF	TRBV20-1	TRBJ1-2	03/0492	NA	841
CASSDSGYVYTF	TRBV6-4	TRBJ1-2	03/0492	NA	1395
CASSASLMGYGYTF	TRBV9	TRBJ1-2	03/0492	NA	1404
CSARAGGGEAKNIQYF	TRBV20-1	TRBJ2-4	03/0492	NA	1081
CASSPRANERGYTF	TRBV27	TRBJ1-2	03/0492	NA	1156
CASRRGAPGNTIYF	TRBV12-3	TRBJ1-3	03/0492	NA	1063
CASSAWGSSYNEQFF	TRBV2	TRBJ2-1	03/0492	NA	1020
CASRGGTGSTQPQHF	TRBV12-3	TRBJ1-5	03/0492	NA	1074
CASSLVRDGGYTF	TRBV5-1	TRBJ1-2	03/0492	NA	1183
CSASPGQVPNTEAFF	TRBV20-1	TRBJ1-1	03/0492	NA	1140
CSVVVRANTGELFF	TRBV29-1	TRBJ2-2	03/0492	NA	123
CASSLGGGLDYGYTF	TRBV5-6	TRBJ1-2	03/0492	NA	1522
CSAIPPQRNEQYF	TRBV20-1	TRBJ2-7	03/0492	NA	1095
CSARGRGTADSGYTF	TRBV20-1	TRBJ1-2	03/0492	NA	1114
CSARKGFLNEKLFF	TRBV20-1	TRBJ1-4	03/0492	NA	327
CASSDSGYVYTF	TRBV6-4	TRBJ1-2	03/0492	NA	1196
CASNSYQETQYF	TRBV2	TRBJ2-5	03/0492	NA	54
CAGSTGDGGYTF	TRBV19	TRBJ1-2	03/0492	NA	1293
CASRGQGETQYF	TRBV2	TRBJ2-5	03/0492	NA	1334
CSAGGEAETQYF	TRBV20-1	TRBJ2-5	03/0492	NA	1162
CSAGGEAETQYF	TRBV20-1	TRBJ2-5	03/0492	NA	1166
CSAPRAGQTSYNEQFF	TRBV20-1	TRBJ2-1	03/0492	NA	799
CASSFLSLAGQSSYEQYF	TRBV11-2	TRBJ2-7	03/0492	NA	1142
CASFPGTAREGYTF	TRBV2	TRBJ1-2	03/0492	NA	1167
CASSLQGAFGDTQYF	TRBV5-1	TRBJ2-3	03/0492	NA	555
CAWSRQGGRQNYGYTF	TRBV30	TRBJ1-2	03/0492	NA	787
CASSGVSTGVNEKLFF	TRBV2	TRBJ1-4	03/0492	NA	854
CASSPRANERGYTF	TRBV27	TRBJ1-2	03/0492	NA	1106
CSARGATEKLFF	TRBV20-1	TRBJ1-4	03/0492	NA	987
CASSYSISTGPGNTIYF	TRBV6-6	TRBJ1-3	03/0492	NA	945
CASSPSAGNGQPQHF	TRBV18	TRBJ1-5	03/0492	NA	1182
CASSLGGGLDYGYTF	TRBV5-6	TRBJ1-2	03/0492	NA	1186
CSAGGEAETQYF	TRBV20-1	TRBJ2-5	03/0492	NA	832
CSAGDFRGGRVNEQFF	TRBV20-1	TRBJ2-1	03/0492	NA	2028
CASSSEETQYF	TRBV7-6	TRBJ2-5	03/0492	NA	2595
CSAGTGPWEQYF	TRBV20-1	TRBJ2-7	03/0492	NA	2525
CAGSTGDGGYTF	TRBV19	TRBJ1-2	03/0492	NA	2343
CSAFRLAGEGTDTQYF	TRBV20-1	TRBJ2-3	03/0492	NA	2121
CASSYGVSSGNTIYF	TRBV6-6	TRBJ1-3	03/0492	NA	289
CASSPWLSSYNEQFF	TRBV5-6	TRBJ2-1	03/0492	NA	2521
CSARAGGGEAKNIQYF	TRBV20-1	TRBJ2-4	03/0492	NA	2088
CASSRGAGRGQLDQPQHF	TRBV19	TRBJ1-5	03/0492	NA	2116
CSARDVGVSYNEQFF	TRBV20-1	TRBJ2-1	03/0492	NA	1027
CASVRDNEGYTF	TRBV19	TRBJ1-2	03/0492	NA	1422
CASSVSGGSYNEQFF	TRBV10-2	TRBJ2-1	03/0492	NA	1270
CASSVALATGEQYF	TRBV9	TRBJ2-7	03/0492	NA	1066
CASFPGTAREGYTF	TRBV2	TRBJ1-2	03/0492	NA	1124
CASSLGGGLDYGYTF	TRBV5-6	TRBJ1-2	03/0492	NA	1276
CASSPEETQYF	TRBV7-2	TRBJ2-5	03/0492	NA	159
CASSPSPGSGNTIYF	TRBV7-2	TRBJ1-3	03/0492	NA	1144
CASSTHREVGINTGELFF	TRBV6-6	TRBJ2-2	03/0492	NA	916
CASSWGQRPYSYEQYF	TRBV7-2	TRBJ2-7	03/0492	NA	1169
CASSLSSNNEQFF	TRBV7-3	TRBJ2-1	03/0492	NA	58
CASSTHREVGINTGELFF	TRBV6-6	TRBJ2-2	03/0492	NA	981
CSARPPGQGPAFF	TRBV20-1	TRBJ1-1	03/0492	NA	1184
CASSLGEGPGETQYF	TRBV11-3	TRBJ2-5	03/0492	NA	1051
CASSHRRTRGPQHF	TRBV3-1	TRBJ1-5	03/0492	NA	967
CSASTPLGGGNTF	TRBV20-1	TRBJ1-2	03/0492	NA	1031
CSAIPPQRNEQYF	TRBV20-1	TRBJ2-7	03/0492	NA	1023
CASSFLLAGGNEQFF	TRBV5-6	TRBJ2-1	03/0492	NA	1167
CAWSVGTSSPFF	TRBV30	TRBJ2-1	03/0492	NA	366
CSARRTGPNEQFF	TRBV20-1	TRBJ2-1	09/0328	NA	1068
CSARRTGPNEQFF	TRBV20-1	TRBJ2-1	09/0328	NA	1081
CASSQARGGSDTQYF	TRBV4-3	TRBJ2-3	09/0328	NA	929
CSARILGINEQFF	TRBV20-1	TRBJ2-1	09/0328	NA	1520
CASRLGLSGELFF	TRBV6-5	TRBJ2-2	09/0328	NA	146
CASSPPGMGGHSYEQYF	TRBV4-1	TRBJ2-7	09/0328	NA	858
CASSPGTAIQYF	TRBV16	TRBJ2-4	09/0328	NA	74
CASRTGGALSYGYTF	TRBV6-5	TRBJ1-2	09/0328	NA	1118
CSARAGPTGELFF	TRBV20-1	TRBJ2-2	09/0328	NA	1230
CASADTQSSYNSPLHF	TRBV7-2	TRBJ1-6	09/0328	NA	1061
CASIFYYEQYF	TRBV2	TRBJ2-7	09/0328	NA	1156
CSARAPGGAGSNQPQHF	TRBV20-1	TRBJ1-5	09/0328	NA	971
CSARRTGENIQYF	TRBV20-1	TRBJ2-4	09/0328	NA	1259
CSARRTGPNEQFF	TRBV20-1	TRBJ2-1	09/0328	NA	1220
CATSDQARVNEQFF	TRBV24-1	TRBJ2-1	09/0328	NA	861
CSARRTGPNEQFF	TRBV20-1	TRBJ2-1	09/0328	NA	1106
CASSSRDGRYNEQFF	TRBV12-3	TRBJ2-1	09/0328	NA	1638
CSASPGHLETQYF	TRBV20-1	TRBJ2-5	09/0328	NA	1546
CASSLGGLNWYF	TRBV5-6	TRBJ2-7	09/0328	NA	624
CSARVVGVNEQFF	TRBV20-1	TRBJ2-1	09/0328	NA	1326
CSASGTGNTEAFF	TRBV20-1	TRBJ1-1	09/0328	NA	1012
CASSVRSGGTDTQYF	TRBV9	TRBJ2-3	09/0328	NA	1380
CASSRTGGGVHEQYF	TRBV12-3	TRBJ2-7	09/0328	NA	668
CATHAYNEQFF	TRBV2	TRBJ2-1	09/0328	NA	1418
CSARRTGPNEQFF	TRBV20-1	TRBJ2-1	09/0328	NA	1172
CASSANGGAGNTIYF	TRBV6-5	TRBJ1-3	09/0328	NA	889
CSARRTGPNEQFF	TRBV20-1	TRBJ2-1	09/0328	NA	1181
CSARRTGPNEQFF	TRBV20-1	TRBJ2-1	09/0328	NA	1241
CSARVVGVNEQFF	TRBV20-1	TRBJ2-1	09/0328	NA	1215
CSARVVGVNEQFF	TRBV20-1	TRBJ2-1	09/0328	NA	959
CASSLAGSSGNTIYF	TRBV5-1	TRBJ1-3	09/0328	NA	75
CASSPLQVTNTGELFF	TRBV7-2	TRBJ2-2	09/0328	NA	1123
CASRLGLSGELFF	TRBV6-5	TRBJ2-2	09/0328	NA	53
CASSSTPGGGGLEQYF	TRBV7-3	TRBJ2-7	09/0328	NA	799
CSARISGFDEQYF	TRBV20-1	TRBJ2-7	09/0328	NA	1168
CASSSGQGHYNEQFF	TRBV6-6	TRBJ2-1	09/0328	NA	1108
CSASPGHLETQYF	TRBV20-1	TRBJ2-5	09/0328	NA	1270
CASGQGQARAKNIQYF	TRBV12-5	TRBJ2-4	09/0328	NA	1190
CASSFVFTGARETQYF	TRBV12-3	TRBJ2-5	09/0328	NA	1142
CSARVLGVNEQFF	TRBV20-1	TRBJ2-1	09/0328	NA	1290
CSARPPQGAEAFF	TRBV20-1	TRBJ1-1	09/0328	NA	1206
CSARRTGPNEQFF	TRBV20-1	TRBJ2-1	09/0328	NA	1279
CASSFVFTGARETQYF	TRBV12-3	TRBJ2-5	09/0328	NA	1205
CASGRTAVQPQHF	TRBV12-3	TRBJ1-5	09/0328	NA	1175
CSASPGHLETQYF	TRBV20-1	TRBJ2-5	09/0328	NA	1186
CATSDQARVNEQFF	TRBV24-1	TRBJ2-1	09/0328	NA	1192
CASKRRGGVTDTQYF	TRBV6-1	TRBJ2-3	09/0328	NA	971
CSASDRGPSGNTIYF	TRBV20-1	TRBJ1-3	09/0328	NA	998
CSARRTGPNEQFF	TRBV20-1	TRBJ2-1	09/0328	NA	1293
CSARRTGPNEQFF	TRBV20-1	TRBJ2-1	09/0328	NA	1054
CASSLGWDEQYF	TRBV12-3	TRBJ2-7	09/0328	NA	1485
CASSPAQGDGYTF	TRBV4-2	TRBJ1-2	09/0328	NA	1099
CASSRTGGGVHEQYF	TRBV12-3	TRBJ2-7	09/0328	NA	624
CASSPWDGEAFF	TRBV14	TRBJ1-1	09/0328	NA	1194
CASSWWGGTEAFF	TRBV6-5	TRBJ1-1	09/0328	NA	1020
CATHAYNEQFF	TRBV2	TRBJ2-1	09/0328	NA	929
CSARRTGPNEQFF	TRBV20-1	TRBJ2-1	09/0328	NA	778
CASSLNSNQPQHF	TRBV7-2	TRBJ1-5	09/0328	NA	1171
CASSGGGSPLHF	TRBV6-2	TRBJ1-6	09/0328	NA	1056
CASSFVFTGARETQYF	TRBV12-3	TRBJ2-5	09/0328	NA	1017
CSARRTGPNEQFF	TRBV20-1	TRBJ2-1	09/0328	NA	919
CASRLGLSGELFF	TRBV6-5	TRBJ2-2	09/0328	NA	76
CASSFVFTGARETQYF	TRBV12-3	TRBJ2-5	09/0328	NA	582
CASGRTAVQPQHF	TRBV12-3	TRBJ1-5	09/0328	NA	1157
CASSFALTGPRNEKLFF	TRBV11-2	TRBJ1-4	09/0328	NA	237
CASSSPPGGSYEQYF	TRBV6-5	TRBJ2-7	09/0328	NA	848
CASSLGTSGSWGDTQYF	TRBV5-1	TRBJ2-3	09/0328	NA	53
CASSLVRDGGYTF	TRBV5-1	TRBJ1-2	09/0328	NA	1016
CASSIPSTDTQYF	TRBV19	TRBJ2-3	09/0328	NA	997
CASNKREDNEQFF	TRBV19	TRBJ2-1	09/0328	NA	996
CASGGGVHRSGTQYF	TRBV12-3	TRBJ2-3	09/0328	NA	924
CASSQDRGSFNVLTF	TRBV4-2	TRBJ2-6	09/0328	NA	734
CASSIGGGLASYEQYF	TRBV19	TRBJ2-7	09/0328	NA	1024
CASSLVAGVNTGELFF	TRBV5-1	TRBJ2-2	09/0328	NA	767
CASSYVDAGSYEQYF	TRBV27	TRBJ2-7	09/0328	NA	1023
CASSFQRVAFF	TRBV19	TRBJ1-1	09/0328	NA	939
CASSYVDAGSYEQYF	TRBV27	TRBJ2-7	09/0328	NA	976
CASSGGGDTQYF	TRBV12-5	TRBJ2-3	09/0328	NA	374
CASSWDREGQPQHF	TRBV7-2	TRBJ1-5	09/0328	NA	924
CASSVALQGVHTQYF	TRBV9	TRBJ2-3	09/0328	NA	904
CASSRGDSANTEAFF	TRBV5-1	TRBJ1-1	09/0328	NA	885
CSARESLLANYGYTF	TRBV20-1	TRBJ1-2	09/0328	NA	878
CAWSFRGSHSPLHF	TRBV30	TRBJ1-6	09/0328	NA	954
CAWSTQGNEQFF	TRBV30	TRBJ2-1	09/0328	NA	1057
CASSVALLTGGQVF	TRBV9	TRBJ2-1	09/0328	NA	901
CASSLRWQGAEIKDTQYF	TRBV5-1	TRBJ2-3	09/0328	NA	1017
CASSVALFGEGYTF	TRBV9	TRBJ1-2	09/0328	NA	1029
CATSEGGTVSTYEQYF	TRBV24-1	TRBJ2-7	09/0328	NA	962
CSAIKPYEAFF	TRBV29-1	TRBJ1-1	09/0328	NA	1019
CASRVVGGEQYF	TRBV2	TRBJ2-7	09/0328	NA	1138
CAWSLMTGAQETQYF	TRBV30	TRBJ2-5	09/0328	NA	1027
CASSVALAGNTIYF	TRBV9	TRBJ1-3	09/0328	NA	1001
CASSRLPEPNYGYTF	TRBV4-1	TRBJ1-2	09/0328	NA	1059
CASSLAVGATEAFF	TRBV9	TRBJ1-1	09/0328	NA	1053
CASSVGQGHYNEQFF	TRBV10-2	TRBJ2-1	09/0328	NA	934
CASSLSPGSGNTIYF	TRBV7-2	TRBJ1-3	09/0328	NA	1097
CASSEVSWGGTQYF	TRBV6-4	TRBJ2-3	09/0328	NA	1068
CASSLPSGSVDEQYF	TRBV5-1	TRBJ2-7	09/0328	NA	1123
CASSVALGAGGGYTF	TRBV9	TRBJ1-2	09/0328	NA	340
CASSYSSPGTVNTGELFF	TRBV6-5	TRBJ2-2	09/0328	NA	789
CSARDLGRSYNEQFF	TRBV20-1	TRBJ2-1	09/0328	NA	839
CASSAQGSGYTF	TRBV2	TRBJ1-2	09/0328	NA	1017
CASSFRGYGYTF	TRBV12-3	TRBJ1-2	09/0328	NA	1086
CSDTGTGALNTEAFF	TRBV29-1	TRBJ1-1	09/0328	NA	1074
CASSTDLAPPTQYF	TRBV9	TRBJ2-5	09/0328	NA	1086
CASSGVGEGSPLHF	TRBV2	TRBJ1-6	09/0328	NA	916
CASSYVDAGSYEQYF	TRBV27	TRBJ2-7	09/0328	NA	932
CASSSTQGQGAEAFF	TRBV7-3	TRBJ1-1	09/0065	NA	779
CSARSRTGDSPLHF	TRBV20-1	TRBJ1-6	09/0065	NA	1156
CASSFGTEYGYTF	TRBV7-2	TRBJ1-2	09/0065	NA	1066
CASSLAGLQETQYF	TRBV12-3	TRBJ2-5	09/0065	NA	1151
CASQLTGGAGTEAFF	TRBV27	TRBJ1-1	09/0065	NA	1064
CASRIGGARTDTQYF	TRBV5-1	TRBJ2-3	09/0065	NA	842
CASSLGTSGSWGDTQYF	TRBV5-1	TRBJ2-3	09/0065	NA	123
CASRLGLSGELFF	TRBV6-5	TRBJ2-2	09/0065	NA	157
CSARKGFLNEKLFF	TRBV20-1	TRBJ1-4	09/0065	NA	126
CASSVRGLNYGYTF	TRBV4-2	TRBJ1-2	09/0065	NA	556
CASSARTGGHSTDTQYF	TRBV6-1	TRBJ2-3	09/0065	NA	903
CSARSRTGDSPLHF	TRBV20-1	TRBJ1-6	09/0065	NA	1039
CASSPTGTSSGGELFF	TRBV11-3	TRBJ2-2	09/0065	NA	1156
CASSHNGGYLYEQYF	TRBV7-3	TRBJ2-7	09/0065	NA	857
CASSLEGVLLHF	TRBV7-2	TRBJ1-6	09/0065	NA	1092
CASSDRVNSPLHF	TRBV6-2	TRBJ1-6	09/0065	NA	1007
CSVNRDIVFTDTQYF	TRBV29-1	TRBJ2-3	09/0065	NA	838
CASSLQGWNEKLFF	TRBV6-1	TRBJ1-4	09/0065	NA	1070
CSARSRTGDSPLHF	TRBV20-1	TRBJ1-6	09/0065	NA	975
CASSLGNLISYNEQFF	TRBV7-6	TRBJ2-1	09/0065	NA	1131
CSARSRTGDSPLHF	TRBV20-1	TRBJ1-6	09/0065	NA	1125
CASSHNGGYLYEQYF	TRBV7-3	TRBJ2-7	09/0065	NA	909
CASSLTGVNTGELFF	TRBV5-1	TRBJ2-2	09/0065	NA	900
CASRRGLQETQYF	TRBV27	TRBJ2-5	09/0328	NA	1053
CASSGTGGQDTQYF	TRBV19	TRBJ2-3	09/0328	NA	1082
CASSLALSYEQYF	TRBV9	TRBJ2-7	09/0328	NA	872
CASRRADSGNTIYF	TRBV12-3	TRBJ1-3	09/0328	NA	1178
CASRGTGTKQFF	TRBV2	TRBJ2-1	09/0328	NA	1165
CAWKASLPPLHF	TRBV30	TRBJ1-6	09/0328	NA	985
CASSRGTATDTQYF	TRBV18	TRBJ2-3	09/0328	NA	651
CAWSVSSGRNEQFF	TRBV30	TRBJ2-1	09/0328	NA	1051
CASSLLGRGGNYGYTF	TRBV7-6	TRBJ1-2	09/0328	NA	1026
CASSEAFLNTIYF	TRBV9	TRBJ1-3	09/0328	NA	1059
CASSRSNRGTQYF	TRBV19	TRBJ2-3	09/0328	NA	535
CASSRSGGNQPQHF	TRBV12-3	TRBJ1-5	09/0328	NA	1201
CASSQGGARMNTEAFF	TRBV4-1	TRBJ1-1	09/0328	NA	966
CASSPIIGGRVFF	TRBV4-1	TRBJ1-1	09/0328	NA	981
CATSDPSSYEQYF	TRBV24-1	TRBJ2-7	09/0328	NA	1096
CASTFAGRFYNSPLHF	TRBV19	TRBJ1-6	09/0328	NA	1144
CASSGTGGQDTQYF	TRBV19	TRBJ2-3	09/0328	NA	958
CASSPMGFGARYNEQFF	TRBV12-3	TRBJ2-1	09/0328	NA	983
CASSLVGLSTGELFF	TRBV12-3	TRBJ2-2	09/0328	NA	884
CASSYTIRDRGFGTEAFF	TRBV6-2	TRBJ1-1	09/0328	NA	802
CASSVALAGNTIYF	TRBV9	TRBJ1-3	09/0328	NA	1047
CASSVALYGQSVTF	TRBV9	TRBJ1-2	09/0328	NA	1115
CASSQPGRGNTEAFF	TRBV4-1	TRBJ1-1	09/0328	NA	1025
CASSRSGGNQPQHF	TRBV12-3	TRBJ1-5	09/0328	NA	1135
CSAKPSGGEFREQFF	TRBV20-1	TRBJ2-1	09/0328	NA	869
CASAKGTLGDRARTEAFF	TRBV6-1	TRBJ1-1	09/0328	NA	770
CASSYVDAGSYEQYF	TRBV27	TRBJ2-7	09/0328	NA	838
CASSVALLGGEQYF	TRBV9	TRBJ2-7	09/0328	NA	950
CSARSGGAEAKNIQYF	TRBV20-1	TRBJ2-4	09/0328	NA	917
CASSDGSSGSYEQYF	TRBV10-1	TRBJ2-7	09/0328	NA	840
CASSLTRFTGANVLTF	TRBV27	TRBJ2-6	09/0328	NA	522
CSAGGEAETQYF	TRBV20-1	TRBJ2-5	09/0328	NA	640
CASVILSADSREKLFF	TRBV5-6	TRBJ1-4	09/0328	NA	654
CASSPWLSSYNEQFF	TRBV5-6	TRBJ2-1	09/0328	NA	1237
CSVEEGRGETQYF	TRBV29-1	TRBJ2-5	09/0328	NA	969
CSAIPPQRNEQYF	TRBV20-1	TRBJ2-7	09/0328	NA	940
CASSLGPGTTLARRYGYTF	TRBV7-6	TRBJ1-2	09/0328	NA	916
CASSGQGGSYNSPLHF	TRBV25-1	TRBJ1-6	09/0328	NA	1042
CSATSYNEQFF	TRBV20-1	TRBJ2-1	09/0328	NA	1119
CSARVAGRGVSTEAFF	TRBV20-1	TRBJ1-1	09/0328	NA	743
CASSRGLLFSGNTIYF	TRBV19	TRBJ1-3	09/0328	NA	827
CSARQWLAGTDTQYF	TRBV20-1	TRBJ2-3	09/0328	NA	1065
CASSTGGEQPQHF	TRBV12-3	TRBJ1-5	09/0328	NA	1153
CASSLGDPWTGTNTEAFF	TRBV7-6	TRBJ1-1	09/0328	NA	1060
CASSYVDAGSYEQYF	TRBV27	TRBJ2-7	09/0328	NA	1105
CASSGRTGGLRGTEAFF	TRBV9	TRBJ1-1	09/0328	NA	1020
CASSLWDGGLSGNTIYF	TRBV7-2	TRBJ1-3	09/0328	NA	1048
CSASTGTGELFF	TRBV20-1	TRBJ2-2	09/0328	NA	1065
CASSLDGPNSPLHF	TRBV11-2	TRBJ1-6	09/0328	NA	1233
CATAGLRNQPQHF	TRBV6-6	TRBJ1-5	09/0328	NA	131
CASSLRTSGGVPDTQYF	TRBV7-2	TRBJ2-3	09/0328	NA	1025
CASSLAGGQGSNQPQHF	TRBV27	TRBJ1-5	09/0328	NA	952
CSAYPVTEGEQYF	TRBV20-1	TRBJ2-7	09/0328	NA	1034
CSASIPLDGETEAFF	TRBV20-1	TRBJ1-1	09/0328	NA	945
CASSLISLSDRALREQYF	TRBV14	TRBJ2-7	09/0328	NA	985
CASSSEETQYF	TRBV7-6	TRBJ2-5	09/0328	NA	1144
CASSMGAAGRGGYNEQFF	TRBV19	TRBJ2-1	09/0328	NA	865
CATSDLTGAVDTQYF	TRBV24-1	TRBJ2-3	09/0328	NA	1072
CAISLLGNTEAFF	TRBV10-3	TRBJ1-1	09/0328	NA	1032
CASSQAMRGWTEAFF	TRBV3-1	TRBJ1-1	09/0328	NA	919
CASSEAFLNTIYF	TRBV9	TRBJ1-3	09/0328	NA	688
CASVRDNEGYTF	TRBV19	TRBJ1-2	09/0328	NA	945
CASNPGQSNTGELFF	TRBV12-3	TRBJ2-2	09/0328	NA	1048
CASSLVVTTSGANVLTF	TRBV5-1	TRBJ2-6	09/0328	NA	831
CASSVGGSQGQYF	TRBV9	TRBJ2-7	09/0328	NA	1115
CAISPSTGTYNEQFF	TRBV5-3	TRBJ2-1	09/0328	NA	151
CASSSISDYGYTF	TRBV11-2	TRBJ1-2	09/0328	NA	1272
CSALRPQQGGETQYF	TRBV20-1	TRBJ2-5	09/0065	NA	559
CASRLGLSGELFF	TRBV6-5	TRBJ2-2	09/0065	NA	153
CASSLRPTAENTEAFF	TRBV7-3	TRBJ1-1	09/0065	NA	895
CASSEGVGESHGYTF	TRBV5-1	TRBJ1-2	09/0065	NA	1001
CASSERGGGNTIYF	TRBV2	TRBJ1-3	09/0065	NA	985
CASSLVGVADTQYF	TRBV7-2	TRBJ2-3	09/0065	NA	964
CASSLSPGAGNTIYF	TRBV7-2	TRBJ1-3	09/0065	NA	1141
CASSSGTDNYGYTF	TRBV5-1	TRBJ1-2	09/0065	NA	1078
CASRLGLSGELFF	TRBV6-5	TRBJ2-2	09/0065	NA	52
CAWSPGGPYSNQPQHF	TRBV30	TRBJ1-5	03/0492	NA	1266
CASQADRAANYGYTF	TRBV2	TRBJ1-2	03/0492	NA	1043
CSARSQGNEQFF	TRBV20-1	TRBJ2-1	03/0492	NA	1005
CASSQQGPGELFF	TRBV3-1	TRBJ2-2	03/0492	NA	878
CASSSPGTAYQETQYF	TRBV5-6	TRBJ2-5	03/0492	NA	1190
CASSQQGPGELFF	TRBV3-1	TRBJ2-2	03/0492	NA	509
CASSFPLVNNTGELFF	TRBV28	TRBJ2-2	03/0492	NA	937
CASKPEGGVQFF	TRBV6-2	TRBJ2-1	03/0492	NA	982
CASSQSRGGANEQYF	TRBV3-1	TRBJ2-7	03/0492	NA	348
CASSGFNEQFF	TRBV2	TRBJ2-1	03/0492	NA	1115
CASSRRSGTAYYEQYF	TRBV12-3	TRBJ2-7	03/0492	NA	1246
CSASYPATGELFF	TRBV20-1	TRBJ2-2	03/0492	NA	1141
CASGRKSWDTEAFF	TRBV6-5	TRBJ1-1	03/0492	NA	1096
CASSPLPPEKNTEAFF	TRBV6-6	TRBJ1-1	03/0492	NA	1437
CAWVPGLFAWGGYTF	TRBV30	TRBJ1-2	03/0492	NA	1143
CSAVGGTGELFF	TRBV20-1	TRBJ2-2	03/0492	NA	1085
CAISEIGGNTEAFF	TRBV10-3	TRBJ1-1	03/0492	NA	382
CASGRKSWDTEAFF	TRBV6-5	TRBJ1-1	03/0492	NA	1016
CASTKAGPTNYGYTF	TRBV28	TRBJ1-2	03/0492	NA	1101
CASSQDLGSYGYTF	TRBV4-3	TRBJ1-2	03/0492	NA	1165
CSARRTGPNEQFF	TRBV20-1	TRBJ2-1	03/0492	NA	1117
CSARDSLGFGYTF	TRBV29-1	TRBJ1-2	03/0492	NA	1041
CAWRGQMNTEAFF	TRBV30	TRBJ1-1	03/0492	NA	1310
CSAPPIAGGRTDTQYF	TRBV20-1	TRBJ2-3	03/0492	NA	1024
CASSQQGPGELFF	TRBV3-1	TRBJ2-2	03/0492	NA	850
CASSSQGSGELFF	TRBV3-1	TRBJ2-2	03/0492	NA	759
CSAPPIAGGRTDTQYF	TRBV20-1	TRBJ2-3	03/0492	NA	994
CASKPEGGVQFF	TRBV6-2	TRBJ2-1	03/0492	NA	912
CAISREDRGSTEAFF	TRBV10-3	TRBJ1-1	03/0492	NA	746
CSARDSLGFGYTF	TRBV29-1	TRBJ1-2	03/0492	NA	1054
CSARRTGPNEQFF	TRBV20-1	TRBJ2-1	03/0492	NA	1111
CASADTQSSYNSPLHF	TRBV7-2	TRBJ1-6	03/0492	NA	1162
CAISEIGGNTEAFF	TRBV10-3	TRBJ1-1	03/0492	NA	851
CASSQQGPGELFF	TRBV3-1	TRBJ2-2	03/0492	NA	820
CASSQQGPGELFF	TRBV3-1	TRBJ2-2	03/0492	NA	773
CASTKAGPTNYGYTF	TRBV28	TRBJ1-2	03/0492	NA	1145
CSARDSLGFGYTF	TRBV29-1	TRBJ1-2	03/0492	NA	1104
CASSYDRGGGETQYF	TRBV3-1	TRBJ2-5	03/0492	NA	581
CASRYTSSNEKLFF	TRBV30	TRBJ1-4	03/0492	NA	1166
CASTTGTLTDTQYF	TRBV5-1	TRBJ2-3	03/0492	NA	1171
CSATTSLGEQFF	TRBV20-1	TRBJ2-1	03/0492	NA	1074
CATSRDSLNEQYF	TRBV6-2	TRBJ2-7	03/0492	NA	917
CASSLGALGINEQFF	TRBV12-3	TRBJ2-1	03/0492	NA	1200
CASSLGQGHYNEQFF	TRBV6-2	TRBJ2-1	03/0492	NA	934
CAISEIGGNTEAFF	TRBV10-3	TRBJ1-1	03/0492	NA	972
CSALTPNTEAFF	TRBV20-1	TRBJ1-1	03/0492	NA	1040
CASSLMTGEETQYF	TRBV7-2	TRBJ2-5	03/0492	NA	1029
CSASSPLGEQYF	TRBV20-1	TRBJ2-7	03/0492	NA	1093
CAISEIGGNTEAFF	TRBV10-3	TRBJ1-1	03/0492	NA	329
CASSIKGQPTTGELFF	TRBV19	TRBJ2-2	03/0492	NA	859
CSARVLGINEQFF	TRBV20-1	TRBJ2-1	03/0492	NA	1099
CSAREGSASTDTQYF	TRBV20-1	TRBJ2-3	03/0492	NA	1084
CSARRTGENIQYF	TRBV20-1	TRBJ2-4	03/0492	NA	1123
CASSLNSPLHF	TRBV7-2	TRBJ1-6	03/0492	NA	1277
CASSQEGTEAFF	TRBV6-2	TRBJ1-1	03/0492	NA	990
CASTRDPYSNQPQHF	TRBV6-1	TRBJ1-5	03/0492	NA	1041
CASGRKSWDTEAFF	TRBV6-5	TRBJ1-1	03/0492	NA	951
CSARDSLGFGYTF	TRBV29-1	TRBJ1-2	03/0492	NA	1330
CSARVLGINEQFF	TRBV20-1	TRBJ2-1	03/0492	NA	1239
CSARDSLGFGYTF	TRBV29-1	TRBJ1-2	03/0492	NA	1086
CASSQALGDTQYF	TRBV4-2	TRBJ2-3	03/0492	NA	1051
CSARVLGINEQFF	TRBV20-1	TRBJ2-1	03/0492	NA	921
CASSQALGDTQYF	TRBV4-2	TRBJ2-3	03/0492	NA	1207
CASSQDRATGNTIYF	TRBV4-3	TRBJ1-3	03/0492	NA	1038
CASRGTDSGNTIYF	TRBV3-1	TRBJ1-3	03/0492	NA	709
CASSGRLAGGDTQYF	TRBV7-2	TRBJ2-3	03/0492	NA	1013
CASSQEIRSGGVTEQFF	TRBV3-1	TRBJ2-1	03/0492	NA	824
CSASGGSKGYTNTGELFF	TRBV20-1	TRBJ2-2	03/0492	NA	811
CSAKGSTSDTQYF	TRBV20-1	TRBJ2-3	03/0492	NA	205
CASSDRTGVNEQFF	TRBV18	TRBJ2-1	03/0492	NA	688
CASKPEGGVQFF	TRBV6-2	TRBJ2-1	03/0492	NA	918
CASSLGLAGINEQYF	TRBV27	TRBJ2-7	03/0492	NA	806
CSAPPIAGGRTDTQYF	TRBV20-1	TRBJ2-3	03/0492	NA	1281
CASSHGQGGTEAFF	TRBV3-1	TRBJ1-1	03/0492	NA	951
CASSADRAQGYTF	TRBV7-2	TRBJ1-2	03/0492	NA	1209
CSASTARGAADTQYF	TRBV20-1	TRBJ2-3	03/0492	NA	737
CSAPPIAGGRTDTQYF	TRBV20-1	TRBJ2-3	03/0492	NA	1133
CASSHGQGGTEAFF	TRBV3-1	TRBJ1-1	03/0492	NA	1136
CSALTSVGTQYF	TRBV20-1	TRBJ2-5	03/0492	NA	1212
CASTNRVSYEQYF	TRBV28	TRBJ2-7	03/0492	NA	1161
CASGRKSWDTEAFF	TRBV6-5	TRBJ1-1	03/0492	NA	921
CASSESFEGGYGYTF	TRBV6-1	TRBJ1-2	03/0492	NA	820
CSAVGGTGELFF	TRBV20-1	TRBJ2-2	03/0492	NA	1097
CAATGGDRAYEQYF	TRBV2	TRBJ2-7	03/0492	NA	941
CASSIKGQPTTGELFF	TRBV19	TRBJ2-2	03/0492	NA	1067
CASSSGQGHYNEQFF	TRBV6-6	TRBJ2-1	03/0492	NA	1085
CSAIRVPEAFF	TRBV20-1	TRBJ1-1	03/0492	NA	1184
CSAIRVPEAFF	TRBV20-1	TRBJ1-1	03/0492	NA	1097
CASSLAGSSGNTIYF	TRBV5-1	TRBJ1-3	03/0492	NA	141
CAWSPGGPYSNQPQHF	TRBV30	TRBJ1-5	03/0492	NA	1258
CSARDSAGLGTQYF	TRBV20-1	TRBJ2-5	03/0492	NA	1059
CSARDSLGFGYTF	TRBV29-1	TRBJ1-2	03/0492	NA	1143
CSAIAFPNEKLFF	TRBV20-1	TRBJ1-4	03/0492	NA	978
CASRGYQFKLRGVLYYEQYF	TRBV2	TRBJ2-7	03/0492	NA	783
CSARRTGPNEQFF	TRBV20-1	TRBJ2-1	03/0492	NA	1248
CASTTGTLTDTQYF	TRBV5-1	TRBJ2-3	03/0492	NA	1150
CSARRTGENIQYF	TRBV20-1	TRBJ2-4	03/0492	NA	1096
CASSSQSGARGNTIYF	TRBV3-1	TRBJ1-3	03/0492	NA	955
CSAPPIAGGRTDTQYF	TRBV20-1	TRBJ2-3	03/0492	NA	1126
CAISEIGGNTEAFF	TRBV10-3	TRBJ1-1	03/0492	NA	462
CASTQLSSRGQGKHGIYF	TRBV12-3	TRBJ1-3	03/0492	NA	1202
CSLPGHLYEQYF	TRBV20-1	TRBJ2-7	03/0492	NA	1175
CSAPPIAGGRTDTQYF	TRBV20-1	TRBJ2-3	03/0492	NA	1061
CASGRKSWDTEAFF	TRBV6-5	TRBJ1-1	03/0492	NA	993
CAATGGDRAYEQYF	TRBV2	TRBJ2-7	03/0492	NA	1046
CASSQQGPGELFF	TRBV3-1	TRBJ2-2	03/0492	NA	965
CSARRTGPNEQFF	TRBV20-1	TRBJ2-1	03/0492	NA	1161
CAISEIGGNTEAFF	TRBV10-3	TRBJ1-1	03/0492	NA	651
CASKPEGGVQFF	TRBV6-2	TRBJ2-1	03/0492	NA	968
CSARVLGINEQFF	TRBV20-1	TRBJ2-1	03/0492	NA	1226
CSARDSLGFGYTF	TRBV29-1	TRBJ1-2	03/0492	NA	1129
CASSESFEGGYGYTF	TRBV6-1	TRBJ1-2	03/0492	NA	770
CASSLERGSTDTQYF	TRBV2	TRBJ2-3	03/0492	NA	1264
CASSEADIYNEQFF	TRBV2	TRBJ2-1	03/0492	NA	1108
CASSSRDSPLHF	TRBV28	TRBJ1-6	03/0492	NA	1116
CSARDSLGFGYTF	TRBV29-1	TRBJ1-2	03/0492	NA	1276
CASSGRLAGGDTQYF	TRBV7-2	TRBJ2-3	03/0492	NA	1211
CSASYPATGELFF	TRBV20-1	TRBJ2-2	03/0492	NA	1094
CAWSPGGPYSNQPQHF	TRBV30	TRBJ1-5	03/0492	NA	1047
CSAPDRGRTEAFF	TRBV20-1	TRBJ1-1	03/0492	NA	1158
CASSQEGTEAFF	TRBV6-2	TRBJ1-1	03/0492	NA	1101
CASKPEGGVQFF	TRBV6-2	TRBJ2-1	03/0492	NA	1046
CASSHQGPGELFF	TRBV3-1	TRBJ2-2	03/0492	NA	919
CATHAYNEQFF	TRBV2	TRBJ2-1	03/0492	NA	1032
CASGRKSWDTEAFF	TRBV6-5	TRBJ1-1	03/0492	NA	1037
CATSEGSYNEQFF	TRBV24-1	TRBJ2-1	03/0492	NA	299
CASSIKGQPTTGELFF	TRBV19	TRBJ2-2	03/0492	NA	1064
CASRDWTGATSGANVLTF	TRBV6-2	TRBJ2-6	03/0492	NA	849
CAWSPGGPYSNQPQHF	TRBV30	TRBJ1-5	03/0492	NA	1178
CASSRSNQPQHF	TRBV19	TRBJ1-5	03/0492	NA	1242
CSARRTGENIQYF	TRBV20-1	TRBJ2-4	03/0492	NA	1239
CAISEIGGNTEAFF	TRBV10-3	TRBJ1-1	03/0492	NA	172
CASSSRLAGGDEQYF	TRBV7-2	TRBJ2-7	03/0492	NA	1143
CSARRTGPNEQFF	TRBV20-1	TRBJ2-1	03/0492	NA	1162
CASSVSGLTNTGELFF	TRBV6-4	TRBJ2-2	03/0492	NA	1023
CASSPGQGHYNEQFF	TRBV6-2	TRBJ2-1	03/0492	NA	893
CASSLGQGHYNEQFF	TRBV6-2	TRBJ2-1	03/0492	NA	1050
CSAVGGTGELFF	TRBV20-1	TRBJ2-2	03/0492	NA	1104
CASSFVFTGARETQYF	TRBV12-3	TRBJ2-5	03/0492	NA	583
CSAGSVISYEQYF	TRBV20-1	TRBJ2-7	03/0492	NA	1124
CSARDSLGFGYTF	TRBV29-1	TRBJ1-2	03/0492	NA	1190
CAISEIGGNTEAFF	TRBV10-3	TRBJ1-1	03/0492	NA	637
CSARSQGNEQFF	TRBV20-1	TRBJ2-1	03/0492	NA	1273
CASSQEGTEAFF	TRBV6-2	TRBJ1-1	03/0492	NA	1080
CASSFGSQGRHGYTF	TRBV27	TRBJ1-2	03/0492	NA	1182
CASSLGGANSYEQYF	TRBV27	TRBJ2-7	03/0492	NA	1093
CASSGRLAGGDTQYF	TRBV7-2	TRBJ2-3	03/0492	NA	1236
CSAIRVPEAFF	TRBV20-1	TRBJ1-1	03/0492	NA	1403
CASSIEVGGSQPQHF	TRBV19	TRBJ1-5	03/0492	NA	1366
CASSHQGPGELFF	TRBV3-1	TRBJ2-2	03/0492	NA	782
CSARDSLGFGYTF	TRBV29-1	TRBJ1-2	03/0492	NA	1057
CSAPPIAGGRTDTQYF	TRBV20-1	TRBJ2-3	03/0492	NA	1112
CAISEIGGNTEAFF	TRBV10-3	TRBJ1-1	03/0492	NA	692
CASSHQGPGELFF	TRBV3-1	TRBJ2-2	03/0492	NA	1147
CASSSRLAGGDEQYF	TRBV7-2	TRBJ2-7	03/0492	NA	1102
CASTRDPYSNQPQHF	TRBV6-1	TRBJ1-5	03/0492	NA	975
CSARDSLGFGYTF	TRBV29-1	TRBJ1-2	03/0492	NA	1102
CSASATGTPLHF	TRBV20-1	TRBJ1-6	03/0492	NA	1060
CSAIRVPEAFF	TRBV20-1	TRBJ1-1	03/0492	NA	1278
CSARRTGPNEQFF	TRBV20-1	TRBJ2-1	03/0492	NA	1208
CSAPPIAGGRTDTQYF	TRBV20-1	TRBJ2-3	03/0492	NA	981
CASRGTDSGNTIYF	TRBV3-1	TRBJ1-3	03/0492	NA	982
CSARDRETLYRFGNTIYF	TRBV20-1	TRBJ1-3	02/0285	NA	850
CASSLGGQVGEKLFF	TRBV5-6	TRBJ1-4	02/0285	NA	1055
CASSALIGYEQYF	TRBV2	TRBJ2-7	02/0285	NA	1077
CASSLDSPGGTNTGELFF	TRBV11-3	TRBJ2-2	02/0285	NA	1012
CASRNPGHGTDTQYF	TRBV11-1	TRBJ2-3	02/0285	NA	913
CAISAAGGVGNTGELFF	TRBV10-3	TRBJ2-2	02/0285	NA	815
CASRGGSRTEQYF	TRBV10-2	TRBJ2-7	02/0285	NA	1129
CSARPGSIYEQYF	TRBV20-1	TRBJ2-7	02/0285	NA	1085
CASNGLPGANVLTF	TRBV19	TRBJ2-6	02/0285	NA	1042
CSARAPSGKEKNIQYF	TRBV20-1	TRBJ2-4	02/0285	NA	928
CASRNPGHGTDTQYF	TRBV11-1	TRBJ2-3	02/0285	NA	1085
CASRNPGHGTDTQYF	TRBV11-1	TRBJ2-3	02/0285	NA	950
CASSPLTTGGRNQPQHF	TRBV19	TRBJ1-5	02/0285	NA	1100
CASSLGLSVDNEQFF	TRBV5-6	TRBJ2-1	02/0285	NA	340
CASSMPTSATLANTGELFF	TRBV19	TRBJ2-2	02/0285	NA	927
CASSHRTKASSYNEQFF	TRBV27	TRBJ2-1	02/0285	NA	1006
CSATYSGLHQETQYF	TRBV20-1	TRBJ2-5	02/0285	NA	951
CSARPQGTGELFF	TRBV20-1	TRBJ2-2	02/0285	NA	1033
CASSQDQADTQYF	TRBV4-3	TRBJ2-3	02/0285	NA	1224
CASSSTSEQGYRRAFF	TRBV27	TRBJ1-1	02/0285	NA	889
CSAIGTSRLMETQYF	TRBV20-1	TRBJ2-5	02/0285	NA	1026
CASNSPDRAHYEQYF	TRBV27	TRBJ2-7	02/0285	NA	1198
CASSQLKRLAGGPMNTGELFF	TRBV14	TRBJ2-2	02/0285	NA	897
CASSQGLGAFF	TRBV14	TRBJ1-1	03/0345	NA	1173
CASSPGRGEQFF	TRBV6-6	TRBJ2-1	03/0345	NA	1231
CSAGAGGGGYTF	TRBV20-1	TRBJ1-2	03/0345	NA	1123
CASSPAAGGSQETQYF	TRBV5-1	TRBJ2-5	03/0345	NA	950
CASSPSRNTIYF	TRBV6-6	TRBJ1-3	03/0345	NA	1059
CATTTGSNEQFF	TRBV24-1	TRBJ2-1	03/0345	NA	1101
CATSSGAGEQYF	TRBV24-1	TRBJ2-7	03/0345	NA	1029
CASSGGGVPGSPLHF	TRBV9	TRBJ1-6	03/0345	NA	953
CSAPPQGYGYTF	TRBV20-1	TRBJ1-2	03/0345	NA	1277
CATSNVRNTGELFF	TRBV15	TRBJ2-2	03/0345	NA	715
CASSPSRNTIYF	TRBV6-6	TRBJ1-3	03/0345	NA	997
CASSPSRAEQYF	TRBV6-6	TRBJ2-7	03/0345	NA	1018
CASSPGRVEQFF	TRBV6-6	TRBJ2-1	03/0345	NA	1218
CASSTPRDSWGYTF	TRBV19	TRBJ1-2	03/0345	NA	1087
CASRAGGGAKNIQYF	TRBV2	TRBJ2-4	03/0345	NA	270
CASSQGGGAGFNF	TRBV4-1	TRBJ2-4	03/0345	NA	77
CASSPGKDTQYF	TRBV6-6	TRBJ2-3	03/0345	NA	1001
CATSARGGTGGTGELFF	TRBV24-1	TRBJ2-2	03/0345	NA	759
CAASQGANEQFF	TRBV24-1	TRBJ2-1	03/0345	NA	1106
CASSPRPVEQFF	TRBV18	TRBJ2-1	03/0345	NA	1208
CASSPGRNEQFF	TRBV6-6	TRBJ2-1	03/0345	NA	1070
CASSSPNRANYGYTF	TRBV11-2	TRBJ1-2	03/0345	NA	1242
CSARVGGSIHEQYF	TRBV20-1	TRBJ2-7	03/0345	NA	920
CASRTGGAPEAFF	TRBV6-1	TRBJ1-1	03/0345	NA	911
CASSTSYTLNEQFF	TRBV6-1	TRBJ2-1	03/0345	NA	807
CASSLAAGVDTQYF	TRBV5-1	TRBJ2-3	03/0345	NA	1019
CASSLTDSRNTEAFF	TRBV5-1	TRBJ1-1	03/0345	NA	1056
CSASLAKLGEQYF	TRBV20-1	TRBJ2-7	03/0345	NA	1056
CASSTSYTLNEQFF	TRBV6-1	TRBJ2-1	03/0345	NA	949
CACKMGGRVFTGELFF	TRBV30	TRBJ2-2	03/0345	NA	873
CASSLLGVTSTEAFF	TRBV7-3	TRBJ1-1	03/0345	NA	997
CASSTTRESGYTF	TRBV12-3	TRBJ1-2	03/0345	NA	1179
CASSQSRNIQYF	TRBV6-6	TRBJ2-4	03/0345	NA	1012
CASSTSYTLNEQFF	TRBV6-1	TRBJ2-1	03/0345	NA	1279
CSARDAPPGLAIYNEQFF	TRBV20-1	TRBJ2-1	03/0345	NA	924
CASSPAAGGSQETQYF	TRBV5-1	TRBJ2-5	03/0345	NA	936
CASSTSYTLNEQFF	TRBV6-1	TRBJ2-1	03/0345	NA	901
CSASKGADSPLHF	TRBV20-1	TRBJ1-6	03/0345	NA	1159
CASSKVRGLDTQYF	TRBV19	TRBJ2-3	03/0345	NA	1064
CASSPQSPVQHF	TRBV6-6	TRBJ1-5	03/0345	NA	1185
CASSPQSPVQHF	TRBV6-6	TRBJ1-5	03/0345	NA	960
CASSATGGYTGELFF	TRBV6-6	TRBJ2-2	03/0345	NA	1015
CSARPSGLAGYEQYF	TRBV20-1	TRBJ2-7	03/0345	NA	1009
CATSSGAGEQYF	TRBV24-1	TRBJ2-7	03/0345	NA	1312
CASSLDRLLNTGELFF	TRBV5-1	TRBJ2-2	03/0345	NA	915
CASSQGRNEQYF	TRBV6-6	TRBJ2-7	03/0345	NA	1080
CASSLAHSTDTQYF	TRBV5-1	TRBJ2-3	03/0345	NA	914
CASSQSPAEEKLFF	TRBV4-1	TRBJ1-4	03/0345	NA	909
CASSPRPEGHEQYF	TRBV9	TRBJ2-7	03/0345	NA	1059
CASSLAHSTDTQYF	TRBV5-1	TRBJ2-3	03/0345	NA	911
CATSTGRNTIYF	TRBV6-6	TRBJ1-3	03/0345	NA	1075
CSASKGADSPLHF	TRBV20-1	TRBJ1-6	03/0345	NA	1262
CASSQSRNIQYF	TRBV6-6	TRBJ2-4	03/0345	NA	1066
CASSPRPEGHEQYF	TRBV9	TRBJ2-7	03/0345	NA	1093
CASSLGQVWEQYF	TRBV7-2	TRBJ2-7	03/0345	NA	1248
CASSQAGTGGGSPLHF	TRBV4-1	TRBJ1-6	03/0345	NA	1012
CASSPRPEGHEQYF	TRBV9	TRBJ2-7	03/0345	NA	953
CASSMGQRFETDTQYF	TRBV19	TRBJ2-3	03/0345	NA	954
CSVVVRANTGELFF	TRBV29-1	TRBJ2-2	03/0345	NA	168
CASSPGRNEQFF	TRBV6-6	TRBJ2-1	03/0345	NA	1192
CASSPGRVEQFF	TRBV6-6	TRBJ2-1	03/0345	NA	1164
CASSVDIGQTNTGELFF	TRBV9	TRBJ2-2	03/0345	NA	362
CASSQRGGRGTDTQYF	TRBV6-6	TRBJ2-3	03/0345	NA	1018
CASSPGNTEAFF	TRBV6-6	TRBJ1-1	03/0345	NA	1074
CASSPASLAGGLNIQYF	TRBV18	TRBJ2-4	03/0345	NA	758
CASRPPGGNTEAFF	TRBV25-1	TRBJ1-1	03/0345	NA	1032
CSASKGADSPLHF	TRBV20-1	TRBJ1-6	03/0345	NA	946
CASSRNRGQETQYF	TRBV19	TRBJ2-5	03/0345	NA	1070
CASTHRPGARSTEAFF	TRBV6-5	TRBJ1-1	03/0345	NA	964
CASSQAGTGGGSPLHF	TRBV4-1	TRBJ1-6	03/0345	NA	1059
CASGLLHLEAFF	TRBV12-5	TRBJ1-1	03/0345	NA	1055
CAWSVVGGTNEKLFF	TRBV30	TRBJ1-4	03/0345	NA	979
CASSQSRNIQYF	TRBV6-6	TRBJ2-4	03/0345	NA	983
CSASKGADSPLHF	TRBV20-1	TRBJ1-6	03/0345	NA	999
CASSPSRNTIYF	TRBV6-6	TRBJ1-3	03/0345	NA	1035
CATSTGSSEQFF	TRBV24-1	TRBJ2-1	03/0345	NA	1054
CASRPPGGNTEAFF	TRBV25-1	TRBJ1-1	03/0345	NA	1036
CATSSGSGELFF	TRBV24-1	TRBJ2-2	03/0345	NA	961
CASSLTDSRNTEAFF	TRBV5-1	TRBJ1-1	03/0345	NA	1114
CAWSLGGGGFGAKNIQYF	TRBV30	TRBJ2-4	03/0345	NA	332
CASSQSPAEEKLFF	TRBV4-1	TRBJ1-4	03/0345	NA	898
CASSLAHSTDTQYF	TRBV5-1	TRBJ2-3	03/0345	NA	879
CASSLDRLLNTGELFF	TRBV5-1	TRBJ2-2	03/0345	NA	704
CASSPSSGQGISGNTIYF	TRBV18	TRBJ1-3	03/0345	NA	814
CSAGAGGGGYTF	TRBV20-1	TRBJ1-2	03/0345	NA	912
CATSSGAGEQYF	TRBV24-1	TRBJ2-7	03/0345	NA	1159
CASSSLLGTETGGDEQFF	TRBV27	TRBJ2-1	03/0345	NA	1039
CASSLAHSTDTQYF	TRBV5-1	TRBJ2-3	03/0345	NA	998
CASSLDRLLNTGELFF	TRBV5-1	TRBJ2-2	03/0345	NA	795
CASSPGRVEQFF	TRBV6-6	TRBJ2-1	03/0345	NA	896
CASSRGRGGGNTQYF	TRBV3-1	TRBJ2-3	03/0345	NA	413
CASSQGRNEQYF	TRBV6-6	TRBJ2-7	03/0345	NA	988
CASSPASLAGGLNIQYF	TRBV18	TRBJ2-4	03/0345	NA	301
CASSVSSGNNEQFF	TRBV9	TRBJ2-1	03/0345	NA	999
CASSPIRANTEAFF	TRBV18	TRBJ1-1	03/0345	NA	965
CASSLNLGTATNEKLFF	TRBV11-2	TRBJ1-4	03/0345	NA	930
CSARVGGSIHEQYF	TRBV20-1	TRBJ2-7	03/0345	NA	951
CASSRDREGTEAFF	TRBV7-3	TRBJ1-1	01/0385	NA	795
CASRIAGGRTDTQYF	TRBV5-1	TRBJ2-3	01/0385	NA	862
CASSATAGATSTDTQYF	TRBV14	TRBJ2-3	01/0385	NA	631
CASRAGTLYNEQFF	TRBV6-1	TRBJ2-1	01/0385	NA	965
CASRAGTLYNEQFF	TRBV6-1	TRBJ2-1	01/0385	NA	847
CASSEVAGGLPQHF	TRBV6-4	TRBJ1-5	01/0385	NA	1022
CASSEVAGGLPQHF	TRBV6-4	TRBJ1-5	01/0385	NA	1081
CAINSGGTSTDTQYF	TRBV7-2	TRBJ2-3	01/0385	NA	1160
CASSLGQGWGTEAFF	TRBV27	TRBJ1-1	01/0385	NA	778
CSARERTGDSPLHF	TRBV20-1	TRBJ1-6	01/0385	NA	1053
CSAPRARVPYNEQFF	TRBV20-1	TRBJ2-1	01/0385	NA	943
CSAYHRTGPNQPQHF	TRBV20-1	TRBJ1-5	01/0385	NA	1032
CSAGIPGNYGYTF	TRBV20-1	TRBJ1-2	01/0385	NA	1359
CSAITSEETQYF	TRBV20-1	TRBJ2-5	01/0385	NA	1137
CASSQYVDNEQFF	TRBV4-2	TRBJ2-1	01/0385	NA	308
CASSQGDRAHQPQHF	TRBV6-2	TRBJ1-5	01/0385	NA	857
CASSEDLRNANTEAFF	TRBV2	TRBJ1-1	01/0385	NA	1052
CSAITSEETQYF	TRBV20-1	TRBJ2-5	01/0385	NA	1296
CASSYQTGTAPYEQYF	TRBV7-8	TRBJ2-7	01/0385	NA	1000
CASSFRGDYYEQYF	TRBV5-1	TRBJ2-7	01/0385	NA	1161
CSARTGGFTEAFF	TRBV20-1	TRBJ1-1	01/0385	NA	1142
CACPGQGYEKLFF	TRBV30	TRBJ1-4	01/0385	NA	939
CASSLEAPGYSGNTIYF	TRBV5-1	TRBJ1-3	01/0385	NA	985
CASSQYVDNEQFF	TRBV4-2	TRBJ2-1	01/0385	NA	109
CASSSGSGALSYEQYF	TRBV7-8	TRBJ2-7	01/0385	NA	969
CSARTGGFTEAFF	TRBV20-1	TRBJ1-1	01/0385	NA	1183
CASSWDILAKNIQYF	TRBV19	TRBJ2-4	01/0385	NA	980
CASSLGHADNEQFF	TRBV5-1	TRBJ2-1	01/0385	NA	77
CSARERTGDSPLHF	TRBV20-1	TRBJ1-6	01/0385	NA	852
CASSLSSNNEQFF	TRBV7-3	TRBJ2-1	01/0385	NA	211
CSARDRTGDSPLHF	TRBV20-1	TRBJ1-6	01/0385	NA	1093
CASSQDPGSPQHF	TRBV4-2	TRBJ1-5	01/0385	NA	1044
CASSQGDRAHQPQHF	TRBV6-2	TRBJ1-5	01/0385	NA	891
CASSVGGTGLPGELFF	TRBV9	TRBJ2-2	01/0385	NA	978
CASSEAGLYGYTF	TRBV2	TRBJ1-2	01/0385	NA	1108
CASSLARPNTGELFF	TRBV5-1	TRBJ2-2	01/0385	NA	1157
CASSVGGTGLPGELFF	TRBV9	TRBJ2-2	01/0385	NA	913
CASSQDIAGTSTDTQYF	TRBV14	TRBJ2-3	01/0385	NA	1223
CASSLARPNTGELFF	TRBV5-1	TRBJ2-2	01/0385	NA	1044
CSARTRTGDSPLHF	TRBV20-1	TRBJ1-6	01/0385	NA	965
CSAATGVGSEQYF	TRBV29-1	TRBJ2-7	01/0385	NA	1032
CSARERTGDSPLHF	TRBV20-1	TRBJ1-6	01/0385	NA	1076
CASSQYVDNEQFF	TRBV4-2	TRBJ2-1	01/0385	NA	328
CSARWTDYGYTF	TRBV20-1	TRBJ1-2	01/0385	NA	1073
CASSVGGTGLPGELFF	TRBV9	TRBJ2-2	01/0385	NA	909
CAISPPGQNSYEQYF	TRBV10-2	TRBJ2-7	01/0385	NA	904
CSARTGGFTEAFF	TRBV20-1	TRBJ1-1	01/0385	NA	1069
CASSPRPENSPLHF	TRBV14	TRBJ1-6	09/0125	NA	1016
CSVVVRANTGELFF	TRBV29-1	TRBJ2-2	09/0125	NA	281
CASSPRPSNQPQHF	TRBV27	TRBJ1-5	09/0125	NA	1021
CASAINRDRQFF	TRBV12-5	TRBJ2-1	09/0125	NA	988
CASQPRSREKLFF	TRBV27	TRBJ1-4	09/0125	NA	822
CASSPRPENSPLHF	TRBV14	TRBJ1-6	09/0125	NA	1156
CASSLGSISYEQYF	TRBV7-9	TRBJ2-7	09/0125	NA	1071
CASSIRGGPQFYNEQFF	TRBV19	TRBJ2-1	09/0125	NA	990
CASQPRSREKLFF	TRBV27	TRBJ1-4	09/0125	NA	986
CASSLGSISYEQYF	TRBV7-9	TRBJ2-7	09/0125	NA	1298
CASSLSGYRTGELFF	TRBV5-1	TRBJ2-2	09/0125	NA	1001
CAWRLQFSSTDTQYF	TRBV30	TRBJ2-3	09/0125	NA	1239
CASSLSGYRTGELFF	TRBV5-1	TRBJ2-2	09/0125	NA	946
CATRGGGAGANVLTF	TRBV24-1	TRBJ2-6	09/0125	NA	481
CASSLTERSYNEQFF	TRBV5-1	TRBJ2-1	09/0125	NA	795
CASSLGSVAYEQYF	TRBV7-9	TRBJ2-7	09/0125	NA	1021
CASSPRPENSPLHF	TRBV14	TRBJ1-6	09/0125	NA	930
CASQPRSREKLFF	TRBV27	TRBJ1-4	09/0125	NA	1087
CASSLIQDQSTDTQYF	TRBV28	TRBJ2-3	09/0125	NA	950
CASSSRSAWDGYTF	TRBV7-2	TRBJ1-2	09/0125	NA	1178
CASSERGFDSFRTDTQYF	TRBV6-1	TRBJ2-3	09/0125	NA	630
CASSSTGGWGYTF	TRBV12-3	TRBJ1-2	09/0125	NA	1148
CASSLSGYRTGELFF	TRBV5-1	TRBJ2-2	09/0125	NA	955
CASSLLGGAQETQYF	TRBV4-1	TRBJ2-5	09/0125	NA	52
CASQSRGPQNTEAFF	TRBV19	TRBJ1-1	09/0125	NA	982
CASSSRSAWDGYTF	TRBV7-2	TRBJ1-2	09/0125	NA	907
CASSQDLRETQYF	TRBV14	TRBJ2-5	09/0125	NA	1009
CASSFRTGELFF	TRBV27	TRBJ2-2	09/0125	NA	975
CASSSRSAWDGYTF	TRBV7-2	TRBJ1-2	09/0125	NA	1065
CASSLSSNNEQFF	TRBV7-3	TRBJ2-1	09/0125	NA	316
CASSFRTVDAGELFF	TRBV7-2	TRBJ2-2	09/0125	NA	990
CASSLSGYRTGELFF	TRBV5-1	TRBJ2-2	09/0125	NA	819
CASSSRSAWDGYTF	TRBV7-2	TRBJ1-2	09/0125	NA	1027
CASSPGQGHYNEQFF	TRBV6-2	TRBJ2-1	09/0125	NA	907
CASSPRPSNQPQHF	TRBV27	TRBJ1-5	09/0125	NA	1153
CASSLSGYRTGELFF	TRBV5-1	TRBJ2-2	09/0125	NA	944
CASRTRDPGAYEQYF	TRBV12-3	TRBJ2-7	09/0125	NA	1048
CASSLSGYRTGELFF	TRBV5-1	TRBJ2-2	09/0125	NA	827
CASSPRPSNQPQHF	TRBV27	TRBJ1-5	09/0125	NA	944
CASSPRPENSPLHF	TRBV14	TRBJ1-6	09/0125	NA	1141
CASSERGFDSFRTDTQYF	TRBV6-1	TRBJ2-3	09/0125	NA	788
CAWRLQFSSTDTQYF	TRBV30	TRBJ2-3	09/0125	NA	1028
CAWRLQFSSTDTQYF	TRBV30	TRBJ2-3	09/0125	NA	888
CASSLGVHRSTDTQYF	TRBV12-3	TRBJ2-3	09/0125	NA	1053
CASSPRPSNQPQHF	TRBV27	TRBJ1-5	09/0125	NA	1406
CASSSTGGWGYTF	TRBV12-3	TRBJ1-2	09/0125	NA	1143
CASSPRPSNQPQHF	TRBV27	TRBJ1-5	09/0125	NA	1013
CASSFRAQETQYF	TRBV27	TRBJ2-5	09/0125	NA	1083
CASSLGSISYEQYF	TRBV7-9	TRBJ2-7	09/0125	NA	1099
CASSSYYNEQFF	TRBV6-2	TRBJ2-1	09/0125	NA	870
CASSPRPENSPLHF	TRBV14	TRBJ1-6	09/0125	NA	1255
CASSPRPENSPLHF	TRBV14	TRBJ1-6	09/0125	NA	1257
CASSLHGGQNNSPLHF	TRBV7-2	TRBJ1-6	09/0125	NA	119
CASRLGLSGELFF	TRBV6-5	TRBJ2-2	09/0125	NA	54
CASSFGGGSSYEQYF	TRBV5-1	TRBJ2-7	09/0125	NA	992
CASSWDREAEQYF	TRBV7-2	TRBJ2-7	09/0125	NA	1250
CAISGGGENYRTDTQYF	TRBV10-3	TRBJ2-3	09/0125	NA	861
CASSQDHGELFF	TRBV14	TRBJ2-2	09/0125	NA	1221
CASSIGGGPRVPYNEQFF	TRBV19	TRBJ2-1	09/0125	NA	654
CASSLGVAGGQETQYF	TRBV5-1	TRBJ2-5	09/0125	NA	1046
CASSEGHETQYF	TRBV2	TRBJ2-5	09/0125	NA	1043
CASSEGHETQYF	TRBV2	TRBJ2-5	09/0125	NA	1246
CAWSVGVQPQHF	TRBV30	TRBJ1-5	09/0125	NA	1241
CAWSPGIGNQPQHF	TRBV30	TRBJ1-5	09/0125	NA	1278
CASSQHGETQYF	TRBV5-1	TRBJ2-5	09/0125	NA	1126
CSARGQGNEQYF	TRBV20-1	TRBJ2-7	09/0125	NA	1317
CASSLNAVGTEAFF	TRBV7-2	TRBJ1-1	09/0125	NA	1277
CASSLGLGQGAGEKLFF	TRBV11-2	TRBJ1-4	09/0125	NA	993
CASSRVGGDGETQYF	TRBV27	TRBJ2-5	09/0125	NA	1028
CASSFYSGGNYNEQFF	TRBV28	TRBJ2-1	09/0125	NA	584
CASSLSGYRTGELFF	TRBV5-1	TRBJ2-2	09/0125	NA	940
CASGLSQGTDTQYF	TRBV12-5	TRBJ2-3	09/0125	NA	971
CASTAGGYTEAFF	TRBV6-6	TRBJ1-1	09/0125	NA	1056
CASTGTSPRDNEQFF	TRBV19	TRBJ2-1	09/0125	NA	1336
CASSQDSGGVPYTDTQYF	TRBV4-3	TRBJ2-3	09/0125	NA	248
CASSQGSSGYTF	TRBV3-1	TRBJ1-2	09/0125	NA	974
CASNRQPRSMGTEAFF	TRBV7-2	TRBJ1-1	09/0125	NA	977
CASSPGQGHYNEQFF	TRBV6-2	TRBJ2-1	09/0125	NA	932
CASAINRDRQFF	TRBV12-5	TRBJ2-1	09/0125	NA	898
CASSGQGPYNEQFF	TRBV25-1	TRBJ2-1	09/0125	NA	1027
CASSWDREAEQYF	TRBV7-2	TRBJ2-7	09/0125	NA	1200
CASSPGQGHYNEQFF	TRBV6-2	TRBJ2-1	09/0125	NA	709
CASSRQAGGATDTQYF	TRBV7-2	TRBJ2-3	09/0125	NA	955
CASSRVGGDGETQYF	TRBV27	TRBJ2-5	09/0125	NA	1217
CASAINRDRQFF	TRBV12-5	TRBJ2-1	09/0125	NA	1256
CASSLSGYRTGELFF	TRBV5-1	TRBJ2-2	09/0125	NA	1179
CASSLSGYRTGELFF	TRBV5-1	TRBJ2-2	09/0125	NA	941
CASSSHVGGGVDEQFF	TRBV11-3	TRBJ2-1	09/0125	NA	434
CASRETQGGGYGYTF	TRBV19	TRBJ1-2	09/0125	NA	1177
CASSQSTSGGYSGANVLTF	TRBV4-1	TRBJ2-6	09/0125	NA	603
CASSMTGTATYEQYF	TRBV6-2	TRBJ2-7	09/0125	NA	718
CASRRQGGYNEQFF	TRBV12-3	TRBJ2-1	09/0125	NA	1125
CASSPGTDTGELFF	TRBV5-1	TRBJ2-2	09/0125	NA	1185
CASNRRGQGDHEQYF	TRBV12-3	TRBJ2-7	09/0125	NA	1430
CASGFQGGETQYF	TRBV12-5	TRBJ2-5	09/0125	NA	1256
CASSEGPGINNEQFF	TRBV10-1	TRBJ2-1	09/0125	NA	850
CASSSHVGGGVDEQFF	TRBV11-3	TRBJ2-1	09/0125	NA	628
CASSRVGGDGETQYF	TRBV27	TRBJ2-5	09/0125	NA	1192
CASSEGPGINNEQFF	TRBV10-1	TRBJ2-1	09/0125	NA	910
CASSLEISSGNTIYF	TRBV7-2	TRBJ1-3	09/0125	NA	1103
CASTGTSPRDNEQFF	TRBV19	TRBJ2-1	09/0125	NA	1143
CASSATGPYEQYF	TRBV10-1	TRBJ2-7	09/0125	NA	708
CASSSHVGGGVDEQFF	TRBV11-3	TRBJ2-1	09/0125	NA	419
CASSLIAGGKNEQFF	TRBV11-3	TRBJ2-1	09/0125	NA	943
CAIREFGLIEQYF	TRBV10-3	TRBJ2-7	09/0125	NA	52
CASSSWDRGGNEQFF	TRBV28	TRBJ2-1	09/0125	NA	1073
CASSSRAGVPETQYF	TRBV5-1	TRBJ2-5	09/0125	NA	236
CASAINRDRQFF	TRBV12-5	TRBJ2-1	09/0125	NA	1277
CASSEGHETQYF	TRBV2	TRBJ2-5	09/0125	NA	1098
CATKGTVTYEQYF	TRBV28	TRBJ2-7	09/0125	NA	1127
CASSLGLAGGQETQYF	TRBV5-1	TRBJ2-5	09/0125	NA	1143
CASSLGPSQTQYF	TRBV11-3	TRBJ2-5	09/0125	NA	843
CASRGGTSGGPREQFF	TRBV6-5	TRBJ2-1	09/0125	NA	675
CASSQLIGRGSGANVLTF	TRBV4-2	TRBJ2-6	09/0125	NA	898
CASSIRGGPQFYNEQFF	TRBV19	TRBJ2-1	09/0125	NA	872
CASSPRPENSPLHF	TRBV14	TRBJ1-6	09/0125	NA	1185
CASAINRDRQFF	TRBV12-5	TRBJ2-1	09/0125	NA	1306
CSARGQGNEQFF	TRBV20-1	TRBJ2-1	09/0125	NA	1150
CAWHRGPQETQYF	TRBV30	TRBJ2-5	09/0125	NA	1014
CASSLWGTGGTGNTIYF	TRBV5-1	TRBJ1-3	09/0125	NA	974
CSARVGGSNQPQHF	TRBV20-1	TRBJ1-5	09/0125	NA	1191
CASSQEGRGAADTQYF	TRBV4-2	TRBJ2-3	09/0125	NA	986
CASSEGHETQYF	TRBV2	TRBJ2-5	09/0125	NA	1194
CASSSPSADNTDTQYF	TRBV7-2	TRBJ2-3	09/0125	NA	1173
CASSSGTGGTGQYF	TRBV5-1	TRBJ2-7	09/0125	NA	991
CASSSRAGVPETQYF	TRBV5-1	TRBJ2-5	09/0125	NA	1092
CASSRETKVDEQFF	TRBV4-2	TRBJ2-1	09/0125	NA	1047
CASSYWYLSTDTQYF	TRBV6-6	TRBJ2-3	09/0125	NA	924
CASSPRPENSPLHF	TRBV14	TRBJ1-6	09/0125	NA	1194
CASSLIAGGKNEQFF	TRBV11-3	TRBJ2-1	09/0125	NA	1100
CSTRTGTNQPQHF	TRBV29-1	TRBJ1-5	09/0125	NA	1140
CASSFGATGTGFYNSPLHF	TRBV5-1	TRBJ1-6	09/0125	NA	894
CASSWDLGEQYF	TRBV7-2	TRBJ2-7	09/0125	NA	1395
CAAGGYSTDTQYF	TRBV6-6	TRBJ2-3	09/0125	NA	903
CASSPLAGSSSGANVLTF	TRBV28	TRBJ2-6	09/0125	NA	937
CASYRDREAFF	TRBV5-6	TRBJ1-1	09/0125	NA	1143
CASSLAAGAHTEAFF	TRBV7-2	TRBJ1-1	09/0125	NA	1396
CASSYIGEQFF	TRBV2	TRBJ2-1	09/0125	NA	1324
CAWKASNQPQHF	TRBV30	TRBJ1-5	09/0125	NA	1105
CSARDTKSPETQYF	TRBV20-1	TRBJ2-5	09/0125	NA	1099
CASSQAGTGGGSPLHF	TRBV4-1	TRBJ1-6	03/0345	NA	900
CASSLGIYNSPLHF	TRBV27	TRBJ1-6	03/0345	NA	138
CASSTPPSGTGNEQFF	TRBV5-1	TRBJ2-1	03/0345	NA	940
CASSTSYTLNEQFF	TRBV6-1	TRBJ2-1	03/0345	NA	929
CASSLDSRSGQYF	TRBV11-3	TRBJ2-7	03/0345	NA	1189
CASSPGKDTQYF	TRBV6-6	TRBJ2-3	03/0345	NA	914
CASREGTSGHEQYF	TRBV7-9	TRBJ2-7	03/0345	NA	989
CASSLSSGGTEAFF	TRBV5-1	TRBJ1-1	03/0345	NA	1003
CASSPGKDTQYF	TRBV6-6	TRBJ2-3	03/0345	NA	977
CASSRTGRLSYEQYF	TRBV6-5	TRBJ2-7	03/0345	NA	889
CASSGGGVPGSPLHF	TRBV9	TRBJ1-6	03/0345	NA	1041
CASSLTASTDTQYF	TRBV11-3	TRBJ2-3	03/0345	NA	316
CASSRDGSYEQYF	TRBV6-1	TRBJ2-7	03/0345	NA	888
CASSQWGQGRTEAFF	TRBV4-1	TRBJ1-1	03/0345	NA	1226
CATSNVRNTGELFF	TRBV15	TRBJ2-2	03/0345	NA	974
CASSLAHSTDTQYF	TRBV5-1	TRBJ2-3	03/0345	NA	1009
CATSSGSGELFF	TRBV24-1	TRBJ2-2	03/0345	NA	886
CASSTSRILQYF	TRBV6-6	TRBJ2-3	03/0345	NA	1014
CASSLEAEDTQYF	TRBV7-2	TRBJ2-3	03/0345	NA	1098
CASSPGKDTQYF	TRBV6-6	TRBJ2-3	03/0345	NA	1059
CASKKGGISNQPQHF	TRBV2	TRBJ1-5	03/0345	NA	1065
CASSPSRAEQYF	TRBV6-6	TRBJ2-7	03/0345	NA	1103
CASSQGRNEQYF	TRBV6-6	TRBJ2-7	03/0345	NA	1258
CATSRDQSPGNTEAFF	TRBV15	TRBJ1-1	03/0345	NA	1062
CSALRGGLRANVLTF	TRBV20-1	TRBJ2-6	03/0345	NA	984
CASSRRTRGEDTEAFF	TRBV7-6	TRBJ1-1	03/0345	NA	1097
CASSPGRGQSMNTEAFF	TRBV5-1	TRBJ1-1	03/0345	NA	1040
CASSFGLGEGKAFF	TRBV9	TRBJ1-1	03/0345	NA	1117
CASRMTGDTEAFF	TRBV2	TRBJ1-1	03/0345	NA	1508
CASSATVVDQETQYF	TRBV6-1	TRBJ2-5	03/0345	NA	1062
CASSPRPEGHEQYF	TRBV9	TRBJ2-7	03/0345	NA	1261
CALKGTVNTGELFF	TRBV6-1	TRBJ2-2	03/0345	NA	959
CALKGTVNTGELFF	TRBV6-1	TRBJ2-2	03/0345	NA	1004
CASGWVWVLATNEQYF	TRBV7-2	TRBJ2-3	03/0345	NA	1085
CSAMNTEAFF	TRBV29-1	TRBJ1-1	03/0345	NA	1144
CASRTGGVGGYTF	TRBV6-5	TRBJ1-2	03/0345	NA	935
CSGTGASREKLFF	TRBV20-1	TRBJ1-4	03/0345	NA	981
CASSPRPEGHEQYF	TRBV9	TRBJ2-7	03/0345	NA	1092
CSARVGGSIHEQYF	TRBV20-1	TRBJ2-7	03/0345	NA	799
CASSPGQGVQYF	TRBV6-6	TRBJ2-4	03/0345	NA	1034
CASSRSTGLLNTEAFF	TRBV3-1	TRBJ1-1	03/0345	NA	902
CASSIQGFSIQYF	TRBV19	TRBJ2-4	03/0345	NA	1129
CSARGGAWNTIYF	TRBV20-1	TRBJ1-3	03/0345	NA	1337
CASRDYQGTTPTDTQYF	TRBV5-1	TRBJ2-3	03/0345	NA	963
CASSRNRGRETQYF	TRBV12-3	TRBJ2-5	03/0345	NA	1193
CASSPGTPGSPLHF	TRBV6-4	TRBJ1-6	03/0345	NA	1216
CSARVGGSIHEQYF	TRBV20-1	TRBJ2-7	03/0345	NA	836
CASSQSRNIQYF	TRBV6-6	TRBJ2-4	03/0345	NA	1041
CATSKGARTEAFF	TRBV15	TRBJ1-1	03/0345	NA	941
CASRGRETSPLHF	TRBV2	TRBJ1-6	03/0345	NA	1190
CASSSDRARTGELFF	TRBV5-1	TRBJ2-2	03/0345	NA	1014
CASSQSRNIQYF	TRBV6-6	TRBJ2-4	03/0345	NA	1127
CASSHGQGGTEAFF	TRBV3-1	TRBJ1-1	03/0345	NA	703
CASSQGRNEQYF	TRBV6-6	TRBJ2-7	03/0345	NA	1136
CSARVGGSIHEQYF	TRBV20-1	TRBJ2-7	03/0345	NA	968
CASSTSYTLNEQFF	TRBV6-1	TRBJ2-1	03/0345	NA	1022
CASSLSLSGNTIYF	TRBV7-6	TRBJ1-3	03/0345	NA	1112
CSVDSLQSFEQFF	TRBV29-1	TRBJ2-1	03/0345	NA	1032
CASSPGRVEQFF	TRBV6-6	TRBJ2-1	03/0345	NA	977
CASSPRDRRNTIYF	TRBV11-3	TRBJ1-3	03/0345	NA	1098
CSAQTGPGNTIYF	TRBV20-1	TRBJ1-3	03/0345	NA	1019
CASSPTMGLSGGANVLTF	TRBV19	TRBJ2-6	03/0345	NA	859
CASGLVPGTDKSAQHF	TRBV12-5	TRBJ1-5	03/0345	NA	1352
CASSLGHQVHEQFF	TRBV11-3	TRBJ2-1	03/0345	NA	1077
CASSFRSSYEQYF	TRBV12-3	TRBJ2-7	03/0345	NA	1178
CASSYGRGVQFF	TRBV6-6	TRBJ2-1	03/0345	NA	1022
CASSPGTDTQYF	TRBV6-6	TRBJ2-3	03/0345	NA	1038
CASSHGQGGTEAFF	TRBV3-1	TRBJ1-1	03/0345	NA	688
CASSSNQPQHF	TRBV6-6	TRBJ1-5	03/0345	NA	990
CATSVGSYNEQFF	TRBV24-1	TRBJ2-1	03/0345	NA	1066
CASSPGASQETQYF	TRBV25-1	TRBJ2-5	03/0345	NA	1077
CASSTSYTLNEQFF	TRBV6-1	TRBJ2-1	03/0345	NA	793
CAASQGANEQFF	TRBV24-1	TRBJ2-1	03/0345	NA	1095
CASKGYRGKPLGSTEAFF	TRBV4-1	TRBJ1-1	03/0345	NA	1100
CASSVGGGGETQYF	TRBV9	TRBJ2-5	03/0345	NA	996
CASSATGGYTGELFF	TRBV6-6	TRBJ2-2	03/0345	NA	1083
CASSTGGTGNTIYF	TRBV11-3	TRBJ1-3	03/0345	NA	491
CASSLGATGKETQYF	TRBV11-3	TRBJ2-5	03/0345	NA	1036
CASSTSYTLNEQFF	TRBV6-1	TRBJ2-1	03/0345	NA	994
CASSQGWGSGTEAFF	TRBV4-3	TRBJ1-1	01/0639	NA	1045
CASSLPAYQETQYF	TRBV12-3	TRBJ2-5	01/0639	NA	1142
CASSLLLLAGAPNNEQFF	TRBV28	TRBJ2-1	01/0639	NA	562
CASSPGQDYGYTF	TRBV11-2	TRBJ1-2	01/0639	NA	1095
CASSQDPPGLAGVLNTGELFF	TRBV4-3	TRBJ2-2	01/0639	NA	878
CASSYYMDEKLFF	TRBV7-2	TRBJ1-4	01/0639	NA	1272
CASSQDFRVLYF	TRBV3-1	TRBJ2-7	01/0639	NA	321
CASSSQETQYF	TRBV27	TRBJ2-5	01/0639	NA	1084
CASSIPGSYEQYF	TRBV12-3	TRBJ2-7	01/0639	NA	1227
CSVEETENTEAFF	TRBV29-1	TRBJ1-1	01/0639	NA	1199
CATSDPGTFEAFF	TRBV24-1	TRBJ1-1	01/0639	NA	1015
CASSQGGTGSGNTIYF	TRBV4-2	TRBJ1-3	01/0639	NA	988
CSAYDPRHDKNIQYF	TRBV20-1	TRBJ2-4	01/0639	NA	1021
CASSFSETQYF	TRBV5-6	TRBJ2-5	01/0639	NA	1256
CASSPRLGRRGNTEAFF	TRBV5-6	TRBJ1-1	01/0639	NA	888
CASSQDFRVLYF	TRBV3-1	TRBJ2-7	01/0639	NA	127
CASSLPAYQETQYF	TRBV12-3	TRBJ2-5	01/0639	NA	1200
CAIRTGVSYEQYF	TRBV10-3	TRBJ2-7	01/0639	NA	861
CASSLPAYQETQYF	TRBV12-3	TRBJ2-5	01/0639	NA	1287
CASLRTASSYEQYF	TRBV6-5	TRBJ2-7	01/0639	NA	1075
CASSSQETQYF	TRBV27	TRBJ2-5	01/0639	NA	1217
CASSLPAYQETQYF	TRBV12-3	TRBJ2-5	01/0639	NA	1301
CASSTPSGTSGGLYEQYF	TRBV12-3	TRBJ2-7	01/0639	NA	1103
CASSLPAYQETQYF	TRBV12-3	TRBJ2-5	01/0639	NA	1075
CAISRDSNTGELFF	TRBV10-3	TRBJ2-2	01/0639	NA	861
CASRPLLQARPRANTEAFF	TRBV27	TRBJ1-1	01/0639	NA	844
CASSATGAGDGGNEQFF	TRBV9	TRBJ2-1	01/0639	NA	280
CASSQDFRVLYF	TRBV3-1	TRBJ2-7	01/0639	NA	86
CANQRGQGYNEQFF	TRBV2	TRBJ2-1	01/0639	NA	1503
CASSYGGAFF	TRBV6-6	TRBJ1-1	01/0639	NA	1113
CASSYPGLAGVTDTQYF	TRBV6-6	TRBJ2-3	01/0639	NA	932
CASSQGSDTQYF	TRBV10-2	TRBJ2-3	01/0639	NA	1091
CASSSGQGIGYTF	TRBV7-3	TRBJ1-2	01/0639	NA	925
CASSLSPARPGGRETQYF	TRBV12-3	TRBJ2-5	01/0639	NA	1088
CSARDLRQAEETQYF	TRBV20-1	TRBJ2-5	01/0639	NA	1056
CASSSQETQYF	TRBV27	TRBJ2-5	01/0639	NA	1134
CASSQVPGAYNSPLHF	TRBV3-1	TRBJ1-6	01/0639	NA	142
CASSLPRDRGLKVGYGYTF	TRBV5-1	TRBJ1-2	01/0639	NA	900
CASSQVAGGFYEQYF	TRBV4-3	TRBJ2-7	01/0639	NA	987
CASSDTTYEQYF	TRBV2	TRBJ2-7	01/0639	NA	957
CATLTRVYEQYF	TRBV6-1	TRBJ2-7	01/0639	NA	979
CASSLPAYQETQYF	TRBV12-3	TRBJ2-5	01/0639	NA	1108
CASSFPDGGEAFF	TRBV28	TRBJ1-1	01/0639	NA	966
CASSLELAGAYEQYF	TRBV5-1	TRBJ2-7	01/0639	NA	894
CASSLPAYQETQYF	TRBV12-3	TRBJ2-5	01/0639	NA	1235
CASSQDFRVLYF	TRBV3-1	TRBJ2-7	01/0639	NA	81
CASRTRTASNEKLFF	TRBV28	TRBJ1-4	01/0639	NA	839
CASSLDPGGNTIYF	TRBV11-2	TRBJ1-3	01/0639	NA	1204
CASSPGQDYGYTF	TRBV11-2	TRBJ1-2	01/0639	NA	1092
CASSLPAYQETQYF	TRBV12-3	TRBJ2-5	01/0639	NA	1136
CASRDRGLNTEAFF	TRBV19	TRBJ1-1	01/0639	NA	872
CASSEGGGPYEQYF	TRBV10-1	TRBJ2-7	01/0639	NA	774
CATSDPGTFEAFF	TRBV24-1	TRBJ1-1	01/0639	NA	1041
CASSSQETQYF	TRBV27	TRBJ2-5	01/0639	NA	1077
CASSSIRTGLSNQPQHF	TRBV7-2	TRBJ1-5	01/0639	NA	1287
CASSSQETQYF	TRBV27	TRBJ2-5	01/0639	NA	1078
CATSDPGTFEAFF	TRBV24-1	TRBJ1-1	01/0639	NA	1020
CASSSQETQYF	TRBV27	TRBJ2-5	01/0639	NA	1182
CASSLRETWEQYF	TRBV7-2	TRBJ2-7	01/0639	NA	1146
CASSLPAYQETQYF	TRBV12-3	TRBJ2-5	01/0639	NA	1042
CIATSGGTDTQYF	TRBV29-1	TRBJ2-3	01/0639	NA	1122
CASSLPAYQETQYF	TRBV12-3	TRBJ2-5	01/0639	NA	1178
CASSRDFEETQYF	TRBV5-1	TRBJ2-5	02/0285	NA	997
CASRPGIRWLYQPQHF	TRBV19	TRBJ1-5	02/0285	NA	1254
CASSQVGGVNEKLFF	TRBV4-1	TRBJ1-4	02/0285	NA	1021
CASSQPTSGRSYEQYF	TRBV4-1	TRBJ2-7	02/0285	NA	1100
CASSSYNEQFF	TRBV6-1	TRBJ2-1	02/0285	NA	955
CASRQGRLGTEAFF	TRBV10-2	TRBJ1-1	02/0285	NA	1001
CASSSWEGNTDTQYF	TRBV7-6	TRBJ2-3	02/0285	NA	1051
CSAYDFYRTDTQYF	TRBV20-1	TRBJ2-3	02/0285	NA	1042
CASGGDDIYRNEQFF	TRBV12-3	TRBJ2-1	02/0285	NA	1179
CSAREGTGEGEQYF	TRBV20-1	TRBJ2-7	02/0285	NA	1120
CASSHVLREGLDEQFF	TRBV4-1	TRBJ2-1	02/0285	NA	1011
CSARDKGLEGYTF	TRBV20-1	TRBJ1-2	02/0285	NA	1236
CASSPFLSSYNEQFF	TRBV11-2	TRBJ2-1	02/0285	NA	1184
CASSASGRHYEQYF	TRBV6-1	TRBJ2-7	02/0285	NA	1036
CASSLAVPTSYAVGEQFF	TRBV7-2	TRBJ2-1	02/0285	NA	1070
CAWTPGRGSYRYQPQHF	TRBV30	TRBJ1-5	02/0285	NA	1080
CASSIKPPGQEFSYEQYF	TRBV19	TRBJ2-7	02/0285	NA	974
CASSLRLAGAPRETQYF	TRBV11-1	TRBJ2-5	02/0285	NA	1074
CASSLLTSGSNDNEQFF	TRBV5-6	TRBJ2-1	02/0285	NA	1031
CASRFVGGSYQPQHF	TRBV19	TRBJ1-5	02/0285	NA	1102
CASSLPAGGPYEQYF	TRBV25-1	TRBJ2-7	02/0285	NA	1134
CASGLILAGSGETQYF	TRBV12-5	TRBJ2-5	02/0285	NA	902
CASSLVRSSGRGVETQYF	TRBV5-1	TRBJ2-5	02/0285	NA	903
CASSLVSFRGEQYF	TRBV11-2	TRBJ2-7	02/0285	NA	769
CASSFRAVNTEAFF	TRBV5-6	TRBJ1-1	02/0285	NA	1335
CASSARLGDQPQHF	TRBV9	TRBJ1-5	02/0285	NA	1122
CASSKGGTGNTIYF	TRBV5-1	TRBJ1-3	02/0285	NA	1043
CASSLRSGASNSPLHF	TRBV11-2	TRBJ1-6	02/0285	NA	1144
CASTQSTEAFF	TRBV28	TRBJ1-1	02/0285	NA	1076
CASSPEAGLGGNTIYF	TRBV4-3	TRBJ1-3	02/0285	NA	1022
CASSSAGISGNTIYF	TRBV4-1	TRBJ1-3	02/0285	NA	1062
CASSPSLVSPGRSGNTIYF	TRBV18	TRBJ1-3	02/0285	NA	790
CATIDRNTEAFF	TRBV15	TRBJ1-1	02/0285	NA	1329
CASSESRGIRPGELFF	TRBV9	TRBJ2-2	02/0285	NA	959
CASSPGGAQGVSEYF	TRBV11-2	TRBJ2-3	02/0285	NA	1152
CASSFRAVNTEAFF	TRBV5-6	TRBJ1-1	02/0285	NA	1246
CASSLTLGQGGTQYF	TRBV7-2	TRBJ2-5	02/0285	NA	1140
CASSSIKTRTGVNYGYTF	TRBV11-2	TRBJ1-2	02/0285	NA	982
CASSGGQGYSSNQPQHF	TRBV2	TRBJ1-5	02/0285	NA	883
CASSPRTLLNTEAFF	TRBV5-6	TRBJ1-1	02/0285	NA	1269
CASSGGTGNSYNEQFF	TRBV28	TRBJ2-1	02/0285	NA	1017
CSARVGGSYNSPLHF	TRBV20-1	TRBJ1-6	02/0285	NA	1082
CASSFVWGRDGTDTQYF	TRBV28	TRBJ2-3	02/0285	NA	882
CASSPGVGGLGNQPQHF	TRBV5-1	TRBJ1-5	02/0285	NA	1125
CASSPSTGNYGYTF	TRBV7-2	TRBJ1-2	02/0285	NA	1252
CASSERDFSSYNEQFF	TRBV7-3	TRBJ2-1	02/0285	NA	800
CASRPPGGPTSNTEAFF	TRBV2	TRBJ1-1	02/0285	NA	1026
CSASAPGLAGRDTQYF	TRBV20-1	TRBJ2-3	02/0285	NA	1025
CASTSFGVSPLHF	TRBV19	TRBJ1-6	02/0285	NA	958
CAISESSVETQRTEAFF	TRBV10-3	TRBJ1-1	02/0285	NA	856
CAWNPGGWTTNEKLFF	TRBV30	TRBJ1-4	02/0285	NA	1048
CASSLALGGSGANVLTF	TRBV12-3	TRBJ2-6	02/0285	NA	1067
CASSLAGGSGGYTF	TRBV7-2	TRBJ1-2	02/0285	NA	1248
CASSSGQGRSEAFF	TRBV6-2	TRBJ1-1	09/0125	NA	905
CASSLGSISYEQYF	TRBV7-9	TRBJ2-7	09/0125	NA	1218
CASKDRVNTGELFF	TRBV2	TRBJ2-2	09/0125	NA	1135
CASTEGGNEKLFF	TRBV2	TRBJ1-4	09/0125	NA	988
CSAPRPGLAAYNEQFF	TRBV20-1	TRBJ2-1	09/0125	NA	870
CASTGTSPRDNEQFF	TRBV19	TRBJ2-1	09/0125	NA	996
CASSEGPGINNEQFF	TRBV10-1	TRBJ2-1	09/0125	NA	863
CASSEGHETQYF	TRBV2	TRBJ2-5	09/0125	NA	1384
CASSQDTGRGVYF	TRBV4-1	TRBJ2-7	09/0125	NA	471
CASSLWGTGGTGNTIYF	TRBV5-1	TRBJ1-3	09/0125	NA	916
CASSSHVGGGVDEQFF	TRBV11-3	TRBJ2-1	09/0125	NA	470
CASSRAPGTGPGNYGYTF	TRBV2	TRBJ1-2	09/0125	NA	1011
CASSSQGGKDYGYTF	TRBV6-5	TRBJ1-2	09/0125	NA	1222
CASTGTSPRDNEQFF	TRBV19	TRBJ2-1	09/0125	NA	862
CASSRAPGTGPGNYGYTF	TRBV2	TRBJ1-2	09/0125	NA	1014
CASSQGSSGYTF	TRBV3-1	TRBJ1-2	09/0125	NA	1058
CASSSTGGWGYTF	TRBV12-3	TRBJ1-2	09/0125	NA	1108
CASSEGPGINNEQFF	TRBV10-1	TRBJ2-1	09/0125	NA	798
CASSATYRTREYTQYF	TRBV9	TRBJ2-3	09/0125	NA	337
CASSYERGRGTGELFF	TRBV6-2	TRBJ2-2	09/0125	NA	872
CASYRDREAFF	TRBV5-6	TRBJ1-1	09/0125	NA	1058
CASSQDHGELFF	TRBV14	TRBJ2-2	09/0125	NA	1268
CASRLPGTGDSPLHF	TRBV2	TRBJ1-6	09/0125	NA	967
CSARRVAKQETQYF	TRBV20-1	TRBJ2-5	09/0125	NA	1009
CASSPGGPNEKLFF	TRBV10-2	TRBJ1-4	09/0125	NA	1074
CASSLQGRQETQYF	TRBV7-2	TRBJ2-5	09/0125	NA	1082
CASSLEWDSSYEQYF	TRBV11-2	TRBJ2-7	09/0125	NA	1102
CASRLTSGGETQYF	TRBV2	TRBJ2-5	09/0125	NA	1102
CASSIRGGPQFYNEQFF	TRBV19	TRBJ2-1	09/0125	NA	970
CASSSHVGGGVDEQFF	TRBV11-3	TRBJ2-1	09/0125	NA	443
CASSLSGYRTGELFF	TRBV5-1	TRBJ2-2	09/0125	NA	798
CSAPMVGSRSYNEQFF	TRBV20-1	TRBJ2-1	09/0125	NA	961
CATSRVYRGLNSPLHF	TRBV15	TRBJ1-6	09/0125	NA	817
CASSLWGTGGTGNTIYF	TRBV5-1	TRBJ1-3	09/0125	NA	714
CATKGRRDGGEKLFF	TRBV19	TRBJ1-4	09/0125	NA	1158
CASSPPRAGGRETQYF	TRBV5-6	TRBJ2-5	09/0125	NA	617
CSVAETTDTQYF	TRBV29-1	TRBJ2-3	09/0125	NA	958
CASSRGTSGGAMFF	TRBV14	TRBJ2-1	09/0125	NA	985
CASSITQSSYEQYF	TRBV19	TRBJ2-7	09/0125	NA	425
CASSGSGGVRGSEQYF	TRBV7-8	TRBJ2-7	09/0125	NA	751
CASSPGQGHYNEQFF	TRBV6-2	TRBJ2-1	09/0125	NA	455
CASSLQAPTVSYEQYF	TRBV7-3	TRBJ2-7	09/0125	NA	815
CATSRALAGGTDTQYF	TRBV15	TRBJ2-3	09/0125	NA	245
CSAIAGGQTGELFF	TRBV20-1	TRBJ2-2	09/0125	NA	528
CASSYTTGLNTEAFF	TRBV6-2	TRBJ1-1	09/0125	NA	810
CAWSPRTGGMNTGELFF	TRBV30	TRBJ2-2	09/0125	NA	807
CASSLSGYRTGELFF	TRBV5-1	TRBJ2-2	09/0125	NA	830
CASSLLAGGQDTQYF	TRBV7-2	TRBJ2-3	09/0125	NA	1046
CASSMTGTATYEQYF	TRBV6-2	TRBJ2-7	09/0125	NA	781
CASSYTTGLNTEAFF	TRBV6-2	TRBJ1-1	09/0125	NA	728
CASSPGTDTGELFF	TRBV5-1	TRBJ2-2	09/0125	NA	622
CASYRDREAFF	TRBV5-6	TRBJ1-1	09/0125	NA	1196
CASSLSGYRTGELFF	TRBV5-1	TRBJ2-2	09/0125	NA	1036
CASSIRGGPQFYNEQFF	TRBV19	TRBJ2-1	09/0125	NA	837
CASYRDREAFF	TRBV5-6	TRBJ1-1	09/0125	NA	1086
CASSWDREAEQYF	TRBV7-2	TRBJ2-7	09/0125	NA	1079
CSPMGNTEAFF	TRBV20-1	TRBJ1-1	09/0125	NA	1002
CASSMTGTATYEQYF	TRBV6-2	TRBJ2-7	09/0125	NA	881
CASSLGLAGGPEEQFF	TRBV5-1	TRBJ2-1	09/0125	NA	937
CASYRDREAFF	TRBV5-6	TRBJ1-1	09/0125	NA	1163
CSARRVAKQETQYF	TRBV20-1	TRBJ2-5	09/0125	NA	934
CASSLSGYRTGELFF	TRBV5-1	TRBJ2-2	09/0125	NA	1065
CSARGNNQPQHF	TRBV20-1	TRBJ1-5	09/0125	NA	1021
CASHRDMVLHF	TRBV6-6	TRBJ1-5	09/0125	NA	1332
CASSLGLAGGPEEQFF	TRBV5-1	TRBJ2-1	09/0125	NA	869
CASSYAPPGRRETQYF	TRBV6-5	TRBJ2-5	09/0125	NA	895
CASSLLGTGNTGELFF	TRBV7-2	TRBJ2-2	09/0125	NA	981
CASSQTSGLRPYEQYF	TRBV7-2	TRBJ2-7	09/0125	NA	947
CASSLVGGSYEQYF	TRBV5-1	TRBJ2-7	09/0125	NA	1007
CAWRLQFSSTDTQYF	TRBV30	TRBJ2-3	09/0125	NA	955
CASSLSRLAGEMNEQFF	TRBV27	TRBJ2-1	09/0125	NA	968
CASTAPSGGAVGELFF	TRBV7-3	TRBJ2-2	09/0125	NA	826
CSARGQGNEQYF	TRBV20-1	TRBJ2-7	09/0125	NA	1014
CASSYDSNQPQHF	TRBV7-8	TRBJ1-5	09/0125	NA	964
CASSEGPGINNEQFF	TRBV10-1	TRBJ2-1	09/0125	NA	916
CASSKGPAGGDTQYF	TRBV19	TRBJ2-3	09/0125	NA	1076
CATRAGGSYEQYF	TRBV6-5	TRBJ2-7	09/0125	NA	962
CASTPSLAGTFTDTQYF	TRBV27	TRBJ2-3	09/0125	NA	1051
CSARKQGNEQFF	TRBV20-1	TRBJ2-1	09/0125	NA	952
CASSRQAGGATDTQYF	TRBV7-2	TRBJ2-3	09/0125	NA	942
CASSLALAGINEQFF	TRBV27	TRBJ2-1	09/0125	NA	1115
CASAINRDRQFF	TRBV12-5	TRBJ2-1	09/0125	NA	1018
CASAINRDRQFF	TRBV12-5	TRBJ2-1	09/0125	NA	1206
CASSQEFGGYTF	TRBV14	TRBJ1-2	09/0125	NA	740
CASSSTGGWGYTF	TRBV12-3	TRBJ1-2	09/0125	NA	1176
CASSLVGQDTQYF	TRBV11-2	TRBJ2-3	09/0125	NA	1060
CASSSGTGGTGQYF	TRBV5-1	TRBJ2-7	09/0125	NA	898
CASSSHVGGGVDEQFF	TRBV11-3	TRBJ2-1	09/0125	NA	417
CASSLALAGINEQFF	TRBV27	TRBJ2-1	09/0125	NA	1010
CSAGVAGGRSYNEQFF	TRBV20-1	TRBJ2-1	09/0125	NA	953
CASSLWGTGGTGNTIYF	TRBV5-1	TRBJ1-3	09/0125	NA	803
CASGLSQGTDTQYF	TRBV12-5	TRBJ2-3	09/0125	NA	838
CAYKWGAGNTEAFF	TRBV6-1	TRBJ1-1	09/0125	NA	832
CASSLSGYRTGELFF	TRBV5-1	TRBJ2-2	09/0125	NA	988
CASSGSGGSNQPQHF	TRBV6-2	TRBJ1-5	09/0125	NA	776
CASSLEISSGNTIYF	TRBV7-2	TRBJ1-3	09/0125	NA	760
CASSSTGGWGYTF	TRBV12-3	TRBJ1-2	09/0125	NA	1069
CSAPGTSGGGGNEQYF	TRBV20-1	TRBJ2-7	09/0125	NA	1172
CASSSHVGGGVDEQFF	TRBV11-3	TRBJ2-1	09/0125	NA	430
CSARLLGYGYTF	TRBV20-1	TRBJ1-2	09/0125	NA	980
CASSPRPENSPLHF	TRBV14	TRBJ1-6	09/0125	NA	1061
CASTGTSPRDNEQFF	TRBV19	TRBJ2-1	09/0125	NA	1050
CASSVAWKGAGEAFF	TRBV9	TRBJ1-1	09/0125	NA	829
CASSRVGGDGETQYF	TRBV27	TRBJ2-5	09/0125	NA	911
CAWSPGIGNQPQHF	TRBV30	TRBJ1-5	09/0125	NA	878
CAWSPGIGNQPQHF	TRBV30	TRBJ1-5	09/0125	NA	1269
CSAPGTSGGGGNEQYF	TRBV20-1	TRBJ2-7	09/0125	NA	799
CASSLGLLRGETQYF	TRBV11-2	TRBJ2-5	09/0125	NA	620
CASSMSRAPSGGAGANVLTF	TRBV19	TRBJ2-6	09/0125	NA	546
CSACRGVTHNEQFF	TRBV20-1	TRBJ2-1	09/0125	NA	874
CASSEGPGINNEQFF	TRBV10-1	TRBJ2-1	09/0125	NA	879
CATSDRASGGRGTQYF	TRBV24-1	TRBJ2-5	09/0125	NA	845
CASSEGHETQYF	TRBV2	TRBJ2-5	09/0125	NA	1081
CASSGGGADSNEQFF	TRBV5-1	TRBJ2-1	09/0125	NA	871
CASSLAGGPTGELFF	TRBV27	TRBJ2-2	09/0125	NA	818
CASSECAWYWFSPLHF	TRBV25-1	TRBJ1-6	09/0125	NA	953
CASSPGTHYNSPLHF	TRBV5-1	TRBJ1-6	01/0882	NA	749
CAWRDLRRDRGYNEKLFF	TRBV30	TRBJ1-4	01/0882	NA	1080
CASSITRDTQYF	TRBV12-3	TRBJ2-3	01/0882	NA	901
CASRTTGAYNEQFF	TRBV19	TRBJ2-1	01/0882	NA	941
CASSSTSGEADTQYF	TRBV5-1	TRBJ2-3	01/0882	NA	831
CASSVGAYSDTQYF	TRBV9	TRBJ2-3	01/0882	NA	1002
CSASKGVEGYTF	TRBV20-1	TRBJ1-2	01/0882	NA	1005
CSATDGTGSYEQYF	TRBV20-1	TRBJ2-7	01/0882	NA	862
CASSIRKGGNTEAFF	TRBV19	TRBJ1-1	01/0882	NA	936
CSASPPGGTYEQYF	TRBV20-1	TRBJ2-7	01/0882	NA	967
CASSIRKGGNTEAFF	TRBV19	TRBJ1-1	01/0882	NA	842
CASSPGTHYNSPLHF	TRBV5-1	TRBJ1-6	01/0882	NA	924
CASSIRKGGNTEAFF	TRBV19	TRBJ1-1	01/0882	NA	411
CSARGRSYNEQFF	TRBV20-1	TRBJ2-1	01/0882	NA	1141
CASSAMSSTDTQYF	TRBV6-4	TRBJ2-3	01/0882	NA	1173
CSAEGLLGNTIYF	TRBV20-1	TRBJ1-3	01/0882	NA	1084
CASSPRTGGADGELFF	TRBV5-1	TRBJ2-2	01/0882	NA	820
CSAPGQGAFGTQYF	TRBV20-1	TRBJ2-3	01/0882	NA	654
CASSSTSGEADTQYF	TRBV5-1	TRBJ2-3	01/0882	NA	888
CSAPGQGAFGTQYF	TRBV20-1	TRBJ2-3	01/0882	NA	942
CSARVRTGGAGSGYTF	TRBV20-1	TRBJ1-2	01/0882	NA	1004
CSARVRLAGGPEQFF	TRBV20-1	TRBJ2-1	01/0882	NA	1069
CASSQDRFRNYGYTF	TRBV3-1	TRBJ1-2	01/0882	NA	846
CASSVGGYADTQYF	TRBV9	TRBJ2-3	01/0882	NA	951
CSAPGQGAFGTQYF	TRBV20-1	TRBJ2-3	01/0882	NA	1040
CASSLGAGGPETQYF	TRBV7-2	TRBJ2-5	01/0882	NA	1268
CASSVGGYADTQYF	TRBV9	TRBJ2-3	01/0882	NA	729
CSARDRAFRSGELFF	TRBV20-1	TRBJ2-2	01/0882	NA	885
CAWAPRRGDSNQPQHF	TRBV30	TRBJ1-5	01/0882	NA	1086
CASSRTGGMDGYTF	TRBV10-2	TRBJ1-2	01/0882	NA	1036
CASTGTGEHGYTF	TRBV7-6	TRBJ1-2	01/0882	NA	1277
CAWNRGASNQPQHF	TRBV30	TRBJ1-5	01/0882	NA	874
CASSELSKGQILF	TRBV6-1	TRBJ2-4	01/0882	NA	1035
CASSQYVDNEQFF	TRBV4-2	TRBJ2-1	01/0882	NA	654
CSAPTRQGYNEKLFF	TRBV20-1	TRBJ1-4	01/0882	NA	745
CASSIRKGGNTEAFF	TRBV19	TRBJ1-1	01/0882	NA	908
CASSPETGKSPLHF	TRBV18	TRBJ1-6	01/0882	NA	493
CAISTGTAPYEQYF	TRBV10-3	TRBJ2-7	01/0882	NA	1011
CAWAPRRGDSNQPQHF	TRBV30	TRBJ1-5	01/0882	NA	1122
CASSLEQGKGQPQHF	TRBV18	TRBJ1-5	01/0882	NA	1076
CASSRQGASGANVLTF	TRBV12-3	TRBJ2-6	01/0882	NA	1110
CAWSARRGDSNQPQHF	TRBV30	TRBJ1-5	01/0882	NA	1135
CASSEGSNQPQHF	TRBV6-1	TRBJ1-5	01/0882	NA	843
CSATDIHTDNNEQFF	TRBV20-1	TRBJ2-1	01/0882	NA	873
CASSRTGGMDGYTF	TRBV10-2	TRBJ1-2	01/0882	NA	766
CAWIVGVPGELFF	TRBV30	TRBJ2-2	01/0882	NA	1095
CASRRSLSEKLFF	TRBV6-1	TRBJ1-4	01/0882	NA	883
CSARQGRGYTF	TRBV20-1	TRBJ1-2	01/0882	NA	1046
CSARVRDRGSNGYTF	TRBV20-1	TRBJ1-2	01/0882	NA	1007
CASSQFKRLAAGELFF	TRBV4-1	TRBJ2-2	01/0882	NA	85
CASSQYVDNEQFF	TRBV4-2	TRBJ2-1	01/0882	NA	331
CATQQGSDQPQHF	TRBV19	TRBJ1-5	01/0882	NA	768
CASSLAFGGFGNTIYF	TRBV7-2	TRBJ1-3	01/0882	NA	1139
CSARGTGGRYERTEAFF	TRBV20-1	TRBJ1-1	01/0882	NA	802
CAIRQPGSQAGGELFF	TRBV10-3	TRBJ2-2	01/0882	NA	478
CASSPQGPQGSPQHF	TRBV4-1	TRBJ1-5	01/0882	NA	98
CSARGRFASDRGGKLFF	TRBV20-1	TRBJ1-4	01/0882	NA	854
CASSIRKGGNTEAFF	TRBV19	TRBJ1-1	01/0882	NA	974
CASSPYRQGGTGELFF	TRBV19	TRBJ2-2	01/0873	NA	818
CASSIYRGTQVNTEAFF	TRBV19	TRBJ1-1	01/0873	NA	1253
CASSPYRQGGTGELFF	TRBV19	TRBJ2-2	01/0873	NA	1056
CASTPGNDGGVVSPLHF	TRBV5-1	TRBJ1-6	01/0873	NA	762
CASSYPGTGNEKLFF	TRBV6-6	TRBJ1-4	01/0873	NA	1015
CASSLGGGRNSYEQYF	TRBV5-1	TRBJ2-7	01/0873	NA	986
CASSSDGMVDEQFF	TRBV5-6	TRBJ2-1	01/0873	NA	1241
CASSHGGTSGGGELFF	TRBV4-3	TRBJ2-2	01/0873	NA	114
CASTPPGGSNTEAFF	TRBV19	TRBJ1-1	01/0873	NA	989
CASTQGVREQYF	TRBV6-1	TRBJ2-7	01/0873	NA	1132
CASSLFSGGLAKNIQYF	TRBV5-6	TRBJ2-4	01/0873	NA	949
CASSLEETQYF	TRBV7-2	TRBJ2-5	01/0873	NA	1224
CASSLAGGRVGYEQYF	TRBV5-1	TRBJ2-7	01/0873	NA	976
CASSQMSGRGTDTQYF	TRBV4-2	TRBJ2-3	01/0873	NA	804
CASSRSTRTRGDTQYF	TRBV7-8	TRBJ2-3	01/0873	NA	962
CASSTTSGGARDTQYF	TRBV7-8	TRBJ2-3	01/0873	NA	902
CASLPGMGVPDYGYTF	TRBV5-6	TRBJ1-2	01/0873	NA	1164
CASRREVGAGNTIYF	TRBV7-3	TRBJ1-3	01/0873	NA	154
CASRPGQSEGHGYTF	TRBV19	TRBJ1-2	01/0873	NA	1085
CASSQDMRTGTNEKLFF	TRBV4-2	TRBJ1-4	01/0873	NA	1069
CASSQYVDNEQFF	TRBV4-2	TRBJ2-1	01/0873	NA	546
CASTQGVREQYF	TRBV6-1	TRBJ2-7	01/0873	NA	865
CASSKGEGAGETQYF	TRBV11-3	TRBJ2-5	01/0873	NA	1051
CASSLGEDQPQHF	TRBV11-1	TRBJ1-5	01/0873	NA	1329
CASSYPGQGNEKLFF	TRBV6-6	TRBJ1-4	01/0873	NA	948
CASSPLAGGPTDTQYF	TRBV2	TRBJ2-3	01/0873	NA	920
CASTLEVYTGELFF	TRBV4-2	TRBJ2-2	01/0873	NA	3133
CSARSRTGKRLETQYF	TRBV20-1	TRBJ2-5	01/0873	NA	2534
CATRTGVSAKNIQYF	TRBV15	TRBJ2-4	01/0873	NA	2361
CASRREVGAGNTIYF	TRBV7-3	TRBJ1-3	01/0873	NA	1318
CASSLGGGRNSYEQYF	TRBV5-1	TRBJ2-7	01/0873	NA	2698
CASSQGYTEAFF	TRBV4-1	TRBJ1-1	01/0873	NA	2956
CASSKGEGAGETQYF	TRBV11-3	TRBJ2-5	01/0873	NA	2788
CATPTGTGHGYTF	TRBV19	TRBJ1-2	01/0873	NA	938
CASSVALAGAEYF	TRBV9	TRBJ2-3	01/0873	NA	952
CASSGTGGMNTEAFF	TRBV6-6	TRBJ1-1	01/0873	NA	706
CASSSRVAGGETQYF	TRBV7-2	TRBJ2-5	01/0873	NA	871
CASSWQGVADTQYF	TRBV6-2	TRBJ2-3	01/0873	NA	672
CASSPNGIMNTEAFF	TRBV7-6	TRBJ1-1	01/0873	NA	974
CASSGTGGMNTEAFF	TRBV6-6	TRBJ1-1	01/0873	NA	538
CASSRQTSDYGYTF	TRBV6-1	TRBJ1-2	01/0873	NA	979
CASFKGTANYGYTF	TRBV2	TRBJ1-2	01/0873	NA	1060
CASSLDVSGARGYTF	TRBV7-2	TRBJ1-2	01/0873	NA	980
CASSTSGLAKNIQYF	TRBV7-6	TRBJ2-4	01/0873	NA	1302
CASSPRQLALAVEKLFF	TRBV27	TRBJ1-4	01/0873	NA	1011
CASSQYVDNEQFF	TRBV4-2	TRBJ2-1	01/0873	NA	445
CATSALTGPGDEQFF	TRBV24-1	TRBJ2-1	01/0873	NA	534
CASSPLAGGPTDTQYF	TRBV2	TRBJ2-3	01/0873	NA	825
CASSFGLDPYTDTQYF	TRBV5-6	TRBJ2-3	01/0873	NA	1103
CASSTTSGGARDTQYF	TRBV7-8	TRBJ2-3	01/0873	NA	1111
CASSQRGTAGANEKLFF	TRBV7-6	TRBJ1-4	01/0873	NA	1010
CASSIVLTGELFF	TRBV19	TRBJ2-2	01/0873	NA	1072
CASSIGGQGTEAFF	TRBV7-3	TRBJ1-1	01/0873	NA	1013
CASSQYVDNEQFF	TRBV4-2	TRBJ2-1	01/0873	NA	450
CASSTTSGGARDTQYF	TRBV7-8	TRBJ2-3	01/0873	NA	689
CASRPGQSEGHGYTF	TRBV19	TRBJ1-2	01/0873	NA	931
CASSPGTENNSPLHF	TRBV6-1	TRBJ1-6	01/0873	NA	829
CASRPGQSEGHGYTF	TRBV19	TRBJ1-2	01/0873	NA	664
CASRGQGSRSYNSPLHF	TRBV6-1	TRBJ1-6	01/0873	NA	839
CASSLEETQYF	TRBV7-2	TRBJ2-5	01/0873	NA	1253
CASSPNGIMNTEAFF	TRBV7-6	TRBJ1-1	01/0873	NA	984
CSAGGPQIADTQYF	TRBV29-1	TRBJ2-3	01/0873	NA	1014
CASSQYVDNEQFF	TRBV4-2	TRBJ2-1	01/0873	NA	277
CASSPNGIMNTEAFF	TRBV7-6	TRBJ1-1	01/0873	NA	1101
CSVDRDGDGEAFF	TRBV29-1	TRBJ1-1	01/0873	NA	899
CASSLEETQYF	TRBV7-2	TRBJ2-5	01/0873	NA	1206
CASSALLGGNTIYF	TRBV6-1	TRBJ1-3	01/0873	NA	811
CSAPLAGGRETQYF	TRBV20-1	TRBJ2-5	09/0217	NA	734
CAWRGHPEETQYF	TRBV30	TRBJ2-5	09/0217	NA	1207
CSALSFGRGGGELFF	TRBV20-1	TRBJ2-2	09/0217	NA	1212
CASSQDNSKNIQYF	TRBV18	TRBJ2-4	09/0217	NA	1094
CASSLRGIGYTF	TRBV12-3	TRBJ1-2	09/0217	NA	939
CASSLEAVNTEAFF	TRBV7-2	TRBJ1-1	09/0217	NA	1093
CAWRGHPEETQYF	TRBV30	TRBJ2-5	09/0217	NA	954
CSATRPGQRSYNEQFF	TRBV20-1	TRBJ2-1	09/0217	NA	1130
CASSQVTSGTFTDTQYF	TRBV3-1	TRBJ2-3	09/0217	NA	731
CASSRGQGNEPQHF	TRBV5-1	TRBJ1-5	09/0217	NA	1095
CASSLQGQLTEAFF	TRBV18	TRBJ1-1	09/0217	NA	798
CASSLRGIGYTF	TRBV12-3	TRBJ1-2	09/0217	NA	1328
CASSREGGLAAYEQYF	TRBV7-2	TRBJ2-7	09/0217	NA	1064
CASSQVTSGTFTDTQYF	TRBV3-1	TRBJ2-3	09/0217	NA	373
CASSQDETSGRYEQFF	TRBV4-1	TRBJ2-1	09/0217	NA	961
CASSLGGTKNIQYF	TRBV7-2	TRBJ2-4	09/0217	NA	1129
CASSPFGGLAGGEQYF	TRBV7-2	TRBJ2-7	09/0217	NA	1184
CSAGLAGARSYNEQFF	TRBV20-1	TRBJ2-1	09/0217	NA	1139
CASSDRDRSHNEQFF	TRBV9	TRBJ2-1	09/0217	NA	1565
CASSGGGDTQYF	TRBV6-1	TRBJ2-4	09/0217	NA	632
CASRPGQYASPLHF	TRBV6-1	TRBJ1-6	09/0217	NA	922
CSARPGARTEAFF	TRBV20-1	TRBJ1-1	09/0217	NA	1156
CASFKEGLEGYTF	TRBV5-1	TRBJ1-2	09/0217	NA	900
CSARDPRDRGLSKQFF	TRBV20-1	TRBJ2-1	09/0217	NA	839
CSARDPRDRGLSKQFF	TRBV20-1	TRBJ2-1	09/0217	NA	932
CASYPTGQGAPITDTQYF	TRBV5-1	TRBJ2-3	09/0217	NA	926
CSARDPRDRGLSKQFF	TRBV20-1	TRBJ2-1	09/0217	NA	865
CASSGGGDTQYF	TRBV6-1	TRBJ2-4	09/0217	NA	491
CASSQVTSGTFTDTQYF	TRBV3-1	TRBJ2-3	09/0217	NA	715
CASSLVRDDEQYF	TRBV5-1	TRBJ2-7	09/0217	NA	1293
CASSLERHSDEQYF	TRBV5-1	TRBJ2-7	09/0217	NA	1273
CSASRTSRDSYEQYF	TRBV20-1	TRBJ2-7	09/0217	NA	549
CASSWEGRANQPQHF	TRBV2	TRBJ1-5	09/0217	NA	998
CASSLGGNTEAFF	TRBV5-1	TRBJ1-1	09/0217	NA	1063
CASSPFGGLAGGEQYF	TRBV7-2	TRBJ2-7	09/0217	NA	1090
CSASRTSRDSYEQYF	TRBV20-1	TRBJ2-7	09/0217	NA	1226
CASSPSYPPRVNEQFF	TRBV18	TRBJ2-1	09/0217	NA	1058
CASSQRGRSATNEKLFF	TRBV4-1	TRBJ1-4	09/0217	NA	856
CASSLQGVKNNEQFF	TRBV5-1	TRBJ2-1	09/0217	NA	1161
CASSILYSGGADNEQFF	TRBV5-6	TRBJ2-1	09/0217	NA	1032
CASSQVERGTYEQYF	TRBV3-1	TRBJ2-7	09/0217	NA	900
CASSSRTSGSYEQYF	TRBV7-2	TRBJ2-7	09/0217	NA	1401
CASSHQLVGWGTDTQYF	TRBV4-1	TRBJ2-3	09/0217	NA	1282
CASSGGGDTQYF	TRBV6-1	TRBJ2-4	09/0217	NA	681
CASSPTGPNQPQHF	TRBV18	TRBJ1-5	09/0217	NA	973
CASSPFGGLAGGEQYF	TRBV7-2	TRBJ2-7	09/0217	NA	1089
CSARDPRDRGLSKQFF	TRBV20-1	TRBJ2-1	09/0217	NA	962
CASRRDGSFATNEKLFF	TRBV6-1	TRBJ1-4	09/0217	NA	842
CASSPFGGLAGGEQYF	TRBV7-2	TRBJ2-7	09/0217	NA	1269
CASSVGTDSPQNF	TRBV7-8	TRBJ2-7	09/0217	NA	1030
CASSPGLGTGELFF	TRBV7-2	TRBJ2-2	09/0217	NA	1051
CASSQGSGSRGEQFF	TRBV3-1	TRBJ2-1	09/0217	NA	748
CASSIGPIGRNTEAFF	TRBV19	TRBJ1-1	09/0217	NA	1073
CASSQVLGDTQYF	TRBV4-2	TRBJ2-3	09/0217	NA	423
CASSTRDRGAYEQYF	TRBV7-2	TRBJ2-7	09/0217	NA	1072
CSARAPQATEAFF	TRBV20-1	TRBJ1-1	09/0217	NA	1418
CASSGGGDTQYF	TRBV6-1	TRBJ2-4	09/0217	NA	678
CSASRLDDRGLGTNEKLFF	TRBV20-1	TRBJ1-4	09/0217	NA	828
CASSGGGDTQYF	TRBV6-1	TRBJ2-4	09/0217	NA	529
CASSLASPREAQYF	TRBV7-2	TRBJ2-5	09/0217	NA	109
CASRFSGSTDTQYF	TRBV19	TRBJ2-3	09/0217	NA	915
CSAFRRTYLF	TRBV20-1	TRBJ1-1	09/0217	NA	1325
CASSPDRGDTGELFF	TRBV11-3	TRBJ2-2	09/0217	NA	966
CASSLVTSGGADNEQFF	TRBV5-6	TRBJ2-1	09/0217	NA	1239
CSARERTGDSPLHF	TRBV20-1	TRBJ1-6	01/0385	NA	991
CASSFDLAGAGELFF	TRBV5-1	TRBJ2-2	01/0385	NA	772
CASSQESLAGYGEQFF	TRBV3-1	TRBJ2-1	01/0385	NA	649
CASSSQGRGGYTF	TRBV6-5	TRBJ1-2	01/0385	NA	753
CASRGTGDQPQHF	TRBV4-1	TRBJ1-5	01/0385	NA	991
CASSQTRISYNEQFF	TRBV12-3	TRBJ2-1	01/0385	NA	889
CSANRAGKGPFSYEQYF	TRBV20-1	TRBJ2-7	01/0385	NA	697
CASSVDAGRETQYF	TRBV9	TRBJ2-5	01/0385	NA	943
CASSLRDTGFRTYEQYF	TRBV11-2	TRBJ2-7	01/0385	NA	880
CASSPRTSLTNTGELFF	TRBV18	TRBJ2-2	01/0385	NA	441
CSAYHRTGPNQPQHF	TRBV20-1	TRBJ1-5	01/0385	NA	967
CSASPRGLSRTDTQYF	TRBV20-1	TRBJ2-3	01/0385	NA	886
CASSVAGAQETQYF	TRBV9	TRBJ2-5	01/0385	NA	990
CASSPYGGAGANVLTF	TRBV5-1	TRBJ2-6	01/0385	NA	666
CASSFGTGDNEQFF	TRBV5-1	TRBJ2-1	01/0385	NA	702
CASSLATGNYGYTF	TRBV7-2	TRBJ1-2	01/0385	NA	229
CSARQYTEQFF	TRBV20-1	TRBJ2-1	01/0385	NA	776
CASSQPRLAGSKNIQYF	TRBV4-1	TRBJ2-4	01/0385	NA	776
CSARERTGDSPLHF	TRBV20-1	TRBJ1-6	01/0385	NA	902
CSASDRGTGNTIYF	TRBV20-1	TRBJ1-3	01/0385	NA	926
CASSRNKQGSNYEQYF	TRBV6-5	TRBJ2-7	01/0385	NA	800
CASSLVSLLRGLAGDEQFF	TRBV7-9	TRBJ2-1	01/0385	NA	1009
CASSIDRLSGYTF	TRBV2	TRBJ1-2	01/0385	NA	834
CASSLAGGLTQETQYF	TRBV2	TRBJ2-5	01/0385	NA	936
CSAARGATNEKLFF	TRBV20-1	TRBJ1-4	01/0385	NA	863
CASSLVQGAGGELFF	TRBV5-1	TRBJ2-2	01/0385	NA	166
CASSQTGVRTDTQYF	TRBV4-1	TRBJ2-3	01/0385	NA	1011
CSARVGEGYTF	TRBV20-1	TRBJ1-2	01/0385	NA	1038
CASSFGTGDSPLHF	TRBV5-1	TRBJ1-6	01/0385	NA	871
CASSVGGTGLPGELFF	TRBV9	TRBJ2-2	01/0385	NA	885
CASSPWPGDYGYTF	TRBV5-6	TRBJ1-2	01/0385	NA	1261
CASSQASGTRNSYNEQFF	TRBV4-1	TRBJ2-1	01/0385	NA	930
CSARTGGFTEAFF	TRBV20-1	TRBJ1-1	01/0385	NA	925
CASSSLAAGQETQYF	TRBV7-2	TRBJ2-5	01/0385	NA	1023
CSAPGHQETQYF	TRBV20-1	TRBJ2-5	01/0385	NA	1025
CAISELAGGNEQFF	TRBV10-3	TRBJ2-1	01/0385	NA	824
CASSSLAAGQETQYF	TRBV7-2	TRBJ2-5	01/0385	NA	913
CSASGTTYSYEQYF	TRBV20-1	TRBJ2-7	01/0385	NA	916
CSARDRRGNQPQHF	TRBV20-1	TRBJ1-5	01/0385	NA	975
CASSQEGTGGMQEKLFF	TRBV4-1	TRBJ1-4	01/0385	NA	870
CASSQGQLETQYF	TRBV14	TRBJ2-5	01/0385	NA	1047
CSAADRADTEAFF	TRBV20-1	TRBJ1-1	01/0385	NA	1011
CSARVGEGYTF	TRBV20-1	TRBJ1-2	01/0385	NA	1144
CSAPGTRSYIQYF	TRBV20-1	TRBJ2-4	01/0385	NA	856
CASSLSWRKRQETQYF	TRBV7-8	TRBJ2-5	01/0385	NA	949
CSASLTLTYNSPLHF	TRBV20-1	TRBJ1-6	01/0385	NA	803
CASSLSQPDTQYF	TRBV7-2	TRBJ2-3	01/0385	NA	1055
CASSSGGLIAKNIQYF	TRBV6-2	TRBJ2-4	01/0385	NA	283
CASGLAPGWANEKLFF	TRBV12-5	TRBJ1-4	01/0385	NA	994
CSARVGEGYTF	TRBV20-1	TRBJ1-2	01/0385	NA	1020
CASSSLAAGQETQYF	TRBV7-2	TRBJ2-5	01/0385	NA	1060
CATSAASTGRHEKLFF	TRBV24-1	TRBJ1-4	01/0385	NA	951
CASSPLANTQYF	TRBV7-8	TRBJ2-3	01/0385	NA	1064
CASSPTGRTLYEQYF	TRBV5-1	TRBJ2-7	01/0385	NA	966
CASGLVLGREGNQPQHF	TRBV12-5	TRBJ1-5	01/0385	NA	855
CAWSPNPFRRGPNQPQHF	TRBV30	TRBJ1-5	01/0385	NA	1023
CSASSGGEAFF	TRBV20-1	TRBJ1-1	01/0385	NA	1203
CASSFARDYGYTF	TRBV12-3	TRBJ1-2	01/0385	NA	1064
CASSRNDYEQYF	TRBV18	TRBJ2-7	01/0385	NA	797
CASSQLGRTYNSPLHF	TRBV4-1	TRBJ1-6	01/0385	NA	1000
CASSLDPSGSQETQYF	TRBV7-2	TRBJ2-5	01/0385	NA	1100
CASSQFHTVSGNTIYF	TRBV4-1	TRBJ1-3	01/0385	NA	834
CSVVRGAGTGELFF	TRBV29-1	TRBJ2-2	01/0385	NA	941
CSAQPGGPYNEQFF	TRBV20-1	TRBJ2-1	01/0385	NA	1075
CAWNEGGTYSPLHF	TRBV30	TRBJ1-6	01/0385	NA	1167
CASSSISGPSEAFF	TRBV2	TRBJ1-1	01/0385	NA	433
CASSLGTYYEQYF	TRBV7-6	TRBJ2-7	01/0385	NA	862
CASSSGQGDTQYF	TRBV19	TRBJ2-3	01/0385	NA	685
CSAMRAGTYEQYF	TRBV20-1	TRBJ2-7	01/0385	NA	1124
CSARNRGNTGELFF	TRBV20-1	TRBJ2-2	01/0385	NA	1023
CASSSLAAGQETQYF	TRBV7-2	TRBJ2-5	01/0385	NA	1012
CSAQAGAPAEQYF	TRBV20-1	TRBJ2-7	01/0385	NA	839
CSVQQGGEAFF	TRBV20-1	TRBJ1-1	01/0385	NA	705
CSALTQDRGFYGYTF	TRBV20-1	TRBJ1-2	01/0385	NA	1028
CATSDSFGVDGYTF	TRBV24-1	TRBJ1-2	01/0385	NA	959
CSARVGEGYTF	TRBV20-1	TRBJ1-2	01/0385	NA	1000
CASRRPRDSYNEQYF	TRBV6-6	TRBJ2-1	01/0385	NA	883
CASRPDRGWSEAFF	TRBV12-3	TRBJ1-1	01/0385	NA	964
CSAQAGAPAEQYF	TRBV20-1	TRBJ2-7	01/0385	NA	616
CSARATGTNTEAFF	TRBV20-1	TRBJ1-1	01/0385	NA	909
CASSSPPGAGHEQYF	TRBV25-1	TRBJ2-7	01/0385	NA	1026
CASTAGVPGNTIYF	TRBV2	TRBJ1-3	01/0385	NA	984
CASSLGIGETQYF	TRBV5-1	TRBJ2-5	01/0385	NA	940
CSAQAGAPAEQYF	TRBV20-1	TRBJ2-7	01/0385	NA	895
CSASGTTYSYEQYF	TRBV20-1	TRBJ2-7	01/0385	NA	925
CASSPASGGAEQYF	TRBV18	TRBJ2-7	01/0385	NA	1025
CASSGHLGTEAFF	TRBV5-1	TRBJ1-1	01/0882	NA	1061
CASSARLGPSGNSPLHF	TRBV9	TRBJ1-6	01/0882	NA	908
CASSPAGSRGYTF	TRBV7-8	TRBJ1-2	01/0882	NA	923
CATSDPHTEAFF	TRBV24-1	TRBJ1-1	01/0882	NA	1204
CASKAGPSNQPQHF	TRBV6-1	TRBJ1-5	01/0882	NA	1039
CASSEITGQETQYF	TRBV6-6	TRBJ2-5	01/0882	NA	1006
CSASPTGGFLDEQYF	TRBV20-1	TRBJ2-7	01/0882	NA	999
CSASGYSGNTIYF	TRBV20-1	TRBJ1-3	01/0882	NA	1067
CASSVARVGYEQYF	TRBV6-1	TRBJ2-7	01/0882	NA	983
CASSHRPDWNEKLFF	TRBV27	TRBJ1-4	01/0882	NA	1111
CASHPSAGQGSSPLHF	TRBV19	TRBJ1-6	01/0882	NA	624
CSARPTPSGQFF	TRBV20-1	TRBJ2-1	01/0882	NA	938
CAWSSKGDTDTQYF	TRBV30	TRBJ2-3	01/0882	NA	1089
CASSLGQGWGYTF	TRBV5-1	TRBJ1-2	01/0882	NA	1276
CSARLNRDRESGYTF	TRBV20-1	TRBJ1-2	01/0882	NA	918
CASSSAQSGTDTQYF	TRBV5-1	TRBJ2-3	01/0882	NA	1138
CASRAPGPGEQYF	TRBV3-1	TRBJ2-7	01/0882	NA	1132
CASSRDTYSNQPQHF	TRBV6-1	TRBJ1-5	01/0882	NA	1005
CASSEITGQETQYF	TRBV6-6	TRBJ2-5	01/0882	NA	1149
CASSYSRDGGYTF	TRBV6-5	TRBJ1-2	01/0882	NA	994
CASSRGQGWDGYTF	TRBV11-2	TRBJ1-2	01/0882	NA	1166
CSAIPGAYTGELFF	TRBV20-1	TRBJ2-2	01/0882	NA	1169
CASRQGAFTEAFF	TRBV12-3	TRBJ1-1	01/0882	NA	1064
CASSASTGRVETQYF	TRBV5-1	TRBJ2-5	01/0882	NA	886
CASSLVGQANSPLHF	TRBV7-2	TRBJ1-6	01/0882	NA	1062
CASSPDRVDGYTF	TRBV19	TRBJ1-2	01/0882	NA	1055
CASSLERTGVTGYTF	TRBV11-2	TRBJ1-2	01/0882	NA	1185
CAISERAAGYPSYNEQFF	TRBV10-3	TRBJ2-1	01/0882	NA	970
CASSPSKGGQNTEAFF	TRBV12-3	TRBJ1-1	01/0882	NA	1227
CASRRGLAGGLDTGELFF	TRBV5-6	TRBJ2-2	01/0882	NA	1195
CSARGAGGSWETQYF	TRBV20-1	TRBJ2-5	01/0882	NA	952
CAWAPPMRGQPQHF	TRBV30	TRBJ1-5	01/0882	NA	1264
CASSPPGQGNSPLHF	TRBV3-1	TRBJ1-6	01/0882	NA	912
CASSPDHGIEKLFF	TRBV4-2	TRBJ1-4	01/0882	NA	909
CASSTPGLAANTGELFF	TRBV7-3	TRBJ2-2	01/0882	NA	950
CASSLGGLTEAFF	TRBV7-2	TRBJ1-1	01/0882	NA	1279
CSVEARDYQYF	TRBV29-1	TRBJ2-7	01/0882	NA	1194
CASSPPGQGNSPLHF	TRBV3-1	TRBJ1-6	01/0882	NA	889
CASSPPGQGNSPLHF	TRBV3-1	TRBJ1-6	01/0882	NA	927
CASRKTRGPYEQYF	TRBV19	TRBJ2-7	01/0882	NA	1101
CASSEWGGAYGGYTF	TRBV25-1	TRBJ1-2	01/0882	NA	1246
CASSLTGKETQYF	TRBV11-2	TRBJ2-5	01/0882	NA	1392
CAGSRVQSSYEQYF	TRBV2	TRBJ2-7	01/0882	NA	1057
CSVGQGVRETQYF	TRBV29-1	TRBJ2-5	01/0882	NA	1140
CAWSGLGSGGLLEQYF	TRBV30	TRBJ2-7	01/0882	NA	897
CASSPGDRDQETQYF	TRBV7-3	TRBJ2-5	01/0882	NA	770
CASSRGTESNTEAFF	TRBV5-1	TRBJ1-1	01/0882	NA	1174
CSAPGQGAFGTQYF	TRBV20-1	TRBJ2-3	01/0882	NA	893
CASSQLRGREQYF	TRBV3-1	TRBJ2-7	01/0882	NA	841
CATSETRDFHEQFF	TRBV24-1	TRBJ2-1	01/0882	NA	243
CATSDATGGFPQPQHF	TRBV24-1	TRBJ1-5	01/0882	NA	1035
CASSIGLAGARRQFF	TRBV19	TRBJ2-1	01/0882	NA	1100
CSVVFAGALLSYNEQFF	TRBV29-1	TRBJ2-1	01/0882	NA	870
CASSIRKGGNTEAFF	TRBV19	TRBJ1-1	01/0882	NA	1391
CASSLDSAGDGTGELFF	TRBV11-3	TRBJ2-2	01/0882	NA	1002
CASSLATGTSGNTIYF	TRBV5-1	TRBJ1-3	01/0882	NA	828
CASTLSRAGGHEQFF	TRBV7-3	TRBJ2-1	01/0882	NA	848
CASSQEVGSGAFF	TRBV14	TRBJ1-1	01/0882	NA	1158
CASSRDSPGNTIYF	TRBV12-3	TRBJ1-3	01/0882	NA	1065
CASSSRDRGPYEQYF	TRBV9	TRBJ2-7	01/0882	NA	1058
CASSTPPAQFGYGYTF	TRBV6-1	TRBJ1-2	01/0882	NA	947
CAWSARRGDSNQPQHF	TRBV30	TRBJ1-5	01/0882	NA	1178
CASSPRERGGSGELFF	TRBV11-3	TRBJ2-2	01/0882	NA	1118
CASSVGAYSDTQYF	TRBV9	TRBJ2-3	01/0882	NA	1051
CASRVSLGYRETQYF	TRBV25-1	TRBJ2-5	01/0882	NA	1190
CASSTSGRTYGYTF	TRBV6-5	TRBJ1-2	01/0882	NA	895
CASSLGTVNSPLHF	TRBV11-3	TRBJ1-6	01/0882	NA	1073
CASSRGTESNTEAFF	TRBV5-1	TRBJ1-1	01/0882	NA	1340
CASSLDTGGIYEQYF	TRBV5-1	TRBJ2-7	01/0882	NA	875
CASSSSGTPSTDTQYF	TRBV5-1	TRBJ2-3	01/0882	NA	1136
CASSQEGTGFSPLHF	TRBV14	TRBJ1-6	01/0882	NA	135
CSVGLAGLYNEQFF	TRBV29-1	TRBJ2-1	01/0882	NA	1086
CSARLNRDRESGYTF	TRBV20-1	TRBJ1-2	01/0882	NA	1011
CASGSYTGELFF	TRBV6-1	TRBJ2-2	01/0882	NA	864
CASRQGRGMNTEAFF	TRBV2	TRBJ1-1	01/0882	NA	1175
CASTKSNYNEQFF	TRBV28	TRBJ2-1	01/0882	NA	825
CASSLDSQEQISYEQYF	TRBV11-2	TRBJ2-7	01/0882	NA	715
CSVEARDYQYF	TRBV29-1	TRBJ2-7	01/0882	NA	1058
CASSPGVEQYF	TRBV18	TRBJ2-7	01/0882	NA	1177
CSARAGRLEQPQHF	TRBV20-1	TRBJ1-5	01/0882	NA	965
CASSLATGQGSNSPLHF	TRBV27	TRBJ1-6	01/0882	NA	1018
CASSLGGGDYGYTF	TRBV11-2	TRBJ1-2	01/0882	NA	1272
CASSPYNQPQHF	TRBV7-2	TRBJ1-5	01/0882	NA	1071
CASSHRPDWNEKLFF	TRBV27	TRBJ1-4	01/0882	NA	1084
CASELWRGGLGTGELFF	TRBV11-1	TRBJ2-2	01/0882	NA	1058
CASTTGPNSPLHF	TRBV9	TRBJ1-6	01/0882	NA	940
CASSARDRVHNEQFF	TRBV9	TRBJ2-1	01/0882	NA	1049
CASSLEQGKGQPQHF	TRBV18	TRBJ1-5	01/0882	NA	944
CASSSSRRGNSYNEQFF	TRBV11-3	TRBJ2-1	01/0882	NA	1008
CAISEILSEQYF	TRBV10-3	TRBJ2-7	01/0882	NA	993
CASSLGGGAYTQYF	TRBV27	TRBJ2-3	01/0882	NA	582
CASSLATGTSGNTIYF	TRBV5-1	TRBJ1-3	01/0882	NA	796
CATSSPSRQNYGYTF	TRBV24-1	TRBJ1-2	01/0882	NA	904
CASSLGRSTGELFF	TRBV5-1	TRBJ2-2	01/0882	NA	1030
CASSEGHSYEQYF	TRBV6-1	TRBJ2-7	01/0882	NA	870
CASSLRLRSTDTQYF	TRBV11-1	TRBJ2-3	01/0882	NA	1216
CASSPAEDTQYF	TRBV9	TRBJ2-3	01/0882	NA	861
CASSEYAGGAYGYTF	TRBV6-1	TRBJ1-2	01/0882	NA	746
CASSLAGVVSSGNTIYF	TRBV28	TRBJ1-3	01/0882	NA	926
CASSSRTEGNTIYF	TRBV11-3	TRBJ1-3	01/0882	NA	1013
CASRYGQGSYEQYF	TRBV5-1	TRBJ2-7	01/0882	NA	974
CASSQGQGLSSPLHF	TRBV14	TRBJ1-6	01/0882	NA	1072
CASSYQGSSSGANVLTF	TRBV6-5	TRBJ2-6	01/0882	NA	917
CASSLARGASYNEQFF	TRBV12-3	TRBJ2-1	01/0882	NA	1057
CASSQTSGGDDEQFF	TRBV12-3	TRBJ2-1	01/0882	NA	1131
CASSYQGATGEQYF	TRBV7-2	TRBJ2-7	01/0882	NA	913
CASSEGTGTRTGELFF	TRBV5-1	TRBJ2-2	01/0882	NA	564
CASSQGPRGGYTF	TRBV3-1	TRBJ1-2	01/0882	NA	908
CASSPRTGGPGTEAFF	TRBV14	TRBJ1-1	01/0882	NA	942
CSAATGPHGDTQYF	TRBV20-1	TRBJ2-3	01/0882	NA	1044
CASSPPSSGGAGELFF	TRBV7-2	TRBJ2-2	01/0882	NA	1022
CASSVENAFVSVGEQYF	TRBV9	TRBJ2-7	01/0882	NA	943
CSVEGGGYGYTF	TRBV29-1	TRBJ1-2	01/0882	NA	915
CASSFRELFF	TRBV11-2	TRBJ2-2	01/0882	NA	1141
CASSIDQNYGYTF	TRBV19	TRBJ1-2	01/0882	NA	1127
CASSLGPITARSF	TRBV27	TRBJ1-2	01/0882	NA	1111
CSAPTQGTQYF	TRBV20-1	TRBJ2-5	01/0882	NA	1016
CATSDEGPDTQYF	TRBV24-1	TRBJ2-3	01/0882	NA	993
CASSQRRGDSSTDTQYF	TRBV4-2	TRBJ2-3	01/0882	NA	284
CASSGESWEQTQYF	TRBV7-2	TRBJ2-5	01/0882	NA	1031
CASSLQGAYGYTF	TRBV7-6	TRBJ1-2	01/0882	NA	1066
CASSLWTGRGVPLHF	TRBV28	TRBJ1-6	01/0882	NA	847
CATSRDSTEMVSTF	TRBV15	TRBJ1-2	01/0882	NA	783
CASSIIGQGDIYGYTF	TRBV19	TRBJ1-2	01/0882	NA	1028
CASRLEYSGYTF	TRBV19	TRBJ1-2	01/0882	NA	979
CASSRRTDTQYF	TRBV11-2	TRBJ2-3	01/0882	NA	1186
CASSARQGAGYGYTF	TRBV27	TRBJ1-2	01/0882	NA	1083
CASSLDGGAGQPQHF	TRBV11-2	TRBJ1-5	01/0882	NA	911
CASSLGPITARSF	TRBV27	TRBJ1-2	01/0882	NA	1060
CASSVGGFADTQYF	TRBV9	TRBJ2-3	01/0882	NA	723
CASSPTRDRASGELFF	TRBV11-3	TRBJ2-2	01/0882	NA	692
CASSRTGGMDGYTF	TRBV10-2	TRBJ1-2	01/0882	NA	1050
CASSLAGAGNTIYF	TRBV28	TRBJ1-3	01/0882	NA	775
CASSSTSGEADTQYF	TRBV5-1	TRBJ2-3	01/0882	NA	1023
CAISNANEKLFF	TRBV10-3	TRBJ1-4	01/0882	NA	990
CSAPGRAGGPHEQYF	TRBV20-1	TRBJ2-7	01/0882	NA	1218
CSARVPQFYNEQFF	TRBV20-1	TRBJ2-1	01/0882	NA	775
CASSLVIAREQYF	TRBV12-3	TRBJ2-7	01/0882	NA	1164
CASSPRGGNEKLFF	TRBV18	TRBJ1-4	01/0882	NA	1036
CASSSPSERGTTDTQYF	TRBV7-3	TRBJ2-3	01/0882	NA	786
CASRGLAGERTGELFF	TRBV7-2	TRBJ2-2	01/0882	NA	1000
CSAPGQGAFGTQYF	TRBV20-1	TRBJ2-3	01/0882	NA	993
CASSEITGQETQYF	TRBV6-6	TRBJ2-5	01/0882	NA	996
CSATPFLERSYEQYF	TRBV20-1	TRBJ2-7	01/0882	NA	809
CSASRLPTNEKLFF	TRBV20-1	TRBJ1-4	01/0882	NA	366
CASSQEGTGFSPLHF	TRBV14	TRBJ1-6	01/0882	NA	1024
CASSARQGSDEQYF	TRBV12-3	TRBJ2-7	01/0882	NA	812
CASSPPSGGGLGYTF	TRBV5-1	TRBJ1-2	01/0882	NA	1116
CATRGVRVDTQYF	TRBV24-1	TRBJ2-3	01/0882	NA	1003
CASTVARVGYGYTF	TRBV6-1	TRBJ1-2	01/0882	NA	907
CASSQRPGQGNYGYTF	TRBV12-3	TRBJ1-2	01/0882	NA	1101
CSAPTQGTQYF	TRBV20-1	TRBJ2-5	01/0882	NA	988
CASSLDRYSDTQYF	TRBV11-2	TRBJ2-3	01/0882	NA	1160
CSARVGSHRGQFF	TRBV20-1	TRBJ2-1	01/0882	NA	982
CASSLSSGQGSNQPQHF	TRBV27	TRBJ1-5	01/0882	NA	1066
CASSYXQGVRGRLYGYTF	TRBV11-3	TRBJ1-2	01/0882	NA	756
CASAKVRGTGEQYF	TRBV11-1	TRBJ2-7	01/0882	NA	818
CSVGQGVRETQYF	TRBV29-1	TRBJ2-5	01/0882	NA	979
CAVRSAGGYNEQFF	TRBV6-5	TRBJ2-1	01/0882	NA	773
CASTVARVGYGYTF	TRBV6-1	TRBJ1-2	01/0882	NA	924
CASTPVRQQRPNSNQPQHF	TRBV6-1	TRBJ1-5	01/0882	NA	789
CASSADGLYSGNTIYF	TRBV9	TRBJ1-3	01/0882	NA	1022
CASSVEGYYEQYF	TRBV9	TRBJ2-7	01/0882	NA	910
CAWKGDTEAFF	TRBV30	TRBJ1-1	01/0882	NA	1194
CASSMLPGGKSYGYTF	TRBV19	TRBJ1-2	09/0217	NA	80
CASSEARGGHEQYF	TRBV2	TRBJ2-7	09/0217	NA	1104
CATRGNWTSGRKYNEQFF	TRBV24-1	TRBJ2-1	09/0217	NA	844
CASSLAGTGRTDTQYF	TRBV5-1	TRBJ2-3	09/0217	NA	80
CASSQVTSGTFTDTQYF	TRBV3-1	TRBJ2-3	09/0217	NA	310
CASSLASLRDRGQSYTF	TRBV5-1	TRBJ1-2	09/0217	NA	884
CASSAQSGREKTGELFF	TRBV6-6	TRBJ2-2	09/0217	NA	809
CSARVPLTSTDTQYF	TRBV20-1	TRBJ2-3	09/0217	NA	1167
CATRRPGRTTDTQYF	TRBV11-2	TRBJ2-3	09/0217	NA	1156
CASSPNRVREQYF	TRBV11-2	TRBJ2-7	09/0217	NA	1197
CSARDPRDRGLSKQFF	TRBV20-1	TRBJ2-1	09/0217	NA	916
CASSLFRRDPKFF	TRBV12-3	TRBJ2-1	09/0217	NA	1062
CASSPPLGTGGVNFVPGELFF	TRBV12-3	TRBJ2-2	09/0217	NA	832
CSARDPRDRGLSKQFF	TRBV20-1	TRBJ2-1	09/0217	NA	832
CSASGGVGEQFF	TRBV20-1	TRBJ2-1	09/0217	NA	686
CASVAGHDGTGELFF	TRBV11-3	TRBJ2-2	09/0217	NA	944
CSARDRAEQYF	TRBV20-1	TRBJ2-7	09/0217	NA	1328
CASGLGADQETQYF	TRBV5-6	TRBJ2-5	09/0217	NA	1122
CSVRTVGYTDTQYF	TRBV20-1	TRBJ2-3	09/0217	NA	1337
CSARPPGSTEAFF	TRBV20-1	TRBJ1-1	09/0217	NA	1078
CSASGGVGEQFF	TRBV20-1	TRBJ2-1	09/0217	NA	868
CASSIRLAANNEQFF	TRBV9	TRBJ2-1	09/0217	NA	990
CASSSPFRDTQYF	TRBV11-2	TRBJ2-3	09/0217	NA	1109
CASSQDQGGYEQYF	TRBV4-1	TRBJ2-7	09/0217	NA	985
CASSKRQGAGNEQFF	TRBV6-4	TRBJ2-1	09/0217	NA	894
CASSDPGQTYGYTF	TRBV9	TRBJ1-2	09/0217	NA	967
CASSLGPPSGNTIYF	TRBV7-2	TRBJ1-3	09/0217	NA	902
CASSLGLNYEQYF	TRBV5-1	TRBJ2-7	09/0217	NA	914
CSARIRVGDGYTF	TRBV20-1	TRBJ1-2	09/0217	NA	1256
CASSPGQPSSGANVLTF	TRBV12-3	TRBJ2-6	09/0217	NA	1063
CASSQWDSPYEQYF	TRBV14	TRBJ2-7	09/0217	NA	1114
CATSRLFVTGPQHF	TRBV15	TRBJ1-5	09/0217	NA	901
CASSDPDRAGDSTDTQYF	TRBV25-1	TRBJ2-3	09/0217	NA	1083
CASSQDSGRALSYEQYF	TRBV4-2	TRBJ2-7	09/0217	NA	591
CASSQGFGIFSNQPQHF	TRBV4-1	TRBJ1-5	09/0217	NA	1096
CASSEGSISGYTF	TRBV25-1	TRBJ1-2	09/0217	NA	1459
CATSGGGQLYSGNTIYF	TRBV15	TRBJ1-3	09/0217	NA	667
CASSWGVDTQYF	TRBV6-6	TRBJ2-3	09/0217	NA	923
CASSVSPNPDRSYTF	TRBV9	TRBJ1-2	09/0217	NA	1126
CASQTGALSGANVLTF	TRBV5-1	TRBJ2-6	09/0217	NA	1086
CAWSGGLQQPQHF	TRBV30	TRBJ1-5	09/0217	NA	1054
CASSPFGGLAGGEQYF	TRBV7-2	TRBJ2-7	09/0217	NA	974
CASSASGTGIYEQYF	TRBV19	TRBJ2-7	09/0217	NA	1029
CASSSGTHTGGNTEAFF	TRBV5-1	TRBJ1-1	09/0217	NA	863
CASSTSPSSPLHF	TRBV9	TRBJ1-6	09/0217	NA	1456
CASSSRTSGGSGGELFF	TRBV7-2	TRBJ2-2	09/0217	NA	956
CASSGLAGGAYNEQFF	TRBV11-2	TRBJ2-1	09/0217	NA	1155
CAWSSGAGLAGYTF	TRBV30	TRBJ1-2	09/0217	NA	942
CASTGAGTGNEKLFF	TRBV5-1	TRBJ1-4	09/0217	NA	1131
CSAINTGADYGYTF	TRBV20-1	TRBJ1-2	09/0217	NA	1000
CASSPFGGLAGGEQYF	TRBV7-2	TRBJ2-7	09/0217	NA	1026
CSASGGVGEQFF	TRBV20-1	TRBJ2-1	09/0217	NA	1018
CASSLVRDDEQYF	TRBV5-1	TRBJ2-7	09/0217	NA	917
CAADTSSGANVLTF	TRBV30	TRBJ2-6	09/0217	NA	1100
CASSPRTGGPTDTQYF	TRBV4-3	TRBJ2-3	09/0217	NA	990
CASRTDTNTGELFF	TRBV5-1	TRBJ2-2	09/0217	NA	918
CASSQLLTHPSYNEQFF	TRBV4-1	TRBJ2-1	09/0217	NA	1046
CASSPGLAGLYEPPETQYF	TRBV9	TRBJ2-5	09/0217	NA	880
CASSYLSGDNTEAFF	TRBV5-1	TRBJ1-1	09/0217	NA	816
CASSVVPLAVGDTQYF	TRBV9	TRBJ2-3	09/0217	NA	864
CSAPGTGLYQPQHF	TRBV20-1	TRBJ1-5	09/0217	NA	1154
CASSAPGLAPMQTGELFF	TRBV6-5	TRBJ2-2	09/0217	NA	668
CSAREQPEAFF	TRBV20-1	TRBJ1-1	09/0217	NA	1071
CASSREGGLAAYEQYF	TRBV7-2	TRBJ2-7	09/0217	NA	1191
CASSMSGNYEAFF	TRBV19	TRBJ1-1	09/0217	NA	1010
CASSLALAGVNEQFF	TRBV27	TRBJ2-1	09/0217	NA	1021
CAWSRRVTSGTDTQYF	TRBV30	TRBJ2-3	09/0217	NA	1048
CASSSRTSGGGETQYF	TRBV13	TRBJ2-5	09/0217	NA	933
CASSAPTATGNGYTF	TRBV6-1	TRBJ1-2	09/0217	NA	839
CASSVNSRGEQFF	TRBV2	TRBJ2-1	09/0217	NA	1073
CASSLRRESGGATDTQYF	TRBV5-1	TRBJ2-3	09/0217	NA	810
CASGLVVGSPTSYEQYF	TRBV12-5	TRBJ2-7	09/0217	NA	1028
CASSLQGQGTDTQYF	TRBV5-6	TRBJ2-3	09/0217	NA	557
CASSPAPYSYTF	TRBV11-2	TRBJ1-2	09/0217	NA	1181
CASSTSPSSPLHF	TRBV9	TRBJ1-6	09/0217	NA	946
CASSLTSGRSSYNEQFF	TRBV11-3	TRBJ2-1	09/0217	NA	1052
CASSGTVIQPQHF	TRBV6-1	TRBJ1-5	09/0217	NA	975
CSVGRDRGFRANYGYTF	TRBV29-1	TRBJ1-2	09/0217	NA	849
CASSQLVSTDTQYF	TRBV4-1	TRBJ2-3	09/0217	NA	869
CASSQGSGADF	TRBV4-1	TRBJ1-1	09/0217	NA	1024
CSAINSGGAETQYF	TRBV20-1	TRBJ2-5	09/0217	NA	960
CATGTGSYEQYF	TRBV12-3	TRBJ2-7	09/0217	NA	1103
CASSLLGGGKNIQYF	TRBV5-6	TRBJ2-4	09/0217	NA	1039
CASRKDSGGAGQETQYF	TRBV2	TRBJ2-5	01/0873	NA	843
CASSVRGNGNQPQHF	TRBV2	TRBJ1-5	01/0873	NA	1139
CASSSPGARYGYTF	TRBV19	TRBJ1-2	01/0873	NA	1032
CASSYTRVGAYGYTF	TRBV2	TRBJ1-2	01/0873	NA	1093
CASSFSGLKQGRGLYEQFF	TRBV27	TRBJ2-1	01/0873	NA	750
CAINPEANTGELFF	TRBV10-3	TRBJ2-2	01/0873	NA	910
CASSPDNNQPQHF	TRBV18	TRBJ1-5	01/0873	NA	887
CASSASPGGTEAFF	TRBV2	TRBJ1-1	01/0873	NA	985
CSARPPLGGPYNEQFF	TRBV20-1	TRBJ2-1	01/0873	NA	885
CASSPRQLALAVEKLFF	TRBV27	TRBJ1-4	01/0873	NA	958
CASSLGAGGWETQYF	TRBV7-2	TRBJ2-5	01/0873	NA	1088
CASSQFIGDTDQSDTQYF	TRBV4-3	TRBJ2-3	01/0873	NA	969
CASSSRVAGGETQYF	TRBV7-2	TRBJ2-5	01/0873	NA	1098
CASCQGTRPDRDTQYF	TRBV19	TRBJ2-3	01/0873	NA	860
CASIPRDRQNTEAFF	TRBV19	TRBJ1-1	01/0873	NA	947
CASSSGTSGANTDTQYF	TRBV5-1	TRBJ2-3	01/0873	NA	751
CSARPPLGGPYNEQFF	TRBV20-1	TRBJ2-1	01/0873	NA	878
CSARDLEGGNQPQHF	TRBV20-1	TRBJ1-5	01/0873	NA	1106
CASSQGDVAGGGETQYF	TRBV4-2	TRBJ2-5	01/0873	NA	903
CASSRQGQAFYEQYF	TRBV5-1	TRBJ2-7	01/0873	NA	980
CASSYTDGELFF	TRBV7-2	TRBJ2-2	01/0873	NA	1174
CSARPPLGGPYNEQFF	TRBV20-1	TRBJ2-1	01/0873	NA	950
CAINPEANTGELFF	TRBV10-3	TRBJ2-2	01/0873	NA	1153
CASSQGDVAGGGETQYF	TRBV4-2	TRBJ2-5	01/0873	NA	805
CSARGQEATGLISGNTIYF	TRBV20-1	TRBJ1-3	01/0873	NA	811
CASSLGEDQPQHF	TRBV11-1	TRBJ1-5	01/0873	NA	1022
CASSSPGARYGYTF	TRBV19	TRBJ1-2	01/0873	NA	636
CSARPPLGGPYNEQFF	TRBV20-1	TRBJ2-1	01/0873	NA	1014
CAWSVDVSPTRGNTIYF	TRBV30	TRBJ1-3	01/0873	NA	1009
CASSPYRQGGTGELFF	TRBV19	TRBJ2-2	01/0873	NA	1118
CASSQARGIGSEFF	TRBV5-6	TRBJ2-1	01/0873	NA	1230
CASSRTGGGYTF	TRBV6-5	TRBJ1-2	01/0873	NA	973
CASSSRTSFGDTQYF	TRBV6-5	TRBJ2-3	01/0873	NA	1010
CASSPGTGGQPQHF	TRBV11-2	TRBJ1-5	01/0873	NA	1181
CASSLGGGTNPEETQYF	TRBV11-2	TRBJ2-5	01/0873	NA	964
CASSQDPGRGPARGNSPLHF	TRBV4-2	TRBJ1-6	01/0873	NA	851
CASSPRQLALAVEKLFF	TRBV27	TRBJ1-4	01/0873	NA	808
CASSPWTGNTEAFF	TRBV7-2	TRBJ1-1	01/0873	NA	1119
CASSFSGLKQGRGLYEQFF	TRBV27	TRBJ2-1	01/0873	NA	386
CASSYPGTGNEKLFF	TRBV6-6	TRBJ1-4	01/0873	NA	1060
CAINPEANTGELFF	TRBV10-3	TRBJ2-2	01/0873	NA	871
CAINPEANTGELFF	TRBV10-3	TRBJ2-2	01/0873	NA	724
CASSGGQGAGETQYF	TRBV11-3	TRBJ2-5	01/0873	NA	1019
CASSLLGQGEETQYF	TRBV7-2	TRBJ2-5	01/0873	NA	1051
CASSFGSDTGELFF	TRBV5-6	TRBJ2-2	01/0873	NA	1159
CASSLGGTSGTEQYF	TRBV7-2	TRBJ2-7	01/0873	NA	1128
CSDRLPAADTQYF	TRBV20-1	TRBJ2-3	01/0873	NA	996
CASSLGGGRNSYEQYF	TRBV5-1	TRBJ2-7	01/0873	NA	826
CASSPRQLALAVEKLFF	TRBV27	TRBJ1-4	01/0873	NA	788
CASRPGQSEGHGYTF	TRBV19	TRBJ1-2	01/0873	NA	966
CASSPRQLALAVEKLFF	TRBV27	TRBJ1-4	01/0873	NA	1024
CASSFRSRGYEQYF	TRBV5-6	TRBJ2-7	01/0873	NA	1241
CASSQERTALSYEQYF	TRBV3-1	TRBJ2-7	01/0873	NA	920
CASSQGDVAGGGETQYF	TRBV4-2	TRBJ2-5	01/0873	NA	846
CASSLGLSTDTQYF	TRBV7-3	TRBJ2-3	01/0873	NA	695
CSDRLPAADTQYF	TRBV20-1	TRBJ2-3	01/0873	NA	938
CASSLEETQYF	TRBV7-2	TRBJ2-5	01/0873	NA	963
CASSSPGARYGYTF	TRBV19	TRBJ1-2	01/0873	NA	747
CASSRGQLWPQHF	TRBV6-5	TRBJ1-5	01/0873	NA	1003
CATSRDLNTEAFF	TRBV15	TRBJ1-1	01/0873	NA	1039
CASSVEGLAGTDTQYF	TRBV9	TRBJ2-3	01/0873	NA	960
CARRTSGATGELFF	TRBV2	TRBJ2-2	01/0873	NA	1005
CASIPRDRQNTEAFF	TRBV19	TRBJ1-1	01/0873	NA	875
CASSFGLDPYTDTQYF	TRBV5-6	TRBJ2-3	01/0873	NA	1027
CASRPGQSEGHGYTF	TRBV19	TRBJ1-2	01/0873	NA	745
CSASWARRTGINIQYF	TRBV20-1	TRBJ2-4	01/0873	NA	853
CASSLLGLSKGYTF	TRBV19	TRBJ1-2	01/0873	NA	125
CASSLGTESNQPQHF	TRBV7-2	TRBJ1-5	01/0873	NA	875
CASSTSSGGSSYNEQFF	TRBV7-3	TRBJ2-1	01/0873	NA	654
CSARTRSGGRLGELFF	TRBV20-1	TRBJ2-2	01/0873	NA	849
CASSNEPGLAGVGDTQYF	TRBV10-2	TRBJ2-3	01/0873	NA	796
CASSQGGFGGYEQYF	TRBV3-1	TRBJ2-7	01/0873	NA	820
CAATQQGETQYF	TRBV2	TRBJ2-5	02/0259	NA	2258
CAIRGQASITEAFF	TRBV10-3	TRBJ1-1	02/0259	NA	1889
CAISGGAPNYGYTF	TRBV10-3	TRBJ1-2	02/0259	NA	2006
CAISGLGDRESEQYF	TRBV10-3	TRBJ2-7	02/0259	NA	1133
CAISGLGDRESEQYF	TRBV10-3	TRBJ2-7	02/0259	NA	2243
CAISGLGDRESEQYF	TRBV10-3	TRBJ2-7	02/0259	NA	2022
CAISGLGDRESEQYF	TRBV10-3	TRBJ2-7	02/0259	NA	1910
CAISGQGADEQFF	TRBV10-3	TRBJ2-1	02/0259	NA	2185
CAISQSQETQYF	TRBV10-3	TRBJ2-5	02/0259	NA	2159
CAISQSQETQYF	TRBV10-3	TRBJ2-5	02/0259	NA	2236
CASEPGQGAYEQYF	TRBV2	TRBJ2-7	02/0259	NA	2256
CASEPGQGAYEQYF	TRBV2	TRBJ2-7	02/0259	NA	2440
CASGGQGDSPLHF	TRBV2	TRBJ1-6	02/0259	NA	1403
CASGGQGDSPLHF	TRBV2	TRBJ1-6	02/0259	NA	1975
CASGGQGDSPLHF	TRBV2	TRBJ1-6	02/0259	NA	2584
CASGGQGDSPLHF	TRBV2	TRBJ1-6	02/0259	NA	1293
CASGGQGDSPLHF	TRBV2	TRBJ1-6	02/0259	NA	1217
CASGGQGDSPLHF	TRBV2	TRBJ1-6	02/0259	NA	677
CASGGQGDSPLHF	TRBV2	TRBJ1-6	02/0259	NA	2162
CASGGREAGMNTEAFF	TRBV12-5	TRBJ1-1	02/0259	NA	1904
CASGLGAADGNTIYF	TRBV12-5	TRBJ1-3	02/0259	NA	2001
CASKPRAKETQYF	TRBV12-3	TRBJ2-5	02/0259	NA	3016
CASRAGTGGYEQYF	TRBV12-3	TRBJ2-7	02/0259	NA	2310
CASRETPTSYNEQFF	TRBV7-3	TRBJ2-1	02/0259	NA	2059
CASRGGGTEAFF	TRBV6-2	TRBJ1-1	02/0259	NA	1196
CASRPQGGTEAFF	TRBV9	TRBJ1-1	02/0259	NA	2481
CASRPQGGTEAFF	TRBV9	TRBJ1-1	02/0259	NA	2395
CASRRGNQETQYF	TRBV27	TRBJ2-5	02/0259	NA	2476
CASRRGNQETQYF	TRBV27	TRBJ2-5	02/0259	NA	2320
CASRSDRSSYNSPLHF	TRBV11-2	TRBJ1-6	02/0259	NA	2518
CASRTTGFGGELFF	TRBV6-6	TRBJ2-2	02/0259	NA	2318
CASSASGLYEQYF	TRBV25-1	TRBJ2-7	02/0259	NA	2621
CASSEAGVGGGIYEQYF	TRBV2	TRBJ2-7	02/0259	NA	1848
CASSEGQERSPLHF	TRBV9	TRBJ1-6	02/0259	NA	2553
CASSFRAGGPTAKNIQYF	TRBV27	TRBJ2-4	02/0259	NA	2029
CASSHDSLNIQYF	TRBV7-2	TRBJ2-4	02/0259	NA	2911
CASSHHGPLGNYGYTF	TRBV6-4	TRBJ1-2	02/0259	NA	2435
CASSHRVLSEYEQYF	TRBV7-2	TRBJ2-7	02/0259	NA	2373
CASSIIPRSSYNEQFF	TRBV19	TRBJ2-1	02/0259	NA	2338
CASSIIPRSSYNEQFF	TRBV19	TRBJ2-1	02/0259	NA	1954
CASSLGQGISYGYTF	TRBV19	TRBJ1-2	02/0259	NA	2376
CASSLGWGFTDTQYF	TRBV5-1	TRBJ2-3	02/0259	NA	632
CASSLLAGGSGELFF	TRBV4-2	TRBJ2-2	02/0259	NA	2312
CASSLSALADTQYF	TRBV27	TRBJ2-3	02/0259	NA	1966
CASSLSGGGEQYF	TRBV7-2	TRBJ2-7	02/0259	NA	2965
CASSLSSHNSYEQYF	TRBV7-2	TRBJ2-7	02/0259	NA	2767
CASSLSSNNEQFF	TRBV7-3	TRBJ2-1	02/0259	NA	2017
CASSLVTGGGYGYTF	TRBV7-2	TRBJ1-2	02/0259	NA	3078
CASSNLQHTNNNQPQHF	TRBV7-2	TRBJ1-5	02/0259	NA	2476
CASSNLQHTNNNQPQHF	TRBV7-2	TRBJ1-5	02/0259	NA	2645
CASSNRQGADEQYF	TRBV12-3	TRBJ2-7	02/0259	NA	2832
CASSNRQGADEQYF	TRBV12-3	TRBJ2-7	02/0259	NA	1409
CASSNRQGADEQYF	TRBV12-3	TRBJ2-7	02/0259	NA	1301
CASSNRQGADEQYF	TRBV12-3	TRBJ2-7	02/0259	NA	1334
CASSNRQGADEQYF	TRBV12-3	TRBJ2-7	02/0259	NA	414
CASSPDWNSYNGQFF	TRBV4-3	TRBJ2-1	02/0259	NA	2917
CASSPGLAGVEEQYF	TRBV14	TRBJ2-7	02/0259	NA	2431
CASSPGLNSYEQYF	TRBV11-2	TRBJ2-7	02/0259	NA	2394
CASSPGLNSYEQYF	TRBV11-2	TRBJ2-7	02/0259	NA	2569
CASSPIDRGGYTF	TRBV5-1	TRBJ1-2	02/0259	NA	2524
CASSPPGQANTEAFF	TRBV18	TRBJ1-1	02/0259	NA	2168
CASSPPSEANTEAFF	TRBV18	TRBJ1-1	02/0259	NA	2263
CASSQAGGSNIQYF	TRBV14	TRBJ2-4	02/0259	NA	2346
CASSQIGGGEQYF	TRBV14	TRBJ2-7	02/0259	NA	2623
CASSRLGIGPPGEQYF	TRBV9	TRBJ2-7	02/0259	NA	2583
CASSSLRRDRSAPLHF	TRBV7-2	TRBJ1-6	02/0259	NA	3082
CASSSSGTKYNEQFF	TRBV12-3	TRBJ2-1	02/0259	NA	2382
CASSYGPDTQYF	TRBV6-6	TRBJ2-3	02/0259	NA	2462
CASSYGPDTQYF	TRBV6-6	TRBJ2-3	02/0259	NA	2633
CASTNGGFPYEQYF	TRBV12-3	TRBJ2-7	02/0259	NA	2406
CASTNGGFPYEQYF	TRBV12-3	TRBJ2-7	02/0259	NA	2951
CASTNGGFPYEQYF	TRBV12-3	TRBJ2-7	02/0259	NA	2457
CASTNGGFPYEQYF	TRBV12-3	TRBJ2-7	02/0259	NA	2659
CASTNGGFPYEQYF	TRBV12-3	TRBJ2-7	02/0259	NA	1953
CASTPGGSGGTYNEQFF	TRBV5-1	TRBJ2-1	02/0259	NA	2191
CASTPRGGTGNSEQFF	TRBV25-1	TRBJ2-1	02/0259	NA	1093
CASTRGGGFSGNTIYF	TRBV7-2	TRBJ1-3	02/0259	NA	2306
CASVGQGENEQYF	TRBV2	TRBJ2-7	02/0259	NA	2419
CATGIAGGEEQYF	TRBV15	TRBJ2-7	02/0259	NA	2116
CATGIAGGEEQYF	TRBV15	TRBJ2-7	02/0259	NA	2117
CATLGQGDSPLHF	TRBV2	TRBJ1-6	02/0259	NA	1386
CATSGRDTYTGELFF	TRBV24-1	TRBJ2-2	02/0259	NA	2040
CKIKGLTSYEQYF	TRBV20-1	TRBJ2-7	02/0259	NA	2438
CKIKGLTSYEQYF	TRBV20-1	TRBJ2-7	02/0259	NA	2665
CSAGWANEKLFF	TRBV29-1	TRBJ1-4	02/0259	NA	2351
CSAIKSGYYLMNTEAFF	TRBV20-1	TRBJ1-1	02/0259	NA	1803
CSALGSGNTIYF	TRBV20-1	TRBJ1-3	02/0259	NA	2265
CSAPPIAAYNEQFF	TRBV20-1	TRBJ2-1	02/0259	NA	2104
CSARARLAAYEQYF	TRBV20-1	TRBJ2-7	02/0259	NA	2491
CSARARLAAYEQYF	TRBV20-1	TRBJ2-7	02/0259	NA	2499
CSARARLAAYEQYF	TRBV20-1	TRBJ2-7	02/0259	NA	2364
CSARASGANVLTF	TRBV20-1	TRBJ2-6	02/0259	NA	2272
CSARGQGNTEAFF	TRBV20-1	TRBJ1-1	02/0259	NA	2076
CSARGRRGGSGYGYTF	TRBV20-1	TRBJ1-2	02/0259	NA	2211
CSARGRRGIGISGYTF	TRBV20-1	TRBJ1-2	02/0259	NA	2129
CSARGRRGIGISGYTF	TRBV20-1	TRBJ1-2	02/0259	NA	2241
CSARGRRGIGISGYTF	TRBV20-1	TRBJ1-2	02/0259	NA	2056
CSARMGGEPQHF	TRBV20-1	TRBJ1-5	02/0259	NA	2777
CSARMGGEPQHF	TRBV20-1	TRBJ1-5	02/0259	NA	2577
CSARREVYEQYF	TRBV20-1	TRBJ2-7	02/0259	NA	2629
CSARREVYEQYF	TRBV20-1	TRBJ2-7	02/0259	NA	1535
CSARRRLAEYEQYF	TRBV20-1	TRBJ2-7	02/0259	NA	2659
CSASPGLQETQYF	TRBV20-1	TRBJ2-5	02/0259	NA	2402
CSASPSSFEQFF	TRBV20-1	TRBJ2-1	02/0259	NA	158
CSASPTLQGGEQFF	TRBV20-1	TRBJ2-1	02/0259	NA	2668
CSAVLAGLINEQFF	TRBV20-1	TRBJ2-1	02/0259	NA	2269
CSVPGQVYSSYEQYF	TRBV20-1	TRBJ2-7	02/0259	NA	2438
CSVPGQVYSSYEQYF	TRBV20-1	TRBJ2-7	02/0259	NA	2086
CSVRPRPSYEQYF	TRBV20-1	TRBJ2-7	02/0259	NA	2553
CSVRPRPSYEQYF	TRBV20-1	TRBJ2-7	02/0259	NA	2486
CAISGLGDRESEQYF	TRBV10-3	TRBJ2-7	02/0259	NA	1925
CAISHGQGTTGELFF	TRBV10-3	TRBJ2-2	02/0259	NA	1382
CAISPYDTGELFF	TRBV10-3	TRBJ2-2	02/0259	NA	1906
CAISPYDTGELFF	TRBV10-3	TRBJ2-2	02/0259	NA	1946
CASEPGQGAYEQYF	TRBV2	TRBJ2-7	02/0259	NA	2417
CASGGQGDSPLHF	TRBV2	TRBJ1-6	02/0259	NA	839
CASGLGAADGNTIYF	TRBV12-5	TRBJ1-3	02/0259	NA	1784
CASLGQGDTEAFF	TRBV2	TRBJ1-1	02/0259	NA	2345
CASMISVNYGYTF	TRBV6-6	TRBJ1-2	02/0259	NA	2113
CASRELAGGFSSYNEQFF	TRBV2	TRBJ2-1	02/0259	NA	2199
CASRFRQGRQPQHF	TRBV19	TRBJ1-5	02/0259	NA	2161
CASRGGGTEAFF	TRBV6-2	TRBJ1-1	02/0259	NA	1178
CASRGGRSNSPLHF	TRBV6-1	TRBJ1-6	02/0259	NA	1952
CASRGGRSNSPLHF	TRBV6-1	TRBJ1-6	02/0259	NA	1834
CASRLGVSYGYTF	TRBV6-5	TRBJ1-2	02/0259	NA	2368
CASRLGVSYGYTF	TRBV6-5	TRBJ1-2	02/0259	NA	2169
CASRPQGGTEAFF	TRBV9	TRBJ1-1	02/0259	NA	1959
CASRRGNQETQYF	TRBV27	TRBJ2-5	02/0259	NA	2324
CASRRGNQETQYF	TRBV27	TRBJ2-5	02/0259	NA	2293
CASSAATGSYGYTF	TRBV7-2	TRBJ1-2	02/0259	NA	2661
CASSAILSSGANVLTF	TRBV12-3	TRBJ2-6	02/0259	NA	773
CASSASDVRGFF	TRBV2	TRBJ1-1	02/0259	NA	2114
CASSDQGQIGELFF	TRBV6-4	TRBJ2-2	02/0259	NA	220
CASSFRAGGPTAKNIQYF	TRBV27	TRBJ2-4	02/0259	NA	1919
CASSGRVGGTEAFF	TRBV6-1	TRBJ1-1	02/0259	NA	1656
CASSHHGPLGNYGYTF	TRBV6-4	TRBJ1-2	02/0259	NA	2215
CASSHHGPLGNYGYTF	TRBV6-4	TRBJ1-2	02/0259	NA	2673
CASSHRVLSEYEQYF	TRBV7-2	TRBJ2-7	02/0259	NA	2360
CASSIIPRSSYNEQFF	TRBV19	TRBJ2-1	02/0259	NA	1848
CASSIPGQGRGYTF	TRBV19	TRBJ1-2	02/0259	NA	2274
CASSIPGQGRGYTF	TRBV19	TRBJ1-2	02/0259	NA	2216
CASSIPGQGRGYTF	TRBV19	TRBJ1-2	02/0259	NA	1933
CASSIVQGDYGYTF	TRBV19	TRBJ1-2	02/0259	NA	2366
CASSIVSGRGYTF	TRBV19	TRBJ1-2	02/0259	NA	2424
CASSKQASQETQYF	TRBV7-2	TRBJ2-5	02/0259	NA	2473
CASSLAGSGNYGYTF	TRBV5-1	TRBJ1-2	02/0259	NA	199
CASSLAGSGNYGYTF	TRBV5-1	TRBJ1-2	02/0259	NA	1218
CASSLATGNYGYTF	TRBV7-2	TRBJ1-2	02/0259	NA	2708
CASSLAWETPLHF	TRBV5-1	TRBJ1-6	02/0259	NA	2302
CASSLDGGTQPQHF	TRBV5-1	TRBJ1-5	02/0259	NA	2400
CASSLEGSATEAFF	TRBV7-3	TRBJ1-1	02/0259	NA	1892
CASSLGQGVNYGYTF	TRBV19	TRBJ1-2	02/0259	NA	1845
CASSLGTFNSPLHF	TRBV27	TRBJ1-6	02/0259	NA	2022
CASSLIAGTSKNEQFF	TRBV27	TRBJ2-1	02/0259	NA	1880
CASSLPSGRAEQYF	TRBV5-1	TRBJ2-7	02/0259	NA	2398
CASSLSALADTQYF	TRBV27	TRBJ2-3	02/0259	NA	2457
CASSLSALADTQYF	TRBV27	TRBJ2-3	02/0259	NA	279
CASSLSGGGEQYF	TRBV7-2	TRBJ2-7	02/0259	NA	2004
CASSLSGGGEQYF	TRBV7-2	TRBJ2-7	02/0259	NA	2516
CASSLSLTASYNEQFF	TRBV27	TRBJ2-1	02/0259	NA	2042
CASSLSSNNEQFF	TRBV7-3	TRBJ2-1	02/0259	NA	2057
CASSLVTGGGYGYTF	TRBV7-2	TRBJ1-2	02/0259	NA	2332
CASSPGLAGVEEQYF	TRBV14	TRBJ2-7	02/0259	NA	2474
CASSPGLAGVEEQYF	TRBV14	TRBJ2-7	02/0259	NA	2545
CASSPGLAGVEEQYF	TRBV14	TRBJ2-7	02/0259	NA	2172
CASSPGLAGVEEQYF	TRBV14	TRBJ2-7	02/0259	NA	2655
CASSPGLAGVEEQYF	TRBV14	TRBJ2-7	02/0259	NA	2057
CASSPGLAGVEEQYF	TRBV14	TRBJ2-7	02/0259	NA	2454
CASSPGLAGVEEQYF	TRBV14	TRBJ2-7	02/0259	NA	2288
CASSPGLAGVEEQYF	TRBV14	TRBJ2-7	02/0259	NA	2292
CASSPGLNSYEQYF	TRBV11-2	TRBJ2-7	02/0259	NA	2362
CASSPGLNSYEQYF	TRBV11-2	TRBJ2-7	02/0259	NA	1578
CASSPGLNSYEQYF	TRBV11-2	TRBJ2-7	02/0259	NA	2008
CASSPRGGGRTDTQYF	TRBV9	TRBJ2-3	02/0259	NA	1860
CASSPRHSPLHF	TRBV27	TRBJ1-6	02/0259	NA	2739
CASSPRVASGYTF	TRBV18	TRBJ1-2	02/0259	NA	187
CASSPVGTNEKLFF	TRBV18	TRBJ1-4	02/0259	NA	1975
CASSQDYRVGGEDIQYF	TRBV14	TRBJ2-4	02/0259	NA	1877
CASSQGGNQPQHF	TRBV2	TRBJ1-5	02/0259	NA	2703
CASSQGGNQPQHF	TRBV2	TRBJ1-5	02/0259	NA	2242
CASSQGVDTQYF	TRBV14	TRBJ2-3	02/0259	NA	2336
CASSQGVDTQYF	TRBV14	TRBJ2-3	02/0259	NA	2979
CASSQGVDTQYF	TRBV14	TRBJ2-3	02/0259	NA	2539
CASSQPVLTSKTQYF	TRBV7-2	TRBJ2-5	02/0259	NA	2392
CASSRGQSNYGYTF	TRBV6-2	TRBJ1-2	02/0259	NA	1931
CASSRQAIYGYTF	TRBV19	TRBJ1-2	02/0259	NA	2430
CASSRSGGKYNEQFF	TRBV7-2	TRBJ2-1	02/0259	NA	2712
CASSRTGGHEQYF	TRBV14	TRBJ2-7	02/0259	NA	1567
CASSRWSNQPQHF	TRBV11-2	TRBJ1-5	02/0259	NA	2329
CASSSGGAYGNTIYF	TRBV5-1	TRBJ1-3	02/0259	NA	2081
CASSSGGAYGNTIYF	TRBV5-1	TRBJ1-3	02/0259	NA	1660
CASSSGGAYGNTIYF	TRBV5-1	TRBJ1-3	02/0259	NA	1429
CASSSVGVRGLRYGYTF	TRBV12-3	TRBJ1-2	02/0259	NA	2045
CASSYGPDTQYF	TRBV6-6	TRBJ2-3	02/0259	NA	2216
CASTAGNYNEQFF	TRBV10-2	TRBJ2-1	02/0259	NA	2371
CASTIGSVSPSFYGYTF	TRBV6-1	TRBJ1-2	02/0259	NA	1766
CASTNGGFPYEQYF	TRBV12-3	TRBJ2-7	02/0259	NA	2363
CASTPGGSGGTYNEQFF	TRBV5-1	TRBJ2-1	02/0259	NA	1360
CASTPTAPGYTF	TRBV12-3	TRBJ1-2	02/0259	NA	244
CASTRGGGFSGNTIYF	TRBV7-2	TRBJ1-3	02/0259	NA	2163
CATAGLRNQPQHF	TRBV6-6	TRBJ1-5	02/0259	NA	2327
CATAGLRNQPQHF	TRBV6-6	TRBJ1-5	02/0259	NA	2511
CATLGQGDSPLHF	TRBV2	TRBJ1-6	02/0259	NA	1788
CATRAMNTEAFF	TRBV18	TRBJ1-1	02/0259	NA	2072
CATTGQGETQYF	TRBV2	TRBJ2-5	02/0259	NA	2763
CAWSTGRNTEAFF	TRBV30	TRBJ1-1	02/0259	NA	181
CAWSVGQAPYEQYF	TRBV30	TRBJ2-7	02/0259	NA	2074
CKIKGLTSYEQYF	TRBV20-1	TRBJ2-7	02/0259	NA	2414
CSALGGQGGPGSPLHF	TRBV20-1	TRBJ1-6	02/0259	NA	1943
CSALRPPFGEQFF	TRBV20-1	TRBJ2-1	02/0259	NA	2675
CSAPPIAAYNEQFF	TRBV20-1	TRBJ2-1	02/0259	NA	2151
CSAPPIAAYNEQFF	TRBV20-1	TRBJ2-1	02/0259	NA	2427
CSAPSRPSPNEQFF	TRBV20-1	TRBJ2-1	02/0259	NA	2201
CSARARLAAYEQYF	TRBV20-1	TRBJ2-7	02/0259	NA	2276
CSARDPLAGGADTQYF	TRBV20-1	TRBJ2-3	02/0259	NA	1820
CSARDPLAGGADTQYF	TRBV20-1	TRBJ2-3	02/0259	NA	2138
CSARDPLAGGADTQYF	TRBV20-1	TRBJ2-3	02/0259	NA	1698
CSARDSGSGSYEQYF	TRBV20-1	TRBJ2-7	02/0259	NA	2235
CSARGGRGPYEQYF	TRBV20-1	TRBJ2-7	02/0259	NA	1853
CSARMGGEPQHF	TRBV20-1	TRBJ1-5	02/0259	NA	2415
CSARSPLLSTDTQYF	TRBV20-1	TRBJ2-3	02/0259	NA	1847
CSARVTSTEAFF	TRBV20-1	TRBJ1-1	02/0259	NA	2494
CSPAGGKTDTQYF	TRBV20-1	TRBJ2-3	02/0259	NA	2215
CSPAGGKTDTQYF	TRBV20-1	TRBJ2-3	02/0259	NA	2242
CSPAGGKTDTQYF	TRBV20-1	TRBJ2-3	02/0259	NA	1801
CSVEEYTGARGGNYGYTF	TRBV29-1	TRBJ1-2	02/0259	NA	1417
CSVPGQVYSSYEQYF	TRBV20-1	TRBJ2-7	02/0259	NA	2088
CSVRPRPSYEQYF	TRBV20-1	TRBJ2-7	02/0259	NA	2525
CSVVGRNEQYF	TRBV29-1	TRBJ2-7	02/0259	NA	2334
CSVVGRNEQYF	TRBV29-1	TRBJ2-7	02/0259	NA	2249
CSVVSGWGENYGYTF	TRBV29-1	TRBJ1-2	02/0259	NA	1671
CASSRRTDPPGLGYTF	TRBV3-1	TRBJ1-2	PBMC	NA	1341
CASRAGTSGEQFF	TRBV6-4	TRBJ2-1	PBMC	NA	360
CSGAGVSYNEQFF	TRBV20-1	TRBJ2-1	PBMC	NA	995
CASSYWHTEAFF	TRBV6-2	TRBJ1-1	PBMC	NA	1617
CASSQDFNNEQFF	TRBV4-3	TRBJ2-1	PBMC	NA	2067
CSARGGSAGYEQYF	TRBV20-1	TRBJ2-7	PBMC	NA	1090
CASSWTSGTYNEQFF	TRBV7-3	TRBJ2-1	PBMC	NA	1575
CASSQTPPQGNEKLFF	TRBV3-1	TRBJ1-4	PBMC	NA	641
CASSARPDQETQYF	TRBV9	TRBJ2-5	PBMC	NA	2179
CASSPRSGGFLYGYTF	TRBV3-1	TRBJ1-2	PBMC	NA	1070
CASQGANSGANVLTF	TRBV6-5	TRBJ2-6	PBMC	NA	1770
CASSDGPSDYNEQFF	TRBV6-1	TRBJ2-1	PBMC	NA	1171
CSARVGPPNTGELFF	TRBV20-1	TRBJ2-2	PBMC	NA	1681
CASSLGGRGAFF	TRBV5-6	TRBJ1-1	PBMC	NA	2246
CASSLPLAGSYNEQFF	TRBV3-1	TRBJ2-1	PBMC	NA	874
CASSLGTEDEKLFF	TRBV5-1	TRBJ1-4	PBMC	NA	1984
CASSPREGDTGELFF	TRBV7-3	TRBJ2-2	PBMC	NA	1573
CASSQVGGQGISGYTF	TRBV4-1	TRBJ1-2	PBMC	NA	1928
CASSIAGHQGGQFF	TRBV11-3	TRBJ2-1	PBMC	NA	1984
CASSFGTVYGYTF	TRBV5-6	TRBJ1-2	PBMC	NA	2844
CATSPSSAYEQYF	TRBV15	TRBJ2-7	PBMC	NA	1809
CSASAGQHNQPQHF	TRBV20-1	TRBJ1-5	PBMC	NA	1712
CASSPLLASPGYTF	TRBV4-3	TRBJ1-2	PBMC	NA	2090
CSAIGLALPTDTQYF	TRBV20-1	TRBJ2-3	PBMC	NA	1756
CASKGRGSVQESEKLFF	TRBV4-1	TRBJ1-4	PBMC	NA	1136
CASSQDSWLAGSNTGELFF	TRBV3-1	TRBJ2-2	PBMC	NA	1272
CASSLDSGGDTQYF	TRBV7-2	TRBJ2-3	PBMC	NA	1938
CASSRDMDLLAKNIQYF	TRBV6-2	TRBJ2-4	PBMC	NA	1393
CASSLSTEQETQYF	TRBV18	TRBJ2-5	PBMC	NA	1934
CASRLGGGPGEQYF	TRBV4-1	TRBJ2-7	PBMC	NA	1934
CASSQAGTGELFF	TRBV6-4	TRBJ2-2	PBMC	NA	2332
CASSDASSGNTIYF	TRBV2	TRBJ1-3	PBMC	NA	1610
CAISGGPDALLFF	TRBV10-3	TRBJ1-4	PBMC	NA	1663
CASSLARILEWRDDNEQFF	TRBV5-6	TRBJ2-1	PBMC	NA	1944
CASSSRDNQPQHF	TRBV7-2	TRBJ1-5	PBMC	NA	2072
CASTLSRGQRGSNTEAFF	TRBV12-3	TRBJ1-1	PBMC	NA	985
CASSRLDRSTGELFF	TRBV19	TRBJ2-2	PBMC	NA	1665
CSGTDSGRANEQFF	TRBV20-1	TRBJ2-1	PBMC	NA	1834
CASSGTGRWAEAFF	TRBV3-1	TRBJ1-1	PBMC	NA	1134
CASSLGPTYEQYF	TRBV7-6	TRBJ2-7	PBMC	NA	2213
CASSLDHGTQYF	TRBV5-1	TRBJ2-5	PBMC	NA	530
CASSQDWSGRGEQYF	TRBV14	TRBJ2-7	PBMC	NA	2009
CASSTTGTSGSRPYNEQFF	TRBV11-3	TRBJ2-1	PBMC	NA	1524
CASSFEASRGGGAVNEQFF	TRBV12-3	TRBJ2-1	PBMC	NA	1507
CASGVLSGANVLTF	TRBV19	TRBJ2-6	PBMC	NA	1629
CSASRQGVRTDTQYF	TRBV20-1	TRBJ2-3	PBMC	NA	1552
CSVERQAGESEQYF	TRBV29-1	TRBJ2-7	PBMC	NA	1504
CASSPPPLGGLDTQYF	TRBV18	TRBJ2-3	PBMC	NA	1128
CASSLAGTDTQYF	TRBV5-1	TRBJ2-3	PBMC	NA	1915
CASSEDLGLAGTEQFF	TRBV2	TRBJ2-1	PBMC	NA	1611
CASSRDRGRTDTQYF	TRBV4-3	TRBJ2-3	PBMC	NA	1930
CSASAGAGLNEQFF	TRBV20-1	TRBJ2-1	PBMC	NA	1606
CSARKRGSSYEQYF	TRBV20-1	TRBJ2-7	PBMC	NA	1690
CASSVRVAETGEQFF	TRBV9	TRBJ2-1	PBMC	NA	1854
CASSKSRGNQPQHF	TRBV6-5	TRBJ1-5	PBMC	NA	1691
CSARRSQGGELFF	TRBV20-1	TRBJ2-2	PBMC	NA	1597
CSARIGLAGGPSETQYF	TRBV20-1	TRBJ2-5	PBMC	NA	1193
CSASRSTNEKLFF	TRBV20-1	TRBJ1-4	PBMC	NA	1537
CASSLFADSPLHF	TRBV7-3	TRBJ1-6	PBMC	NA	1541
CASSPWGDSTDTQYF	TRBV7-2	TRBJ2-3	PBMC	NA	1743
CASSLTSGARGVRRSQETQYF	TRBV5-1	TRBJ2-5	PBMC	NA	1140
CASSFSPGAADTQYF	TRBV12-3	TRBJ2-3	PBMC	NA	1722
CSALVGMNTEAFF	TRBV20-1	TRBJ1-1	PBMC	NA	107
CASSSAGGPPDTQYF	TRBV9	TRBJ2-3	PBMC	NA	1322
CAWNRDRANSYNSPLHF	TRBV30	TRBJ1-6	PBMC	NA	864
CASSGSLAAIYNEQFF	TRBV9	TRBJ2-1	PBMC	NA	1409
CASSPTRGDRSYEQYF	TRBV4-1	TRBJ2-7	PBMC	NA	1585
CASSHSGGSYNEQFF	TRBV4-1	TRBJ2-1	PBMC	NA	1347
CASSELPARRTNQPQHF	TRBV6-1	TRBJ1-5	PBMC	NA	1193
CSARDIAGFQETQYF	TRBV20-1	TRBJ2-5	PBMC	NA	1274
CASSPLAGTNTEAFF	TRBV18	TRBJ1-1	PBMC	NA	1189
CASSQSGRGGRSYNEQFF	TRBV4-3	TRBJ2-1	PBMC	NA	1219
CASSPHGNTGELFF	TRBV11-3	TRBJ2-2	PBMC	NA	1912
CASSPRDPGTLYNEQFF	TRBV7-2	TRBJ2-1	PBMC	NA	1271
CASSQSGPSTDTQYF	TRBV12-3	TRBJ2-3	PBMC	NA	983
CASSVSGRTDTQYF	TRBV9	TRBJ2-3	PBMC	NA	1547
CASSQEEGDSAFF	TRBV4-1	TRBJ1-1	PBMC	NA	1315
CASSQGLAGGLGDTQYF	TRBV3-1	TRBJ2-3	PBMC	NA	1242
CASSRDRGWGTEAFF	TRBV6-5	TRBJ1-1	PBMC	NA	1402
CAIQGSGANVLTF	TRBV6-2	TRBJ2-6	09/0018	NA	1634
CASGQGPGNTIYF	TRBV10-2	TRBJ1-3	09/0018	NA	1942
CASILASGLKYF	TRBV2	TRBJ2-7	09/0018	NA	2133
CASKERGPWEKLFF	TRBV27	TRBJ1-4	09/0018	NA	1800
CASQGPMNTEAFF	TRBV6-5	TRBJ1-1	09/0018	NA	2115
CASRDPGSQSYEQYF	TRBV28	TRBJ2-7	09/0018	NA	1951
CASRPPGLRNSPLHF	TRBV19	TRBJ1-6	09/0018	NA	2003
CASRPRVLNYGYTF	TRBV28	TRBJ1-2	09/0018	NA	1895
CASRPRVLNYGYTF	TRBV28	TRBJ1-2	09/0018	NA	2112
CASRPTGTTSYGYTF	TRBV6-6	TRBJ1-2	09/0018	NA	2078
CASRPTGTTSYGYTF	TRBV6-6	TRBJ1-2	09/0018	NA	2044
CASRRQGGAYEQYF	TRBV12-3	TRBJ2-7	09/0018	NA	1865
CASRRQGGAYEQYF	TRBV12-3	TRBJ2-7	09/0018	NA	1545
CASRRYLGGKGTNEKLFF	TRBV6-1	TRBJ1-4	09/0018	NA	1146
CASRYNPRGSYEQYF	TRBV5-6	TRBJ2-7	09/0018	NA	2960
CASRYRTSGGAKSNTDTQYF	TRBV6-1	TRBJ2-3	09/0018	NA	111
CASRYSTGGASYEQYF	TRBV6-5	TRBJ2-7	09/0018	NA	1811
CASSAFQPPYNEQFF	TRBV2	TRBJ2-1	09/0018	NA	2501
CASSAINRGHKGNTIYF	TRBV6-1	TRBJ1-3	09/0018	NA	1275
CASSASTGTEAFF	TRBV7-3	TRBJ1-1	09/0018	NA	2021
CASSDAAGGDTQYF	TRBV2	TRBJ2-3	09/0018	NA	2163
CASSEAPQGSPLHF	TRBV6-1	TRBJ1-6	09/0018	NA	2002
CASSFALGSKNTEAFF	TRBV5-6	TRBJ1-1	09/0018	NA	2439
CASSFALGSKNTEAFF	TRBV5-6	TRBJ1-1	09/0018	NA	2346
CASSFPIXLAGTRNTGELFF	TRBV6-5	TRBJ2-2	09/0018	NA	1507
CASSFPRESDTQYF	TRBV12-3	TRBJ2-3	09/0018	NA	2433
CASSFRRVGANVLTF	TRBV28	TRBJ2-6	09/0018	NA	2061
CASSGATGRSEAFF	TRBV14	TRBJ1-1	09/0018	NA	2331
CASSGPTGPSNEQFF	TRBV6-1	TRBJ2-1	09/0018	NA	1865
CASSGTVGANVLTF	TRBV28	TRBJ2-6	09/0018	NA	2149
CASSHLQGARETQYF	TRBV4-1	TRBJ2-5	09/0018	NA	2262
CASSHSSLAADTQYF	TRBV12-3	TRBJ2-3	09/0018	NA	2620
CASSINEGARGYTF	TRBV19	TRBJ1-2	09/0018	NA	2362
CASSKEDRKTTQYF	TRBV19	TRBJ2-5	09/0018	NA	2239
CASSKLEGLEQFF	TRBV12-3	TRBJ2-1	09/0018	NA	2662
CASSKLEGLEQFF	TRBV12-3	TRBJ2-1	09/0018	NA	2551
CASSKYSTASGYEQYF	TRBV7-2	TRBJ2-7	09/0018	NA	2077
CASSLAGSSVPYF	TRBV7-2	TRBJ2-3	09/0018	NA	2554
CASSLATVNTEAFF	TRBV5-1	TRBJ1-1	09/0018	NA	2267
CASSLAVPGPTDTQYF	TRBV28	TRBJ2-3	09/0018	NA	1929
CASSLDRRTSHEQFF	TRBV11-2	TRBJ2-1	09/0018	NA	2505
CASSLDSPSSYNEQFF	TRBV5-1	TRBJ2-1	09/0018	NA	1798
CASSLGRTGEQYF	TRBV7-2	TRBJ2-7	09/0018	NA	2718
CASSLIGRADTQYF	TRBV7-3	TRBJ2-3	09/0018	NA	1636
CASSLKGGGGAEQYF	TRBV7-3	TRBJ2-7	09/0018	NA	1600
CASSLLGQNDNEQFF	TRBV12-3	TRBJ2-1	09/0018	NA	2508
CASSLLVSSNEQFF	TRBV12-3	TRBJ2-1	09/0018	NA	2537
CASSLQGGVDQPQHF	TRBV6-1	TRBJ1-5	09/0018	NA	1986
CASSLRELGRNEQFF	TRBV11-2	TRBJ2-1	09/0018	NA	2174
CASSLRGSGVGNTEAFF	TRBV5-1	TRBJ1-1	09/0018	NA	1370
CASSLRPHPLQETQYF	TRBV12-3	TRBJ2-5	09/0018	NA	2180
CASSLRPSRGPDTQYF	TRBV4-1	TRBJ2-3	09/0018	NA	2203
CASSLSTGNLEGYTF	TRBV7-2	TRBJ1-2	09/0018	NA	2295
CASSLTIGNQPQHF	TRBV3-1	TRBJ1-5	09/0018	NA	2225
CASSLTQVNTEAFF	TRBV5-1	TRBJ1-1	09/0018	NA	1808
CASSPDRGPTDTQYF	TRBV7-2	TRBJ2-3	09/0018	NA	2242
CASSPDRSYEQYF	TRBV25-1	TRBJ2-7	09/0018	NA	692
CASSPGASTYEQYF	TRBV18	TRBJ2-7	09/0018	NA	1972
CASSPGGQPQHF	TRBV6-6	TRBJ1-5	09/0018	NA	2012
CASSPGGQPQHF	TRBV6-6	TRBJ1-5	09/0018	NA	2573
CASSPGLAMIQETQYF	TRBV6-5	TRBJ2-5	09/0018	NA	1737
CASSPRGNYEQYF	TRBV27	TRBJ2-7	09/0018	NA	2526
CASSPRGNYEQYF	TRBV27	TRBJ2-7	09/0018	NA	2007
CASSPRGNYEQYF	TRBV27	TRBJ2-7	09/0018	NA	2606
CASSPRGPSTDTQYF	TRBV18	TRBJ2-3	09/0018	NA	1732
CASSPRQFSYEQYF	TRBV9	TRBJ2-7	09/0018	NA	2143
CASSPRTYHSPLHF	TRBV14	TRBJ1-6	09/0018	NA	2143
CASSPSTSDETQYF	TRBV18	TRBJ2-5	09/0018	NA	104
CASSQDIGGRYNEQFF	TRBV4-1	TRBJ2-1	09/0018	NA	2237
CASSQDRAGAAPDTQYF	TRBV14	TRBJ2-3	09/0018	NA	1888
CASSQDRSGGRTDTQYF	TRBV4-1	TRBJ2-3	09/0018	NA	1971
CASSQERGLAGETQYF	TRBV3-1	TRBJ2-5	09/0018	NA	1675
CASSQGRDIFREEQYF	TRBV11-1	TRBJ2-7	09/0018	NA	2517
CASSQGVRRTGRGNTEAFF	TRBV4-1	TRBJ1-1	09/0018	NA	1621
CASSQRTSGGAYQETQYF	TRBV11-2	TRBJ2-5	09/0018	NA	2471
CASSQVIGRGGQETQYF	TRBV4-1	TRBJ2-5	09/0018	NA	2291
CASSRDGRVLGHGYTF	TRBV7-3	TRBJ1-2	09/0018	NA	2029
CASSRGTTQYF	TRBV6-6	TRBJ2-3	09/0018	NA	2130
CASSRLAGMDTQYF	TRBV6-6	TRBJ2-3	09/0018	NA	2039
CASSRLAGMDTQYF	TRBV6-6	TRBJ2-3	09/0018	NA	1940
CASSRQGMNYGYTF	TRBV19	TRBJ1-2	09/0018	NA	2095
CASSRSSSYEQYF	TRBV19	TRBJ2-7	09/0018	NA	2199
CASSSGAGYTF	TRBV28	TRBJ1-2	09/0018	NA	2186
CASSSGQAREQFF	TRBV7-3	TRBJ2-1	09/0018	NA	1610
CASSSGQGGGYTF	TRBV28	TRBJ1-2	09/0018	NA	1776
CASSSPGQGKTYEQYF	TRBV11-2	TRBJ2-7	09/0018	NA	2122
CASSSPLFTINYGYTF	TRBV28	TRBJ1-2	09/0018	NA	1942
CASSSRDSHNYGYTF	TRBV27	TRBJ1-2	09/0018	NA	2368
CASSTGQGGTDTQYF	TRBV6-4	TRBJ2-3	09/0018	NA	2644
CASSTWEQGYGYTF	TRBV28	TRBJ1-2	09/0018	NA	1722
CASSVGFEGGETQYF	TRBV9	TRBJ2-5	09/0018	NA	2179
CASSVGGDAGTDTQYF	TRBV5-6	TRBJ2-3	09/0018	NA	2192
CASSVLGQGYGEQYF	TRBV9	TRBJ2-7	09/0018	NA	2230
CASSYDRGGETQYF	TRBV5-6	TRBJ2-5	09/0018	NA	3226
CASSYRSMEKLFF	TRBV27	TRBJ1-4	09/0018	NA	2564
CASTASGGSGNTIYF	TRBV25-1	TRBJ1-3	09/0018	NA	2356
CASTLSGETYEQYF	TRBV12-3	TRBJ2-7	09/0018	NA	958
CASTLSVGTGELFF	TRBV12-3	TRBJ2-2	09/0018	NA	2208
CASTQSGGTNEKLFF	TRBV28	TRBJ1-4	09/0018	NA	1681
CASTQSGGTNEKLFF	TRBV28	TRBJ1-4	09/0018	NA	1671
CASTQSGGTNEKLFF	TRBV28	TRBJ1-4	09/0018	NA	2060
CASTQSGGTNEKLFF	TRBV28	TRBJ1-4	09/0018	NA	1518
CASTQSGGTNEKLFF	TRBV28	TRBJ1-4	09/0018	NA	1816
CASVGAGYEQYF	TRBV28	TRBJ2-7	09/0018	NA	2068
CATGTTNTQYF	TRBV24-1	TRBJ2-3	09/0018	NA	2478
CATLTAGTVYTIYF	TRBV24-1	TRBJ1-3	09/0018	NA	1719
CATSDFSTYNEQFF	TRBV24-1	TRBJ2-1	09/0018	NA	1785
CATSDPAGLDYNEQFF	TRBV24-1	TRBJ2-1	09/0018	NA	2354
CATSEGRGQPQHF	TRBV15	TRBJ1-5	09/0018	NA	2164
CATVTGTGYEQYF	TRBV28	TRBJ2-7	09/0018	NA	2099
CSADGGGNYEQYF	TRBV20-1	TRBJ2-7	09/0018	NA	2052
CSADGGGNYEQYF	TRBV20-1	TRBJ2-7	09/0018	NA	2630
CSAPRDRGFGEQFF	TRBV20-1	TRBJ2-1	09/0018	NA	2430
CSARALSSGGELFF	TRBV20-1	TRBJ2-2	09/0018	NA	1980
CSARDPRHQMDTQYF	TRBV20-1	TRBJ2-3	09/0018	NA	1854
CSARFGGYYEQYF	TRBV20-1	TRBJ2-7	09/0018	NA	2146
CSARKGGGEAKNIQYF	TRBV20-1	TRBJ2-4	09/0018	NA	1896
CSARLAVNYNEQFF	TRBV20-1	TRBJ2-1	09/0018	NA	1960
CSARQGRSYEQYF	TRBV29-1	TRBJ2-7	09/0018	NA	2219
CSASGTIQETQYF	TRBV20-1	TRBJ2-5	09/0018	NA	1997
CSASRDSLNYGYTF	TRBV20-1	TRBJ1-2	09/0018	NA	2230
CSASRDTKETQYF	TRBV20-1	TRBJ2-5	09/0018	NA	1828
CSATPGGGSSGYTF	TRBV20-1	TRBJ1-2	09/0018	NA	2109
CSATPGGGSSGYTF	TRBV20-1	TRBJ1-2	09/0018	NA	1984
CSVARGTANTEAFF	TRBV29-1	TRBJ1-1	09/0018	NA	1965
CSVGKGTLSYEQYF	TRBV29-1	TRBJ2-7	09/0018	NA	1912
CAGGDYEQYF	TRBV6-1	TRBJ2-7	09/0018	NA	1976
CAGQILAGSDTQYF	TRBV6-4	TRBJ2-3	09/0018	NA	2205
CAILGQLSGANVLTF	TRBV10-3	TRBJ2-6	09/0018	NA	1819
CAISGRDRGYEQYF	TRBV10-3	TRBJ2-7	09/0018	NA	1919
CASGQGAQTYEQYF	TRBV18	TRBJ2-7	09/0018	NA	2074
CASKRTSGFLDTQYF	TRBV19	TRBJ2-3	09/0018	NA	1907
CASRAGTSSYNSPLHF	TRBV2	TRBJ1-6	09/0018	NA	2180
CASRGAGWDGEAFF	TRBV12-3	TRBJ1-1	09/0018	NA	1167
CASRGNLVDIQYF	TRBV19	TRBJ2-4	09/0018	NA	2445
CASRPRVLNYGYTF	TRBV28	TRBJ1-2	09/0018	NA	1903
CASRRAGAYYGYTF	TRBV19	TRBJ1-2	09/0018	NA	1443
CASRRAGAYYGYTF	TRBV19	TRBJ1-2	09/0018	NA	1877
CASRRQGGAYEQYF	TRBV12-3	TRBJ2-7	09/0018	NA	2638
CASRRQSSYNEQFF	TRBV12-3	TRBJ2-1	09/0018	NA	2301
CASRSWTGAAGANVLTF	TRBV19	TRBJ2-6	09/0018	NA	1378
CASRTQGVGTGELFF	TRBV19	TRBJ2-2	09/0018	NA	1892
CASSAMTGRVNNEQFF	TRBV25-1	TRBJ2-1	09/0018	NA	1816
CASSARQGNWEQYF	TRBV19	TRBJ2-7	09/0018	NA	1973
CASSARTSGGNEQYF	TRBV25-1	TRBJ2-7	09/0018	NA	2345
CASSAVSATPNKNYGYTF	TRBV9	TRBJ1-2	09/0018	NA	1792
CASSAWDRGRFTEAFF	TRBV25-1	TRBJ1-1	09/0018	NA	2022
CASSAWDRGRFTEAFF	TRBV25-1	TRBJ1-1	09/0018	NA	1773
CASSDSPQGWGAQYF	TRBV9	TRBJ2-3	09/0018	NA	1894
CASSDYGRGGYTF	TRBV25-1	TRBJ1-2	09/0018	NA	799
CASSEALQAGGLYTQYF	TRBV6-1	TRBJ2-3	09/0018	NA	1353
CASSEASGANVLTF	TRBV25-1	TRBJ2-6	09/0018	NA	2217
CASSELGRGQPQHF	TRBV2	TRBJ1-5	09/0018	NA	2585
CASSERGLTYEQYF	TRBV2	TRBJ2-7	09/0018	NA	2523
CASSFGRFTDTQYF	TRBV27	TRBJ2-3	09/0018	NA	1580
CASSFGRGYSPLHF	TRBV27	TRBJ1-6	09/0018	NA	2391
CASSGDIRTEAFF	TRBV14	TRBJ1-1	09/0018	NA	2283
CASSGTPPDEQYF	TRBV11-2	TRBJ2-7	09/0018	NA	2454
CASSHLQGARETQYF	TRBV4-1	TRBJ2-5	09/0018	NA	2072
CASSIGLWRDSQYSGNTIYF	TRBV19	TRBJ1-3	09/0018	NA	158
CASSKLEGLEQFF	TRBV12-3	TRBJ2-1	09/0018	NA	1924
CASSLAGWQTEAFF	TRBV11-2	TRBJ1-1	09/0018	NA	2394
CASSLALAGGGRLSGANVLTF	TRBV5-1	TRBJ2-6	09/0018	NA	1198
CASSLALAGGGRLSGANVLTF	TRBV5-1	TRBJ2-6	09/0018	NA	1385
CASSLAWQIHYEQYF	TRBV5-1	TRBJ2-7	09/0018	NA	2268
CASSLAWQIHYEQYF	TRBV5-1	TRBJ2-7	09/0018	NA	1779
CASSLAWQIHYEQYF	TRBV5-1	TRBJ2-7	09/0018	NA	1807
CASSLDGRGGQDEQFF	TRBV11-3	TRBJ2-1	09/0018	NA	1365
CASSLDNQPQHF	TRBV18	TRBJ1-5	09/0018	NA	1978
CASSLDRAMGTQYF	TRBV11-2	TRBJ2-3	09/0018	NA	1770
CASSLDRAMGTQYF	TRBV11-2	TRBJ2-3	09/0018	NA	1763
CASSLDRAMGTQYF	TRBV11-2	TRBJ2-3	09/0018	NA	2090
CASSLDRAMGTQYF	TRBV11-2	TRBJ2-3	09/0018	NA	1964
CASSLGYREATGELFF	TRBV5-6	TRBJ2-2	09/0018	NA	2033
CASSLHSSGANVLTF	TRBV4-3	TRBJ2-6	09/0018	NA	2011
CASSLHYRAGRGGAETQYF	TRBV28	TRBJ2-5	09/0018	NA	1337
CASSLIALGETQYF	TRBV5-6	TRBJ2-5	09/0018	NA	2672
CASSLIGLAGTPSEQFF	TRBV7-3	TRBJ2-1	09/0018	NA	1538
CASSLLRGLGYTF	TRBV12-3	TRBJ1-2	09/0018	NA	2233
CASSLNGWTNEKLFF	TRBV7-6	TRBJ1-4	09/0018	NA	1883
CASSLNQGQVYGYTF	TRBV2	TRBJ1-2	09/0018	NA	2020
CASSLRELGRNEQFF	TRBV11-2	TRBJ2-1	09/0018	NA	2412
CASSLTGTHGEQYF	TRBV3-1	TRBJ2-7	09/0018	NA	2059
CASSLVSYSYEQYF	TRBV5-1	TRBJ2-7	09/0018	NA	1910
CASSLVWAGNTEAFF	TRBV7-9	TRBJ1-1	09/0018	NA	1542
CASSLYRAGNTIYF	TRBV7-2	TRBJ1-3	09/0018	NA	2621
CASSNPGARYGYTF	TRBV19	TRBJ1-2	09/0018	NA	2286
CASSPAGSAPFETQYF	TRBV7-3	TRBJ2-5	09/0018	NA	174
CASSPGGQPQHF	TRBV6-6	TRBJ1-5	09/0018	NA	2365
CASSPGGQPQHF	TRBV6-6	TRBJ1-5	09/0018	NA	2379
CASSPGQGDETQYF	TRBV9	TRBJ2-5	09/0018	NA	2201
CASSPGQGGFSGNTIYF	TRBV18	TRBJ1-3	09/0018	NA	886
CASSPGTGGSYEQYF	TRBV18	TRBJ2-7	09/0018	NA	1987
CASSPPPLLEKLFF	TRBV4-2	TRBJ1-4	09/0018	NA	1777
CASSPRGNYEQYF	TRBV27	TRBJ2-7	09/0018	NA	2187
CASSPRGNYEQYF	TRBV27	TRBJ2-7	09/0018	NA	2556
CASSQDGLAGGLEQFF	TRBV4-2	TRBJ2-1	09/0018	NA	2298
CASSQDSGLPIYEQYF	TRBV3-1	TRBJ2-7	09/0018	NA	1416
CASSQEARFDGELFF	TRBV4-3	TRBJ2-2	09/0018	NA	2140
CASSQGQRLGYTF	TRBV3-1	TRBJ1-2	09/0018	NA	265
CASSQYDGRLTSTQYF	TRBV4-2	TRBJ2-3	09/0018	NA	367
CASSRDQVPSQYF	TRBV5-6	TRBJ2-3	09/0018	NA	2758
CASSRGTTQYF	TRBV6-6	TRBJ2-3	09/0018	NA	2616
CASSRGTTQYF	TRBV6-6	TRBJ2-3	09/0018	NA	2713
CASSRGTTQYF	TRBV6-6	TRBJ2-3	09/0018	NA	2253
CASSRGTTQYF	TRBV6-6	TRBJ2-3	09/0018	NA	2138
CASSRQGAGEQYF	TRBV3-1	TRBJ2-7	09/0018	NA	1851
CASSRSQGRTYEQYF	TRBV6-6	TRBJ2-7	09/0018	NA	1899
CASSSNRGDTQYF	TRBV5-1	TRBJ2-3	09/0018	NA	2211
CASSSQWDNEQYF	TRBV7-2	TRBJ2-7	09/0018	NA	2702
CASSSRSFIQYF	TRBV28	TRBJ2-4	09/0018	NA	1641
CASSVAEGWGSNEQFF	TRBV9	TRBJ2-1	09/0018	NA	2303
CASSVALLGNTIYF	TRBV9	TRBJ1-3	09/0018	NA	2117
CASSVALMGGELFF	TRBV9	TRBJ2-2	09/0018	NA	1969
CASSVLAGGVYNEQFF	TRBV9	TRBJ2-1	09/0018	NA	1638
CASSVYREGTEAFF	TRBV2	TRBJ1-1	09/0018	NA	2408
CASSYQGRTYEQYF	TRBV6-5	TRBJ2-7	09/0018	NA	2155
CASTLGGAATEAFF	TRBV6-1	TRBJ1-1	09/0018	NA	1898
CASTQSGGTNEKLFF	TRBV28	TRBJ1-4	09/0018	NA	1660
CASTQSGGTNEKLFF	TRBV28	TRBJ1-4	09/0018	NA	1912
CASTWSQETQYF	TRBV6-6	TRBJ2-5	09/0018	NA	1913
CATQWVGQESTGELFF	TRBV25-1	TRBJ2-2	09/0018	NA	2382
CATSDLHRDRQTEAKNIQYF	TRBV24-1	TRBJ2-4	09/0018	NA	1598
CATSDVFGGEAFF	TRBV24-1	TRBJ1-1	09/0018	NA	2011
CAWSDLETQYF	TRBV30	TRBJ2-5	09/0018	NA	1826
CSAGEGGPLGTQYF	TRBV29-1	TRBJ2-5	09/0018	NA	2030
CSAKGQGLYEQYF	TRBV20-1	TRBJ2-7	09/0018	NA	2178
CSANKAGRSHEQYF	TRBV20-1	TRBJ2-7	09/0018	NA	2525
CSAPRDRGFGEQFF	TRBV20-1	TRBJ2-1	09/0018	NA	1453
CSAPTRTSFHPYEQYF	TRBV20-1	TRBJ2-7	09/0018	NA	1487
CSAQIPSYNEQFF	TRBV20-1	TRBJ2-1	09/0018	NA	1903
CSARDPNGGDEQFF	TRBV20-1	TRBJ2-1	09/0018	NA	1752
CSAREGGANVLTF	TRBV20-1	TRBJ2-6	09/0018	NA	1952
CSARGVGLAGGSTYNEQFF	TRBV20-1	TRBJ2-1	09/0018	NA	1512
CSASQTSGGAGETQYF	TRBV20-1	TRBJ2-5	09/0018	NA	1877
CSATPGGGSSGYTF	TRBV20-1	TRBJ1-2	09/0018	NA	2240
CSATPGGGSSGYTF	TRBV20-1	TRBJ1-2	09/0018	NA	1862
CSVAGVGNTEAFF	TRBV29-1	TRBJ1-1	09/0018	NA	1981
CSVEDTGGRNNEQFF	TRBV29-1	TRBJ2-1	09/0018	NA	2246
CSVEVGQGFSPGGTEAFF	TRBV29-1	TRBJ1-1	09/0018	NA	1738
CSVNTSPNIQYF	TRBV29-1	TRBJ2-4	09/0018	NA	1749
CSVRALNTF	TRBV20-1	TRBJ1-2	09/0018	NA	2290
CAGGVDSYGYTF	TRBV6-6	TRBJ1-2	01/0873	NA	1771
CAISEQQGAGELFF	TRBV10-3	TRBJ2-2	01/0873	NA	1906
CAISVRGGAEAFF	TRBV10-3	TRBJ1-1	01/0873	NA	1933
CASHWGRVMNTEAFF	TRBV2	TRBJ1-1	01/0873	NA	1820
CASKRGGGLWNTEAFF	TRBV6-1	TRBJ1-1	01/0873	NA	1662
CASKVAGGRGHF	TRBV2	TRBJ2-4	01/0873	NA	1870
CASMIATGRTDTQYF	TRBV19	TRBJ2-3	01/0873	NA	2130
CASQGFSYEQYF	TRBV6-1	TRBJ2-7	01/0873	NA	1846
CASRGGRGASTDTQYF	TRBV5-6	TRBJ2-3	01/0873	NA	2302
CASRGTRVTDTQYF	TRBV28	TRBJ2-3	01/0873	NA	1758
CASRPTPGPQIRPQYF	TRBV6-5	TRBJ2-3	01/0873	NA	1094
CASRRATSSSGNTIYF	TRBV6-1	TRBJ1-3	01/0873	NA	1502
CASRSGGKNTQYF	TRBV28	TRBJ2-3	01/0873	NA	1845
CASRSGGKNTQYF	TRBV28	TRBJ2-3	01/0873	NA	1879
CASRSGGKNTQYF	TRBV28	TRBJ2-3	01/0873	NA	1579
CASRSTGGTEAFF	TRBV7-3	TRBJ1-1	01/0873	NA	251
CASRTTWNSNQPQHF	TRBV19	TRBJ1-5	01/0873	NA	1748
CASRWRGSSYEQYF	TRBV5-6	TRBJ2-7	01/0873	NA	2398
CASSAGKGQGETEAFF	TRBV18	TRBJ1-1	01/0873	NA	1605
CASSAKGQGGYTEAFF	TRBV9	TRBJ1-1	01/0873	NA	1669
CASSDDRGSPLHF	TRBV2	TRBJ1-6	01/0873	NA	2040
CASSDKTGELFF	TRBV3-1	TRBJ2-2	01/0873	NA	1651
CASSEAGQTNEKLFF	TRBV2	TRBJ1-4	01/0873	NA	1435
CASSEDAVRTNYGYTF	TRBV4-1	TRBJ1-2	01/0873	NA	1897
CASSEGGRAGNTIYF	TRBV2	TRBJ1-3	01/0873	NA	2051
CASSEGVGGTPNLPGSPLHF	TRBV2	TRBJ1-6	01/0873	NA	1723
CASSFEETQYF	TRBV7-2	TRBJ2-5	01/0873	NA	2033
CASSFTGTGGSYEQYF	TRBV7-6	TRBJ2-7	01/0873	NA	2029
CASSGFFTQYF	TRBV6-1	TRBJ2-3	01/0873	NA	1851
CASSGGQGAGETQYF	TRBV11-3	TRBJ2-5	01/0873	NA	1704
CASSGTGGMNTEAFF	TRBV6-6	TRBJ1-1	01/0873	NA	1369
CASSGTGGMNTEAFF	TRBV6-6	TRBJ1-1	01/0873	NA	1012
CASSHSTEAFF	TRBV3-1	TRBJ1-1	01/0873	NA	1877
CASSIAGGSGNQPQHF	TRBV19	TRBJ1-5	01/0873	NA	1979
CASSIQPDTEAFF	TRBV19	TRBJ1-1	01/0873	NA	2108
CASSIRGVGKNYGYTF	TRBV19	TRBJ1-2	01/0873	NA	1794
CASSKGEGAGETQYF	TRBV11-3	TRBJ2-5	01/0873	NA	2187
CASSKTWGNTEAFF	TRBV7-2	TRBJ1-1	01/0873	NA	1878
CASSLAGGGRYNSPLHF	TRBV7-6	TRBJ1-6	01/0873	NA	1474
CASSLAGGVTEAFF	TRBV5-1	TRBJ1-1	01/0873	NA	2058
CASSLAPDPNTEAFF	TRBV11-2	TRBJ1-1	01/0873	NA	2304
CASSLDVSGARGYTF	TRBV7-2	TRBJ1-2	01/0873	NA	2206
CASSLEETQYF	TRBV7-2	TRBJ2-5	01/0873	NA	2380
CASSLEETQYF	TRBV7-2	TRBJ2-5	01/0873	NA	2291
CASSLEETQYF	TRBV7-2	TRBJ2-5	01/0873	NA	2461
CASSLEETQYF	TRBV7-2	TRBJ2-5	01/0873	NA	2415
CASSLFRYDRGFGYTF	TRBV12-3	TRBJ1-2	01/0873	NA	2206
CASSLGTFSEAFF	TRBV7-2	TRBJ1-1	01/0873	NA	2534
CASSLGWTDTQYF	TRBV11-2	TRBJ2-3	01/0873	NA	1947
CASSLGWTDTQYF	TRBV11-2	TRBJ2-3	01/0873	NA	1540
CASSLGWTDTQYF	TRBV11-2	TRBJ2-3	01/0873	NA	2434
CASSLKGGVSYNEQFF	TRBV7-2	TRBJ2-1	01/0873	NA	2714
CASSLMGGSNEKLFF	TRBV11-2	TRBJ1-4	01/0873	NA	1650
CASSLQAGTGGYGYTF	TRBV19	TRBJ1-2	01/0873	NA	1822
CASSLRGKRGTDTQYF	TRBV27	TRBJ2-3	01/0873	NA	2019
CASSLSAGGQETQYF	TRBV12-3	TRBJ2-5	01/0873	NA	1690
CASSLSMRGPTDTQYF	TRBV27	TRBJ2-3	01/0873	NA	361
CASSLSVSYNSPLHF	TRBV5-6	TRBJ1-6	01/0873	NA	2737
CASSLTGAQPQHF	TRBV4-1	TRBJ1-5	01/0873	NA	2430
CASSLVGGPSSEAFF	TRBV5-1	TRBJ1-1	01/0873	NA	1430
CASSLVSPGGAVPIYTDTQYF	TRBV7-2	TRBJ2-3	01/0873	NA	1693
CASSPAGRRGSTDTQYF	TRBV9	TRBJ2-3	01/0873	NA	1855
CASSPDPTNEKLFF	TRBV19	TRBJ1-4	01/0873	NA	1802
CASSPEETQYF	TRBV7-2	TRBJ2-5	01/0873	NA	102
CASSPGGLYGYTF	TRBV18	TRBJ1-2	01/0873	NA	1990
CASSPGQGPNTEAFF	TRBV18	TRBJ1-1	01/0873	NA	1776
CASSPGQGYEQYF	TRBV5-1	TRBJ2-7	01/0873	NA	2332
CASSPGQITGELFF	TRBV18	TRBJ2-2	01/0873	NA	1818
CASSPGTGGIGELFF	TRBV4-2	TRBJ2-2	01/0873	NA	1568
CASSPGTGYYEQYF	TRBV3-1	TRBJ2-7	01/0873	NA	1515
CASSPLAGGPTDTQYF	TRBV2	TRBJ2-3	01/0873	NA	1994
CASSPLVISRQGNEKLFF	TRBV5-1	TRBJ1-4	01/0873	NA	1455
CASSPNGIMNTEAFF	TRBV7-6	TRBJ1-1	01/0873	NA	2053
CASSPNRDTNYGYTF	TRBV5-1	TRBJ1-2	01/0873	NA	1819
CASSPPRDGGSTDTQYF	TRBV27	TRBJ2-3	01/0873	NA	342
CASSPPRGEPANTGELFF	TRBV5-6	TRBJ2-2	01/0873	NA	2239
CASSPRDRGLPNTEAFF	TRBV18	TRBJ1-1	01/0873	NA	1639
CASSPRDSGGAGSYEQYF	TRBV7-4	TRBJ2-7	01/0873	NA	1814
CASSPRIRRGTEAFF	TRBV27	TRBJ1-1	01/0873	NA	1949
CASSPRPYNEQFF	TRBV4-2	TRBJ2-1	01/0873	NA	1823
CASSPRQLALAVEKLFF	TRBV27	TRBJ1-4	01/0873	NA	1770
CASSPRQLALAVEKLFF	TRBV27	TRBJ1-4	01/0873	NA	1818
CASSPRQLALAVEKLFF	TRBV27	TRBJ1-4	01/0873	NA	1943
CASSPRQVAGGETQYF	TRBV7-2	TRBJ2-5	01/0873	NA	1928
CASSPRWGANTEAFF	TRBV7-2	TRBJ1-1	01/0873	NA	2571
CASSPSRGNRELFF	TRBV7-6	TRBJ2-2	01/0873	NA	1951
CASSPSVQRTQETQYF	TRBV7-2	TRBJ2-5	01/0873	NA	2104
CASSPTGDRLGRETQYF	TRBV3-1	TRBJ2-5	01/0873	NA	1141
CASSPVGQPQHF	TRBV4-2	TRBJ1-5	01/0873	NA	2470
CASSQDSTTEAFF	TRBV4-1	TRBJ1-1	01/0873	NA	2320
CASSQDTVLAGDTQYF	TRBV3-1	TRBJ2-3	01/0873	NA	1568
CASSQDVGGNTGELFF	TRBV3-1	TRBJ2-2	01/0873	NA	1161
CASSQGAGNTIYF	TRBV3-1	TRBJ1-3	01/0873	NA	1177
CASSQGGWGSESPLHF	TRBV4-1	TRBJ1-6	01/0873	NA	2055
CASSQRWDTGELFF	TRBV19	TRBJ2-2	01/0873	NA	1817
CASSQVGQGYGYTF	TRBV4-1	TRBJ1-2	01/0873	NA	1568
CASSQVGSIADTQYF	TRBV14	TRBJ2-3	01/0873	NA	1553
CASSRIGGDYGYTF	TRBV5-1	TRBJ1-2	01/0873	NA	1675
CASSRRLSTYEQYF	TRBV3-1	TRBJ2-7	01/0873	NA	1735
CASSSAPQNYGYTF	TRBV6-6	TRBJ1-2	01/0873	NA	2086
CASSSASGGGSSYNEQFF	TRBV7-6	TRBJ2-1	01/0873	NA	1773
CASSSGGSTDTQYF	TRBV11-3	TRBJ2-3	01/0873	NA	2558
CASSSQTGDRGYTF	TRBV27	TRBJ1-2	01/0873	NA	1782
CASSSRVAGGETQYF	TRBV7-2	TRBJ2-5	01/0873	NA	2424
CASSSSISSGNTIYF	TRBV5-1	TRBJ1-3	01/0873	NA	1808
CASSSSISSGNTIYF	TRBV5-1	TRBJ1-3	01/0873	NA	1393
CASSTRGLDANTGELFF	TRBV3-1	TRBJ2-2	01/0873	NA	1048
CASSVALAGAEYF	TRBV9	TRBJ2-3	01/0873	NA	2083
CASSVDDRPGEKLFF	TRBV9	TRBJ1-4	01/0873	NA	1826
CASSVDPPSLSGNTIYF	TRBV7-2	TRBJ1-3	01/0873	NA	2067
CASSVGGGGTTGELFF	TRBV9	TRBJ2-2	01/0873	NA	2039
CASSVGGTGGGEKLFF	TRBV9	TRBJ1-4	01/0873	NA	1857
CASSVKADYGYTF	TRBV2	TRBJ1-2	01/0873	NA	2530
CASSVKGDSPSRVTDTQYF	TRBV2	TRBJ2-3	01/0873	NA	1904
CASSVTSGERNTQYF	TRBV12-3	TRBJ2-3	01/0873	NA	2322
CASSWDRGDTEAFF	TRBV18	TRBJ1-1	01/0873	NA	1761
CASSWGGRWSTDTQYF	TRBV3-1	TRBJ2-3	01/0873	NA	1406
CASSYAGGAWAFF	TRBV7-6	TRBJ1-1	01/0873	NA	1788
CASSYGGTGAGSEQYF	TRBV6-6	TRBJ2-7	01/0873	NA	1198
CASSYPWPSGGRGSYNEQFF	TRBV6-2	TRBJ2-1	01/0873	NA	1022
CASSYRADNSPLHF	TRBV27	TRBJ1-6	01/0873	NA	1822
CASSYRLAGSSYNEQFF	TRBV6-2	TRBJ2-1	01/0873	NA	307
CASSYRTGPSNQPQHF	TRBV6-2	TRBJ1-5	01/0873	NA	1030
CASSYSISENTEAFF	TRBV6-6	TRBJ1-1	01/0873	NA	1409
CASSYSRQHNQPQHF	TRBV6-6	TRBJ1-5	01/0873	NA	2086
CASTLFTTDGYTF	TRBV12-3	TRBJ1-2	01/0873	NA	2358
CASTPRWTDTEAFF	TRBV11-2	TRBJ1-1	01/0873	NA	2327
CASTSSGGRGTGELFF	TRBV7-2	TRBJ2-2	01/0873	NA	2228
CATISSLGVQPQHF	TRBV24-1	TRBJ1-5	01/0873	NA	2403
CATSDPTGIETQYF	TRBV24-1	TRBJ2-5	01/0873	NA	2196
CATSRENAGASNQPQHF	TRBV15	TRBJ1-5	01/0873	NA	1927
CAWSVQEGAAGELFF	TRBV30	TRBJ2-2	01/0873	NA	1920
CSADTGGAYGYTF	TRBV20-1	TRBJ1-2	01/0873	NA	2262
CSAGRSNSPLHF	TRBV20-1	TRBJ1-6	01/0873	NA	2038
CSALKATNEKLFF	TRBV20-1	TRBJ1-4	01/0873	NA	1798
CSAPGTAAYNEQFF	TRBV20-1	TRBJ2-1	01/0873	NA	2006
CSAPPDTYGYTF	TRBV20-1	TRBJ1-2	01/0873	NA	2153
CSAPPDTYGYTF	TRBV20-1	TRBJ1-2	01/0873	NA	2389
CSAPPDTYGYTF	TRBV20-1	TRBJ1-2	01/0873	NA	2237
CSAPPDTYGYTF	TRBV20-1	TRBJ1-2	01/0873	NA	2220
CSAPPDTYGYTF	TRBV20-1	TRBJ1-2	01/0873	NA	2097
CSAPPDTYGYTF	TRBV20-1	TRBJ1-2	01/0873	NA	2258
CSARVDDRENTEAFF	TRBV20-1	TRBJ1-1	01/0873	NA	1520
CSASGQGNSNQPQHF	TRBV20-1	TRBJ1-5	01/0873	NA	1740
CSASPFRGGSNTEAFF	TRBV20-1	TRBJ1-1	01/0873	NA	1365
CSASRAGGDTEAFF	TRBV20-1	TRBJ1-1	01/0873	NA	2078
CSATGQPGTEAFF	TRBV29-1	TRBJ1-1	01/0873	NA	1965
CSAWDGGVKLFF	TRBV20-1	TRBJ1-4	01/0873	NA	2170
CSTSVGLDTQYF	TRBV29-1	TRBJ2-3	01/0873	NA	1658
CSVDRDGDGEAFF	TRBV29-1	TRBJ1-1	01/0873	NA	1582
CAIRGIADQETQYF	TRBV10-3	TRBJ2-5	01/0873	NA	2076
CAISASGGGGLHSTDTQYF	TRBV10-3	TRBJ2-3	01/0873	NA	1181
CAISESRAEQYF	TRBV10-3	TRBJ2-7	01/0873	NA	2386
CASGLAPGFSGNQPQHF	TRBV12-5	TRBJ1-5	01/0873	NA	1954
CASHRAPSTDTQYF	TRBV12-3	TRBJ2-3	01/0873	NA	2457
CASIASSGANVLTF	TRBV19	TRBJ2-6	01/0873	NA	1738
CASKGQGKGNTIYF	TRBV19	TRBJ1-3	01/0873	NA	849
CASRDPLGSGNTGELFF	TRBV6-1	TRBJ2-2	01/0873	NA	1529
CASREAEEQYF	TRBV12-3	TRBJ2-7	01/0873	NA	2564
CASREAGAYNEQFF	TRBV19	TRBJ2-1	01/0873	NA	2106
CASRGEWGRNTEAFF	TRBV25-1	TRBJ1-1	01/0873	NA	2156
CASRPGQSEGHGYTF	TRBV19	TRBJ1-2	01/0873	NA	2084
CASRQGINNSPLHF	TRBV30	TRBJ1-6	01/0873	NA	2501
CASRREWGTSAFF	TRBV6-1	TRBJ1-1	01/0873	NA	2073
CASRSGGKNTQYF	TRBV28	TRBJ2-3	01/0873	NA	2405
CASSAGENYIQYF	TRBV2	TRBJ2-4	01/0873	NA	2869
CASSDSAGGPETQYF	TRBV9	TRBJ2-5	01/0873	NA	1735
CASSDSPAPEAFF	TRBV6-2	TRBJ1-1	01/0873	NA	1913
CASSEAFPGQGVWGRTDTQYF	TRBV6-1	TRBJ2-3	01/0873	NA	1355
CASSERLRSTDTQYF	TRBV6-1	TRBJ2-3	01/0873	NA	1980
CASSERVAGAGKNIQYF	TRBV2	TRBJ2-4	01/0873	NA	1882
CASSEVGDRGKNIQYF	TRBV10-2	TRBJ2-4	01/0873	NA	1570
CASSFDSTEAFF	TRBV7-2	TRBJ1-1	01/0873	NA	2609
CASSFFSGGVTGELFF	TRBV7-2	TRBJ2-2	01/0873	NA	2418
CASSFGAGGNQETQYF	TRBV11-2	TRBJ2-5	01/0873	NA	2319
CASSFNWGLAGEETQYF	TRBV11-2	TRBJ2-5	01/0873	NA	2137
CASSFRGPLAGQYF	TRBV13	TRBJ2-7	01/0873	NA	2273
CASSFTPTVKTEAFF	TRBV6-5	TRBJ1-1	01/0873	NA	2044
CASSGMGTGGTEAFF	TRBV9	TRBJ1-1	01/0873	NA	2097
CASSGPGQGTDTQYF	TRBV5-6	TRBJ2-3	01/0873	NA	2063
CASSGRGEPRNIQYF	TRBV6-1	TRBJ2-4	01/0873	NA	1704
CASSGTGGMNTEAFF	TRBV6-6	TRBJ1-1	01/0873	NA	1276
CASSGTGNYGYTF	TRBV2	TRBJ1-2	01/0873	NA	2571
CASSHGTATNYGYTF	TRBV3-1	TRBJ1-2	01/0873	NA	1166
CASSIASGGIADTQYF	TRBV19	TRBJ2-3	01/0873	NA	2149
CASSIDNSGGRGYTF	TRBV7-2	TRBJ1-2	01/0873	NA	2555
CASSIDWGTYEQYF	TRBV19	TRBJ2-7	01/0873	NA	2331
CASSIPLGSGNTIYF	TRBV7-2	TRBJ1-3	01/0873	NA	2880
CASSKGEGAGETQYF	TRBV11-3	TRBJ2-5	01/0873	NA	2356
CASSLAFGGFGNTIYF	TRBV7-2	TRBJ1-3	01/0873	NA	2823
CASSLAYEQYF	TRBV11-2	TRBJ2-7	01/0873	NA	2357
CASSLDAANTEAFF	TRBV5-1	TRBJ1-1	01/0873	NA	2206
CASSLDRFTGELFF	TRBV27	TRBJ2-2	01/0873	NA	2280
CASSLDVSGARGYTF	TRBV7-2	TRBJ1-2	01/0873	NA	2499
CASSLEETQYF	TRBV7-2	TRBJ2-5	01/0873	NA	3112
CASSLEGSQETQYF	TRBV5-1	TRBJ2-5	01/0873	NA	1803
CASSLFSGGLAKNIQYF	TRBV5-6	TRBJ2-4	01/0873	NA	2135
CASSLGEDQPQHF	TRBV11-1	TRBJ1-5	01/0873	NA	2204
CASSLGGSWLNEQFF	TRBV7-2	TRBJ2-1	01/0873	NA	2444
CASSLGTGAGELFF	TRBV5-1	TRBJ2-2	01/0873	NA	433
CASSLGWTDTQYF	TRBV11-2	TRBJ2-3	01/0873	NA	2627
CASSLLGRTTNNEQFF	TRBV7-6	TRBJ2-1	01/0873	NA	2265
CASSLNSRYQETQYF	TRBV11-2	TRBJ2-5	01/0873	NA	1514
CASSLPRIAEAFF	TRBV5-1	TRBJ1-1	01/0873	NA	2536
CASSLREETQYF	TRBV2	TRBJ2-5	01/0873	NA	2767
CASSLTGAQPQHF	TRBV4-1	TRBJ1-5	01/0873	NA	2417
CASSLTGSTDSPLHF	TRBV5-1	TRBJ1-6	01/0873	NA	2091
CASSLVGGPSSEAFF	TRBV5-1	TRBJ1-1	01/0873	NA	1804
CASSLVGGRPGANVLTF	TRBV11-1	TRBJ2-6	01/0873	NA	2584
CASSLVGGTEAFF	TRBV12-3	TRBJ1-1	01/0873	NA	2233
CASSLVRTSGGATDTQYF	TRBV7-2	TRBJ2-3	01/0873	NA	1923
CASSLVSGDLAKNIQYF	TRBV7-2	TRBJ2-4	01/0873	NA	2622
CASSPEETQYF	TRBV7-2	TRBJ2-5	01/0873	NA	152
CASSPGGRSGNTIYF	TRBV3-1	TRBJ1-3	01/0873	NA	1995
CASSPGGTNTGELFF	TRBV2	TRBJ2-2	01/0873	NA	2527
CASSPGGTNTGELFF	TRBV2	TRBJ2-2	01/0873	NA	2281
CASSPGTAISSYNEQFF	TRBV7-6	TRBJ2-1	01/0873	NA	2304
CASSPNGIMNTEAFF	TRBV7-6	TRBJ1-1	01/0873	NA	2076
CASSPNGIMNTEAFF	TRBV7-6	TRBJ1-1	01/0873	NA	1989
CASSPPDGIREKLFF	TRBV11-2	TRBJ1-4	01/0873	NA	1899
CASSPQGARRQPQHF	TRBV7-2	TRBJ1-5	01/0873	NA	2446
CASSPRQKGAAGELFF	TRBV18	TRBJ2-2	01/0873	NA	618
CASSPRQLALAVEKLFF	TRBV27	TRBJ1-4	01/0873	NA	1535
CASSPRQLALAVEKLFF	TRBV27	TRBJ1-4	01/0873	NA	1723
CASSPRRATEAFF	TRBV18	TRBJ1-1	01/0873	NA	2097
CASSPSRDQPQHF	TRBV18	TRBJ1-5	01/0873	NA	1923
CASSQDSGTEQYF	TRBV4-1	TRBJ2-7	01/0873	NA	2027
CASSQDTGQGWTGELFF	TRBV4-1	TRBJ2-2	01/0873	NA	2171
CASSQDVGGNTGELFF	TRBV3-1	TRBJ2-2	01/0873	NA	1490
CASSQELAGGPGELFF	TRBV4-3	TRBJ2-2	01/0873	NA	2117
CASSQETGATRTIYF	TRBV3-1	TRBJ1-3	01/0873	NA	1102
CASSQFIGDTDQSDTQYF	TRBV4-3	TRBJ2-3	01/0873	NA	1908
CASSQGQGGYGYTF	TRBV3-1	TRBJ1-2	01/0873	NA	1980
CASSQGTGTIHGYTF	TRBV3-1	TRBJ1-2	01/0873	NA	1792
CASSQGVRGNRSNEQFF	TRBV9	TRBJ2-1	01/0873	NA	1846
CASSRDRGGNTEAFF	TRBV18	TRBJ1-1	01/0873	NA	1739
CASSRGRDKNIQYF	TRBV18	TRBJ2-4	01/0873	NA	2097
CASSRSMMGTGELFF	TRBV3-1	TRBJ2-2	01/0873	NA	1835
CASSRSQGADGYTF	TRBV9	TRBJ1-2	01/0873	NA	2547
CASSRTGIQETQYF	TRBV4-2	TRBJ2-5	01/0873	NA	1995
CASSRTSNTGELFF	TRBV5-1	TRBJ2-2	01/0873	NA	2006
CASSSAGSSSPLHF	TRBV6-1	TRBJ1-6	01/0873	NA	1659
CASSSDRSSGNTIYF	TRBV7-6	TRBJ1-3	01/0873	NA	1866
CASSSGWGQSFNQPQHF	TRBV19	TRBJ1-5	01/0873	NA	1896
CASSSNAGTGELFF	TRBV6-6	TRBJ2-2	01/0873	NA	1249
CASSSRTSGGHLQETQYF	TRBV12-3	TRBJ2-5	01/0873	NA	548
CASSSTVGVGTEAFF	TRBV11-2	TRBJ1-1	01/0873	NA	2775
CASSTVPNSYEQYF	TRBV5-1	TRBJ2-7	01/0873	NA	1924
CASSVATGGLLNEQFF	TRBV9	TRBJ2-1	01/0873	NA	2578
CASSVESMGSPLHF	TRBV9	TRBJ1-6	01/0873	NA	2247
CASSVGQPHTQYF	TRBV9	TRBJ2-3	01/0873	NA	2049
CASSVHGSSTEAFF	TRBV19	TRBJ1-1	01/0873	NA	2218
CASSVRQGFTDTQYF	TRBV9	TRBJ2-3	01/0873	NA	1726
CASSYPGLAGGRATDTQYF	TRBV5-6	TRBJ2-3	01/0873	NA	2388
CASSYPGTGNEKLFF	TRBV6-6	TRBJ1-4	01/0873	NA	1907
CASSYSPYPGQNQPQHF	TRBV6-5	TRBJ1-5	01/0873	NA	1539
CASSYSSRGNSPLHF	TRBV6-5	TRBJ1-6	01/0873	NA	2155
CASSYYNSPLHF	TRBV7-2	TRBJ1-6	01/0873	NA	3095
CASVPGTYQETQYF	TRBV2	TRBJ2-5	01/0873	NA	2553
CATEGGAGSSYNEQFF	TRBV24-1	TRBJ2-1	01/0873	NA	2127
CATGRGGDNEQFF	TRBV25-1	TRBJ2-1	01/0873	NA	1918
CATRVGVATEAFF	TRBV6-1	TRBJ1-1	01/0873	NA	2037
CATSALTGPGDEQFF	TRBV24-1	TRBJ2-1	01/0873	NA	2261
CATSDPGLNEQYF	TRBV24-1	TRBJ2-7	01/0873	NA	2136
CATSGGSSTDTQYF	TRBV24-1	TRBJ2-3	01/0873	NA	2285
CATSRDPGAGQPQHF	TRBV15	TRBJ1-5	01/0873	NA	2078
CATTEGSTDTQYF	TRBV24-1	TRBJ2-3	01/0873	NA	2182
CAWSPGEDEQYF	TRBV30	TRBJ2-7	01/0873	NA	2366
CAWSPSTEIYSNQPQHF	TRBV30	TRBJ1-5	01/0873	NA	1875
CAWSRGQLGTEAFF	TRBV30	TRBJ1-1	01/0873	NA	2525
CAWSVAGGARETQYF	TRBV30	TRBJ2-5	01/0873	NA	2340
CAWSVQGSEYGYTF	TRBV30	TRBJ1-2	01/0873	NA	2311
CAWSVQSSYEQYF	TRBV30	TRBJ2-7	01/0873	NA	2111
CAWSVRIDGEQFF	TRBV30	TRBJ2-1	01/0873	NA	2785
CGASSGDQPQHF	TRBV20-1	TRBJ1-5	01/0873	NA	2405
CSAERSGALDEQFF	TRBV20-1	TRBJ2-1	01/0873	NA	2091
CSAGSSYNEQFF	TRBV20-1	TRBJ2-1	01/0873	NA	2270
CSAIGQAGTEAFF	TRBV20-1	TRBJ1-1	01/0873	NA	2323
CSAILWGTDTQYF	TRBV20-1	TRBJ2-3	01/0873	NA	2482
CSAMGGSDTQYF	TRBV20-1	TRBJ2-3	01/0873	NA	2099
CSAPPDTYGYTF	TRBV20-1	TRBJ1-2	01/0873	NA	2323
CSAPPDTYGYTF	TRBV20-1	TRBJ1-2	01/0873	NA	2383
CSAPPDTYGYTF	TRBV20-1	TRBJ1-2	01/0873	NA	2537
CSAPPDTYGYTF	TRBV20-1	TRBJ1-2	01/0873	NA	2560
CSAPRDTRLAGGPNTQYF	TRBV20-1	TRBJ2-3	01/0873	NA	1742
CSARATTGEAEAFF	TRBV20-1	TRBJ1-1	01/0873	NA	2307
CSARDNSGKAQYF	TRBV20-1	TRBJ2-3	01/0873	NA	2171
CSARDSQRPSYNEQFF	TRBV20-1	TRBJ2-1	01/0873	NA	1971
CSAREGNRVNQPQHF	TRBV20-1	TRBJ1-5	01/0873	NA	1925
CSARPPLGGPYNEQFF	TRBV20-1	TRBJ2-1	01/0873	NA	2012
CSARTGPNQPQHF	TRBV20-1	TRBJ1-5	01/0873	NA	1780
CSASPQIQGKGETQYF	TRBV20-1	TRBJ2-5	01/0873	NA	1648
CSASTGIGELFF	TRBV20-1	TRBJ2-2	01/0873	NA	1033
CSAVNRDQIYGYTF	TRBV20-1	TRBJ1-2	01/0873	NA	1796
CSVDRDGDGEAFF	TRBV29-1	TRBJ1-1	01/0873	NA	2239
CSVEDSSTPWTGNIQYF	TRBV29-1	TRBJ2-4	01/0873	NA	1569
CSVEGTGQNYYEQYF	TRBV29-1	TRBJ2-7	01/0873	NA	1943
CSVLSQGDTQYF	TRBV29-1	TRBJ2-3	01/0873	NA	2552
CSVPGWSRDTQYF	TRBV29-1	TRBJ2-3	01/0873	NA	1980
CASRTSGVSYEQYF	TRBV10-2	TRBJ2-7	02/0259	NA	2516
CASSEVEGTEAFF	TRBV2	TRBJ1-1	02/0259	NA	2740
CASSPEGQGEQFF	TRBV6-6	TRBJ2-1	02/0259	NA	2308
CSANGLAGAGYEQYF	TRBV20-1	TRBJ2-7	02/0259	NA	2383
CASRGGRSNSPLHF	TRBV6-1	TRBJ1-6	02/0259	NA	2130
CASSEGSGGAETQYF	TRBV10-2	TRBJ2-5	02/0259	NA	2479
CASSEAENTEAFF	TRBV6-4	TRBJ1-1	02/0259	NA	2607
CSALAGGRENEQYF	TRBV20-1	TRBJ2-7	02/0259	NA	2467
CASSEGSGGGELFF	TRBV6-4	TRBJ2-2	02/0259	NA	2716
CASSDSAGGTDTQYF	TRBV6-4	TRBJ2-3	02/0259	NA	2514
CASSDSPQDTQYF	TRBV6-2	TRBJ2-5	02/0259	NA	1901
CASSLLPDSYYEQYF	TRBV28	TRBJ2-7	02/0259	NA	2524
CASSAHILDREDGNYEQYF	TRBV25-1	TRBJ2-7	02/0259	NA	1185
CASSDGAGGGYEQYF	TRBV25-1	TRBJ2-7	02/0259	NA	2447
CASSEGHTSSYEQYF	TRBV25-1	TRBJ2-7	02/0259	NA	2879
CASSEPNSGNTIYF	TRBV25-1	TRBJ1-3	02/0259	NA	2364
CASSGVPSGANVLTF	TRBV25-1	TRBJ2-6	02/0259	NA	2237
CASSFSVAYNEQFF	TRBV12-3	TRBJ2-1	02/0259	NA	2142
CASSTSGGAYNEQFF	TRBV6-4	TRBJ2-1	02/0259	NA	2365
CSAREDLWSGYTF	TRBV20-1	TRBJ1-2	02/0259	NA	2789
CASSARDRGEQYF	TRBV7-2	TRBJ2-7	02/0259	NA	2893
CASSPIDRVGVLFF	TRBV9	TRBJ1-4	02/0259	NA	2505
CASSLQSAGAYEQYF	TRBV27	TRBJ2-7	02/0259	NA	1174
CASSLGERNIQYF	TRBV11-3	TRBJ2-4	02/0259	NA	2908
CSARVQSFGYTF	TRBV20-1	TRBJ1-2	02/0259	NA	2618
CASSLYGQGRYNEQFF	TRBV28	TRBJ2-1	02/0259	NA	2092
CSAREGLSSYNEQFF	TRBV20-1	TRBJ2-1	02/0259	NA	2184
CASSLYGTLNTGELFF	TRBV5-6	TRBJ2-2	02/0259	NA	1644
CASSESLAGGQNTQYF	TRBV10-2	TRBJ2-3	02/0259	NA	2340
CSVVGQGWIGYTF	TRBV29-1	TRBJ1-2	02/0259	NA	3035
CASSVSTSGGATDTQYF	TRBV9	TRBJ2-3	02/0259	NA	2267
CASGGGAYEQYF	TRBV25-1	TRBJ2-7	02/0259	NA	2904
CAISESGNEQFF	TRBV10-3	TRBJ2-1	02/0259	NA	1643
CASSPGLNSYEQYF	TRBV11-2	TRBJ2-7	02/0259	NA	2710
CASSPGLNSYEQYF	TRBV11-2	TRBJ2-7	02/0259	NA	2467
CASRAQGKNTEAFF	TRBV10-2	TRBJ1-1	02/0259	NA	2153
CSAREGLAGGPRETQYF	TRBV20-1	TRBJ2-5	02/0259	NA	1981
CASSREWAREKFF	TRBV7-2	TRBJ2-1	02/0259	NA	3039
CASSRAGGNHNEQFF	TRBV7-7	TRBJ2-1	02/0259	NA	1784
CSAIKSGYYLMNTEAFF	TRBV20-1	TRBJ1-1	02/0259	NA	1749
CASSRLQGTWGKAFF	TRBV4-1	TRBJ1-1	02/0259	NA	2610
CASSSNLGTNNEQFF	TRBV12-3	TRBJ2-1	02/0259	NA	2581
CASSLSRRAGIPPEAFF	TRBV27	TRBJ1-1	02/0259	NA	1655
CASSQEGLADISYEQYF	TRBV14	TRBJ2-7	02/0259	NA	2353
CAISESSIGHEQYF	TRBV10-3	TRBJ2-7	02/0259	NA	1529
CATSDSEGPLYNEQFF	TRBV24-1	TRBJ2-1	02/0259	NA	1950
CASGLTHTGGNGYTF	TRBV12-5	TRBJ1-2	02/0259	NA	2461
CSASSLLQGSEQYF	TRBV20-1	TRBJ2-7	02/0259	NA	2735
CASSVGVQFGEQFF	TRBV10-2	TRBJ2-1	02/0259	NA	2731
CASSRRAQTVGGSPLHF	TRBV7-2	TRBJ1-6	02/0259	NA	2885
CASSPRATGATDTQYF	TRBV27	TRBJ2-3	02/0259	NA	1695
CSASSSGGSLAKNIQYF	TRBV20-1	TRBJ2-4	02/0259	NA	1709
CASSQVSGQATSGRYNEQFF	TRBV4-1	TRBJ2-1	02/0259	NA	2110
CASSLDPAFSYNEQFF	TRBV27	TRBJ2-1	02/0259	NA	1830
CSARDRLGTSGYNEQFF	TRBV20-1	TRBJ2-1	02/0259	NA	2010
CASSGGANQPQHF	TRBV10-2	TRBJ1-5	02/0259	NA	2780
CATSRDQQTLHF	TRBV15	TRBJ1-6	02/0259	NA	2577
CASSFTGTGRDTQYF	TRBV11-2	TRBJ2-3	02/0259	NA	2864
CATTSGLQRYEQYF	TRBV15	TRBJ2-7	02/0259	NA	2419
CASSFADSNQPQHF	TRBV11-2	TRBJ1-5	02/0259	NA	2298
CASSLGIHNEQFF	TRBV5-1	TRBJ2-1	02/0259	NA	2205
CASSSIAGGYNEQFF	TRBV11-2	TRBJ2-1	02/0259	NA	2373
CSALKTRPGTSTDTQYF	TRBV20-1	TRBJ2-3	02/0259	NA	2024
CASSLVGSGPYNEQFF	TRBV11-2	TRBJ2-1	02/0259	NA	2731
CSAKLPELGTQYF	TRBV20-1	TRBJ2-5	02/0259	NA	2219
CSASHSRRSGNTIYF	TRBV20-1	TRBJ1-3	02/0259	NA	2413
CATSDSVGTGASYEQYF	TRBV24-1	TRBJ2-7	02/0259	NA	1249
CSAQRGGRAYGYTF	TRBV20-1	TRBJ1-2	02/0259	NA	2597
CASSPGPQETQYF	TRBV27	TRBJ2-5	02/0259	NA	2423
CSVVWLKRGEKLFF	TRBV29-1	TRBJ1-4	02/0259	NA	2201
CASTTLLGPFRALHF	TRBV27	TRBJ1-6	02/0259	NA	2239
CSSAGVNTDTQYF	TRBV29-1	TRBJ2-3	02/0259	NA	2241
CASTPLGLYGYTF	TRBV7-2	TRBJ1-2	02/0259	NA	2978
CATGPTGLNTEAFF	TRBV10-2	TRBJ1-1	02/0259	NA	2591
CASSGPSGEGGYTF	TRBV9	TRBJ1-2	02/0259	NA	2562
CASSSRRQVNTEAFF	TRBV27	TRBJ1-1	02/0259	NA	1940
CSARRTNNEQFF	TRBV20-1	TRBJ2-1	02/0259	NA	2292
CASSLAGGQGSNQPQHF	TRBV27	TRBJ1-5	02/0259	NA	1466
CAWRAANSNQPQHF	TRBV30	TRBJ1-5	02/0259	NA	3027
CASSQIPGTESYEQYF	TRBV4-1	TRBJ2-7	02/0259	NA	2800
CASSPSGQGMGYTF	TRBV18	TRBJ1-2	02/0259	NA	2416
CASSSTFQRYF	TRBV28	TRBJ2-3	02/0259	NA	2319
CASSSPGTGGYEQYF	TRBV28	TRBJ2-7	02/0259	NA	2192
CASSLGGFSNQPQHF	TRBV11-2	TRBJ1-5	02/0259	NA	2462
CSGQGTNQPQHF	TRBV20-1	TRBJ1-5	02/0259	NA	2846
CASSEGSGSTDTQYF	TRBV6-1	TRBJ2-3	02/0259	NA	2205
CATSDLGTGPGELFF	TRBV24-1	TRBJ2-2	02/0259	NA	507
CSARPSTDTQYF	TRBV20-1	TRBJ2-3	02/0259	NA	2552
CASSESYIAGMVADTQYF	TRBV10-1	TRBJ2-3	02/0259	NA	1231
CASSLFGQGYDNEQFF	TRBV28	TRBJ2-1	02/0259	NA	2228
CSVDYSGGSGYTF	TRBV29-1	TRBJ1-2	02/0259	NA	2746
CASSLEGAVNYGYTF	TRBV11-2	TRBJ1-2	02/0259	NA	3039
CASSRTGVPYEQYF	TRBV28	TRBJ2-7	02/0259	NA	1807
CATGRAGGVETQYF	TRBV27	TRBJ2-5	02/0259	NA	2059
CASSPAGGDYGYTF	TRBV5-6	TRBJ1-2	02/0259	NA	3399
CASSFSDTTQPQHF	TRBV11-2	TRBJ1-5	02/0259	NA	2551
CASRGTGTLYEQYF	TRBV28	TRBJ2-7	02/0259	NA	2444
CASSQNPHQPQHF	TRBV14	TRBJ1-5	02/0259	NA	2737
CSGGLAGGGSYNEQFF	TRBV20-1	TRBJ2-1	02/0259	NA	2626
CAIMDNTDTQYF	TRBV10-3	TRBJ2-3	02/0259	NA	2273
CASSELENTEAFF	TRBV2	TRBJ1-1	02/0259	NA	2292
CASSIYHQGSRGYTF	TRBV19	TRBJ1-2	02/0259	NA	2301
CASRRTSGTSRETQYF	TRBV13	TRBJ2-5	02/0259	NA	2690
CASSPKTGGLWETPSNEQFF	TRBV14	TRBJ2-1	02/0259	NA	2119
CASSPRAGNANTGELFF	TRBV5-1	TRBJ2-2	02/0259	NA	1892
CASSLSWRTGELFF	TRBV27	TRBJ2-2	02/0259	NA	1886
CASSQVGTGDGGYTF	TRBV4-3	TRBJ1-2	02/0259	NA	2297
CATAGFSYNSPLHF	TRBV10-3	TRBJ1-6	02/0259	NA	1753
CASTNGGFPYEQYF	TRBV12-3	TRBJ2-7	02/0259	NA	2488
CASKAGRSSYNEQFF	TRBV10-1	TRBJ2-1	02/0259	NA	1710
CSVRPRPSYEQYF	TRBV20-1	TRBJ2-7	02/0259	NA	2317
CASSEGRDSHYEQYF	TRBV10-2	TRBJ2-7	02/0259	NA	2274
CASSETQNQPQHF	TRBV10-1	TRBJ1-5	02/0259	NA	2403
CASTNYFLGDEQYF	TRBV27	TRBJ2-7	02/0259	NA	2148
CASSSTPRTVRLDEQFF	TRBV5-1	TRBJ2-1	02/0259	NA	2820
CASSLKDRAYEQYF	TRBV27	TRBJ2-7	02/0259	NA	2286
CASANTRLETQYF	TRBV27	TRBJ2-5	02/0259	NA	2496
CASSRRVDTEAFF	TRBV7-2	TRBJ1-1	02/0259	NA	3073
CAWSEGRDTQYF	TRBV30	TRBJ2-3	02/0259	NA	2467
CASSQYGDGYTF	TRBV14	TRBJ1-2	02/0259	NA	3295
CASSFLAGTGELFF	TRBV11-2	TRBJ2-2	02/0259	NA	2136
CATSDSRDTEAFF	TRBV24-1	TRBJ1-1	02/0259	NA	2246
CASSSTDTQYF	TRBV27	TRBJ2-3	02/0259	NA	2305
CASSLTGNPGDTIYF	TRBV27	TRBJ1-3	02/0259	NA	2139
CASSIQETQYF	TRBV12-3	TRBJ2-5	02/0259	NA	3459
CASSLVGTGSLDEQFF	TRBV5-1	TRBJ2-1	02/0259	NA	2552
CSVGQGVNRLNSPLHF	TRBV20-1	TRBJ1-6	02/0259	NA	2091
CAWSRLRNEQFF	TRBV30	TRBJ2-1	02/0259	NA	2888
CASSSRDTIRDYGYTF	TRBV12-3	TRBJ1-2	02/0259	NA	2256
CASSRPGTFGNTIYF	TRBV7-2	TRBJ1-3	02/0259	NA	2881
CSAGGLAGDEQFF	TRBV20-1	TRBJ2-1	02/0259	NA	2355
CASSFRAGGPTAKNIQYF	TRBV27	TRBJ2-4	02/0259	NA	1955
CASKRAGGLYF	TRBV27	TRBJ2-7	02/0259	NA	2669
CASSFRTVSGELFF	TRBV10-2	TRBJ2-2	02/0259	NA	2793
CASSSQASGANVLTF	TRBV5-1	TRBJ2-6	02/0259	NA	1858
CSARVWSGGAGETQYF	TRBV29-1	TRBJ2-5	02/0259	NA	2247
CASSQDPPPGRRDTQYF	TRBV4-2	TRBJ2-3	02/0259	NA	2376
CASSFLAGGSYEQYF	TRBV27	TRBJ2-7	02/0259	NA	394
CASRQGNQPQHF	TRBV10-2	TRBJ1-5	02/0259	NA	3221
CSARKQLNTEAFF	TRBV20-1	TRBJ1-1	02/0259	NA	2433
CASSRELAGGARQETQYF	TRBV4-2	TRBJ2-5	02/0259	NA	2121
CASKGSATRRGNQPQHF	TRBV6-5	TRBJ1-5	02/0259	NA	2194
CASNDRPTDTQYF	TRBV10-1	TRBJ2-3	02/0259	NA	2053
CASSFAGANSPLHF	TRBV7-6	TRBJ1-6	02/0259	NA	2884
CASSFGQDHGHLHF	TRBV27	TRBJ1-6	02/0259	NA	2232
CASSGNRGTGANVLTF	TRBV19	TRBJ2-6	02/0259	NA	266
CASSIPGNDTQYF	TRBV25-1	TRBJ2-3	02/0259	NA	1840
CASSLFGQGYDNEQFF	TRBV28	TRBJ2-1	02/0259	NA	2003
CASSLFGQGYDNEQFF	TRBV28	TRBJ2-1	02/0259	NA	2075
CASSLFGQGYDNEQFF	TRBV28	TRBJ2-1	02/0259	NA	2427
CASSLGGRNNEQFF	TRBV7-3	TRBJ2-1	02/0259	NA	2352
CASSLSGAQSYEQYF	TRBV7-3	TRBJ2-7	02/0259	NA	1893
CASSQAGQYGYTF	TRBV4-1	TRBJ1-2	02/0259	NA	3040
CASSVGSSGENEQFF	TRBV9	TRBJ2-1	02/0259	NA	2874
CASSVIGPITDTQYF	TRBV4-1	TRBJ2-3	02/0259	NA	2336
CASTSPNAGEETQYF	TRBV5-1	TRBJ2-5	02/0259	NA	2114
CASVGQGENEQYF	TRBV2	TRBJ2-7	02/0259	NA	1271
CATSEGGRGTEAFF	TRBV24-1	TRBJ1-1	02/0259	NA	1765
CAWNSGGAGNEQFF	TRBV30	TRBJ2-1	02/0259	NA	2074
CSARDERGPYYGYTF	TRBV20-1	TRBJ1-2	02/0259	NA	2303
CSARDIYRDEQYF	TRBV20-1	TRBJ2-7	02/0259	NA	2562
CSARVEGEQFF	TRBV20-1	TRBJ2-1	02/0259	NA	2272
CAGRTGVSTDTQYF	TRBV5-1	TRBJ2-3	02/0259	NA	631
CAISESAGGPREQFF	TRBV10-3	TRBJ2-1	02/0259	NA	313
CAISSDNEKLFF	TRBV10-3	TRBJ1-4	02/0259	NA	2161
CASGTVNTGELFF	TRBV10-2	TRBJ2-2	02/0259	NA	1349
CASLRDSYGYTF	TRBV10-2	TRBJ1-2	02/0259	NA	2178
CASMGDAYGYTF	TRBV10-2	TRBJ1-2	02/0259	NA	1525
CASREGQGPRNTQYF	TRBV28	TRBJ2-3	02/0259	NA	1451
CASRGTRTNEKLFF	TRBV19	TRBJ1-4	02/0259	NA	2052
CASRNLKAGDETQYF	TRBV27	TRBJ2-5	02/0259	NA	1979
CASRPFDGQVSYEQYF	TRBV28	TRBJ2-7	02/0259	NA	1919
CASRQQENTEAFF	TRBV2	TRBJ1-1	02/0259	NA	1469
CASRRRPIGTEAFF	TRBV27	TRBJ1-1	02/0259	NA	2435
CASRSGLAGGWGNRGANVLTF	TRBV9	TRBJ2-6	02/0259	NA	1332
CASRSGLAGGWGNRGANVLTF	TRBV9	TRBJ2-6	02/0259	NA	1712
CASRSQEGVNSPLHF	TRBV19	TRBJ1-6	02/0259	NA	1719
CASRTGPSTDTQYF	TRBV5-1	TRBJ2-3	02/0259	NA	265
CASRTLAGGTYEQYF	TRBV6-2	TRBJ2-7	02/0259	NA	848
CASRTRTSGFTDTQYF	TRBV10-2	TRBJ2-3	02/0259	NA	212
CASRVRPQETQYF	TRBV27	TRBJ2-5	02/0259	NA	1076
CASSARRDTEAFF	TRBV10-2	TRBJ1-1	02/0259	NA	1771
CASSARSTGSAGELFF	TRBV7-2	TRBJ2-2	02/0259	NA	2549
CASSASGRRTEAFF	TRBV7-6	TRBJ1-1	02/0259	NA	1273
CASSEAPTSFYNEKLFF	TRBV6-1	TRBJ1-4	02/0259	NA	765
CASSEGGSYEQYF	TRBV10-2	TRBJ2-7	02/0259	NA	2218
CASSEIFFGLTYEQYF	TRBV6-1	TRBJ2-7	02/0259	NA	1464
CASSELTGDTEAFF	TRBV10-2	TRBJ1-1	02/0259	NA	2258
CASSESDGNTIYF	TRBV10-2	TRBJ1-3	02/0259	NA	2090
CASSESRFGRNEKLFF	TRBV25-1	TRBJ1-4	02/0259	NA	1600
CASSESSYNSPLHF	TRBV10-2	TRBJ1-6	02/0259	NA	2282
CASSESTGTEAFF	TRBV10-2	TRBJ1-1	02/0259	NA	2423
CASSESVYQAQHF	TRBV10-2	TRBJ1-5	02/0259	NA	1425
CASSEVVDTQYF	TRBV6-1	TRBJ2-3	02/0259	NA	1818
CASSEWDRYSQPQHF	TRBV5-6	TRBJ1-5	02/0259	NA	2631
CASSFAAGYGYTF	TRBV27	TRBJ1-2	02/0259	NA	2060
CASSFAGGADTQYF	TRBV27	TRBJ2-3	02/0259	NA	1378
CASSFGGAGRNYGYTF	TRBV11-2	TRBJ1-2	02/0259	NA	2313
CASSFGGSGANVLTF	TRBV12-3	TRBJ2-6	02/0259	NA	1439
CASSFPSGGALYSTDTQYF	TRBV5-6	TRBJ2-3	02/0259	NA	1231
CASSFRQGAKDTQYF	TRBV27	TRBJ2-3	02/0259	NA	2208
CASSFTGTGGYNEQFF	TRBV4-3	TRBJ2-1	02/0259	NA	2104
CASSGQGLLMDTQYF	TRBV27	TRBJ2-3	02/0259	NA	601
CASSISYEQYF	TRBV11-2	TRBJ2-7	02/0259	NA	2577
CASSISYEQYF	TRBV11-2	TRBJ2-7	02/0259	NA	1593
CASSKDRARSYEQYF	TRBV6-6	TRBJ2-7	02/0259	NA	1987
CASSKLVSGGASNQPQHF	TRBV6-1	TRBJ1-5	02/0259	NA	305
CASSLAGSYEQYF	TRBV12-3	TRBJ2-7	02/0259	NA	434
CASSLAGSYEQYF	TRBV12-3	TRBJ2-7	02/0259	NA	2697
CASSLARDHYGYTF	TRBV7-2	TRBJ1-2	02/0259	NA	2868
CASSLARQKGYTF	TRBV7-2	TRBJ1-2	02/0259	NA	2268
CASSLASPREAQYF	TRBV7-2	TRBJ2-5	02/0259	NA	1979
CASSLAWGGEAFF	TRBV7-2	TRBJ1-1	02/0259	NA	2796
CASSLDLGANGYTF	TRBV18	TRBJ1-2	02/0259	NA	1837
CASSLDRETQYF	TRBV7-2	TRBJ2-5	02/0259	NA	2653
CASSLDRSHGNQPQHF	TRBV11-2	TRBJ1-5	02/0259	NA	2422
CASSLGGRNNEQFF	TRBV7-3	TRBJ2-1	02/0259	NA	1765
CASSLGLAGEQFF	TRBV27	TRBJ2-1	02/0259	NA	1635
CASSLGQGSYEQYF	TRBV11-2	TRBJ2-7	02/0259	NA	1791
CASSLGQGYGYTF	TRBV27	TRBJ1-2	02/0259	NA	2246
CASSLKAGHNEQFF	TRBV7-3	TRBJ2-1	02/0259	NA	1842
CASSLKAVPSGGYTF	TRBV27	TRBJ1-2	02/0259	NA	2061
CASSLMSSSYEQYF	TRBV27	TRBJ2-7	02/0259	NA	240
CASSLNSHYGYTF	TRBV28	TRBJ1-2	02/0259	NA	1127
CASSLPPPMDTQYF	TRBV7-2	TRBJ2-3	02/0259	NA	2053
CASSLPYGRGREQYF	TRBV28	TRBJ2-7	02/0259	NA	1452
CASSLRGGAHNYGYTF	TRBV7-2	TRBJ1-2	02/0259	NA	1343
CASSLRQAKNIQYF	TRBV28	TRBJ2-4	02/0259	NA	1768
CASSLRQGITEAFF	TRBV27	TRBJ1-1	02/0259	NA	1847
CASSLSMHQETQYF	TRBV27	TRBJ2-5	02/0259	NA	1813
CASSLSRHHEQYF	TRBV27	TRBJ2-7	02/0259	NA	1807
CASSLTGYEQYF	TRBV27	TRBJ2-7	02/0259	NA	2413
CASSNRQGADTQYF	TRBV12-3	TRBJ2-3	02/0259	NA	1744
CASSPFVQETQYF	TRBV9	TRBJ2-5	02/0259	NA	1710
CASSPGARPKTYEQYF	TRBV4-1	TRBJ2-7	02/0259	NA	2076
CASSPGTGAYEQYF	TRBV12-3	TRBJ2-7	02/0259	NA	2500
CASSPKTGRMNTEAFF	TRBV7-2	TRBJ1-1	02/0259	NA	121
CASSPLEGGGVRAQYF	TRBV11-2	TRBJ2-5	02/0259	NA	1817
CASSPPGQGGWAFF	TRBV18	TRBJ1-1	02/0259	NA	1417
CASSPQHYNQPQHF	TRBV18	TRBJ1-5	02/0259	NA	1448
CASSPRLWREEQYF	TRBV12-3	TRBJ2-7	02/0259	NA	2073
CASSPRVVTGPNTQYF	TRBV7-2	TRBJ2-3	02/0259	NA	1626
CASSPTRTGTLTDTQYF	TRBV27	TRBJ2-3	02/0259	NA	1857
CASSPTSGSTDTQYF	TRBV3-1	TRBJ2-3	02/0259	NA	973
CASSPTSRTNPYEQYF	TRBV9	TRBJ2-7	02/0259	NA	1497
CASSQAGPYNPSGANVLTF	TRBV4-1	TRBJ2-6	02/0259	NA	1127
CASSQAIRVGETQYF	TRBV3-1	TRBJ2-5	02/0259	NA	944
CASSQDWDRAPYF	TRBV4-3	TRBJ2-3	02/0259	NA	2367
CASSQDYSFQETQYF	TRBV4-3	TRBJ2-5	02/0259	NA	1425
CASSQESRYGYTF	TRBV4-1	TRBJ1-2	02/0259	NA	2170
CASSQPGVGAYGYTF	TRBV14	TRBJ1-2	02/0259	NA	2292
CASSQSRGGTSVHTQYF	TRBV4-2	TRBJ2-3	02/0259	NA	953
CASSQSTRGTGELFF	TRBV16	TRBJ2-2	02/0259	NA	1393
CASSRDRAAYEQYF	TRBV6-1	TRBJ2-7	02/0259	NA	1756
CASSRIHATNEKLFF	TRBV27	TRBJ1-4	02/0259	NA	1707
CASSRQVEAFF	TRBV2	TRBJ1-1	02/0259	NA	2727
CASSSAGRYQPQHF	TRBV5-6	TRBJ1-5	02/0259	NA	2345
CASSSGLAESNEQFF	TRBV27	TRBJ2-1	02/0259	NA	2089
CASSSGYTDTQYF	TRBV5-1	TRBJ2-3	02/0259	NA	2217
CASSSKSGTYNEQFF	TRBV7-2	TRBJ2-1	02/0259	NA	2724
CASSSSTDTQYF	TRBV27	TRBJ2-3	02/0259	NA	2255
CASSSWDRYNQPQHF	TRBV5-6	TRBJ1-5	02/0259	NA	1655
CASSTWGGNEQFF	TRBV10-2	TRBJ2-1	02/0259	NA	1429
CASSVSSRGWTSGRGHEQFF	TRBV9	TRBJ2-1	02/0259	NA	1636
CASSWTGNYGYTF	TRBV27	TRBJ1-2	02/0259	NA	1966
CASSYGDRAPCTF	TRBV6-6	TRBJ1-2	02/0259	NA	2085
CASSYSTLTDTQYF	TRBV6-2	TRBJ2-3	02/0259	NA	1818
CASSYSVDRYNQPQHF	TRBV6-5	TRBJ1-5	02/0259	NA	1659
CASSYYNEQFF	TRBV2	TRBJ2-1	02/0259	NA	1533
CASTFYSGGAGETQYF	TRBV10-2	TRBJ2-5	02/0259	NA	1724
CASTPEAELNSPLHF	TRBV12-3	TRBJ1-6	02/0259	NA	344
CASTPEAELNSPLHF	TRBV12-3	TRBJ1-6	02/0259	NA	2059
CATRQTGRPEAFF	TRBV24-1	TRBJ1-1	02/0259	NA	2143
CATRQTGRPEAFF	TRBV24-1	TRBJ1-1	02/0259	NA	2017
CATRQTGRPEAFF	TRBV24-1	TRBJ1-1	02/0259	NA	1916
CATSDAKISTDTQYF	TRBV24-1	TRBJ2-3	02/0259	NA	2019
CATSDGDGNTEAFF	TRBV24-1	TRBJ1-1	02/0259	NA	1653
CATSDRGEQYF	TRBV24-1	TRBJ2-7	02/0259	NA	2271
CATSGASGGFTDTQYF	TRBV24-1	TRBJ2-3	02/0259	NA	1942
CATSRDNSPLHF	TRBV15	TRBJ1-6	02/0259	NA	1149
CATSRDQQTLHF	TRBV15	TRBJ1-6	02/0259	NA	1995
CATSRDQQTLHF	TRBV15	TRBJ1-6	02/0259	NA	1184
CAWRGPGQGFGYTF	TRBV30	TRBJ1-2	02/0259	NA	2465
CAWSAVGSPWRQYF	TRBV30	TRBJ2-7	02/0259	NA	2638
CSAEDRVGETQYF	TRBV20-1	TRBJ2-5	02/0259	NA	1574
CSALRGGRTDTQYF	TRBV20-1	TRBJ2-3	02/0259	NA	1762
CSARAVPGQERNTIYF	TRBV20-1	TRBJ1-3	02/0259	NA	1751
CSARAVPGQERNTIYF	TRBV20-1	TRBJ1-3	02/0259	NA	1373
CSARDVKMSSYNSPLHF	TRBV20-1	TRBJ1-6	02/0259	NA	1754
CSARERRGSWDTEAFF	TRBV20-1	TRBJ1-1	02/0259	NA	1791
CSARSRQGGGQPQHF	TRBV20-1	TRBJ1-5	02/0259	NA	1800
CSARVQSFGYTF	TRBV20-1	TRBJ1-2	02/0259	NA	1076
CSASEAGGLAKNIQYF	TRBV20-1	TRBJ2-4	02/0259	NA	923
CSASQGAEAGANVLTF	TRBV20-1	TRBJ2-6	02/0259	NA	1405
CSATGLIRVPYNEQFF	TRBV20-1	TRBJ2-1	02/0259	NA	1506
CSLRPGTEAFF	TRBV29-1	TRBJ1-1	02/0259	NA	2166
CSVDQLASMNEQFF	TRBV29-1	TRBJ2-1	02/0259	NA	1916
CSVEGQQGYGYTF	TRBV29-1	TRBJ1-2	02/0259	NA	2448
CSVERQLNTEAFF	TRBV29-1	TRBJ1-1	02/0259	NA	1884
CAISESGRNYGYTF	TRBV10-3	TRBJ1-2	09/0018	NA	3072
CAISFTTDTQYF	TRBV10-3	TRBJ2-3	09/0018	NA	2612
CAISGGQVGYEQYF	TRBV10-3	TRBJ2-7	09/0018	NA	595
CASGLAGRSPSYEQYF	TRBV12-5	TRBJ2-7	09/0018	NA	2549
CASGLDPVGVVAYGYTF	TRBV12-5	TRBJ1-2	09/0018	NA	2449
CASGLVLTGELFF	TRBV12-5	TRBJ2-2	09/0018	NA	2233
CASGLVRNEQFF	TRBV12-5	TRBJ2-1	09/0018	NA	4053
CASGWLRGAAQYF	TRBV12-5	TRBJ2-5	09/0018	NA	1149
CASITPPNEKLFF	TRBV6-1	TRBJ1-4	09/0018	NA	1212
CASKRTSGFLDTQYF	TRBV19	TRBJ2-3	09/0018	NA	2603
CASKSTGARYGYTF	TRBV19	TRBJ1-2	09/0018	NA	2334
CASMGTDNTGELFF	TRBV24-1	TRBJ2-2	09/0018	NA	1997
CASMGTDNTGELFF	TRBV24-1	TRBJ2-2	09/0018	NA	2426
CASMGTDNTGELFF	TRBV24-1	TRBJ2-2	09/0018	NA	2600
CASNLASGSPLHF	TRBV19	TRBJ1-6	09/0018	NA	3344
CASRETSPEYF	TRBV6-2	TRBJ2-7	09/0018	NA	2996
CASRFEGGLTEAFF	TRBV6-1	TRBJ1-1	09/0018	NA	2781
CASRFEGGLTEAFF	TRBV6-1	TRBJ1-1	09/0018	NA	2530
CASRFSGGVRETQYF	TRBV12-3	TRBJ2-5	09/0018	NA	3131
CASRGAGWDGEAFF	TRBV12-3	TRBJ1-1	09/0018	NA	4232
CASRGAGWDGEAFF	TRBV12-3	TRBJ1-1	09/0018	NA	3502
CASRLAGHTGELFF	TRBV7-3	TRBJ2-2	09/0018	NA	2940
CASRPRVLNYGYTF	TRBV28	TRBJ1-2	09/0018	NA	3691
CASRRQGRNYGYTF	TRBV12-3	TRBJ1-2	09/0018	NA	141
CASRRQGRNYGYTF	TRBV12-3	TRBJ1-2	09/0018	NA	1933
CASRRQGRNYGYTF	TRBV12-3	TRBJ1-2	09/0018	NA	492
CASRSGTTTDTQYF	TRBV28	TRBJ2-3	09/0018	NA	3162
CASRTFPGQGSGELFF	TRBV6-1	TRBJ2-2	09/0018	NA	2334
CASRTTNYGYTF	TRBV12-3	TRBJ1-2	09/0018	NA	3527
CASRYGQGVEQYF	TRBV5-1	TRBJ2-7	09/0018	NA	3554
CASSAALIGGEQFF	TRBV9	TRBJ2-1	09/0018	NA	4990
CASSAGALAYEQYF	TRBV25-1	TRBJ2-7	09/0018	NA	2816
CASSAMGQINEKLFF	TRBV2	TRBJ1-4	09/0018	NA	2489
CASSARVGAGNYNEQFF	TRBV7-2	TRBJ2-1	09/0018	NA	5052
CASSASGGAVTYNEQFF	TRBV9	TRBJ2-1	09/0018	NA	3552
CASSASGGAVTYNEQFF	TRBV9	TRBJ2-1	09/0018	NA	3896
CASSASGGAVTYNEQFF	TRBV9	TRBJ2-1	09/0018	NA	2694
CASSASGGAVTYNEQFF	TRBV9	TRBJ2-1	09/0018	NA	2776
CASSASGGAVTYNEQFF	TRBV9	TRBJ2-1	09/0018	NA	1842
CASSASGGAVTYNEQFF	TRBV9	TRBJ2-1	09/0018	NA	3059
CASSATVGTEAFF	TRBV19	TRBJ1-1	09/0018	NA	3469
CASSATVGTEAFF	TRBV19	TRBJ1-1	09/0018	NA	3600
CASSATVGTEAFF	TRBV19	TRBJ1-1	09/0018	NA	2766
CASSAWDRGRFTEAFF	TRBV25-1	TRBJ1-1	09/0018	NA	402
CASSAWDRGRFTEAFF	TRBV25-1	TRBJ1-1	09/0018	NA	3722
CASSDFATGSADTQYF	TRBV10-1	TRBJ2-3	09/0018	NA	747
CASSDRGDTQYF	TRBV6-1	TRBJ2-3	09/0018	NA	1671
CASSDSRDPKLGSPLHF	TRBV7-9	TRBJ1-6	09/0018	NA	2135
CASSDTIGYTF	TRBV7-2	TRBJ1-2	09/0018	NA	4213
CASSEAGDNSPLHF	TRBV2	TRBJ1-6	09/0018	NA	2409
CASSEDANEQFF	TRBV2	TRBJ2-1	09/0018	NA	3623
CASSEENTDTQYF	TRBV25-1	TRBJ2-3	09/0018	NA	2974
CASSEGFGNQPQHF	TRBV19	TRBJ1-5	09/0018	NA	2030
CASSEGFGNQPQHF	TRBV19	TRBJ1-5	09/0018	NA	450
CASSELTVGGLDGELFF	TRBV25-1	TRBJ2-2	09/0018	NA	2610
CASSEMRQINEKLFF	TRBV2	TRBJ1-4	09/0018	NA	2451
CASSEMRQINEKLFF	TRBV2	TRBJ1-4	09/0018	NA	3314
CASSESPGPSNQPQHF	TRBV10-2	TRBJ1-5	09/0018	NA	4184
CASSETGTSGVQFF	TRBV25-1	TRBJ2-1	09/0018	NA	3347
CASSETGTSGVQFF	TRBV25-1	TRBJ2-1	09/0018	NA	3633
CASSETSGGYNEQFF	TRBV6-4	TRBJ2-1	09/0018	NA	2280
CASSFALGSKNTEAFF	TRBV5-6	TRBJ1-1	09/0018	NA	4638
CASSFALGSKNTEAFF	TRBV5-6	TRBJ1-1	09/0018	NA	4413
CASSFALGSKNTEAFF	TRBV5-6	TRBJ1-1	09/0018	NA	3850
CASSFFRDRGYNEQFF	TRBV7-9	TRBJ2-1	09/0018	NA	3038
CASSFGTGDYTF	TRBV5-1	TRBJ1-2	09/0018	NA	2763
CASSFGTSGGVRTQYF	TRBV12-3	TRBJ2-3	09/0018	NA	2668
CASSFGTSGGVRTQYF	TRBV12-3	TRBJ2-3	09/0018	NA	2102
CASSFGTSGGVRTQYF	TRBV12-3	TRBJ2-3	09/0018	NA	2274
CASSFVTGGGEQYF	TRBV27	TRBJ2-7	09/0018	NA	2915
CASSGDRMTEAFF	TRBV2	TRBJ1-1	09/0018	NA	2363
CASSGGQDDGYTF	TRBV2	TRBJ1-2	09/0018	NA	4773
CASSGRDRGKDTQYF	TRBV25-1	TRBJ2-3	09/0018	NA	1048
CASSGTALNYGYTF	TRBV2	TRBJ1-2	09/0018	NA	1352
CASSHALGGAGANVLTF	TRBV14	TRBJ2-6	09/0018	NA	1272
CASSHPGGYNEQFF	TRBV7-2	TRBJ2-1	09/0018	NA	3756
CASSIAVDTEAFF	TRBV19	TRBJ1-1	09/0018	NA	2903
CASSIGGTLAKNIQYF	TRBV19	TRBJ2-4	09/0018	NA	2729
CASSIGRDQPQHF	TRBV19	TRBJ1-5	09/0018	NA	3583
CASSIGYQGTDSPLHF	TRBV19	TRBJ1-6	09/0018	NA	2030
CASSIVQDEKLFF	TRBV19	TRBJ1-4	09/0018	NA	1328
CASSKYSTASGYEQYF	TRBV7-2	TRBJ2-7	09/0018	NA	3643
CASSLAALYGYTF	TRBV7-2	TRBJ1-2	09/0018	NA	4933
CASSLAALYGYTF	TRBV7-2	TRBJ1-2	09/0018	NA	3707
CASSLAALYGYTF	TRBV7-2	TRBJ1-2	09/0018	NA	3361
CASSLAALYGYTF	TRBV7-2	TRBJ1-2	09/0018	NA	5513
CASSLAALYGYTF	TRBV7-2	TRBJ1-2	09/0018	NA	4087
CASSLAALYGYTF	TRBV7-2	TRBJ1-2	09/0018	NA	3676
CASSLAALYGYTF	TRBV7-2	TRBJ1-2	09/0018	NA	3534
CASSLAALYGYTF	TRBV7-2	TRBJ1-2	09/0018	NA	4947
CASSLAALYGYTF	TRBV7-2	TRBJ1-2	09/0018	NA	2330
CASSLAALYGYTF	TRBV7-2	TRBJ1-2	09/0018	NA	1742
CASSLAALYGYTF	TRBV7-2	TRBJ1-2	09/0018	NA	5686
CASSLAALYGYTF	TRBV7-2	TRBJ1-2	09/0018	NA	2867
CASSLARGGSYEQYF	TRBV7-6	TRBJ2-7	09/0018	NA	3717
CASSLDFYEQYF	TRBV28	TRBJ2-7	09/0018	NA	3244
CASSLDNRGLSQPQHF	TRBV7-2	TRBJ1-5	09/0018	NA	3660
CASSLDRAMGTQYF	TRBV11-2	TRBJ2-3	09/0018	NA	3782
CASSLDRAMGTQYF	TRBV11-2	TRBJ2-3	09/0018	NA	3195
CASSLDRAMGTQYF	TRBV11-2	TRBJ2-3	09/0018	NA	4905
CASSLDRAMGTQYF	TRBV11-2	TRBJ2-3	09/0018	NA	4490
CASSLDRAMGTQYF	TRBV11-2	TRBJ2-3	09/0018	NA	2756
CASSLDRAMGTQYF	TRBV11-2	TRBJ2-3	09/0018	NA	3078
CASSLDRAMGTQYF	TRBV11-2	TRBJ2-3	09/0018	NA	808
CASSLDRAMGTQYF	TRBV11-2	TRBJ2-3	09/0018	NA	3766
CASSLDRAMGTQYF	TRBV11-2	TRBJ2-3	09/0018	NA	4148
CASSLDRAMGTQYF	TRBV11-2	TRBJ2-3	09/0018	NA	2138
CASSLDRAMGTQYF	TRBV11-2	TRBJ2-3	09/0018	NA	3374
CASSLDRAMGTQYF	TRBV11-2	TRBJ2-3	09/0018	NA	3900
CASSLDRAMGTQYF	TRBV11-2	TRBJ2-3	09/0018	NA	3622
CASSLDRAMGTQYF	TRBV11-2	TRBJ2-3	09/0018	NA	3178
CASSLDRAMGTQYF	TRBV11-2	TRBJ2-3	09/0018	NA	2799
CASSLDRAMGTQYF	TRBV11-2	TRBJ2-3	09/0018	NA	2794
CASSLDRAMGTQYF	TRBV11-2	TRBJ2-3	09/0018	NA	2542
CASSLDRAMGTQYF	TRBV11-2	TRBJ2-3	09/0018	NA	3485
CASSLDRAMGTQYF	TRBV11-2	TRBJ2-3	09/0018	NA	3660
CASSLDRAMGTQYF	TRBV11-2	TRBJ2-3	09/0018	NA	3261
CASSLDRAMGTQYF	TRBV11-2	TRBJ2-3	09/0018	NA	4100
CASSLDRAMGTQYF	TRBV11-2	TRBJ2-3	09/0018	NA	3247
CASSLDRAMGTQYF	TRBV11-2	TRBJ2-3	09/0018	NA	3588
CASSLDRAMGTQYF	TRBV11-2	TRBJ2-3	09/0018	NA	3042
CASSLDRAMGTQYF	TRBV11-2	TRBJ2-3	09/0018	NA	3462
CASSLDRAMGTQYF	TRBV11-2	TRBJ2-3	09/0018	NA	3320
CASSLDRAMGTQYF	TRBV11-2	TRBJ2-3	09/0018	NA	3874
CASSLDRAMGTQYF	TRBV11-2	TRBJ2-3	09/0018	NA	3313
CASSLDRAMGTQYF	TRBV11-2	TRBJ2-3	09/0018	NA	3899
CASSLDRAMGTQYF	TRBV11-2	TRBJ2-3	09/0018	NA	3832
CASSLDRAMGTQYF	TRBV11-2	TRBJ2-3	09/0018	NA	3695
CASSLDRAMGTQYF	TRBV11-2	TRBJ2-3	09/0018	NA	3833
CASSLDRAMGTQYF	TRBV11-2	TRBJ2-3	09/0018	NA	3550
CASSLDRAMGTQYF	TRBV11-2	TRBJ2-3	09/0018	NA	3349
CASSLDRAMGTQYF	TRBV11-2	TRBJ2-3	09/0018	NA	1992
CASSLDRAMGTQYF	TRBV11-2	TRBJ2-3	09/0018	NA	1180
CASSLEAAGGETQYF	TRBV5-6	TRBJ2-5	09/0018	NA	4261
CASSLEETQYF	TRBV7-2	TRBJ2-5	09/0018	NA	1025
CASSLEETQYF	TRBV7-2	TRBJ2-5	09/0018	NA	377
CASSLGGEPRKTFF	TRBV5-1	TRBJ1-1	09/0018	NA	2678
CASSLGGEPRKTFF	TRBV5-1	TRBJ1-1	09/0018	NA	3046
CASSLGGEPRKTFF	TRBV5-1	TRBJ1-1	09/0018	NA	2856
CASSLGGGSGNTIYF	TRBV7-6	TRBJ1-3	09/0018	NA	2246
CASSLGGQPRDTQYF	TRBV5-6	TRBJ2-3	09/0018	NA	3185
CASSLGGRMNTEAFF	TRBV5-1	TRBJ1-1	09/0018	NA	3047
CASSLGGTARFEQYF	TRBV7-3	TRBJ2-7	09/0018	NA	2756
CASSLGGWGNQPQHF	TRBV28	TRBJ1-5	09/0018	NA	2089
CASSLGGYNEQFF	TRBV7-9	TRBJ2-1	09/0018	NA	2390
CASSLGNSNQPQHF	TRBV7-9	TRBJ1-5	09/0018	NA	4007
CASSLGRGGEQETQYF	TRBV7-2	TRBJ2-5	09/0018	NA	3660
CASSLGSIHYEQYF	TRBV7-9	TRBJ2-7	09/0018	NA	3429
CASSLGTGRFRTNEKLFF	TRBV4-2	TRBJ1-4	09/0018	NA	3061
CASSLGTRADTQYF	TRBV5-6	TRBJ2-3	09/0018	NA	3386
CASSLIENTEAFF	TRBV12-3	TRBJ1-1	09/0018	NA	3245
CASSLNRDLGQFF	TRBV11-2	TRBJ2-1	09/0018	NA	4180
CASSLPVTGVLTF	TRBV28	TRBJ2-6	09/0018	NA	2709
CASSLRGPFEKLFF	TRBV27	TRBJ1-4	09/0018	NA	2277
CASSLRPSRGPDTQYF	TRBV4-1	TRBJ2-3	09/0018	NA	2882
CASSLRPSRGPDTQYF	TRBV4-1	TRBJ2-3	09/0018	NA	2957
CASSLRPSRGPDTQYF	TRBV4-1	TRBJ2-3	09/0018	NA	3777
CASSLSNSYQFF	TRBV9	TRBJ2-1	09/0018	NA	3780
CASSLSTGNLEGYTF	TRBV7-2	TRBJ1-2	09/0018	NA	5502
CASSLSTGNLEGYTF	TRBV7-2	TRBJ1-2	09/0018	NA	3530
CASSLSTGNLEGYTF	TRBV7-2	TRBJ1-2	09/0018	NA	5205
CASSLTYRGGLYEQYF	TRBV25-1	TRBJ2-7	09/0018	NA	2952
CASSLVAGTGELFF	TRBV11-2	TRBJ2-2	09/0018	NA	3466
CASSLVDNTGELFF	TRBV5-1	TRBJ2-2	09/0018	NA	3093
CASSLVDSSYGYTF	TRBV5-1	TRBJ1-2	09/0018	NA	2875
CASSLVPLAGVDTQYF	TRBV7-2	TRBJ2-3	09/0018	NA	3509
CASSLVTGGTMNEQFF	TRBV11-2	TRBJ2-1	09/0018	NA	3770
CASSLVTGTSGSPTGELFF	TRBV11-2	TRBJ2-2	09/0018	NA	2200
CASSLWLSGAYNEQFF	TRBV7-9	TRBJ2-1	09/0018	NA	3043
CASSLYPGLALVADTQYF	TRBV12-3	TRBJ2-3	09/0018	NA	1724
CASSPAAGTLGYGYTF	TRBV12-3	TRBJ1-2	09/0018	NA	1576
CASSPAAGTLGYGYTF	TRBV12-3	TRBJ1-2	09/0018	NA	1406
CASSPAVYENEQFF	TRBV9	TRBJ2-1	09/0018	NA	3447
CASSPEETQYF	TRBV7-2	TRBJ2-5	09/0018	NA	5424
CASSPEETQYF	TRBV7-2	TRBJ2-5	09/0018	NA	2325
CASSPEETQYF	TRBV7-2	TRBJ2-5	09/0018	NA	4047
CASSPEETQYF	TRBV7-2	TRBJ2-5	09/0018	NA	2796
CASSPEETQYF	TRBV7-2	TRBJ2-5	09/0018	NA	3826
CASSPEETQYF	TRBV7-2	TRBJ2-5	09/0018	NA	5774
CASSPEETQYF	TRBV7-2	TRBJ2-5	09/0018	NA	4448
CASSPEETQYF	TRBV7-2	TRBJ2-5	09/0018	NA	2632
CASSPEETQYF	TRBV7-2	TRBJ2-5	09/0018	NA	4419
CASSPEETQYF	TRBV7-2	TRBJ2-5	09/0018	NA	4037
CASSPEETQYF	TRBV7-2	TRBJ2-5	09/0018	NA	2215
CASSPEETQYF	TRBV7-2	TRBJ2-5	09/0018	NA	2073
CASSPEETQYF	TRBV7-2	TRBJ2-5	09/0018	NA	3622
CASSPEETQYF	TRBV7-2	TRBJ2-5	09/0018	NA	4410
CASSPEETQYF	TRBV7-2	TRBJ2-5	09/0018	NA	4103
CASSPEETQYF	TRBV7-2	TRBJ2-5	09/0018	NA	3243
CASSPEETQYF	TRBV7-2	TRBJ2-5	09/0018	NA	3073
CASSPEETQYF	TRBV7-2	TRBJ2-5	09/0018	NA	3716
CASSPEETQYF	TRBV7-2	TRBJ2-5	09/0018	NA	4990
CASSPEETQYF	TRBV7-2	TRBJ2-5	09/0018	NA	4801
CASSPEETQYF	TRBV7-2	TRBJ2-5	09/0018	NA	3938
CASSPEETQYF	TRBV7-2	TRBJ2-5	09/0018	NA	466
CASSPEETQYF	TRBV7-2	TRBJ2-5	09/0018	NA	4899
CASSPEETQYF	TRBV7-2	TRBJ2-5	09/0018	NA	1815
CASSPEETQYF	TRBV7-2	TRBJ2-5	09/0018	NA	4132
CASSPEETQYF	TRBV7-2	TRBJ2-5	09/0018	NA	4026
CASSPEETQYF	TRBV7-2	TRBJ2-5	09/0018	NA	4311
CASSPEETQYF	TRBV7-2	TRBJ2-5	09/0018	NA	3509
CASSPEETQYF	TRBV7-2	TRBJ2-5	09/0018	NA	1634
CASSPEETQYF	TRBV7-2	TRBJ2-5	09/0018	NA	4356
CASSPEETQYF	TRBV7-2	TRBJ2-5	09/0018	NA	3325
CASSPGDNQPQHF	TRBV5-1	TRBJ1-5	09/0018	NA	3210
CASSPGGQPQHF	TRBV6-6	TRBJ1-5	09/0018	NA	3464
CASSPGGQPQHF	TRBV6-6	TRBJ1-5	09/0018	NA	3777
CASSPGGQPQHF	TRBV6-6	TRBJ1-5	09/0018	NA	3249
CASSPGGQPQHF	TRBV6-6	TRBJ1-5	09/0018	NA	1945
CASSPGGQPQHF	TRBV6-6	TRBJ1-5	09/0018	NA	2137
CASSPGGQPQHF	TRBV6-6	TRBJ1-5	09/0018	NA	2711
CASSPGGQPQHF	TRBV6-6	TRBJ1-5	09/0018	NA	3956
CASSPGGQPQHF	TRBV6-6	TRBJ1-5	09/0018	NA	3834
CASSPGLAEQETQYF	TRBV18	TRBJ2-5	09/0018	NA	2452
CASSPGLAEQETQYF	TRBV18	TRBJ2-5	09/0018	NA	2767
CASSPGPGGNEQFF	TRBV7-2	TRBJ2-1	09/0018	NA	3015
CASSPGPGGNEQFF	TRBV7-2	TRBJ2-1	09/0018	NA	5345
CASSPGPGGNEQFF	TRBV7-2	TRBJ2-1	09/0018	NA	4234
CASSPGQGAGEPQHF	TRBV18	TRBJ1-5	09/0018	NA	1593
CASSPGVNNQPQHF	TRBV7-2	TRBJ1-5	09/0018	NA	4024
CASSPGWTYNEQFF	TRBV14	TRBJ2-1	09/0018	NA	3853
CASSPLDRDSPLHF	TRBV18	TRBJ1-6	09/0018	NA	2697
CASSPPYQETQYF	TRBV18	TRBJ2-5	09/0018	NA	1018
CASSPRDRFSNSYEQYF	TRBV4-1	TRBJ2-7	09/0018	NA	2682
CASSPRGGNTEAFF	TRBV4-1	TRBJ1-1	09/0018	NA	2942
CASSPRRTQDTQYF	TRBV7-8	TRBJ2-3	09/0018	NA	2641
CASSPRVAWGTGELFF	TRBV12-3	TRBJ2-2	09/0018	NA	1423
CASSPSFGNTIYF	TRBV9	TRBJ1-3	09/0018	NA	1933
CASSPSNSGGAETQYF	TRBV3-1	TRBJ2-5	09/0018	NA	874
CASSPTGYYEQYF	TRBV12-3	TRBJ2-7	09/0018	NA	3428
CASSPYYSAYEQYF	TRBV7-2	TRBJ2-7	09/0018	NA	6252
CASSQDMRTGTNEKLFF	TRBV4-2	TRBJ1-4	09/0018	NA	2254
CASSQEESSYNEQFF	TRBV4-1	TRBJ2-1	09/0018	NA	1954
CASSQEESSYNEQFF	TRBV4-1	TRBJ2-1	09/0018	NA	186
CASSQEESSYNEQFF	TRBV4-1	TRBJ2-1	09/0018	NA	3157
CASSQEMGLANYEQYF	TRBV4-1	TRBJ2-7	09/0018	NA	2220
CASSQERGLITEQFF	TRBV4-2	TRBJ2-1	09/0018	NA	3246
CASSQERVEKLFF	TRBV4-2	TRBJ1-4	09/0018	NA	4083
CASSQERVEKLFF	TRBV4-2	TRBJ1-4	09/0018	NA	1765
CASSQFIGSYEQYF	TRBV3-1	TRBJ2-7	09/0018	NA	3263
CASSQGIAGQETQYF	TRBV4-2	TRBJ2-5	09/0018	NA	2226
CASSQGLLPPYEQYF	TRBV9	TRBJ2-7	09/0018	NA	3107
CASSQGLSTQETQYF	TRBV6-2	TRBJ2-5	09/0018	NA	1044
CASSQGRENSPLHF	TRBV14	TRBJ1-6	09/0018	NA	538
CASSQMGDTQYF	TRBV18	TRBJ2-3	09/0018	NA	276
CASSQNIRGHGYTF	TRBV28	TRBJ1-2	09/0018	NA	1594
CASSQPGAGDTQYF	TRBV3-1	TRBJ2-3	09/0018	NA	134
CASSQPTSGDYEQYF	TRBV4-1	TRBJ2-7	09/0018	NA	2852
CASSQQGAGGYTF	TRBV3-1	TRBJ1-2	09/0018	NA	4387
CASSQRTSVGYEQYF	TRBV4-1	TRBJ2-7	09/0018	NA	3889
CASSQTEYGYTF	TRBV3-1	TRBJ1-2	09/0018	NA	3014
CASSQVDLGLYGYTF	TRBV4-1	TRBJ1-2	09/0018	NA	2886
CASSQVGGQYELFF	TRBV4-1	TRBJ2-1	09/0018	NA	302
CASSQVGSPYGYTF	TRBV4-1	TRBJ1-2	09/0018	NA	3802
CASSQVLGEAFF	TRBV4-1	TRBJ1-1	09/0018	NA	3925
CASSQVPAAYGYTF	TRBV4-1	TRBJ1-2	09/0018	NA	3372
CASSRADTQYF	TRBV27	TRBJ2-3	09/0018	NA	2035
CASSRAGGFQETQYF	TRBV28	TRBJ2-5	09/0018	NA	2921
CASSRDRGGTYEQYF	TRBV4-1	TRBJ2-7	09/0018	NA	3655
CASSRGGQSTDTQYF	TRBV19	TRBJ2-3	09/0018	NA	280
CASSRGPGANVLTF	TRBV7-3	TRBJ2-6	09/0018	NA	3596
CASSRGTTQYF	TRBV6-6	TRBJ2-3	09/0018	NA	3879
CASSRIPFHEDTEAFF	TRBV14	TRBJ1-1	09/0018	NA	2510
CASSRKVQVYNEQFF	TRBV7-2	TRBJ2-1	09/0018	NA	2830
CASSRQGAGEQYF	TRBV3-1	TRBJ2-7	09/0018	NA	3067
CASSRQGAGEQYF	TRBV3-1	TRBJ2-7	09/0018	NA	2910
CASSRSMNTEAFF	TRBV14	TRBJ1-1	09/0018	NA	358
CASSRSMNTEAFF	TRBV14	TRBJ1-1	09/0018	NA	2503
CASSRSMNTEAFF	TRBV14	TRBJ1-1	09/0018	NA	3191
CASSRSMNTEAFF	TRBV14	TRBJ1-1	09/0018	NA	2540
CASSRTAATGEQFF	TRBV12-3	TRBJ2-1	09/0018	NA	3093
CASSRTDTQYF	TRBV5-6	TRBJ2-3	09/0018	NA	4703
CASSRTEVSYEQYF	TRBV12-3	TRBJ2-7	09/0018	NA	3776
CASSRTLAGVYEQYF	TRBV4-3	TRBJ2-7	09/0018	NA	2438
CASSRTLAGVYEQYF	TRBV4-3	TRBJ2-7	09/0018	NA	2664
CASSSGAPGELFF	TRBV13	TRBJ2-2	09/0018	NA	2597
CASSSGPTNEKLFF	TRBV9	TRBJ1-4	09/0018	NA	2979
CASSSHRGPKNTEAFF	TRBV5-1	TRBJ1-1	09/0018	NA	3570
CASSSIVGNYGYTF	TRBV6-5	TRBJ1-2	09/0018	NA	4488
CASSSLRNTEAFF	TRBV7-9	TRBJ1-1	09/0018	NA	3307
CASSSNKKSGELFF	TRBV11-2	TRBJ2-2	09/0018	NA	3724
CASSSPPGQRGYTF	TRBV5-6	TRBJ1-2	09/0018	NA	4490
CASSSQLGANVLTF	TRBV9	TRBJ2-6	09/0018	NA	3026
CASSSSTTPVAYEQYF	TRBV28	TRBJ2-7	09/0018	NA	2086
CASSSTGVSGANVLTF	TRBV11-2	TRBJ2-6	09/0018	NA	3580
CASSTLRGRGRKNIQYF	TRBV5-6	TRBJ2-4	09/0018	NA	1484
CASSTLRGSHEQFF	TRBV19	TRBJ2-1	09/0018	NA	2551
CASSTPGPSVETQYF	TRBV2	TRBJ2-5	09/0018	NA	2253
CASSTRARDEQFF	TRBV7-3	TRBJ2-1	09/0018	NA	2614
CASSTTARNGYTF	TRBV3-1	TRBJ1-2	09/0018	NA	2645
CASSTTSGGASGANVLTF	TRBV5-1	TRBJ2-6	09/0018	NA	2934
CASSVALAGDYEQYF	TRBV9	TRBJ2-7	09/0018	NA	3472
CASSVALMGGELFF	TRBV9	TRBJ2-2	09/0018	NA	3355
CASSVAPVHEQFF	TRBV9	TRBJ2-1	09/0018	NA	2398
CASSVASGGPQGETQYF	TRBV2	TRBJ2-5	09/0018	NA	778
CASSVDGDFGSRQFF	TRBV9	TRBJ2-1	09/0018	NA	2107
CASSVDVAGSPLHF	TRBV6-1	TRBJ1-6	09/0018	NA	317
CASSVEGGAYNEQFF	TRBV9	TRBJ2-1	09/0018	NA	3017
CASSVEGTGAEAFF	TRBV9	TRBJ1-1	09/0018	NA	3107
CASSVGMGQGAGAFF	TRBV9	TRBJ1-1	09/0018	NA	2946
CASSVRALSTDTQYF	TRBV9	TRBJ2-3	09/0018	NA	2162
CASSVTVTTEQFF	TRBV9	TRBJ2-1	09/0018	NA	3694
CASSVVWYTQYF	TRBV11-2	TRBJ2-3	09/0018	NA	1019
CASSWSRGGTDTQYF	TRBV12-3	TRBJ2-3	09/0018	NA	2311
CASSYGPETQYF	TRBV6-6	TRBJ2-5	09/0018	NA	3395
CASSYGPETQYF	TRBV6-6	TRBJ2-5	09/0018	NA	4479
CASSYMVGGTGNTEAFF	TRBV6-6	TRBJ1-1	09/0018	NA	2939
CASSYSPLPMNTEAFF	TRBV6-6	TRBJ1-1	09/0018	NA	2813
CASSYYNEQFF	TRBV6-2	TRBJ2-1	09/0018	NA	3180
CASTGEVNTGELFF	TRBV10-3	TRBJ2-2	09/0018	NA	1525
CASTGEVNTGELFF	TRBV10-3	TRBJ2-2	09/0018	NA	3084
CASTGTGDSPLHF	TRBV2	TRBJ1-6	09/0018	NA	1451
CASTQRAVQETQYF	TRBV6-2	TRBJ2-5	09/0018	NA	220
CASTRADTQYF	TRBV27	TRBJ2-3	09/0018	NA	2100
CASTSLVALGTIYF	TRBV11-2	TRBJ1-3	09/0018	NA	1334
CASTTGTGSPLHF	TRBV28	TRBJ1-6	09/0018	NA	3647
CATGSDLTLGETQYF	TRBV15	TRBJ2-5	09/0018	NA	2573
CATKQGGPYNEQFF	TRBV24-1	TRBJ2-1	09/0018	NA	603
CATSDPSSGLGETQYF	TRBV24-1	TRBJ2-5	09/0018	NA	2743
CATSDPTRGVHEQYF	TRBV24-1	TRBJ2-7	09/0018	NA	2715
CATSDWSGEAFF	TRBV24-1	TRBJ1-1	09/0018	NA	3276
CATSEGTITGNEQFF	TRBV24-1	TRBJ2-1	09/0018	NA	2960
CATSEGTITGNEQFF	TRBV24-1	TRBJ2-1	09/0018	NA	3484
CATSLDINTEAFF	TRBV15	TRBJ1-1	09/0018	NA	3156
CATSRDDQPQHF	TRBV15	TRBJ1-5	09/0018	NA	3480
CATSRDLISYEQYF	TRBV15	TRBJ2-7	09/0018	NA	2769
CATSRDPAGTEAFF	TRBV15	TRBJ1-1	09/0018	NA	4344
CATSRDTDTQYF	TRBV15	TRBJ2-3	09/0018	NA	2849
CSAAPGWGMNTEAFF	TRBV29-1	TRBJ1-1	09/0018	NA	3580
CSAAPTLAGVTDTQYF	TRBV20-1	TRBJ2-3	09/0018	NA	2959
CSADGGGNYEQYF	TRBV20-1	TRBJ2-7	09/0018	NA	3108
CSAEPSLPGFDEKLFF	TRBV20-1	TRBJ1-4	09/0018	NA	1394
CSAGPTSAGTRDEQFF	TRBV20-1	TRBJ2-1	09/0018	NA	2193
CSAGSRVYEQYF	TRBV20-1	TRBJ2-7	09/0018	NA	3311
CSAMGRPKGDGYTF	TRBV20-1	TRBJ1-2	09/0018	NA	3239
CSAMGRPKGDGYTF	TRBV20-1	TRBJ1-2	09/0018	NA	3759
CSANTGEGDTEAFF	TRBV20-1	TRBJ1-1	09/0018	NA	3669
CSAPLAGGPGDTQYF	TRBV20-1	TRBJ2-3	09/0018	NA	348
CSAPPGGPGVQETQYF	TRBV20-1	TRBJ2-5	09/0018	NA	2790
CSAPRDRGFGEQFF	TRBV20-1	TRBJ2-1	09/0018	NA	2190
CSAPREGTGNYEQYF	TRBV20-1	TRBJ2-7	09/0018	NA	3184
CSARDDGYEQYF	TRBV20-1	TRBJ2-7	09/0018	NA	1900
CSARDGTAGRNEQYF	TRBV20-1	TRBJ2-7	09/0018	NA	3440
CSARDLTSGANNEQFF	TRBV2	TRBJ2-1	09/0018	NA	1334
CSARDLTSGANNEQFF	TRBV2	TRBJ2-1	09/0018	NA	1909
CSARDPPGAEAFF	TRBV20-1	TRBJ1-1	09/0018	NA	3026
CSARDPRTYEQYF	TRBV20-1	TRBJ2-7	09/0018	NA	831
CSARDPTGGFRTGPYGYTF	TRBV20-1	TRBJ1-2	09/0018	NA	1272
CSARDRRSSGELFF	TRBV20-1	TRBJ2-2	09/0018	NA	1674
CSARDSGGLSEQFF	TRBV20-1	TRBJ2-1	09/0018	NA	3295
CSARDSLLPETQYF	TRBV20-1	TRBJ2-5	09/0018	NA	3304
CSARDSLLPETQYF	TRBV20-1	TRBJ2-5	09/0018	NA	3687
CSARDTQGPYSNQPQHF	TRBV20-1	TRBJ1-5	09/0018	NA	3046
CSARDVAVSYNEQFF	TRBV20-1	TRBJ2-1	09/0018	NA	2528
CSAREGSHEQYF	TRBV20-1	TRBJ2-7	09/0018	NA	3540
CSARGPKMNTEAFF	TRBV20-1	TRBJ1-1	09/0018	NA	3114
CSARGPKMNTEAFF	TRBV20-1	TRBJ1-1	09/0018	NA	2515
CSARGSGGYNEQFF	TRBV20-1	TRBJ2-1	09/0018	NA	2471
CSARMRITEAFF	TRBV20-1	TRBJ1-1	09/0018	NA	3035
CSARRAGNTGELFF	TRBV20-1	TRBJ2-2	09/0018	NA	2633
CSARRYRVLAYEQYF	TRBV20-1	TRBJ2-7	09/0018	NA	3156
CSARVPLHPGNTEAFF	TRBV20-1	TRBJ1-1	09/0018	NA	2872
CSASFGQGVNSPLHF	TRBV20-1	TRBJ1-6	09/0018	NA	2683
CSASGPLQETQYF	TRBV20-1	TRBJ2-5	09/0018	NA	3339
CSASGPLQETQYF	TRBV20-1	TRBJ2-5	09/0018	NA	3006
CSASGPLQETQYF	TRBV20-1	TRBJ2-5	09/0018	NA	2750
CSATKGWAGREQYF	TRBV20-1	TRBJ2-7	09/0018	NA	1538
CSATPGGGSSGYTF	TRBV20-1	TRBJ1-2	09/0018	NA	3275
CSATPGGGSSGYTF	TRBV20-1	TRBJ1-2	09/0018	NA	1770
CSATPGGGSSGYTF	TRBV20-1	TRBJ1-2	09/0018	NA	3238
CSATPRRGFAEAFF	TRBV20-1	TRBJ1-1	09/0018	NA	3072
CSATPWDSNEQFF	TRBV20-1	TRBJ2-1	09/0018	NA	2645
CSATPWDSNEQFF	TRBV20-1	TRBJ2-1	09/0018	NA	1742
CSATPWDSNEQFF	TRBV20-1	TRBJ2-1	09/0018	NA	873
CSATPWDSNEQFF	TRBV20-1	TRBJ2-1	09/0018	NA	2089
CSATPWDSNEQFF	TRBV20-1	TRBJ2-1	09/0018	NA	172
CSAVNPLAGDYNEQFF	TRBV20-1	TRBJ2-1	09/0018	NA	2516
CSAWGGSYNEQFF	TRBV20-1	TRBJ2-1	09/0018	NA	3400
CSGKGTDQNTEAFF	TRBV29-1	TRBJ1-1	09/0018	NA	2797
CSGTPYWLNEQFF	TRBV20-1	TRBJ2-1	09/0018	NA	2392
CSIGQGQGLPRSYEQYF	TRBV20-1	TRBJ2-7	09/0018	NA	2352
CSIGQGQGLPRSYEQYF	TRBV20-1	TRBJ2-7	09/0018	NA	2519
CSVALSGQGKYF	TRBV29-1	TRBJ2-4	09/0018	NA	4217
CSVALSGQGKYF	TRBV29-1	TRBJ2-4	09/0018	NA	4052
CSVALSGQGKYF	TRBV29-1	TRBJ2-4	09/0018	NA	4161
CSVALSGQGKYF	TRBV29-1	TRBJ2-4	09/0018	NA	2501
CSVALSGQGKYF	TRBV29-1	TRBJ2-4	09/0018	NA	2714
CSVASPGSPLHF	TRBV29-1	TRBJ1-6	09/0018	NA	4118
CSVGASGGETQYF	TRBV29-1	TRBJ2-5	09/0018	NA	3245
CSVLPRQGGTEAFF	TRBV29-1	TRBJ1-1	09/0018	NA	3706
CSVLPRQGGTEAFF	TRBV29-1	TRBJ1-1	09/0018	NA	3103
CSVNPGTGITGELFF	TRBV29-1	TRBJ2-2	09/0018	NA	3414
CSVNPGTGITGELFF	TRBV29-1	TRBJ2-2	09/0018	NA	2951
CSVNPGTGITGELFF	TRBV29-1	TRBJ2-2	09/0018	NA	2747
CSVRGGRTNTGELFF	TRBV29-1	TRBJ2-2	09/0018	NA	3736
CSVRGGRTNTGELFF	TRBV29-1	TRBJ2-2	09/0018	NA	2114
CSVRGGRTNTGELFF	TRBV29-1	TRBJ2-2	09/0018	NA	3329
CSVRGGRTNTGELFF	TRBV29-1	TRBJ2-2	09/0018	NA	1342
CAISAPPSGTGYGDTEAFF	TRBV10-3	TRBJ1-1	09/0018	NA	1905
CAISDPGRTQETQYF	TRBV10-3	TRBJ2-5	09/0018	NA	257
CASGPGPRCGTEAFF	TRBV12-5	TRBJ1-1	09/0018	NA	1794
CASIDRASYEQYF	TRBV6-2	TRBJ2-7	09/0018	NA	783
CASKFDSSTNTGELFF	TRBV10-2	TRBJ2-2	09/0018	NA	1881
CASKSVLGPRNTQYF	TRBV4-1	TRBJ2-3	09/0018	NA	3030
CASNNRGQVLNTGELFF	TRBV19	TRBJ2-2	09/0018	NA	1685
CASNPRDRLYEQYF	TRBV27	TRBJ2-7	09/0018	NA	2295
CASRAGGVYSREQFF	TRBV6-1	TRBJ2-1	09/0018	NA	3561
CASRGLPGETQYF	TRBV12-3	TRBJ2-5	09/0018	NA	4905
CASRHNSPLHF	TRBV6-6	TRBJ1-6	09/0018	NA	2347
CASRPGQGLSDNSPLHF	TRBV2	TRBJ1-6	09/0018	NA	1964
CASRTTNYGYTF	TRBV12-3	TRBJ1-2	09/0018	NA	5882
CASRTTNYGYTF	TRBV12-3	TRBJ1-2	09/0018	NA	2862
CASRVNRGEAFF	TRBV2	TRBJ1-1	09/0018	NA	2238
CASSAFRGDREKIGNGYTF	TRBV11-2	TRBJ1-2	09/0018	NA	1895
CASSARGNYGYTF	TRBV12-3	TRBJ1-2	09/0018	NA	3399
CASSASGAYEQYF	TRBV19	TRBJ2-7	09/0018	NA	2254
CASSASGGTQGGEQYF	TRBV7-9	TRBJ2-7	09/0018	NA	1608
CASSDARYGAKNIQYF	TRBV6-1	TRBJ2-4	09/0018	NA	1655
CASSDIAGEYNEQFF	TRBV6-4	TRBJ2-1	09/0018	NA	2226
CASSDRDTGELFF	TRBV6-4	TRBJ2-2	09/0018	NA	4586
CASSDSWTGNTDTQYF	TRBV6-4	TRBJ2-3	09/0018	NA	2068
CASSEDANEQFF	TRBV2	TRBJ2-1	09/0018	NA	2811
CASSEEGGGSYEQYF	TRBV6-4	TRBJ2-7	09/0018	NA	2022
CASSEGQGANVLTF	TRBV6-1	TRBJ2-6	09/0018	NA	151
CASSEVRTGPTSSYEQYF	TRBV6-1	TRBJ2-7	09/0018	NA	1797
CASSFGFKSTDTQYF	TRBV11-1	TRBJ2-3	09/0018	NA	1056
CASSFLSFGGYTF	TRBV27	TRBJ1-2	09/0018	NA	1690
CASSFMTASHHTEAFF	TRBV27	TRBJ1-1	09/0018	NA	2153
CASSFSDLNTEAFF	TRBV27	TRBJ1-1	09/0018	NA	2015
CASSFVTGGGEQYF	TRBV27	TRBJ2-7	09/0018	NA	2893
CASSFVTGGGEQYF	TRBV27	TRBJ2-7	09/0018	NA	2187
CASSFVTGGGEQYF	TRBV27	TRBJ2-7	09/0018	NA	2130
CASSFVTGGGEQYF	TRBV27	TRBJ2-7	09/0018	NA	5984
CASSGASSYNEQFF	TRBV28	TRBJ2-1	09/0018	NA	2047
CASSGGGGLNTEAFF	TRBV6-6	TRBJ1-1	09/0018	NA	1257
CASSIGGTLAKNIQYF	TRBV19	TRBJ2-4	09/0018	NA	1814
CASSIVADSYEQYF	TRBV19	TRBJ2-7	09/0018	NA	2247
CASSIVSGGTGYTF	TRBV19	TRBJ1-2	09/0018	NA	3364
CASSLAALYGYTF	TRBV7-2	TRBJ1-2	09/0018	NA	2636
CASSLAEYHTGELFF	TRBV5-1	TRBJ2-2	09/0018	NA	2664
CASSLALAGGGRLSGANVLTF	TRBV5-1	TRBJ2-6	09/0018	NA	400
CASSLDPRGKIAKNIQYF	TRBV11-2	TRBJ2-4	09/0018	NA	1508
CASSLGDRANTGELFF	TRBV13	TRBJ2-2	09/0018	NA	2010
CASSLGQAPDTQYF	TRBV5-1	TRBJ2-3	09/0018	NA	1964
CASSLLGTPEAFF	TRBV28	TRBJ1-1	09/0018	NA	2104
CASSLNGWTNEKLFF	TRBV7-6	TRBJ1-4	09/0018	NA	1459
CASSLPGNTEAFF	TRBV5-3	TRBJ1-1	09/0018	NA	104
CASSLPGTVEAFF	TRBV12-3	TRBJ1-1	09/0018	NA	1742
CASSLQGNEAFF	TRBV11-3	TRBJ1-1	09/0018	NA	745
CASSLQVSGNTIYF	TRBV12-3	TRBJ1-3	09/0018	NA	5007
CASSLRELGRNEQFF	TRBV11-2	TRBJ2-1	09/0018	NA	2102
CASSLRGDRDEQYF	TRBV3-1	TRBJ2-7	09/0018	NA	2725
CASSLRGDRGYNEQFF	TRBV4-1	TRBJ2-1	09/0018	NA	2412
CASSLRGPFEKLFF	TRBV27	TRBJ1-4	09/0018	NA	2677
CASSLRGPFEKLFF	TRBV27	TRBJ1-4	09/0018	NA	1850
CASSLRGPFEKLFF	TRBV27	TRBJ1-4	09/0018	NA	1942
CASSLSFGPPGDEQYF	TRBV27	TRBJ2-7	09/0018	NA	3258
CASSLSFGPPGDEQYF	TRBV27	TRBJ2-7	09/0018	NA	2158
CASSLTYRGGLYEQYF	TRBV25-1	TRBJ2-7	09/0018	NA	6065
CASSPDGAYNEQFF	TRBV18	TRBJ2-1	09/0018	NA	2384
CASSPDGAYNEQFF	TRBV18	TRBJ2-1	09/0018	NA	2483
CASSPDGAYNEQFF	TRBV18	TRBJ2-1	09/0018	NA	1440
CASSPDGAYNEQFF	TRBV18	TRBJ2-1	09/0018	NA	3219
CASSPDGAYNEQFF	TRBV18	TRBJ2-1	09/0018	NA	1525
CASSPDGAYNEQFF	TRBV18	TRBJ2-1	09/0018	NA	1879
CASSPDGAYNEQFF	TRBV18	TRBJ2-1	09/0018	NA	5886
CASSPDGAYNEQFF	TRBV18	TRBJ2-1	09/0018	NA	1708
CASSPDGVPYEQYF	TRBV18	TRBJ2-7	09/0018	NA	2682
CASSPGGFLNTGELFF	TRBV5-1	TRBJ2-2	09/0018	NA	3182
CASSPGGFLNTGELFF	TRBV5-1	TRBJ2-2	09/0018	NA	589
CASSPGQGLSGEAFF	TRBV5-1	TRBJ1-1	09/0018	NA	2137
CASSPILAAEGNTQYF	TRBV7-9	TRBJ2-3	09/0018	NA	2192
CASSPLDSMNTEAFF	TRBV18	TRBJ1-1	09/0018	NA	2084
CASSPPWGGNGYTF	TRBV12-3	TRBJ1-2	09/0018	NA	3018
CASSPQGFRAKNIQYF	TRBV28	TRBJ2-4	09/0018	NA	3241
CASSPRGNYEQYF	TRBV27	TRBJ2-7	09/0018	NA	1530
CASSPSATNTGELFF	TRBV6-2	TRBJ2-2	09/0018	NA	3505
CASSPSATNTGELFF	TRBV6-2	TRBJ2-2	09/0018	NA	1494
CASSPTQGAGRMFF	TRBV6-5	TRBJ2-2	09/0018	NA	3912
CASSPTSPVAGANVLTF	TRBV7-2	TRBJ2-6	09/0018	NA	2176
CASSQDFRGGQAFF	TRBV3-1	TRBJ1-1	09/0018	NA	1954
CASSQDGVFAYEQYF	TRBV3-1	TRBJ2-7	09/0018	NA	4260
CASSQDRAGVYNEQFF	TRBV4-3	TRBJ2-1	09/0018	NA	2114
CASSQELASTYEQYF	TRBV4-2	TRBJ2-7	09/0018	NA	1895
CASSQGPGGNTIYF	TRBV12-3	TRBJ1-3	09/0018	NA	2059
CASSQHVFSSGVNQETQYF	TRBV4-1	TRBJ2-5	09/0018	NA	2726
CASSQITGRPGANVLTF	TRBV4-1	TRBJ2-6	09/0018	NA	2237
CASSQMDLSSATEAFF	TRBV14	TRBJ1-1	09/0018	NA	2865
CASSQMGDTQYF	TRBV18	TRBJ2-3	09/0018	NA	5129
CASSQNRLKFF	TRBV4-1	TRBJ1-1	09/0018	NA	2365
CASSQVLRGPTDTQYF	TRBV4-1	TRBJ2-3	09/0018	NA	2122
CASSQVNREIQYF	TRBV4-1	TRBJ2-4	09/0018	NA	1548
CASSRGTGGAGYNEQFF	TRBV4-3	TRBJ2-1	09/0018	NA	1398
CASSRPSRTGVYTGELFF	TRBV11-1	TRBJ2-2	09/0018	NA	3641
CASSRPSRTGVYTGELFF	TRBV11-1	TRBJ2-2	09/0018	NA	1216
CASSRRFGRGMTYEQYF	TRBV7-2	TRBJ2-7	09/0018	NA	2067
CASSRRPGKGETQYF	TRBV28	TRBJ2-5	09/0018	NA	1563
CASSRSSRDLKYEQYF	TRBV25-1	TRBJ2-7	09/0018	NA	1509
CASSRSSRDLKYEQYF	TRBV25-1	TRBJ2-7	09/0018	NA	1937
CASSRSSRDLKYEQYF	TRBV25-1	TRBJ2-7	09/0018	NA	2120
CASSRSSRDLKYEQYF	TRBV25-1	TRBJ2-7	09/0018	NA	4696
CASSRSSRDLKYEQYF	TRBV25-1	TRBJ2-7	09/0018	NA	1976
CASSRSSRDLKYEQYF	TRBV25-1	TRBJ2-7	09/0018	NA	1624
CASSSFPGDHGYTF	TRBV5-6	TRBJ1-2	09/0018	NA	7036
CASSSGLSHTGDTQYF	TRBV12-3	TRBJ2-3	09/0018	NA	1873
CASSSGNYGYTF	TRBV7-9	TRBJ1-2	09/0018	NA	884
CASSSGQGGGYTF	TRBV28	TRBJ1-2	09/0018	NA	4475
CASSSGQGGGYTF	TRBV28	TRBJ1-2	09/0018	NA	2884
CASSSGQGGGYTF	TRBV28	TRBJ1-2	09/0018	NA	2305
CASSSISGTPQETQYF	TRBV19	TRBJ2-5	09/0018	NA	2074
CASSSKGQGVGEQYF	TRBV7-9	TRBJ2-7	09/0018	NA	466
CASSSPPGQRGYTF	TRBV5-6	TRBJ1-2	09/0018	NA	2475
CASSSRDSHNYGYTF	TRBV27	TRBJ1-2	09/0018	NA	4137
CASSSRWTAAKNIQYF	TRBV28	TRBJ2-4	09/0018	NA	1794
CASSSTGVSGANVLTF	TRBV11-2	TRBJ2-6	09/0018	NA	2015
CASSTDRGAYEQYF	TRBV5-1	TRBJ2-7	09/0018	NA	2740
CASSTQNKDDPTRTDTQYF	TRBV25-1	TRBJ2-3	09/0018	NA	1688
CASSTTGGVIPETQYF	TRBV5-1	TRBJ2-5	09/0018	NA	1458
CASSWGGGTDTQYF	TRBV5-1	TRBJ2-3	09/0018	NA	2181
CASSYRSMEKLFF	TRBV27	TRBJ1-4	09/0018	NA	2131
CASSYRTGEYGYTF	TRBV27	TRBJ1-2	09/0018	NA	3342
CASSYSISENTEAFF	TRBV6-6	TRBJ1-1	09/0018	NA	1596
CASSYTGGVHTEAFF	TRBV6-5	TRBJ1-1	09/0018	NA	1215
CASTDHGGPRYGYTF	TRBV6-6	TRBJ1-2	09/0018	NA	1928
CASTGTGDSPLHF	TRBV2	TRBJ1-6	09/0018	NA	2363
CASTIGTAANYGYTF	TRBV6-1	TRBJ1-2	09/0018	NA	1534
CASTQANSGNTIYF	TRBV18	TRBJ1-3	09/0018	NA	2884
CASTQSGGTNEKLFF	TRBV28	TRBJ1-4	09/0018	NA	3864
CASTQSGGTNEKLFF	TRBV28	TRBJ1-4	09/0018	NA	1388
CASTQSGGTNEKLFF	TRBV28	TRBJ1-4	09/0018	NA	2277
CASTQSGGTNEKLFF	TRBV28	TRBJ1-4	09/0018	NA	1740
CASTQSGGTNEKLFF	TRBV28	TRBJ1-4	09/0018	NA	1914
CASTQSGGTNEKLFF	TRBV28	TRBJ1-4	09/0018	NA	1889
CASTQSGGTNEKLFF	TRBV28	TRBJ1-4	09/0018	NA	4439
CASTQSGGTNEKLFF	TRBV28	TRBJ1-4	09/0018	NA	1595
CASTSYGATSHEQFF	TRBV7-9	TRBJ2-1	09/0018	NA	1687
CATSDARGLRNTGELFF	TRBV24-1	TRBJ2-2	09/0018	NA	1499
CATSEGTITGNEQFF	TRBV24-1	TRBJ2-1	09/0018	NA	1437
CATSRDIGTATSSQETQYF	TRBV15	TRBJ2-5	09/0018	NA	2537
CATSRDIGTATSSQETQYF	TRBV15	TRBJ2-5	09/0018	NA	1520
CATSREGLAGGPDTQYF	TRBV15	TRBJ2-3	09/0018	NA	1942
CAVKGGGHGETQYF	TRBV28	TRBJ2-5	09/0018	NA	1589
CSAAPGWGMNTEAFF	TRBV29-1	TRBJ1-1	09/0018	NA	2049
CSAPTSADYNEQFF	TRBV20-1	TRBJ2-1	09/0018	NA	2513
CSARGDTQYF	TRBV20-1	TRBJ2-3	09/0018	NA	2417
CSARPFRDTDTQYF	TRBV20-1	TRBJ2-3	09/0018	NA	2798
CSARRSGGESKNIQYF	TRBV20-1	TRBJ2-4	09/0018	NA	3915
CSASEPGVAGANVLTF	TRBV20-1	TRBJ2-6	09/0018	NA	3389
CSATIRRGSGELFF	TRBV20-1	TRBJ2-2	09/0018	NA	2488
CSAVTGGDEQYF	TRBV29-1	TRBJ2-7	09/0018	NA	2056
CSVAGVGNTEAFF	TRBV29-1	TRBJ1-1	09/0018	NA	3430
CASARFGDEQYF	TRBV9	TRBJ2-7	09/0772	NA	2088
CASDVGLAGETQYF	TRBV6-2	TRBJ2-5	09/0772	NA	892
CASFRGRAADGYTF	TRBV2	TRBJ1-2	09/0772	NA	1514
CASGGPNEQYF	TRBV2	TRBJ2-7	09/0772	NA	1368
CASGVSLGTASHGYTF	TRBV5-1	TRBJ1-2	09/0772	NA	1525
CASHPGTTRTGELFF	TRBV7-2	TRBJ2-2	09/0772	NA	1210
CASKKTLQETYEQYF	TRBV6-2	TRBJ2-7	09/0772	NA	488
CASNTQNTEAFF	TRBV12-3	TRBJ1-1	09/0772	NA	2243
CASRDGTGSYEQYF	TRBV2	TRBJ2-7	09/0772	NA	287
CASRDGTGSYEQYF	TRBV2	TRBJ2-7	09/0772	NA	1138
CASRDGTGSYEQYF	TRBV2	TRBJ2-7	09/0772	NA	201
CASRDTGGAYNEQFF	TRBV5-1	TRBJ2-1	09/0772	NA	2004
CASRELGLRVGEQYF	TRBV7-2	TRBJ2-7	09/0772	NA	2141
CASRGWGQGPINYGYTF	TRBV12-3	TRBJ1-2	09/0772	NA	2252
CASRPELAGDRYTQYF	TRBV5-1	TRBJ2-3	09/0772	NA	1407
CASRPGQTYEQYF	TRBV6-5	TRBJ2-7	09/0772	NA	1322
CASRRTGRLGYTF	TRBV12-3	TRBJ1-2	09/0772	NA	1722
CASRVITDTQYF	TRBV2	TRBJ2-3	09/0772	NA	1914
CASRYTGIETQYF	TRBV12-3	TRBJ2-5	09/0772	NA	1721
CASSAAGDNSPLHF	TRBV2	TRBJ1-6	09/0772	NA	2479
CASSAGLAGGEETQYF	TRBV9	TRBJ2-5	09/0772	NA	1702
CASSAGRLGETQYF	TRBV9	TRBJ2-5	09/0772	NA	1907
CASSALTGYEEYF	TRBV2	TRBJ2-4	09/0772	NA	2355
CASSAPRGSNEQFF	TRBV25-1	TRBJ2-1	09/0772	NA	1995
CASSARRNTEAFF	TRBV11-3	TRBJ1-1	09/0772	NA	2174
CASSASGSNQPQHF	TRBV6-4	TRBJ1-5	09/0772	NA	2252
CASSASGSNQPQHF	TRBV6-4	TRBJ1-5	09/0772	NA	1840
CASSATGGTGELFF	TRBV9	TRBJ2-2	09/0772	NA	1950
CASSATGGTGELFF	TRBV9	TRBJ2-2	09/0772	NA	1809
CASSATGGTGELFF	TRBV9	TRBJ2-2	09/0772	NA	1306
CASSAVFSGELFF	TRBV9	TRBJ2-2	09/0772	NA	1971
CASSAVFSGELFF	TRBV9	TRBJ2-2	09/0772	NA	1922
CASSAVFSGELFF	TRBV9	TRBJ2-2	09/0772	NA	1710
CASSAVFSGELFF	TRBV9	TRBJ2-2	09/0772	NA	1212
CASSAVFSGELFF	TRBV9	TRBJ2-2	09/0772	NA	1089
CASSDHRAETQYF	TRBV9	TRBJ2-5	09/0772	NA	1888
CASSDLADIAGELFF	TRBV6-1	TRBJ2-2	09/0772	NA	664
CASSDRQYNSPLHF	TRBV3-1	TRBJ1-6	09/0772	NA	1724
CASSEAGGGRYQETQYF	TRBV2	TRBJ2-5	09/0772	NA	1681
CASSEDPAQETQYF	TRBV6-1	TRBJ2-5	09/0772	NA	995
CASSEEFRGGSGQETQYF	TRBV25-1	TRBJ2-5	09/0772	NA	1694
CASSENTEAFF	TRBV7-2	TRBJ1-1	09/0772	NA	1861
CASSEPLAGMGGGQYF	TRBV6-1	TRBJ2-3	09/0772	NA	986
CASSERWADTQYF	TRBV4-3	TRBJ2-3	09/0772	NA	1404
CASSESGGANEQFF	TRBV6-4	TRBJ2-1	09/0772	NA	289
CASSESWVSKNGYTF	TRBV6-1	TRBJ1-2	09/0772	NA	1471
CASSEVAAETQYF	TRBV2	TRBJ2-5	09/0772	NA	1375
CASSEWDSPGYTF	TRBV6-2	TRBJ1-2	09/0772	NA	488
CASSFGRAVGNGYTF	TRBV12-3	TRBJ1-2	09/0772	NA	2334
CASSFIGSQPQHF	TRBV12-3	TRBJ1-5	09/0772	NA	1656
CASSFLAHQPQHF	TRBV6-5	TRBJ1-5	09/0772	NA	858
CASSFRGAPTYEQYF	TRBV11-2	TRBJ2-7	09/0772	NA	1367
CASSFRGDQPQHF	TRBV12-3	TRBJ1-5	09/0772	NA	2273
CASSFWGNIQYF	TRBV12-3	TRBJ2-4	09/0772	NA	2095
CASSGPGSVGTQYF	TRBV19	TRBJ2-5	09/0772	NA	3355
CASSGQRGVYNEQFF	TRBV10-2	TRBJ2-1	09/0772	NA	1300
CASSGSGGRSEAFF	TRBV19	TRBJ1-1	09/0772	NA	1288
CASSGSSGTGEFRLWGTEAFF	TRBV5-1	TRBJ1-1	09/0772	NA	2014
CASSHDWGQSSYEQYF	TRBV18	TRBJ2-7	09/0772	NA	1740
CASSHWGGAGGYTF	TRBV4-2	TRBJ1-2	09/0772	NA	1395
CASSIAQGPQHF	TRBV19	TRBJ1-5	09/0772	NA	1872
CASSIFGYPNEKLFF	TRBV7-2	TRBJ1-4	09/0772	NA	1132
CASSIQGGHGYTF	TRBV19	TRBJ1-2	09/0772	NA	1345
CASSIVSASEQFF	TRBV19	TRBJ2-1	09/0772	NA	1341
CASSKHPGGTEAFF	TRBV7-2	TRBJ1-1	09/0772	NA	175
CASSKTDNQPQHF	TRBV9	TRBJ1-5	09/0772	NA	2367
CASSLAGTETQYF	TRBV12-3	TRBJ2-5	09/0772	NA	1523
CASSLAGWLNTEAFF	TRBV7-2	TRBJ1-1	09/0772	NA	2309
CASSLATSGITDTQYF	TRBV5-1	TRBJ2-3	09/0772	NA	1197
CASSLEAGYGYTF	TRBV7-2	TRBJ1-2	09/0772	NA	2517
CASSLFQAPGVHF	TRBV7-2	TRBJ2-7	09/0772	NA	1977
CASSLGSLRTRSNEQFF	TRBV7-6	TRBJ2-1	09/0772	NA	1296
CASSLGTLGEQYF	TRBV7-6	TRBJ2-7	09/0772	NA	1466
CASSLHVGGSNEKLFF	TRBV5-1	TRBJ1-4	09/0772	NA	692
CASSLKGNSPLHF	TRBV18	TRBJ1-6	09/0772	NA	916
CASSLLPGHFYGYTF	TRBV4-1	TRBJ1-2	09/0772	NA	1574
CASSLPGTDKGNEQFF	TRBV7-2	TRBJ2-1	09/0772	NA	2037
CASSLQGDYGYTF	TRBV7-6	TRBJ1-2	09/0772	NA	1672
CASSLSDRGRQPQHF	TRBV7-2	TRBJ1-5	09/0772	NA	567
CASSLSVTGVQPQHF	TRBV12-3	TRBJ1-5	09/0772	NA	2092
CASSLVLFFMNTEAFF	TRBV5-6	TRBJ1-1	09/0772	NA	1893
CASSLWTSGQETQYF	TRBV12-3	TRBJ2-5	09/0772	NA	2228
CASSLWTSGQETQYF	TRBV12-3	TRBJ2-5	09/0772	NA	1612
CASSPGFAGTEAFF	TRBV18	TRBJ1-1	09/0772	NA	1400
CASSPGQGGTEAFF	TRBV18	TRBJ1-1	09/0772	NA	1769
CASSPGQGSRTNEKLFF	TRBV2	TRBJ1-4	09/0772	NA	1344
CASSPGQISGNTIYF	TRBV18	TRBJ1-3	09/0772	NA	1169
CASSPLGWDTQYF	TRBV18	TRBJ2-3	09/0772	NA	1701
CASSPPYQETQYF	TRBV18	TRBJ2-5	09/0772	NA	1018
CASSPRAHTDTQYF	TRBV4-1	TRBJ2-3	09/0772	NA	1803
CASSPVTVHEQYF	TRBV18	TRBJ2-7	09/0772	NA	1977
CASSQDHAGDSKQYF	TRBV3-1	TRBJ2-7	09/0772	NA	508
CASSQDLSGGAHIETQYF	TRBV4-2	TRBJ2-5	09/0772	NA	1291
CASSQDLSGGAHIETQYF	TRBV4-2	TRBJ2-5	09/0772	NA	1326
CASSQDPGGDEEKLFF	TRBV4-1	TRBJ1-4	09/0772	NA	1358
CASSQEGARRSSYEQYF	TRBV4-1	TRBJ2-7	09/0772	NA	1024
CASSQEGTSSEQYF	TRBV4-3	TRBJ2-7	09/0772	NA	973
CASSQEMGLANYEQYF	TRBV4-1	TRBJ2-7	09/0772	NA	903
CASSQFLPSTDTQYF	TRBV3-1	TRBJ2-3	09/0772	NA	1040
CASSQGGGRQPQHF	TRBV9	TRBJ1-5	09/0772	NA	634
CASSQGYSWYGYTF	TRBV7-2	TRBJ1-2	09/0772	NA	1778
CASSQQLTSAETQYF	TRBV3-1	TRBJ2-5	09/0772	NA	1421
CASSQTGGIMNTEAFF	TRBV3-1	TRBJ1-1	09/0772	NA	1728
CASSQTQTGTVHSPLHF	TRBV4-3	TRBJ1-6	09/0772	NA	1551
CASSQVGSNSPLHF	TRBV4-3	TRBJ1-6	09/0772	NA	1308
CASSQVGSNSPLHF	TRBV4-3	TRBJ1-6	09/0772	NA	1232
CASSQVTGGRPPLHF	TRBV3-1	TRBJ1-6	09/0772	NA	1220
CASSRAESLLYGYTF	TRBV9	TRBJ1-2	09/0772	NA	1999
CASSRSMNTEAFF	TRBV14	TRBJ1-1	09/0772	NA	166
CASSSKGISNEQFF	TRBV18	TRBJ2-1	09/0772	NA	1639
CASSSRRAWGKYNSPLHF	TRBV27	TRBJ1-6	09/0772	NA	1646
CASSSTGGGPNTEAFF	TRBV7-6	TRBJ1-1	09/0772	NA	1311
CASSTAGLAGVHSSYNEQFF	TRBV18	TRBJ2-1	09/0772	NA	1342
CASSVAAGLRYTSNEQFF	TRBV9	TRBJ2-1	09/0772	NA	1439
CASSVANSGNTIYF	TRBV5-1	TRBJ1-3	09/0772	NA	902
CASSVDDWNTEAFF	TRBV9	TRBJ1-1	09/0772	NA	1859
CASSVEAESYGYTF	TRBV9	TRBJ1-2	09/0772	NA	1280
CASSWGLAGGFKAEQFF	TRBV6-5	TRBJ2-1	09/0772	NA	703
CASSYGQGTGELFF	TRBV3-1	TRBJ2-2	09/0772	NA	1729
CASSYIGLNTEAFF	TRBV6-5	TRBJ1-1	09/0772	NA	1194
CASSYPGQGIRGYTF	TRBV7-2	TRBJ1-2	09/0772	NA	1984
CASSYSDGYTEAFF	TRBV6-5	TRBJ1-1	09/0772	NA	1587
CASSYSGTGFYEQYF	TRBV6-5	TRBJ2-7	09/0772	NA	1182
CASSYSRGTGYTYEQYF	TRBV6-6	TRBJ2-7	09/0772	NA	1378
CASSYTVDTEAFF	TRBV14	TRBJ1-1	09/0772	NA	972
CASTKQETQYF	TRBV6-2	TRBJ2-5	09/0772	NA	1376
CASTPSATGKNIQYF	TRBV19	TRBJ2-4	09/0772	NA	2266
CASTQEGTGKAEAFF	TRBV7-6	TRBJ1-1	09/0772	NA	1892
CASTWGGGNQPQHF	TRBV19	TRBJ1-5	09/0772	NA	2022
CATAGGPAKTQYF	TRBV15	TRBJ2-5	09/0772	NA	1179
CATREGPGGEDTQYF	TRBV24-1	TRBJ2-3	09/0772	NA	1919
CATSAQGLTGELFF	TRBV24-1	TRBJ2-2	09/0772	NA	1766
CATSDLGEQYF	TRBV24-1	TRBJ2-7	09/0772	NA	1542
CATSDSQDRAGNQPQHF	TRBV24-1	TRBJ1-5	09/0772	NA	1584
CATSEGHKNSPLHF	TRBV24-1	TRBJ1-6	09/0772	NA	2246
CATSGGHKGSGYTF	TRBV24-1	TRBJ1-2	09/0772	NA	1733
CATSRDKGDNSPLHF	TRBV15	TRBJ1-6	09/0772	NA	826
CATSRDPGSNQPQHF	TRBV15	TRBJ1-5	09/0772	NA	1475
CATSRDSSGANVLTF	TRBV15	TRBJ2-6	09/0772	NA	1507
CATTKGDTQYF	TRBV24-1	TRBJ2-3	09/0772	NA	1439
CAWSRLGGRSNYGYTF	TRBV30	TRBJ1-2	09/0772	NA	3141
CAWSVRPGSNSPLHF	TRBV30	TRBJ1-6	09/0772	NA	1838
CAWSVYRSSEQYF	TRBV30	TRBJ2-7	09/0772	NA	617
CSAHLGVAKNIQYF	TRBV20-1	TRBJ2-4	09/0772	NA	2047
CSALAVGTDTQYF	TRBV20-1	TRBJ2-3	09/0772	NA	1506
CSALEGADYEQYF	TRBV20-1	TRBJ2-7	09/0772	NA	1031
CSAMFIRGPDTQYF	TRBV20-1	TRBJ2-3	09/0772	NA	2058
CSARALGRSNQPQHF	TRBV20-1	TRBJ1-5	09/0772	NA	1289
CSARDFQTSGGPIGSYEQYF	TRBV20-1	TRBJ2-7	09/0772	NA	1287
CSARDPAVAQTDTQYF	TRBV20-1	TRBJ2-3	09/0772	NA	1299
CSARDTWTGSYEQYF	TRBV20-1	TRBJ2-7	09/0772	NA	1832
CSARISAALDTQYF	TRBV20-1	TRBJ2-3	09/0772	NA	539
CSARKGPTNTEAFF	TRBV20-1	TRBJ1-1	09/0772	NA	605
CSARTGAANQPQHF	TRBV20-1	TRBJ1-5	09/0772	NA	1622
CSARVTPGTSGGGNTGELFF	TRBV20-1	TRBJ2-2	09/0772	NA	1268
CSASATGYEQYF	TRBV20-1	TRBJ2-7	09/0772	NA	1378
CSATAGALNTEAFF	TRBV20-1	TRBJ1-1	09/0772	NA	1996
CSAVRTGRNYEQYF	TRBV20-1	TRBJ2-7	09/0772	NA	4201
CSVEDYPFTDRSLAKNIQYF	TRBV29-1	TRBJ2-4	09/0772	NA	1095
CSVGEAGNNEQFF	TRBV29-1	TRBJ2-1	09/0772	NA	1556
CSVPRNYEQYF	TRBV20-1	TRBJ2-7	09/0772	NA	2121
CSVPRNYEQYF	TRBV20-1	TRBJ2-7	09/0772	NA	1150
CSVQGTNEQFF	TRBV29-1	TRBJ2-1	09/0772	NA	2273
CSVQNGEAFF	TRBV29-1	TRBJ1-1	09/0772	NA	1594
CACPRPAGYGYTF	TRBV30	TRBJ1-2	09/0217	NA	2136
CAITAGYNSPLHF	TRBV10-3	TRBJ1-6	09/0217	NA	2220
CASFKEGLEGYTF	TRBV5-1	TRBJ1-2	09/0217	NA	2371
CASGLGADQETQYF	TRBV5-6	TRBJ2-5	09/0217	NA	2368
CASGLGADQETQYF	TRBV5-6	TRBJ2-5	09/0217	NA	1741
CASGPSSGAYEQYF	TRBV10-2	TRBJ2-7	09/0217	NA	1830
CASGQGVFEQYF	TRBV2	TRBJ2-7	09/0217	NA	1213
CASKRELYEQYF	TRBV2	TRBJ2-7	09/0217	NA	1639
CASRTGTSGRYEQYF	TRBV18	TRBJ2-7	09/0217	NA	1549
CASSAQSGREKTGELFF	TRBV6-6	TRBJ2-2	09/0217	NA	1789
CASSARRHQGTGELFF	TRBV6-1	TRBJ2-2	09/0217	NA	3113
CASSARRHQGTGELFF	TRBV6-1	TRBJ2-2	09/0217	NA	1418
CASSARRHQGTGELFF	TRBV6-1	TRBJ2-2	09/0217	NA	1187
CASSEASYEQYF	TRBV6-1	TRBJ2-7	09/0217	NA	2592
CASSEEVLTSCF	TRBV2	TRBJ2-7	09/0217	NA	1320
CASSEGQGRSNTEAFF	TRBV9	TRBJ1-1	09/0217	NA	1298
CASSERGRNSPLHF	TRBV6-1	TRBJ1-6	09/0217	NA	1013
CASSEVGGFDYGYTF	TRBV6-1	TRBJ1-2	09/0217	NA	1746
CASSFSGTAGTGELFF	TRBV27	TRBJ2-2	09/0217	NA	846
CASSGPFGMNTEAFF	TRBV25-1	TRBJ1-1	09/0217	NA	1540
CASSGRANEKLFF	TRBV6-1	TRBJ1-4	09/0217	NA	2849
CASSHYGAGRPDTQYF	TRBV19	TRBJ2-3	09/0217	NA	804
CASSIGRKSAYGYTF	TRBV19	TRBJ1-2	09/0217	NA	4159
CASSIRLAANNEQFF	TRBV9	TRBJ2-1	09/0217	NA	2052
CASSIRLAANNEQFF	TRBV9	TRBJ2-1	09/0217	NA	1946
CASSIRLAANNEQFF	TRBV9	TRBJ2-1	09/0217	NA	1661
CASSKGGENTGELFF	TRBV5-1	TRBJ2-2	09/0217	NA	1927
CASSLDPGDGYTF	TRBV7-3	TRBJ1-2	09/0217	NA	2119
CASSLFLGKGYGYTF	TRBV7-2	TRBJ1-2	09/0217	NA	2432
CASSLFLGKGYGYTF	TRBV7-2	TRBJ1-2	09/0217	NA	1943
CASSLGAGVGKTQYF	TRBV7-2	TRBJ2-5	09/0217	NA	2080
CASSLGEGLENTEAFF	TRBV5-1	TRBJ1-1	09/0217	NA	1332
CASSLGGGRRDTEAFF	TRBV5-1	TRBJ1-1	09/0217	NA	290
CASSLGGTKNIQYF	TRBV7-2	TRBJ2-4	09/0217	NA	1017
CASSLGNVGTEAFF	TRBV11-3	TRBJ1-1	09/0217	NA	2101
CASSLGPGAGANVLTF	TRBV7-2	TRBJ2-6	09/0217	NA	2241
CASSLGRVKGGEAFF	TRBV5-1	TRBJ1-1	09/0217	NA	1358
CASSLGRVKGGEAFF	TRBV5-1	TRBJ1-1	09/0217	NA	3084
CASSLGTGLSDTQYF	TRBV7-6	TRBJ2-3	09/0217	NA	497
CASSLGTGWNSPLHF	TRBV11-3	TRBJ1-6	09/0217	NA	2219
CASSLLLLGHRLEEEQYF	TRBV5-4	TRBJ2-7	09/0217	NA	3074
CASSLLQGPQSPLHF	TRBV6-6	TRBJ1-6	09/0217	NA	1731
CASSLPGGAGNNEQFF	TRBV5-6	TRBJ2-1	09/0217	NA	1511
CASSLRRTSGGGELFF	TRBV7-2	TRBJ2-2	09/0217	NA	1564
CASSLRTAIFYNEQFF	TRBV5-5	TRBJ2-1	09/0217	NA	1486
CASSLSSGGVVEAFF	TRBV12-3	TRBJ1-1	09/0217	NA	2828
CASSLSTGQVYEAFF	TRBV11-3	TRBJ1-1	09/0217	NA	2176
CASSLTFDNEQFF	TRBV5-1	TRBJ2-1	09/0217	NA	1669
CASSLVRGRWETQYF	TRBV11-2	TRBJ2-5	09/0217	NA	1639
CASSLWGTSGSWGSYEQYF	TRBV11-3	TRBJ2-7	09/0217	NA	1984
CASSLYGGSEGGELFF	TRBV11-2	TRBJ2-2	09/0217	NA	1585
CASSLYGGSEGGELFF	TRBV11-2	TRBJ2-2	09/0217	NA	2033
CASSPEETQYF	TRBV7-2	TRBJ2-5	09/0217	NA	3475
CASSPEETQYF	TRBV7-2	TRBJ2-5	09/0217	NA	2584
CASSPEETQYF	TRBV7-2	TRBJ2-5	09/0217	NA	3513
CASSPEETQYF	TRBV7-2	TRBJ2-5	09/0217	NA	2358
CASSPEETQYF	TRBV7-2	TRBJ2-5	09/0217	NA	3923
CASSPEETQYF	TRBV7-2	TRBJ2-5	09/0217	NA	274
CASSPEETQYF	TRBV7-2	TRBJ2-5	09/0217	NA	4892
CASSPEETQYF	TRBV7-2	TRBJ2-5	09/0217	NA	3004
CASSPEETQYF	TRBV7-2	TRBJ2-5	09/0217	NA	2015
CASSPEETQYF	TRBV7-2	TRBJ2-5	09/0217	NA	2957
CASSPEETQYF	TRBV7-2	TRBJ2-5	09/0217	NA	3626
CASSPEETQYF	TRBV7-2	TRBJ2-5	09/0217	NA	2437
CASSPEETQYF	TRBV7-2	TRBJ2-5	09/0217	NA	3102
CASSPEETQYF	TRBV7-2	TRBJ2-5	09/0217	NA	3556
CASSPEETQYF	TRBV7-2	TRBJ2-5	09/0217	NA	2669
CASSPEETQYF	TRBV7-2	TRBJ2-5	09/0217	NA	1568
CASSPEETQYF	TRBV7-2	TRBJ2-5	09/0217	NA	2446
CASSPEETQYF	TRBV7-2	TRBJ2-5	09/0217	NA	1850
CASSPEETQYF	TRBV7-2	TRBJ2-5	09/0217	NA	3058
CASSPEETQYF	TRBV7-2	TRBJ2-5	09/0217	NA	2147
CASSPEETQYF	TRBV7-2	TRBJ2-5	09/0217	NA	3002
CASSPEETQYF	TRBV7-2	TRBJ2-5	09/0217	NA	5010
CASSPEETQYF	TRBV7-2	TRBJ2-5	09/0217	NA	2384
CASSPEETQYF	TRBV7-2	TRBJ2-5	09/0217	NA	2166
CASSPEETQYF	TRBV7-2	TRBJ2-5	09/0217	NA	2679
CASSPEETQYF	TRBV7-2	TRBJ2-5	09/0217	NA	2671
CASSPEETQYF	TRBV7-2	TRBJ2-5	09/0217	NA	2035
CASSPEETQYF	TRBV7-2	TRBJ2-5	09/0217	NA	2232
CASSPEETQYF	TRBV7-2	TRBJ2-5	09/0217	NA	2576
CASSPEETQYF	TRBV7-2	TRBJ2-5	09/0217	NA	2088
CASSPEETQYF	TRBV7-2	TRBJ2-5	09/0217	NA	2209
CASSPEETQYF	TRBV7-2	TRBJ2-5	09/0217	NA	2188
CASSPEETQYF	TRBV7-2	TRBJ2-5	09/0217	NA	2473
CASSPEETQYF	TRBV7-2	TRBJ2-5	09/0217	NA	2880
CASSPEETQYF	TRBV7-2	TRBJ2-5	09/0217	NA	2058
CASSPEETQYF	TRBV7-2	TRBJ2-5	09/0217	NA	1976
CASSPEETQYF	TRBV7-2	TRBJ2-5	09/0217	NA	1986
CASSPEETQYF	TRBV7-2	TRBJ2-5	09/0217	NA	1878
CASSPEETQYF	TRBV7-2	TRBJ2-5	09/0217	NA	1826
CASSPEETQYF	TRBV7-2	TRBJ2-5	09/0217	NA	2293
CASSPEETQYF	TRBV7-2	TRBJ2-5	09/0217	NA	2079
CASSPEETQYF	TRBV7-2	TRBJ2-5	09/0217	NA	2020
CASSPEETQYF	TRBV7-2	TRBJ2-5	09/0217	NA	1523
CASSPEETQYF	TRBV7-2	TRBJ2-5	09/0217	NA	1715
CASSPEETQYF	TRBV7-2	TRBJ2-5	09/0217	NA	1479
CASSPEETQYF	TRBV7-2	TRBJ2-5	09/0217	NA	1785
CASSPEETQYF	TRBV7-2	TRBJ2-5	09/0217	NA	3320
CASSPEETQYF	TRBV7-2	TRBJ2-5	09/0217	NA	2213
CASSPEETQYF	TRBV7-2	TRBJ2-5	09/0217	NA	2027
CASSPHFGKSSGANVLTF	TRBV11-3	TRBJ2-6	09/0217	NA	2531
CASSPHFGKSSGANVLTF	TRBV11-3	TRBJ2-6	09/0217	NA	1500
CASSPHTWDYGYTF	TRBV6-5	TRBJ1-2	09/0217	NA	1882
CASSPKWGDPGGNEQFF	TRBV7-3	TRBJ2-1	09/0217	NA	1675
CASSPKWGDPGGNEQFF	TRBV7-3	TRBJ2-1	09/0217	NA	1686
CASSPPVEGRREAFF	TRBV18	TRBJ1-1	09/0217	NA	1382
CASSPRDRGQYEQYF	TRBV7-2	TRBJ2-7	09/0217	NA	2530
CASSPRDRGSYEQYF	TRBV7-2	TRBJ2-7	09/0217	NA	2170
CASSPRQALTEAFF	TRBV9	TRBJ1-1	09/0217	NA	1975
CASSPRQALTEAFF	TRBV9	TRBJ1-1	09/0217	NA	1431
CASSPRQALTEAFF	TRBV9	TRBJ1-1	09/0217	NA	1090
CASSPRTGALNYGYTF	TRBV7-2	TRBJ1-2	09/0217	NA	5104
CASSQDIQGVGELFF	TRBV4-2	TRBJ2-2	09/0217	NA	1639
CASSQDWGAGGEQFF	TRBV4-3	TRBJ2-1	09/0217	NA	2079
CASSQVLRGGDTEAFF	TRBV4-1	TRBJ1-1	09/0217	NA	1544
CASSRIGGARGSEKLFF	TRBV3-1	TRBJ1-4	09/0217	NA	1110
CASSRIGGARGSEKLFF	TRBV3-1	TRBJ1-4	09/0217	NA	733
CASSRRDRGSYEQYF	TRBV7-2	TRBJ2-7	09/0217	NA	2069
CASSRTSASTDTQYF	TRBV18	TRBJ2-3	09/0217	NA	1157
CASSRTSGQSSYNEQFF	TRBV6-6	TRBJ2-1	09/0217	NA	1413
CASSRWGGREGETQYF	TRBV9	TRBJ2-5	09/0217	NA	2497
CASSSGDSNQPQHF	TRBV12-3	TRBJ1-5	09/0217	NA	3184
CASSSGGFWGETQYF	TRBV11-2	TRBJ2-5	09/0217	NA	1751
CASSSRDRGHYEQYF	TRBV7-2	TRBJ2-7	09/0217	NA	2453
CASSSRDRGHYEQYF	TRBV7-2	TRBJ2-7	09/0217	NA	1999
CASSSRQLGNHEQYF	TRBV18	TRBJ2-7	09/0217	NA	1558
CASSSRTSGAYEQYF	TRBV7-2	TRBJ2-7	09/0217	NA	5201
CASSSYRSSYNEQFF	TRBV13	TRBJ2-1	09/0217	NA	1441
CASSTRDRGSYEQYF	TRBV7-2	TRBJ2-7	09/0217	NA	2175
CASSTRTGYQPQHF	TRBV19	TRBJ1-5	09/0217	NA	1289
CASSVSASGEYEQYF	TRBV9	TRBJ2-7	09/0217	NA	2093
CASSVSDENTEAFF	TRBV25-1	TRBJ1-1	09/0217	NA	3210
CASSVSPNPDRSYTF	TRBV9	TRBJ1-2	09/0217	NA	3323
CASSVSPNPDRSYTF	TRBV9	TRBJ1-2	09/0217	NA	2226
CASSVSPNPDRSYTF	TRBV9	TRBJ1-2	09/0217	NA	1967
CASSVSPNPDRSYTF	TRBV9	TRBJ1-2	09/0217	NA	2143
CASSVSPNPDRSYTF	TRBV9	TRBJ1-2	09/0217	NA	987
CASSYRLAGGPPYNEQFF	TRBV11-2	TRBJ2-1	09/0217	NA	1110
CASTRQGTEAFF	TRBV11-3	TRBJ1-1	09/0217	NA	2463
CATSDSGQGATGELFF	TRBV24-1	TRBJ2-2	09/0217	NA	2158
CATSDSGSRNQPQHF	TRBV24-1	TRBJ1-5	09/0217	NA	840
CATSRDDQPQHF	TRBV15	TRBJ1-5	09/0217	NA	1764
CATSRDPGPGEKLFF	TRBV15	TRBJ1-4	09/0217	NA	1169
CATSRGGTGETYGYTF	TRBV15	TRBJ1-2	09/0217	NA	1560
CAWDLRTRGNSPLHF	TRBV30	TRBJ1-6	09/0217	NA	1889
CAWGQADTQYF	TRBV30	TRBJ2-3	09/0217	NA	5553
CAWRGHPEETQYF	TRBV30	TRBJ2-5	09/0217	NA	2839
CAWRGHPEETQYF	TRBV30	TRBJ2-5	09/0217	NA	1734
CAWRGHPEETQYF	TRBV30	TRBJ2-5	09/0217	NA	2919
CAWRGHPEETQYF	TRBV30	TRBJ2-5	09/0217	NA	1894
CAWRGHPEETQYF	TRBV30	TRBJ2-5	09/0217	NA	2104
CAWRGHPEETQYF	TRBV30	TRBJ2-5	09/0217	NA	2355
CAWTTGHNSPLHF	TRBV30	TRBJ1-6	09/0217	NA	1863
CSAPGRGGSDTQYF	TRBV20-1	TRBJ2-3	09/0217	NA	2543
CSARDLQWDPRDEQYF	TRBV20-1	TRBJ2-7	09/0217	NA	1631
CSAREGGGRPRASLYNEQFF	TRBV20-1	TRBJ2-1	09/0217	NA	1770
CSARVWGSTEAFF	TRBV20-1	TRBJ1-1	09/0217	NA	1830
CSASRLAGNEQFF	TRBV29-1	TRBJ2-1	09/0217	NA	2322
CSASRLAGNEQFF	TRBV29-1	TRBJ2-1	09/0217	NA	1724
CSASRLAGNEQFF	TRBV29-1	TRBJ2-1	09/0217	NA	2201
CSASSLLAGDTQYF	TRBV20-1	TRBJ2-3	09/0217	NA	4290
CSATQGPWEQYF	TRBV20-1	TRBJ2-7	09/0217	NA	2068
CSATQGPWEQYF	TRBV20-1	TRBJ2-7	09/0217	NA	1879
CSVAGGRLAEAFF	TRBV29-1	TRBJ1-1	09/0217	NA	2464
CSVRGPYYNEQFF	TRBV20-1	TRBJ2-1	09/0217	NA	911
CAGYTGRANYGYTF	TRBV2	TRBJ1-2	01/0873	NA	2198
CAGYTGRANYGYTF	TRBV2	TRBJ1-2	01/0873	NA	2226
CAGYTGRANYGYTF	TRBV2	TRBJ1-2	01/0873	NA	5300
CAIGRTGKVKTQYF	TRBV10-3	TRBJ2-5	01/0873	NA	619
CAISDYTGEAQHF	TRBV10-3	TRBJ1-5	01/0873	NA	1851
CAISESGSYGYTF	TRBV10-3	TRBJ1-2	01/0873	NA	2030
CAISVRQGSNEQFF	TRBV10-3	TRBJ2-1	01/0873	NA	1425
CASARDSVETQYF	TRBV6-1	TRBJ2-5	01/0873	NA	1628
CASAYGTGVGTGELFF	TRBV2	TRBJ2-2	01/0873	NA	1712
CASGGSGVTGELFF	TRBV7-6	TRBJ2-2	01/0873	NA	2009
CASNFGRAGPYF	TRBV2	TRBJ2-7	01/0873	NA	2277
CASNRGISSGTEAFF	TRBV6-2	TRBJ1-1	01/0873	NA	2504
CASRGGQGLSGANVLTF	TRBV25-1	TRBJ2-6	01/0873	NA	1784
CASRGQGSRSYNSPLHF	TRBV6-1	TRBJ1-6	01/0873	NA	971
CASRRQGRNYGYTF	TRBV12-3	TRBJ1-2	01/0873	NA	2340
CASRTGGNYGYTF	TRBV28	TRBJ1-2	01/0873	NA	3480
CASSAGLVATNEKLFF	TRBV25-1	TRBJ1-4	01/0873	NA	3764
CASSALAGYEQYF	TRBV2	TRBJ2-7	01/0873	NA	1901
CASSALQQGYEQYF	TRBV2	TRBJ2-7	01/0873	NA	2415
CASSDGSGVGAETQYF	TRBV25-1	TRBJ2-5	01/0873	NA	1224
CASSDTGGTDTQYF	TRBV25-1	TRBJ2-3	01/0873	NA	2538
CASSDTTGATNEKLFF	TRBV25-1	TRBJ1-4	01/0873	NA	2112
CASSDYGDTQYF	TRBV14	TRBJ2-3	01/0873	NA	2468
CASSEDVQGINSPLHF	TRBV6-1	TRBJ1-6	01/0873	NA	1431
CASSEEGGGRITGELFF	TRBV6-1	TRBJ2-2	01/0873	NA	596
CASSEEGGGRITGELFF	TRBV6-1	TRBJ2-2	01/0873	NA	1088
CASSEERANAEAFF	TRBV25-1	TRBJ1-1	01/0873	NA	1643
CASSEQGMNTEAFF	TRBV5-1	TRBJ1-1	01/0873	NA	1509
CASSFEETQYF	TRBV7-2	TRBJ2-5	01/0873	NA	3346
CASSFEETQYF	TRBV7-2	TRBJ2-5	01/0873	NA	2383
CASSFFGGGTYNEQFF	TRBV7-3	TRBJ2-1	01/0873	NA	205
CASSFGTNYGYTF	TRBV12-3	TRBJ1-2	01/0873	NA	2305
CASSFSFGENSPLHF	TRBV11-2	TRBJ1-6	01/0873	NA	154
CASSGGQGAGETQYF	TRBV11-3	TRBJ2-5	01/0873	NA	2433
CASSGTGGMNTEAFF	TRBV6-6	TRBJ1-1	01/0873	NA	1698
CASSGTGGMNTEAFF	TRBV6-6	TRBJ1-1	01/0873	NA	1475
CASSGTGGMNTEAFF	TRBV6-6	TRBJ1-1	01/0873	NA	972
CASSGTGGMNTEAFF	TRBV6-6	TRBJ1-1	01/0873	NA	961
CASSGTGGMNTEAFF	TRBV6-6	TRBJ1-1	01/0873	NA	1327
CASSINSNNEQFF	TRBV19	TRBJ2-1	01/0873	NA	1752
CASSITSGGAGRETQYF	TRBV12-3	TRBJ2-5	01/0873	NA	1436
CASSKGEGAGETQYF	TRBV11-3	TRBJ2-5	01/0873	NA	1250
CASSKGEGAGETQYF	TRBV11-3	TRBJ2-5	01/0873	NA	1414
CASSLARREETQYF	TRBV12-3	TRBJ2-5	01/0873	NA	1783
CASSLDGALYGYTF	TRBV5-6	TRBJ1-2	01/0873	NA	4450
CASSLDPGGNSPLHF	TRBV11-2	TRBJ1-6	01/0873	NA	1858
CASSLDPGGNSPLHF	TRBV11-2	TRBJ1-6	01/0873	NA	1490
CASSLDPGSPLHF	TRBV11-2	TRBJ1-6	01/0873	NA	1399
CASSLDSSSYTEAFF	TRBV11-2	TRBJ1-1	01/0873	NA	1801
CASSLEETQYF	TRBV7-2	TRBJ2-5	01/0873	NA	3856
CASSLEETQYF	TRBV7-2	TRBJ2-5	01/0873	NA	2512
CASSLEETQYF	TRBV7-2	TRBJ2-5	01/0873	NA	1560
CASSLEETQYF	TRBV7-2	TRBJ2-5	01/0873	NA	2908
CASSLEETQYF	TRBV7-2	TRBJ2-5	01/0873	NA	2848
CASSLEETQYF	TRBV7-2	TRBJ2-5	01/0873	NA	1877
CASSLEETQYF	TRBV7-2	TRBJ2-5	01/0873	NA	1851
CASSLEETQYF	TRBV7-2	TRBJ2-5	01/0873	NA	2140
CASSLEETQYF	TRBV7-2	TRBJ2-5	01/0873	NA	2190
CASSLEETQYF	TRBV7-2	TRBJ2-5	01/0873	NA	2574
CASSLEETQYF	TRBV7-2	TRBJ2-5	01/0873	NA	2018
CASSLEETQYF	TRBV7-2	TRBJ2-5	01/0873	NA	4412
CASSLEETQYF	TRBV7-2	TRBJ2-5	01/0873	NA	1997
CASSLEETQYF	TRBV7-2	TRBJ2-5	01/0873	NA	2139
CASSLEETQYF	TRBV7-2	TRBJ2-5	01/0873	NA	3059
CASSLEETQYF	TRBV7-2	TRBJ2-5	01/0873	NA	2332
CASSLEETQYF	TRBV7-2	TRBJ2-5	01/0873	NA	2363
CASSLEETQYF	TRBV7-2	TRBJ2-5	01/0873	NA	5451
CASSLEETQYF	TRBV7-2	TRBJ2-5	01/0873	NA	3467
CASSLEETQYF	TRBV7-2	TRBJ2-5	01/0873	NA	2322
CASSLEETQYF	TRBV7-2	TRBJ2-5	01/0873	NA	2665
CASSLEPGGNTEAFF	TRBV11-2	TRBJ1-1	01/0873	NA	4071
CASSLFSGGLAKNIQYF	TRBV5-6	TRBJ2-4	01/0873	NA	1755
CASSLGGGRSAYEQYF	TRBV5-1	TRBJ2-7	01/0873	NA	527
CASSLKDRDEKLFF	TRBV11-1	TRBJ1-4	01/0873	NA	2556
CASSLNLQGNTIYF	TRBV6-1	TRBJ1-3	01/0873	NA	1431
CASSLSREKLFF	TRBV12-3	TRBJ1-4	01/0873	NA	2398
CASSLVGGSLGDEQFF	TRBV5-1	TRBJ2-1	01/0873	NA	3347
CASSLVGVSYEQYF	TRBV5-1	TRBJ2-7	01/0873	NA	1842
CASSPAVRRPGQGFGNTIYF	TRBV11-2	TRBJ1-3	01/0873	NA	938
CASSPFRGTGTGKNIQYF	TRBV6-1	TRBJ2-4	01/0873	NA	1421
CASSPGGTNTGELFF	TRBV2	TRBJ2-2	01/0873	NA	1742
CASSPGTAMATDTQYF	TRBV6-6	TRBJ2-3	01/0873	NA	979
CASSPGTGGIGELFF	TRBV4-2	TRBJ2-2	01/0873	NA	1377
CASSPGTGTGSSGNTIYF	TRBV4-3	TRBJ1-3	01/0873	NA	1504
CASSPGTGTGSSGNTIYF	TRBV4-3	TRBJ1-3	01/0873	NA	914
CASSPGTGTGSSGNTIYF	TRBV4-3	TRBJ1-3	01/0873	NA	1842
CASSPGTGTGSSGNTIYF	TRBV4-3	TRBJ1-3	01/0873	NA	1800
CASSPNGIMNTEAFF	TRBV7-6	TRBJ1-1	01/0873	NA	2359
CASSPNRGPYNEQFF	TRBV18	TRBJ2-1	01/0873	NA	1580
CASSPPMAFYGYTF	TRBV18	TRBJ1-2	01/0873	NA	2165
CASSPSRNLYGYTF	TRBV18	TRBJ1-2	01/0873	NA	1318
CASSPSTGGYGYTF	TRBV27	TRBJ1-2	01/0873	NA	2371
CASSPTVGGYTEAFF	TRBV9	TRBJ1-1	01/0873	NA	1891
CASSPYPDREYYGYTF	TRBV5-6	TRBJ1-2	01/0873	NA	1579
CASSPYRQGGTGELFF	TRBV19	TRBJ2-2	01/0873	NA	1471
CASSQAGVNSGNTIYF	TRBV5-1	TRBJ1-3	01/0873	NA	1473
CASSQAGVNSGNTIYF	TRBV5-1	TRBJ1-3	01/0873	NA	965
CASSQDMRTGTNEKLFF	TRBV4-2	TRBJ1-4	01/0873	NA	1498
CASSQDMRTGTNEKLFF	TRBV4-2	TRBJ1-4	01/0873	NA	1563
CASSQDMRTGTNEKLFF	TRBV4-2	TRBJ1-4	01/0873	NA	1926
CASSQDPGRGPARGNSPLHF	TRBV4-2	TRBJ1-6	01/0873	NA	1470
CASSQDTREGYGYTF	TRBV4-2	TRBJ1-2	01/0873	NA	1575
CASSQFIGDTDQSDTQYF	TRBV4-3	TRBJ2-3	01/0873	NA	1465
CASSQFIGDTDQSDTQYF	TRBV4-3	TRBJ2-3	01/0873	NA	1499
CASSQFIGDTDQSDTQYF	TRBV4-3	TRBJ2-3	01/0873	NA	1273
CASSQGDVAGGGETQYF	TRBV4-2	TRBJ2-5	01/0873	NA	863
CASSQGDVAGGGETQYF	TRBV4-2	TRBJ2-5	01/0873	NA	1451
CASSQGDVAGGGETQYF	TRBV4-2	TRBJ2-5	01/0873	NA	1102
CASSQGDVAGGGETQYF	TRBV4-2	TRBJ2-5	01/0873	NA	1510
CASSQGDVAGGGETQYF	TRBV4-2	TRBJ2-5	01/0873	NA	1673
CASSQGDVAGGGETQYF	TRBV4-2	TRBJ2-5	01/0873	NA	1636
CASSQGDVAGGGETQYF	TRBV4-2	TRBJ2-5	01/0873	NA	1407
CASSQGDVAGGGETQYF	TRBV4-2	TRBJ2-5	01/0873	NA	1847
CASSQGDVAGGGETQYF	TRBV4-2	TRBJ2-5	01/0873	NA	1148
CASSQGDVAGGGETQYF	TRBV4-2	TRBJ2-5	01/0873	NA	917
CASSQGGRMNTEAFF	TRBV14	TRBJ1-1	01/0873	NA	1437
CASSQMSGRGTDTQYF	TRBV4-2	TRBJ2-3	01/0873	NA	1561
CASSREGPTSGANVLTF	TRBV19	TRBJ2-6	01/0873	NA	1521
CASSRQGDYGYTF	TRBV4-1	TRBJ1-2	01/0873	NA	1788
CASSRQGGLAGGQSYNEQFF	TRBV27	TRBJ2-1	01/0873	NA	1972
CASSRTLVGNTIYF	TRBV6-5	TRBJ1-3	01/0873	NA	2021
CASSSSISSGNTIYF	TRBV5-1	TRBJ1-3	01/0873	NA	2068
CASSTIRGRYEQYF	TRBV18	TRBJ2-7	01/0873	NA	1109
CASSTPGTQGIITGELFF	TRBV11-2	TRBJ2-2	01/0873	NA	1826
CASSVGTGLVTDTQYF	TRBV9	TRBJ2-3	01/0873	NA	2283
CASSVPSTSGVFTGELFF	TRBV2	TRBJ2-2	01/0873	NA	3239
CASSVTAGGPNEQFF	TRBV9	TRBJ2-1	01/0873	NA	1839
CASSVTGGKAHYQQYF	TRBV19	TRBJ2-7	01/0873	NA	1424
CASSYIGTGDGYTF	TRBV9	TRBJ1-2	01/0873	NA	2190
CASSYIGTGDGYTF	TRBV9	TRBJ1-2	01/0873	NA	1519
CASSYIGTGDGYTF	TRBV9	TRBJ1-2	01/0873	NA	2652
CASSYSISENTEAFF	TRBV6-6	TRBJ1-1	01/0873	NA	1158
CASSYSISENTEAFF	TRBV6-6	TRBJ1-1	01/0873	NA	1634
CASSYSISENTEAFF	TRBV6-6	TRBJ1-1	01/0873	NA	1379
CASSYSISENTEAFF	TRBV6-6	TRBJ1-1	01/0873	NA	1090
CASSYSISENTEAFF	TRBV6-6	TRBJ1-1	01/0873	NA	870
CASTKRGPHVGEKLFF	TRBV5-1	TRBJ1-4	01/0873	NA	1529
CASTPGNDGGVVSPLHF	TRBV5-1	TRBJ1-6	01/0873	NA	4389
CASTPGNDGGVVSPLHF	TRBV5-1	TRBJ1-6	01/0873	NA	1543
CASTPGNDGGVVSPLHF	TRBV5-1	TRBJ1-6	01/0873	NA	1701
CASTSTDNQPQHF	TRBV9	TRBJ1-5	01/0873	NA	1745
CATPTGTGHGYTF	TRBV19	TRBJ1-2	01/0873	NA	1681
CATSDSDRAPNQPQHF	TRBV24-1	TRBJ1-5	01/0873	NA	1909
CATSRGPGFQETQYF	TRBV15	TRBJ2-5	01/0873	NA	980
CATSRSGGGQRNTEAFF	TRBV15	TRBJ1-1	01/0873	NA	835
CAWRRAGELFF	TRBV30	TRBJ2-2	01/0873	NA	1915
CAWRTLGGRANYGYTF	TRBV30	TRBJ1-2	01/0873	NA	1942
CAWSLGGTDTQYF	TRBV30	TRBJ2-3	01/0873	NA	1601
CSARDGKQGVNEKLFF	TRBV20-1	TRBJ1-4	01/0873	NA	1647
CSARDLEGGNQPQHF	TRBV20-1	TRBJ1-5	01/0873	NA	1908
CSARDPRGLAGGLSYEQYF	TRBV20-1	TRBJ2-7	01/0873	NA	1281
CSARDVGGLSYEQYF	TRBV20-1	TRBJ2-7	01/0873	NA	1044
CSARVTGAVGQPQHF	TRBV20-1	TRBJ1-5	01/0873	NA	1836
CSARWGRRTNTGELFF	TRBV20-1	TRBJ2-2	01/0873	NA	1098
CSASLSNREGYTF	TRBV20-1	TRBJ1-2	01/0873	NA	1667
CSAVHHTEAFF	TRBV20-1	TRBJ1-1	01/0873	NA	1986
CSAVHHTEAFF	TRBV20-1	TRBJ1-1	01/0873	NA	1456
CSAVHHTEAFF	TRBV20-1	TRBJ1-1	01/0873	NA	2026
CSDRLPAADTQYF	TRBV20-1	TRBJ2-3	01/0873	NA	904
CSVDLSGRGGVLTF	TRBV29-1	TRBJ2-6	01/0873	NA	1437
CSVDRDGDGEAFF	TRBV29-1	TRBJ1-1	01/0873	NA	1790
CSVDRDGDGEAFF	TRBV29-1	TRBJ1-1	01/0873	NA	1877
CSVDRDGDGEAFF	TRBV29-1	TRBJ1-1	01/0873	NA	1699
CSVDRDGDGEAFF	TRBV29-1	TRBJ1-1	01/0873	NA	1780
CSVDRDGDGEAFF	TRBV29-1	TRBJ1-1	01/0873	NA	2034
CSVDRDGDGEAFF	TRBV29-1	TRBJ1-1	01/0873	NA	1576
CSVDRDGDGEAFF	TRBV29-1	TRBJ1-1	01/0873	NA	2048
