CDR3b	cluster_id	tool	dataset
CASSFSPPGLAEAKNIQYF	AEAK_8_8	immgliph	huang
CDSSFSPPGRAEAKNIQYF	AEAK_8_8	immgliph	huang
CASSFSPPGLAEAKHIQYF	AEAK_8_8	immgliph	huang
CSASAQGLAGMHEQYF	AGMH_6_6	immgliph	huang
CSASAPGLAGMHEQYF	AGMH_6_6	immgliph	huang
CGASAPGLAGMHEQYF	AGMH_6_6	immgliph	huang
CSASRPGLAGMHEQYF	AGMH_6_6	immgliph	huang
CASTMGQAIPAAGNDQFF	AIPA_5_5	immgliph	huang
CASTMGQAIPAAGNEQFF	AIPA_5_5	immgliph	huang
CASTRGQAIPAAGNEQFF	AIPA_5_5	immgliph	huang
CSARDEDTYAKNMQYF	AKNM_5_7	immgliph	huang
CSAGLTRAKNMQYF	AKNM_5_7	immgliph	huang
CSGGAGRAKNMQYF	AKNM_5_7	immgliph	huang
CAIRGGPEEAKNSQYF	AKNS_5_9	immgliph	huang
CASSSGLAGGPAKNSQYF	AKNS_5_9	immgliph	huang
CASSLGLAKNSPLHF	AKNS_5_9	immgliph	huang
CASSLAVAMENIQYF	AMEN_5_5	immgliph	huang
CASGLAVAMENIQYF	AMEN_5_5	immgliph	huang
CASSLAVAMENSQYF	AMEN_5_5	immgliph	huang
CASSCAVAMENIQYF	AMEN_5_5	immgliph	huang
CASSFAVAMENIQYF	AMEN_5_5	immgliph	huang
CASSLANRAGLMNTEAFF	ANRA_3_3	immgliph	huang
CASSLANRAGLRNTEAFF	ANRA_3_3	immgliph	huang
CSSSLANRAGLMNTEAFF	ANRA_3_3	immgliph	huang
CVSSLANRAGLMNSEAFF	ANRA_3_3	immgliph	huang
CSVAPGWGMNTEAFF	APGW_1_1	immgliph	huang
CSVAPGWGMNSEAFF	APGW_1_1	immgliph	huang
CSVAPGWGMNTAAFF	APGW_1_1	immgliph	huang
CSVAPGWGMSSYEQYF	APGW_1_1	immgliph	huang
CRAREGARAMNTEAFF	ARAM_3_4	immgliph	huang
CSAREGARAMNTEAFF	ARAM_3_4	immgliph	huang
CSTREGARAMKTEAFF	ARAM_3_4	immgliph	huang
CASCLARAMSEGDEQFF	ARAM_3_4	immgliph	huang
CSVARDMGGSTF	ARDM_1_1	immgliph	huang
CSVARDMGGYNF	ARDM_1_1	immgliph	huang
CSVARDMGGYTF	ARDM_1_1	immgliph	huang
CRARERARHEQYF	ARHE_4_5	immgliph	huang
CSAREMARHEQYF	ARHE_4_5	immgliph	huang
CSARDMARHEQYF	ARHE_4_5	immgliph	huang
CSVRMCYARHEKLFF	ARHE_4_5	immgliph	huang
CSARDMARHEKYF	ARHE_4_5	immgliph	huang
CASSQVFLARRAGELFF	ARRA_1_6	immgliph	huang
CASSQVFLARRAGGLFF	ARRA_1_6	immgliph	huang
CSARARRAGQETQYF	ARRA_1_6	immgliph	huang
CSAARRAGGPREQYF	ARRA_1_6	immgliph	huang
CRARARRASPSTDTHYF	ARRA_1_6	immgliph	huang
CASSQVFLARRAGYLFF	ARRA_1_6	immgliph	huang
CASSLGALRGGARWEQYF	ARWE_4_9	immgliph	huang
CASSPTARWETQYF	ARWE_4_9	immgliph	huang
CASSRTGTGARWEPLHF	ARWE_4_9	immgliph	huang
CASSLVATTRGTEAFF	ATTR_4_4	immgliph	huang
CAGSLVATTRGTEAFF	ATTR_4_4	immgliph	huang
CSSSLVATTRGTEAFF	ATTR_4_4	immgliph	huang
CASCLVATTRGTEAFF	ATTR_4_4	immgliph	huang
CASSLAVAMENIQYF	AVAM_3_3	immgliph	huang
CASGLAVAMENIQYF	AVAM_3_3	immgliph	huang
CASSLAVAMENSQYF	AVAM_3_3	immgliph	huang
CASSCAVAMENIQYF	AVAM_3_3	immgliph	huang
CASSFAVAMENIQYF	AVAM_3_3	immgliph	huang
CATSDPAVPVYGYTF	AVPV_4_4	immgliph	huang
CATSGPAVPVYGYTF	AVPV_4_4	immgliph	huang
CATSYPAVPVYGYTF	AVPV_4_4	immgliph	huang
CASGLAWPFKSGANVLTF	AWPF_3_3	immgliph	huang
CASSLAWPFKSGANVLTF	AWPF_3_3	immgliph	huang
CACSLAWPFKSVANVLTF	AWPF_3_3	immgliph	huang
CASSAWVEGRGTEAFF	AWVE_2_7	immgliph	huang
CASSSHYKEAWVETQYF	AWVE_2_7	immgliph	huang
CASSSRYKEAWVETQYF	AWVE_2_7	immgliph	huang
CASSLAYKGTVAYEQYF	AYKG_3_3	immgliph	huang
CASSLAYKGTVSYEQYF	AYKG_3_3	immgliph	huang
CASRLAYKGTVSYEQYF	AYKG_3_3	immgliph	huang
CASTAELGGAYNDPFF	AYND_6_7	immgliph	huang
CASSLCGAAYNDQFF	AYND_6_7	immgliph	huang
CASSLTSTRAYNDEQFF	AYND_6_7	immgliph	huang
CSSSLGTVSAYNDQFF	AYND_6_7	immgliph	huang
CASSCGGGRLVNTGYFF	CGGG_2_4	immgliph	huang
CASTCGGGGVEQYF	CGGG_2_4	immgliph	huang
CASNFYCGGGIQYF	CGGG_2_4	immgliph	huang
CASCLGTPPGVTQPQHF	CLGT_1_2	immgliph	huang
CAGSCLGTVRNSPLLF	CLGT_1_2	immgliph	huang
CASSCLGTGNNSPLHF	CLGT_1_2	immgliph	huang
CASSLDEQRVSTDTQYF	DEQR_3_3	immgliph	huang
CASSLDEQRVSTDKQDF	DEQR_3_3	immgliph	huang
CASSVDEQRVSTDTQYF	DEQR_3_3	immgliph	huang
CASSLKDESTGGYGYTF	DEST_3_4	immgliph	huang
CASSPRDESTGGYGYTF	DEST_3_4	immgliph	huang
CASSLDESTDTQYF	DEST_3_4	immgliph	huang
CASSRDFLRNTDTQYF	DFLR_2_3	immgliph	huang
CASSRDFLRETQYF	DFLR_2_3	immgliph	huang
CASRRDFLRETQYF	DFLR_2_3	immgliph	huang
CSARDFLREGTDTQYF	DFLR_2_3	immgliph	huang
CSAISGDGKETQYF	DGKE_3_4	immgliph	huang
CRAITDGKETPQHF	DGKE_3_4	immgliph	huang
CAWSVDGKETQYF	DGKE_3_4	immgliph	huang
CSARTDLENSPLHF	DLEN_2_5	immgliph	huang
CASSDLENTEAFF	DLEN_2_5	immgliph	huang
CSARLNRDLENEQFF	DLEN_2_5	immgliph	huang
CSARDPIRGLAGGNYYNEQFF	DPIR_2_2	immgliph	huang
CSARDPIRGLAGGNYYNQQFF	DPIR_2_2	immgliph	huang
CSASDPIRGLAGGNYYNEHFF	DPIR_2_2	immgliph	huang
CASRYLFRDPMGSPLHF	DPMG_2_6	immgliph	huang
CASSDPMGGCLSPRHF	DPMG_2_6	immgliph	huang
CASSDPMGGGLSPLHF	DPMG_2_6	immgliph	huang
CASSQDWAPKGEKLLF	DWAP_3_3	immgliph	huang
CASSQDWAPKGEKLFF	DWAP_3_3	immgliph	huang
CASSQDWAPQGETLFF	DWAP_3_3	immgliph	huang
CAISPKGEGPMNTEALF	EGPM_5_5	immgliph	huang
CASSAKGEGPMNTEAFF	EGPM_5_5	immgliph	huang
CASSPKGEGPMNTEAFF	EGPM_5_5	immgliph	huang
CSACVGLELRYNEQFF	ELRY_5_5	immgliph	huang
CSARVGLELRYDEQFF	ELRY_5_5	immgliph	huang
CSARVGLELRYNEQFF	ELRY_5_5	immgliph	huang
CASSEQARGENQYF	EQAR_2_2	immgliph	huang
CASSEQARGETQYF	EQAR_2_2	immgliph	huang
CGSREQARGETQYF	EQAR_2_2	immgliph	huang
CASSLDEQRVSTDTQYF	EQRV_4_4	immgliph	huang
CASSLDEQRVSTDKQDF	EQRV_4_4	immgliph	huang
CASSVDEQRVSTDTQYF	EQRV_4_4	immgliph	huang
CSAERNGVGPEAFF	ERNG_1_7	immgliph	huang
CASSLLPEGERNGYAF	ERNG_1_7	immgliph	huang
CGAERNGVGPEAFF	ERNG_1_7	immgliph	huang
CAISEWDYEQYF	EWDY_2_5	immgliph	huang
CSVDSAEWDYGYTF	EWDY_2_5	immgliph	huang
CSAFGTGEWDYGYTF	EWDY_2_5	immgliph	huang
CASSQGFASSAETQYF	FASS_3_4	immgliph	huang
CASSQFASSDEQYF	FASS_3_4	immgliph	huang
CASSQFASSYEQYF	FASS_3_4	immgliph	huang
CASSRDFLRETQYF	FLRE_3_4	immgliph	huang
CASRRDFLRETQYF	FLRE_3_4	immgliph	huang
CSARDFLREGTDTQYF	FLRE_3_4	immgliph	huang
CASSFPLMRQGYGNQPKHF	FPLM_2_2	immgliph	huang
CASSFPLMRQGYGNQPQHF	FPLM_2_2	immgliph	huang
CASSFPLMRQRYGNQPQHF	FPLM_2_2	immgliph	huang
CASQFRDFSYNEQFF	FRDF_2_2	immgliph	huang
CCSQFRDFSYDEPFF	FRDF_2_2	immgliph	huang
CSSQFRDFSYNGPFF	FRDF_2_2	immgliph	huang
CASSFSPPGLAEAKNIQYF	FSPP_2_2	immgliph	huang
CDSSFSPPGRAEAKNIQYF	FSPP_2_2	immgliph	huang
CASSFSPPGLAEAKHIQYF	FSPP_2_2	immgliph	huang
CASSQPGTGDAKEEKLFF	GDAK_3_6	immgliph	huang
CASSWVGPGDAKEQFF	GDAK_3_6	immgliph	huang
CSARTGDAKNIQYF	GDAK_3_6	immgliph	huang
CATSRGHMISYKEEFF	GHMI_3_3	immgliph	huang
CATSRGHMISYNEQFF	GHMI_3_3	immgliph	huang
CATSRGHMISYNGQFF	GHMI_3_3	immgliph	huang
CASSGIRRRLRLAGGHDEQFF	GIRR_2_5	immgliph	huang
CASSGIRRRLRLAGGHEEQFF	GIRR_2_5	immgliph	huang
CASSIKGGIRRQPQHF	GIRR_2_5	immgliph	huang
CASSMKEGIRRQPQNF	GIRR_2_5	immgliph	huang
CCNYIKGGIRRQPQHF	GIRR_2_5	immgliph	huang
CASSLLGGMATDTQYF	GMAT_5_6	immgliph	huang
CSVGGGWGMATEAFF	GMAT_5_6	immgliph	huang
CASSQAGGGMATPYF	GMAT_5_6	immgliph	huang
CSASAQGLAGMHEQYF	GMHE_7_7	immgliph	huang
CSASAPGLAGMHEQYF	GMHE_7_7	immgliph	huang
CGASAPGLAGMHEQYF	GMHE_7_7	immgliph	huang
CSASRPGLAGMHEQYF	GMHE_7_7	immgliph	huang
CRVREGGGPNDLTF	GPND_5_5	immgliph	huang
CASGEWTGPNDSYTF	GPND_5_5	immgliph	huang
CSARGLAGPNDEQYF	GPND_5_5	immgliph	huang
CASSLVRGQYFPYEQYF	GQYF_5_5	immgliph	huang
CASSVVRGQYFPYEQYF	GQYF_5_5	immgliph	huang
CASSLGRGQYFPYEQYF	GQYF_5_5	immgliph	huang
CASRLGRKVGYTF	GRKV_3_5	immgliph	huang
CASSSLQGRKVLMNEQFF	GRKV_3_5	immgliph	huang
CASSLGRKVGYTF	GRKV_3_5	immgliph	huang
CASREGVLKLNTEAFF	GVLK_3_8	immgliph	huang
CARCRDASRTGVLKKQYF	GVLK_3_8	immgliph	huang
CASSTDAFGTGVLKTQYF	GVLK_3_8	immgliph	huang
CASSTDALGTGVLKTQYF	GVLK_3_8	immgliph	huang
CSAGPGWGMNTEAFF	GWGM_3_3	immgliph	huang
CSAKAGWGMSTEAFF	GWGM_3_3	immgliph	huang
CSVTGGWGMNTEAFF	GWGM_3_3	immgliph	huang
CRVGSGWGMDTEAFF	GWGM_3_3	immgliph	huang
CSARGGWGMNTEAFF	GWGM_3_3	immgliph	huang
CSASPGWGMDTEAFF	GWGM_3_3	immgliph	huang
CSASPGWGMNTEAFF	GWGM_3_3	immgliph	huang
CSGRAGWGMNTEAFF	GWGM_3_3	immgliph	huang
CSVGGGWGMNTEAFF	GWGM_3_3	immgliph	huang
CSVGSGWGMDTEAFF	GWGM_3_3	immgliph	huang
CSVRAGWGMNTEAFF	GWGM_3_3	immgliph	huang
CSVAPGWGMNTEAFF	GWGM_3_3	immgliph	huang
CSVAPGWGMNSEAFF	GWGM_3_3	immgliph	huang
CSVAPGWGMNTAAFF	GWGM_3_3	immgliph	huang
CSVSSGWGMNTEAFF	GWGM_3_3	immgliph	huang
CSVEAGWGMNTEAFF	GWGM_3_3	immgliph	huang
CSVGGGWGMATEAFF	GWGM_3_3	immgliph	huang
CIVRDGWGMNTEAFF	GWGM_3_3	immgliph	huang
CSVAPGWGMSSYEQYF	GWGM_3_3	immgliph	huang
CSVGTGWGMNTEAFF	GWGM_3_3	immgliph	huang
CSVKQGWGMNTEAFF	GWGM_3_3	immgliph	huang
CSVRDGWGMNTEAFF	GWGM_3_3	immgliph	huang
CSVRQGWGMNTEAFF	GWGM_3_3	immgliph	huang
CSVRQGWGMNTEAVF	GWGM_3_3	immgliph	huang
CSVVAGWGMNTEAFF	GWGM_3_3	immgliph	huang
CSVVPGWGMPNTEAFF	GWGM_3_3	immgliph	huang
CSVVSGWGMNTEAFF	GWGM_3_3	immgliph	huang
CASSHGERDNEQFF	HGER_2_2	immgliph	huang
CASSHGERDNEQCF	HGER_2_2	immgliph	huang
CASSHGERENEKFF	HGER_2_2	immgliph	huang
CATSRGHMISYKEEFF	HMI_4_4	immgliph	huang
CATSRGHMISYNEQFF	HMI_4_4	immgliph	huang
CATSRGHMISYNGQFF	HMI_4_4	immgliph	huang
CATSRGHMISYKEEFF	HMIS_4_4	immgliph	huang
CATSRGHMISYNEQFF	HMIS_4_4	immgliph	huang
CATSRGHMISYNGQFF	HMIS_4_4	immgliph	huang
CARSLHQSGRLHF	HQSG_2_3	immgliph	huang
CSAGHQSGRSGSYNEQFF	HQSG_2_3	immgliph	huang
CSARHQSGRSGNEQFF	HQSG_2_3	immgliph	huang
CASSELANHREKLFF	HREK_6_6	immgliph	huang
CAISEIGEHREKLFF	HREK_6_6	immgliph	huang
CASREVGNHREKLFF	HREK_6_6	immgliph	huang
CASRGFGTHREKLVF	HREK_6_6	immgliph	huang
CASSELADHREKLFF	HREK_6_6	immgliph	huang
CASCLGRAGIDGELFF	IDGE_7_7	immgliph	huang
CASSLGLAGIDGELFF	IDGE_7_7	immgliph	huang
CSSSYGIAGIDGEQFF	IDGE_7_7	immgliph	huang
CASSLGFIEPGVADTQYF	IEPG_2_5	immgliph	huang
CASSSLIEPGLAFNEQFF	IEPG_2_5	immgliph	huang
CASSSLIEPGLAGNTDTQYF	IEPG_2_5	immgliph	huang
CASSSLIEPGLAVNTDTQYF	IEPG_2_5	immgliph	huang
CASSIEPGQGYQPQHF	IEPG_2_5	immgliph	huang
CSSIKDGYNTEAFF	IKDG_1_1	immgliph	huang
CASIKDGYNTEAFF	IKDG_1_1	immgliph	huang
CASIKDGYNTEACF	IKDG_1_1	immgliph	huang
CASTMGQAIPAAGNDQFF	IPAA_1_6	immgliph	huang
CASTMGQAIPAAGNEQFF	IPAA_1_6	immgliph	huang
CASTRGQAIPAAGNEQFF	IPAA_1_6	immgliph	huang
CSAIPAAYEQYF	IPAA_1_6	immgliph	huang
CSAIPAAYGTGKNIQYF	IPAA_1_6	immgliph	huang
CASSPIRRQGVYEQYF	IRRQ_3_6	immgliph	huang
CASSIKGGIRRQPQHF	IRRQ_3_6	immgliph	huang
CASSMKEGIRRQPQNF	IRRQ_3_6	immgliph	huang
CCNYIKGGIRRQPQHF	IRRQ_3_6	immgliph	huang
CAWRITDGQPQQF	ITDG_1_2	immgliph	huang
CRAITDGKETPQHF	ITDG_1_2	immgliph	huang
CAWRITDGQPQHF	ITDG_1_2	immgliph	huang
CAWSGQGKASYGYTF	KASY_5_5	immgliph	huang
CAWSVQGKASYGYTF	KASY_5_5	immgliph	huang
CACSVQGKASYGYSF	KASY_5_5	immgliph	huang
CANSRDKGFNQPQHF	KGFN_4_4	immgliph	huang
CATSGEKGFNQTQYF	KGFN_4_4	immgliph	huang
CATSRDKGFNQPQHF	KGFN_4_4	immgliph	huang
CSAIGRQGGQKGWGYTF	KGWG_2_8	immgliph	huang
CSARKGWGTGELFF	KGWG_2_8	immgliph	huang
CASSGKGWGEAFF	KGWG_2_8	immgliph	huang
CASRKMGTLPGSNQTQHF	KMGT_2_2	immgliph	huang
CASSKMGTLPGSNQPQHF	KMGT_2_2	immgliph	huang
CASSKMGTLPGSKQPQHF	KMGT_2_2	immgliph	huang
CAWARKSPYEQYF	KSPY_3_6	immgliph	huang
CASIYDRGKSPYEQYF	KSPY_3_6	immgliph	huang
CASIYDRVKSPYEQYF	KSPY_3_6	immgliph	huang
CRAKSSHGGDTQYF	KSSH_1_1	immgliph	huang
CSAKSSHGGDTQYF	KSSH_1_1	immgliph	huang
CSAKSSHGGDTQDF	KSSH_1_1	immgliph	huang
CAISDKSSSLSVYNDLFF	KSSS_1_3	immgliph	huang
CASSDKSSSLSVYNEQFF	KSSS_1_3	immgliph	huang
CASSEKSSSLSVYNEQFF	KSSS_1_3	immgliph	huang
CASKSSSGNTEAFF	KSSS_1_3	immgliph	huang
CAHKTDSYEQYF	KTDS_1_1	immgliph	huang
CAHKTDSDEQDF	KTDS_1_1	immgliph	huang
CAWKTDSDEQYF	KTDS_1_1	immgliph	huang
CAWKTDSYEQYF	KTDS_1_1	immgliph	huang
CSVENRGKVTEAFF	KVTE_5_5	immgliph	huang
CSVESRGKVTEAFF	KVTE_5_5	immgliph	huang
CSVENRGKVTEALF	KVTE_5_5	immgliph	huang
CASGLAWPFKSGANVLTF	LAWP_2_2	immgliph	huang
CASSLAWPFKSGANVLTF	LAWP_2_2	immgliph	huang
CACSLAWPFKSVANVLTF	LAWP_2_2	immgliph	huang
CASSLAYKGTVAYEQYF	LAYK_2_2	immgliph	huang
CASSLAYKGTVSYEQYF	LAYK_2_2	immgliph	huang
CASRLAYKGTVSYEQYF	LAYK_2_2	immgliph	huang
CSASGLDNPSAGGLFF	LDNP_3_3	immgliph	huang
CSASGLDNPATGELFF	LDNP_3_3	immgliph	huang
CSASGLDNPSTGELFF	LDNP_3_3	immgliph	huang
CASSLELNTGELFF	LELN_1_8	immgliph	huang
CDSSLEFGEKLELNTEAFF	LELN_1_8	immgliph	huang
CSVLELNPEAFF	LELN_1_8	immgliph	huang
CASSLVLELNTDTQYF	LELN_1_8	immgliph	huang
CASSLGVWETQYF	LGVW_2_2	immgliph	huang
CASSLGVWELAFF	LGVW_2_2	immgliph	huang
CASGLGVWELAFF	LGVW_2_2	immgliph	huang
CASSLGVWGETQYF	LGVW_2_2	immgliph	huang
CSVQLGVWGYTF	LGVW_2_2	immgliph	huang
CASSSLIEPGLAFNEQFF	LIEP_3_3	immgliph	huang
CASSSLIEPGLAGNTDTQYF	LIEP_3_3	immgliph	huang
CASSSLIEPGLAVNTDTQYF	LIEP_3_3	immgliph	huang
CAWSGGQLLPEETQYF	LLPE_2_6	immgliph	huang
CAWSGGQLLPEQYF	LLPE_2_6	immgliph	huang
CAGSGTGALLPETQYF	LLPE_2_6	immgliph	huang
CASSLLPEGERNGYAF	LLPE_2_6	immgliph	huang
CASSLEDMLLPEQYF	LLPE_2_6	immgliph	huang
CASSFPLMRQGYGNQPKHF	LMRQ_4_4	immgliph	huang
CASSFPLMRQGYGNQPQHF	LMRQ_4_4	immgliph	huang
CASSFPLMRQRYGNQPQHF	LMRQ_4_4	immgliph	huang
CASSHRLQVTDTQYF	LQVT_4_8	immgliph	huang
CASSQPRTSGLQVTLTDTQYF	LQVT_4_8	immgliph	huang
CASSKGLQVTGELFF	LQVT_4_8	immgliph	huang
CSAISGLSLVEAFF	LSLV_4_4	immgliph	huang
CSAISVLSLVEACF	LSLV_4_4	immgliph	huang
CSDISGLSLVEAFF	LSLV_4_4	immgliph	huang
CASSTTLSLVYEQYF	LSLV_4_4	immgliph	huang
CASSLSNLYNEQFF	LSNL_1_2	immgliph	huang
CSALSNLGADTQYF	LSNL_1_2	immgliph	huang
CSALSNLGTDTQYF	LSNL_1_2	immgliph	huang
CAISDKSSSLSVYNDLFF	LSVY_7_7	immgliph	huang
CASSDKSSALSVYNEQFF	LSVY_7_7	immgliph	huang
CASSDKSSSLSVYNEQFF	LSVY_7_7	immgliph	huang
CASSEKSSSLSVYNEQFF	LSVY_7_7	immgliph	huang
CNNSDNTSTLSVYNEQFF	LSVY_7_7	immgliph	huang
CASGLYGDTKQTQHF	LYGD_2_2	immgliph	huang
CASSLYGDTGNQPQHF	LYGD_2_2	immgliph	huang
CASSLYGDTNQPQHF	LYGD_2_2	immgliph	huang
CASSLYGDTNQPQNF	LYGD_2_2	immgliph	huang
CASSLYGDTNQTQHF	LYGD_2_2	immgliph	huang
CSARAEGLYNYGYSF	LYNY_3_5	immgliph	huang
CSARAERLYNYGYTF	LYNY_3_5	immgliph	huang
CSAPGLYNYGYTF	LYNY_3_5	immgliph	huang
CASSGVLGPRDSLYVGYTF	LYVG_10_10	immgliph	huang
CASSVVLWPRDSLYVGSTF	LYVG_10_10	immgliph	huang
CDSRGVLGPSDSLYVGYTF	LYVG_10_10	immgliph	huang
CASSYSMAGTLHEQYF	MAGT_1_4	immgliph	huang
CSAMAGTDNQPQHF	MAGT_1_4	immgliph	huang
CSVMAGTANQPQHF	MAGT_1_4	immgliph	huang
CSAMAGTDNQPQYF	MAGT_1_4	immgliph	huang
CSAMAGTDNQSQHF	MAGT_1_4	immgliph	huang
CSAMAGTPTGELFF	MAGT_1_4	immgliph	huang
CASRFPGGRMANEKLF	MANE_6_7	immgliph	huang
CASSFPGGPMANEQFF	MANE_6_7	immgliph	huang
CASSKDRGMANEQFF	MANE_6_7	immgliph	huang
CSAREMARHEQYF	MARH_3_3	immgliph	huang
CSARDMARHEQYF	MARH_3_3	immgliph	huang
CSARDMARHEKYF	MARH_3_3	immgliph	huang
CASSLAVAMENIQYF	MENI_6_6	immgliph	huang
CASGLAVAMENIQYF	MENI_6_6	immgliph	huang
CASSCAVAMENIQYF	MENI_6_6	immgliph	huang
CASSFAVAMENIQYF	MENI_6_6	immgliph	huang
CASRKMGTLPGSNQTQHF	MGTL_3_3	immgliph	huang
CASSKMGTLPGSNQPQHF	MGTL_3_3	immgliph	huang
CASSKMGTLPGSKQPQHF	MGTL_3_3	immgliph	huang
CATSRGHMISYKEEFF	MISY_5_5	immgliph	huang
CATSRGHMISYNEQFF	MISY_5_5	immgliph	huang
CATSRGHMISYNGQFF	MISY_5_5	immgliph	huang
CSASMRQGTNEQFF	MRQG_1_5	immgliph	huang
CASSFPLMRQGYGNQPKHF	MRQG_1_5	immgliph	huang
CASSFPLMRQGYGNQPQHF	MRQG_1_5	immgliph	huang
CASMRQGNQPQHF	MRQG_1_5	immgliph	huang
CSAGMRQGEETQYF	MRQG_1_5	immgliph	huang
CSARGMRQGAAGELFF	MRQG_1_5	immgliph	huang
CASSTMRQGYTEAFF	MRQG_1_5	immgliph	huang
CRVDYMRRRNANTEAFF	MRRR_3_3	immgliph	huang
CSVDYMRRRTANTEAFF	MRRR_3_3	immgliph	huang
CSVEYMRRRTANTEAFF	MRRR_3_3	immgliph	huang
CASSPMTSLSSYEQYF	MTSL_3_4	immgliph	huang
CASSVAMTSLGTDTQYF	MTSL_3_4	immgliph	huang
CACLPMTSLSSYEQYF	MTSL_3_4	immgliph	huang
CAWSGNRGKETQYF	NRGK_1_3	immgliph	huang
CASSTNRGKLSEQFF	NRGK_1_3	immgliph	huang
CRANRGKGKIGEQFF	NRGK_1_3	immgliph	huang
CSVENRGKVTEAFF	NRGK_1_3	immgliph	huang
CSVENRGKVTEALF	NRGK_1_3	immgliph	huang
CASSTNRGKRMEQFF	NRGK_1_3	immgliph	huang
CASNSGPTANYGYTF	NSGP_1_3	immgliph	huang
CASNSGPTANYGDTF	NSGP_1_3	immgliph	huang
CSANSGPGYGYTF	NSGP_1_3	immgliph	huang
CSARDNSGPTGTEAFF	NSGP_1_3	immgliph	huang
CSGRDNSGPTGTEAFF	NSGP_1_3	immgliph	huang
CASSQNSGPSRVGEQFF	NSGP_1_3	immgliph	huang
CSARDPIRGLAGGNYYNEQFF	NYYN_11_12	immgliph	huang
CSAGGTPGRGLAGDNYYNEQFF	NYYN_11_12	immgliph	huang
CSARDPIRGLAGGNYYNQQFF	NYYN_11_12	immgliph	huang
CSASDPIRGLAGGNYYNEHFF	NYYN_11_12	immgliph	huang
CATSRGPAPETQYF	PAPE_4_4	immgliph	huang
CASSDPPAPETQYF	PAPE_4_4	immgliph	huang
CASSHPPAPETQYF	PAPE_4_4	immgliph	huang
CATSDPAVPVYGYTF	PAVP_3_3	immgliph	huang
CATSGPAVPVYGYTF	PAVP_3_3	immgliph	huang
CATSYPAVPVYGYTF	PAVP_3_3	immgliph	huang
CSVAVPEIGSVYEQYF	PEIG_2_3	immgliph	huang
CASRPEIGELFF	PEIG_2_3	immgliph	huang
CASRPEIGGRFF	PEIG_2_3	immgliph	huang
CASGLAWPFKSGANVLTF	PFKS_5_5	immgliph	huang
CASSLAWPFKSGANVLTF	PFKS_5_5	immgliph	huang
CACSLAWPFKSVANVLTF	PFKS_5_5	immgliph	huang
CASSPFSANYGYTF	PFSA_2_2	immgliph	huang
CASSPFSANYVYTF	PFSA_2_2	immgliph	huang
CASSPFSANTGELFF	PFSA_2_2	immgliph	huang
CASSFAWDSPHSPLHF	PHSP_2_7	immgliph	huang
CSAGPHSPGASHGINSPLHF	PHSP_2_7	immgliph	huang
CASSLAGDSPHSPLHF	PHSP_2_7	immgliph	huang
CASSLAWDSPHSPLHF	PHSP_2_7	immgliph	huang
CASSFPLMRQGYGNQPKHF	PLMR_3_3	immgliph	huang
CASSFPLMRQGYGNQPQHF	PLMR_3_3	immgliph	huang
CASSFPLMRQRYGNQPQHF	PLMR_3_3	immgliph	huang
CASRPLVDRNTDTQYF	PLVD_2_2	immgliph	huang
CGSRPLVDRNTGRQYF	PLVD_2_2	immgliph	huang
CASSPLVDTQYF	PLVD_2_2	immgliph	huang
CSARNPQENSFFADTQYF	PQEN_3_6	immgliph	huang
CSARNPQENSVFADTQYF	PQEN_3_6	immgliph	huang
CASSPGVGPQENQYF	PQEN_3_6	immgliph	huang
CASSPRWASRETQYF	PRWA_2_4	immgliph	huang
CASSPRWASTDTQYF	PRWA_2_4	immgliph	huang
CSAGIGPRWAGNTEAFF	PRWA_2_4	immgliph	huang
CSSRCPCRVPSWATLHF	PSWA_4_7	immgliph	huang
CSARDHPSWAGTTEKLFF	PSWA_4_7	immgliph	huang
CSARDHPSWAGTAEKLFF	PSWA_4_7	immgliph	huang
CASSPTPWTVMSYREQFF	PWTV_2_4	immgliph	huang
CASSPWTVNTEAFF	PWTV_2_4	immgliph	huang
CASSQPWTVNNEQFF	PWTV_2_4	immgliph	huang
CASSDAPYSAEYNEQFF	PYSA_4_4	immgliph	huang
CASSDSPYSAEYNEQFF	PYSA_4_4	immgliph	huang
CASIASPYSAEYNEQFF	PYSA_4_4	immgliph	huang
CSARPYWLRSGAVASTDTQYF	PYWL_2_2	immgliph	huang
CSARPYWLRSGAVPSTDKQYF	PYWL_2_2	immgliph	huang
CSARPYWLRSGAVPSTDTQYF	PYWL_2_2	immgliph	huang
CASTMGQAIPAAGNDQFF	QAIP_4_4	immgliph	huang
CASTMGQAIPAAGNEQFF	QAIP_4_4	immgliph	huang
CASTRGQAIPAAGNEQFF	QAIP_4_4	immgliph	huang
CASSQFLGVEQYF	QFLG_2_2	immgliph	huang
CASSQFLGDTQYF	QFLG_2_2	immgliph	huang
CASSQFLGGEQFF	QFLG_2_2	immgliph	huang
CASSQFQGQGDEKYF	QFQG_2_2	immgliph	huang
CASSQFQGQGDEQYF	QFQG_2_2	immgliph	huang
CTRSQFQGQGDEQYF	QFQG_2_2	immgliph	huang
CASSQFQGQGDEQDF	QFQG_2_2	immgliph	huang
CASSQFQGGTEAFF	QFQG_2_2	immgliph	huang
CSARDQLGYEQYF	QLGY_3_3	immgliph	huang
CSARGQLGYNEQFF	QLGY_3_3	immgliph	huang
CATTPQLGYNEQFF	QLGY_3_3	immgliph	huang
CASSQLLPGLGNEQFF	QLLP_2_4	immgliph	huang
CAWSGGQLLPEETQYF	QLLP_2_4	immgliph	huang
CAWSGGQLLPEQYF	QLLP_2_4	immgliph	huang
CASRQSRQGYNEQFF	QSRQ_2_2	immgliph	huang
CARRQSRQGYNEQYF	QSRQ_2_2	immgliph	huang
CASSQSRQSYTEAFF	QSRQ_2_2	immgliph	huang
CASRQSRQCYNEQFF	QSRQ_2_2	immgliph	huang
CSAPGQSWYGYTF	QSWY_3_3	immgliph	huang
CRAPVQSWYGYTF	QSWY_3_3	immgliph	huang
CSARGQSWYGYTGELFF	QSWY_3_3	immgliph	huang
CSAPVQSWYGYTF	QSWY_3_3	immgliph	huang
CASSQVAWGGNTEAFF	QVAW_2_2	immgliph	huang
CASSQVAWSGKTEAFF	QVAW_2_2	immgliph	huang
CASSQVAWSGNTEAFF	QVAW_2_2	immgliph	huang
CASSQVFLARRAGELFF	QVFL_2_2	immgliph	huang
CASSQVFLARRAGGLFF	QVFL_2_2	immgliph	huang
CASSQVFLARRAGYLFF	QVFL_2_2	immgliph	huang
CSVVPGQWDTEAFF	QWDT_4_4	immgliph	huang
CSVVVCQWDTEAFF	QWDT_4_4	immgliph	huang
CSVVVGQWDTEAFF	QWDT_4_4	immgliph	huang
CASSLVRGQYFPYEQYF	QYFP_6_6	immgliph	huang
CASSVVRGQYFPYEQYF	QYFP_6_6	immgliph	huang
CASSLGRGQYFPYEQYF	QYFP_6_6	immgliph	huang
CASSADRAKETQYF	RAKE_3_4	immgliph	huang
CASSADRAKETKYF	RAKE_3_4	immgliph	huang
CSVRGRAKEKLFF	RAKE_3_4	immgliph	huang
CRATRGRAKEQFF	RAKE_3_4	immgliph	huang
CRATSGRAKEQFF	RAKE_3_4	immgliph	huang
CSARETPGTGDTGELCF	RETP_1_3	immgliph	huang
CSAWDRETPNYGYTF	RETP_1_3	immgliph	huang
CSARETPGTGDTGELFF	RETP_1_3	immgliph	huang
CSARETPGTGDTGGLFF	RETP_1_3	immgliph	huang
CRCRETPGTGETGELFF	RETP_1_3	immgliph	huang
CASTRYRGCEKYF	RGCE_4_4	immgliph	huang
CASTRYRGCEQYF	RGCE_4_4	immgliph	huang
CGSTRYRGCEQYF	RGCE_4_4	immgliph	huang
CATSRGHMISYKEEFF	RGHM_2_2	immgliph	huang
CATSRGHMISYNEQFF	RGHM_2_2	immgliph	huang
CATSRGHMISYNGQFF	RGHM_2_2	immgliph	huang
CASSYSAGGRIQANYGYTF	RIQA_2_7	immgliph	huang
CATSRIQASNSPLHF	RIQA_2_7	immgliph	huang
CATSRIQASNSPLLF	RIQA_2_7	immgliph	huang
CSAGTSGRLIAKNIQYF	RLIA_1_5	immgliph	huang
CASRLIAGANNEQFF	RLIA_1_5	immgliph	huang
CASSRLIAGYNEQFF	RLIA_1_5	immgliph	huang
CARSLRLPVGEGDNSYEQYF	RLPV_3_3	immgliph	huang
CASGLRLPVGEGDNSYEQYF	RLPV_3_3	immgliph	huang
CASSLRLPVGEGDNIYEQYF	RLPV_3_3	immgliph	huang
CASRRPHGQGTQYF	RPHG_2_2	immgliph	huang
CASHRPHGQETQYF	RPHG_2_2	immgliph	huang
CASRRPHGQETQYF	RPHG_2_2	immgliph	huang
CASRPLVAGDTQYF	RPLV_1_1	immgliph	huang
CASRPLVDRNTDTQYF	RPLV_1_1	immgliph	huang
CGSRPLVDRNTGRQYF	RPLV_1_1	immgliph	huang
CASRPPLLATLYNEQFF	RPPL_1_1	immgliph	huang
CSARPPLGEKLCF	RPPL_1_1	immgliph	huang
CSARPPLGEKLFF	RPPL_1_1	immgliph	huang
CSARPPLGERLFF	RPPL_1_1	immgliph	huang
CSARPPLDRDYEQYF	RPPL_1_1	immgliph	huang
CSARPPLVAGGPGWETQYF	RPPL_1_1	immgliph	huang
CSARPYWLRSGAVASTDTQYF	RPYW_1_1	immgliph	huang
CSARPYWLRSGAVPSTDKQYF	RPYW_1_1	immgliph	huang
CSARPYWLRSGAVPSTDTQYF	RPYW_1_1	immgliph	huang
CACCPRQFNQPQYF	RQFN_3_3	immgliph	huang
CASSPRQFNQPQHF	RQFN_3_3	immgliph	huang
CAGSSRQFNQPQHF	RQFN_3_3	immgliph	huang
CASSHVRSLISGNTIYF	RSLI_1_4	immgliph	huang
CRARSLIRKGQDFSYEQYF	RSLI_1_4	immgliph	huang
CSARSLITKGQDFSYEQYF	RSLI_1_4	immgliph	huang
CASRSNKMKNTEAFF	RSNK_1_1	immgliph	huang
CASRSNKIMNTEAFF	RSNK_1_1	immgliph	huang
CASRSNKSMNTEAFF	RSNK_1_1	immgliph	huang
CASSLERTHGYPF	RTHG_4_8	immgliph	huang
CASSLERTHGYTF	RTHG_4_8	immgliph	huang
CSAGVKTGQRTHGELFF	RTHG_4_8	immgliph	huang
CSVVPRVTSGRTHGDTQYF	RTHG_4_8	immgliph	huang
CGARGRVEYEEDF	RVEY_1_3	immgliph	huang
CSARGRVEYEQYF	RVEY_1_3	immgliph	huang
CSARVEYEQFF	RVEY_1_3	immgliph	huang
CGARVEYAQFF	RVEY_1_3	immgliph	huang
CASSSRWTLRNEKLFF	RWTL_2_3	immgliph	huang
CATSSRWTLRNDKLFF	RWTL_2_3	immgliph	huang
CSAARWTLNTDPQYF	RWTL_2_3	immgliph	huang
CSAARWTLNTDTQYF	RWTL_2_3	immgliph	huang
CASSDAPYSAEYNEQFF	SAEY_6_6	immgliph	huang
CASSDSPYSAEYNEQFF	SAEY_6_6	immgliph	huang
CASIASPYSAEYNEQFF	SAEY_6_6	immgliph	huang
CASSSAMTRGDTGELFF	SAMT_1_2	immgliph	huang
CATSAMTGNHNEHFF	SAMT_1_2	immgliph	huang
CATSAMTGNHNEQFF	SAMT_1_2	immgliph	huang
CAGSCGAGGGAQYF	SCGA_1_1	immgliph	huang
CASSCGAGGGEKYF	SCGA_1_1	immgliph	huang
CATSCGADTQYF	SCGA_1_1	immgliph	huang
CASRKPRSSDKSPLHF	SDKS_1_6	immgliph	huang
CAISDKSSSLSVYNDLFF	SDKS_1_6	immgliph	huang
CASSDKSSALSVYNEQFF	SDKS_1_6	immgliph	huang
CASSDKSSSLSVYNEQFF	SDKS_1_6	immgliph	huang
CASSMPRTGGGQPQHF	SMPR_1_1	immgliph	huang
CASSMPRTWGGQPQHF	SMPR_1_1	immgliph	huang
CASSMPRRGGGQPQHF	SMPR_1_1	immgliph	huang
CASSSMRSNTGELFF	SMRS_2_2	immgliph	huang
CACSSMRSNTGELFF	SMRS_2_2	immgliph	huang
CASSSMRSSTGELFF	SMRS_2_2	immgliph	huang
CSSIISNRSNQHQHF	SNQH_5_7	immgliph	huang
CASSLGVVGSNQHQHF	SNQH_5_7	immgliph	huang
CASSYYGSNQHQHF	SNQH_5_7	immgliph	huang
CSASNQRGGRELFF	SNQR_1_6	immgliph	huang
CSASNQRGGREVFF	SNQR_1_6	immgliph	huang
CSARPGTHSNQRQHF	SNQR_1_6	immgliph	huang
CASSQFQGQGDEKYF	SQFQ_1_1	immgliph	huang
CASSQFQGQGDEQYF	SQFQ_1_1	immgliph	huang
CTRSQFQGQGDEQYF	SQFQ_1_1	immgliph	huang
CASSQFQGQGDEQDF	SQFQ_1_1	immgliph	huang
CASSQFQGGTEAFF	SQFQ_1_1	immgliph	huang
CASSSMRANTGGLFF	SSMR_1_1	immgliph	huang
CASSSMRSNTGELFF	SSMR_1_1	immgliph	huang
CACSSMRSNTGELFF	SSMR_1_1	immgliph	huang
CASSSMRSSTGELFF	SSMR_1_1	immgliph	huang
CAWSVHDGNQPQHF	SVHD_1_1	immgliph	huang
CAGSVHDGEETQYF	SVHD_1_1	immgliph	huang
CAWSVHDSEETQYF	SVHD_1_1	immgliph	huang
CGGSWEAGELFF	SWEA_1_1	immgliph	huang
CASSWEAGELFF	SWEA_1_1	immgliph	huang
CASSWEASGANVLTF	SWEA_1_1	immgliph	huang
CAGSSWPRAEQYF	SWPR_1_2	immgliph	huang
CASSWPRGCVADTQYF	SWPR_1_2	immgliph	huang
CASSWPRGRVADTQYF	SWPR_1_2	immgliph	huang
CASSLGTAGMNEKLFF	TAGM_4_5	immgliph	huang
CASSVSLTAGMNAEAFF	TAGM_4_5	immgliph	huang
CASSVSLTAGMNTEAFF	TAGM_4_5	immgliph	huang
CSASPGTHSNLPQHF	THSN_4_4	immgliph	huang
CRASPGTHSNQPQHF	THSN_4_4	immgliph	huang
CSARPGTHSNQPQHF	THSN_4_4	immgliph	huang
CSASPGTHSNQPQHF	THSN_4_4	immgliph	huang
CNASPGTHSNQPQHF	THSN_4_4	immgliph	huang
CSAGPGTHSNQPQHF	THSN_4_4	immgliph	huang
CSARPGTHSNQRQHF	THSN_4_4	immgliph	huang
CSATIEQGIFGEQFF	TIEQ_1_1	immgliph	huang
CSATIEQGIIGEQFF	TIEQ_1_1	immgliph	huang
CSATIEQGIIGEKCF	TIEQ_1_1	immgliph	huang
CASTPVRVPYYEQYF	TPVR_1_3	immgliph	huang
CGSTPVRDPSSEQYF	TPVR_1_3	immgliph	huang
CGAGSTPVRPTSGARTDTQYF	TPVR_1_3	immgliph	huang
CASTRYRGCEKYF	TRYR_1_1	immgliph	huang
CASTRYRGCEQYF	TRYR_1_1	immgliph	huang
CGSTRYRGCEQYF	TRYR_1_1	immgliph	huang
CASSLSWEGTSTREQFF	TSTR_1_7	immgliph	huang
CASTSTRGGRGVNEQFF	TSTR_1_7	immgliph	huang
CASSLTSTRAYNDEQFF	TSTR_1_7	immgliph	huang
CSVVRRVTRGTTNQETQYF	TTNQ_8_8	immgliph	huang
CSVVRRVTSGTTNQETQYF	TTNQ_8_8	immgliph	huang
CSVVLRVTSGTTNQETQYF	TTNQ_8_8	immgliph	huang
CSVVRRLTSGTTNQDTQYF	TTNQ_8_8	immgliph	huang
CSVVRRVTSWTTNQETQYF	TTNQ_8_8	immgliph	huang
CASSPAETVHEQYF	TVHE_3_5	immgliph	huang
CRARGTVHEQYF	TVHE_3_5	immgliph	huang
CSARGTVHEQYF	TVHE_3_5	immgliph	huang
CASSLAVAMENIQYF	VAME_4_4	immgliph	huang
CASGLAVAMENIQYF	VAME_4_4	immgliph	huang
CASSLAVAMENSQYF	VAME_4_4	immgliph	huang
CASSCAVAMENIQYF	VAME_4_4	immgliph	huang
CASSFAVAMENIQYF	VAME_4_4	immgliph	huang
CASSCGVAMEDNQYF	VAME_4_4	immgliph	huang
CASSLVATTRGTEAFF	VATT_3_3	immgliph	huang
CAGSLVATTRGTEAFF	VATT_3_3	immgliph	huang
CSSSLVATTRGTEAFF	VATT_3_3	immgliph	huang
CASCLVATTRGTEAFF	VATT_3_3	immgliph	huang
CASSIVATTETQYF	VATT_3_3	immgliph	huang
CASSQVAWSGKTEAFF	VAWS_3_3	immgliph	huang
CASSQVAWSGNTEAFF	VAWS_3_3	immgliph	huang
CDISRVAWSQKADPFF	VAWS_3_3	immgliph	huang
CASSQVFLARRAGELFF	VFLA_3_3	immgliph	huang
CASSQVFLARRAGGLFF	VFLA_3_3	immgliph	huang
CASSQVFLARRAGYLFF	VFLA_3_3	immgliph	huang
CASSTRQGVFVGYTF	VFVG_2_6	immgliph	huang
CGSSTRQGVFVGYTF	VFVG_2_6	immgliph	huang
CSVLVFVGGPGNEQFF	VFVG_2_6	immgliph	huang
CASSKVRKVIPRGYTF	VIPR_2_6	immgliph	huang
CASSVIPRTDTQYF	VIPR_2_6	immgliph	huang
CSSSKVRKVIPRGYTF	VIPR_2_6	immgliph	huang
CASSQGVKSPLHF	VKSP_4_8	immgliph	huang
CASSSLTSQGVKSPLHF	VKSP_4_8	immgliph	huang
CASIYDRVKSPYEQYF	VKSP_4_8	immgliph	huang
CATSDPAVPVYGYTF	VPVY_5_5	immgliph	huang
CATSGPAVPVYGYTF	VPVY_5_5	immgliph	huang
CATSYPAVPVYGYTF	VPVY_5_5	immgliph	huang
CATSRDVRAWTDTQYF	VRAW_4_4	immgliph	huang
CATSRDVRAWTEAFF	VRAW_4_4	immgliph	huang
CATSRDVRAWTEAQFF	VRAW_4_4	immgliph	huang
CSVVRDFGQGGDYGYTF	VRDF_1_2	immgliph	huang
CASSVRDFLYNEQFF	VRDF_1_2	immgliph	huang
CSVVRDFGEGGPYEQYF	VRDF_1_2	immgliph	huang
CSVVRRVTRGTTNQETQYF	VRRV_1_1	immgliph	huang
CSVVRRVTSGTTNQETQYF	VRRV_1_1	immgliph	huang
CSGVRRVTRGSTNQGTQYF	VRRV_1_1	immgliph	huang
CSVVRRVPSATSNQETQYF	VRRV_1_1	immgliph	huang
CSVVRRVTSGATNQETQYF	VRRV_1_1	immgliph	huang
CSVVRRVTSWTTNQETQYF	VRRV_1_1	immgliph	huang
CASTHVRVPYYEQYF	VRVP_3_3	immgliph	huang
CASNPVRVPYDEQYF	VRVP_3_3	immgliph	huang
CASTPVRVPYYEQYF	VRVP_3_3	immgliph	huang
CSATVSDQPQHF	VSDQ_2_5	immgliph	huang
CSTTVSDQPQHF	VSDQ_2_5	immgliph	huang
CASSVAGVSDQPQHF	VSDQ_2_5	immgliph	huang
CASSWDGDTQYF	WDGD_2_2	immgliph	huang
CASSWDGDANYGYTF	WDGD_2_2	immgliph	huang
CASRWDGDTQYF	WDGD_2_2	immgliph	huang
CASRWDGDTKYF	WDGD_2_2	immgliph	huang
CGGSWEAGELFF	WEAG_2_3	immgliph	huang
CASSWEAGELFF	WEAG_2_3	immgliph	huang
CASSRWEAGANVLTF	WEAG_2_3	immgliph	huang
CASRWEAGELFF	WEAG_2_3	immgliph	huang
CRVGSGWGMDTEAFF	WGMD_4_4	immgliph	huang
CSASPGWGMDTEAFF	WGMD_4_4	immgliph	huang
CSVGSGWGMDTEAFF	WGMD_4_4	immgliph	huang
CSAGPGWGMNTEAFF	WGMN_4_4	immgliph	huang
CSVTGGWGMNTEAFF	WGMN_4_4	immgliph	huang
CSARGGWGMNTEAFF	WGMN_4_4	immgliph	huang
CSASPGWGMNTEAFF	WGMN_4_4	immgliph	huang
CSGRAGWGMNTEAFF	WGMN_4_4	immgliph	huang
CSVGGGWGMNTEAFF	WGMN_4_4	immgliph	huang
CSVRAGWGMNTEAFF	WGMN_4_4	immgliph	huang
CSVAPGWGMNTEAFF	WGMN_4_4	immgliph	huang
CSVAPGWGMNSEAFF	WGMN_4_4	immgliph	huang
CSVAPGWGMNTAAFF	WGMN_4_4	immgliph	huang
CSVSSGWGMNTEAFF	WGMN_4_4	immgliph	huang
CSVEAGWGMNTEAFF	WGMN_4_4	immgliph	huang
CIVRDGWGMNTEAFF	WGMN_4_4	immgliph	huang
CSVGTGWGMNTEAFF	WGMN_4_4	immgliph	huang
CSVKQGWGMNTEAFF	WGMN_4_4	immgliph	huang
CSVRDGWGMNTEAFF	WGMN_4_4	immgliph	huang
CSVRQGWGMNTEAFF	WGMN_4_4	immgliph	huang
CSVRQGWGMNTEAVF	WGMN_4_4	immgliph	huang
CSVVAGWGMNTEAFF	WGMN_4_4	immgliph	huang
CSVVSGWGMNTEAFF	WGMN_4_4	immgliph	huang
CSARPYWLRSGAVASTDTQYF	WLRS_4_4	immgliph	huang
CSARPYWLRSGAVPSTDKQYF	WLRS_4_4	immgliph	huang
CSARPYWLRSGAVPSTDTQYF	WLRS_4_4	immgliph	huang
CASGLAWPFKSGANVLTF	WPFK_4_4	immgliph	huang
CASSLAWPFKSGANVLTF	WPFK_4_4	immgliph	huang
CACSLAWPFKSVANVLTF	WPFK_4_4	immgliph	huang
CASSLGFWPGDSPRGYTF	WPGD_2_5	immgliph	huang
CASSWPGDTQYF	WPGD_2_5	immgliph	huang
CASSWPGDYTQYF	WPGD_2_5	immgliph	huang
CASSLVRGQYFPYEQYF	YFPY_7_7	immgliph	huang
CASSVVRGQYFPYEQYF	YFPY_7_7	immgliph	huang
CASSLGRGQYFPYEQYF	YFPY_7_7	immgliph	huang
CASSPYKGTNEQFF	YKGT_3_4	immgliph	huang
CASSLAYKGTVAYEQYF	YKGT_3_4	immgliph	huang
CASSLAYKGTVSYEQYF	YKGT_3_4	immgliph	huang
CASRLAYKGTVSYEQYF	YKGT_3_4	immgliph	huang
CRVDYMRRRNANTEAFF	YMRR_2_2	immgliph	huang
CSVDYMRRRTANTEAFF	YMRR_2_2	immgliph	huang
CSVEYMRRRTANTEAFF	YMRR_2_2	immgliph	huang
CASTRYRGCEKYF	YRGC_3_3	immgliph	huang
CASTRYRGCEQYF	YRGC_3_3	immgliph	huang
CGSTRYRGCEQYF	YRGC_3_3	immgliph	huang
CSARPYWLRSGAVASTDTQYF	YWLR_3_3	immgliph	huang
CSARPYWLRSGAVPSTDKQYF	YWLR_3_3	immgliph	huang
CSARPYWLRSGAVPSTDTQYF	YWLR_3_3	immgliph	huang
CASSADRAKETQYF	%ADRAKET_S	immgliph	huang
CASSADRAKETKYF	%ADRAKET_S	immgliph	huang
CAGSADRGRGPPVF	%ADRGRGP_S	immgliph	huang
CAWSADRGRGPPVF	%ADRGRGP_S	immgliph	huang
CSARAGDRDYQQYF	%AGDRDYQ_R	immgliph	huang
CGARAGDRDYQQYF	%AGDRDYQ_R	immgliph	huang
CASTAGLPMEQFF	%AGLPME_T	immgliph	huang
CDSTAGLPMEQFF	%AGLPME_T	immgliph	huang
CSAMAGTDNQPQHF	%AGTDNQP_M	immgliph	huang
CSAMAGTDNQPQYF	%AGTDNQP_M	immgliph	huang
CSAQAGVSYNSPVHF	%AGVSYNSP_Q	immgliph	huang
CSAQAGVSYNSPLHF	%AGVSYNSP_Q	immgliph	huang
CSGRAGWGMNTEAFF	%AGWGMNTE_ER	immgliph	huang
CSVRAGWGMNTEAFF	%AGWGMNTE_ER	immgliph	huang
CSVEAGWGMNTEAFF	%AGWGMNTE_ER	immgliph	huang
CASRALGAYQETQDF	%ALGAYQET_R	immgliph	huang
CASRALGAYQETQYF	%ALGAYQET_R	immgliph	huang
CAISALNRGHSGYTF	%ALNRGHSG_S	immgliph	huang
CAISALNRGHSGYNF	%ALNRGHSG_S	immgliph	huang
CATSAMTGNHNEHFF	%AMTGNHNE_S	immgliph	huang
CATSAMTGNHNEQFF	%AMTGNHNE_S	immgliph	huang
CSALAPGALSTDTQYF	%APGALSTDT_L	immgliph	huang
CRALAPGALSTDTQYF	%APGALSTDT_L	immgliph	huang
CSGLAPGALSTDTQYF	%APGALSTDT_L	immgliph	huang
CSARAPGEQFF	%APGE_R	immgliph	huang
CGARAPGEQCF	%APGE_R	immgliph	huang
CSARAPGGGGYNEQFF	%APGGGGYNE_R	immgliph	huang
CSGRAPGGGGYNEQFF	%APGGGGYNE_R	immgliph	huang
CSASAPGLAGMHEQYF	%APGLAGMHE_S	immgliph	huang
CGASAPGLAGMHEQYF	%APGLAGMHE_S	immgliph	huang
CARSARRKEKLFF	%ARRKEK_S	immgliph	huang
CASSARRKEKLFF	%ARRKEK_S	immgliph	huang
CASSARTGEIHEQYF	%ARTGEIHE_S	immgliph	huang
CAVSARTGEIHEQYF	%ARTGEIHE_S	immgliph	huang
CSSTARTGGSAEAFF	%ARTGGSAE_T	immgliph	huang
CASTARTGGSAEAFF	%ARTGGSAE_T	immgliph	huang
CAISDAGGTTGELFF	%DAGGTTGE_S	immgliph	huang
CGISDAGGTTGELFF	%DAGGTTGE_S	immgliph	huang
CATSDAGQGTTGELFF	%DAGQGTTGE_S	immgliph	huang
CASSDAGQGTTGELFF	%DAGQGTTGE_S	immgliph	huang
CSARDDKNIQYF	%DDKNI_R	immgliph	huang
CSARDDKNIKYF	%DDKNI_R	immgliph	huang
CRARDGGGDSYEQYF	%DGGGDSYE_R	immgliph	huang
CSARDGGGDSYEQYF	%DGGGDSYE_R	immgliph	huang
CRARDGGGVNEQFF	%DGGGVNE_R	immgliph	huang
CSARDGGGVNEQFF	%DGGGVNE_R	immgliph	huang
CSARDGKLKNIQYF	%DGKLKNI_R	immgliph	huang
CRARDGKLKNIQYF	%DGKLKNI_R	immgliph	huang
CSASDGNQPQHF	%DGNQP_S	immgliph	huang
CSVSDGNQPQHF	%DGNQP_S	immgliph	huang
CSARDGQGAGELFF	%DGQGAGE_R	immgliph	huang
CSARDGQGAGELLF	%DGQGAGE_R	immgliph	huang
CSARDGRGGEKLFF	%DGRGGEK_R	immgliph	huang
CRARDGRGGEKLFF	%DGRGGEK_R	immgliph	huang
CASSDGTSADTQDF	%DGTSADT_S	immgliph	huang
CASSDGTSADTQYF	%DGTSADT_S	immgliph	huang
CIVRDGWGMNTEAFF	%DGWGMNTE_R	immgliph	huang
CSVRDGWGMNTEAFF	%DGWGMNTE_R	immgliph	huang
CASSDLGQIEAFF	%DLGQIE_S	immgliph	huang
CDRSDLGQIEAFF	%DLGQIE_S	immgliph	huang
CSVDDLRPNTEAFF	%DLRPNTE_DE	immgliph	huang
CSVEDLRPNTEAFF	%DLRPNTE_DE	immgliph	huang
CSARDMARHEQYF	%DMARHE_R	immgliph	huang
CSARDMARHEKYF	%DMARHE_R	immgliph	huang
CRARDNRYEQYF	%DNRYE_R	immgliph	huang
CSARDNRYEQYF	%DNRYE_R	immgliph	huang
CSARDNSGPTGTEAFF	%DNSGPTGTE_R	immgliph	huang
CSGRDNSGPTGTEAFF	%DNSGPTGTE_R	immgliph	huang
CSASDPARTGELFF	%DPARTGE_S	immgliph	huang
CSASDPARTGEMFF	%DPARTGE_S	immgliph	huang
CSGEDPRGDHNEQFF	%DPRGDHNE_E	immgliph	huang
CSVEDPRGDHNEQFF	%DPRGDHNE_E	immgliph	huang
CRARDPRGDNEQLF	%DPRGDNE_R	immgliph	huang
CSARDPRGDNEQFF	%DPRGDNE_R	immgliph	huang
CSARDPSGNTIYF	%DPSGNT_R	immgliph	huang
CSARDPSGNTRYF	%DPSGNT_R	immgliph	huang
CSARDPSTGLRGELFF	%DPSTGLRGE_R	immgliph	huang
CSARDPSTGLRGELVF	%DPSTGLRGE_R	immgliph	huang
CSARDPTANSPLHF	%DPTANSP_R	immgliph	huang
CSARDPTANSPLLF	%DPTANSP_R	immgliph	huang
CARRDQGPYEQYF	%DQGPYE_R	immgliph	huang
CASRDQGPYEQYF	%DQGPYE_R	immgliph	huang
CSARDRATRELVF	%DRATRE_R	immgliph	huang
CSARDRATRELFF	%DRATRE_R	immgliph	huang
CSLSDRDYGYTF	%DRDYG_AS	immgliph	huang
CSVADRDYGYTF	%DRDYG_AS	immgliph	huang
CSARDRSSYGDTF	%DRSSYG_R	immgliph	huang
CSARDRSSYGYTF	%DRSSYG_R	immgliph	huang
CSAGDRVGGSAYNEQCF	%DRVGGSAYNE_G	immgliph	huang
CSAGDRVGGSAYNEQFF	%DRVGGSAYNE_G	immgliph	huang
CSAGDRVGGSSYNEQFF	%DRVGGSSYNE_G	immgliph	huang
CSAGDRVGGSSYNEQCF	%DRVGGSSYNE_G	immgliph	huang
CSVGDRVGGSSYNEQFF	%DRVGGSSYNE_G	immgliph	huang
CSVSDSGSLTQYF	%DSGSLT_AS	immgliph	huang
CSGADSGSLTQYF	%DSGSLT_AS	immgliph	huang
CSARDTGGNQPQHF	%DTGGNQP_R	immgliph	huang
CSARDTGGNQPLHF	%DTGGNQP_R	immgliph	huang
CASSDTGTGLNEQNF	%DTGTGLNE_S	immgliph	huang
CASSDTGTGLNEQYF	%DTGTGLNE_S	immgliph	huang
CASSDYEQYF	%DYE_GS	immgliph	huang
CARGDYEQYF	%DYE_GS	immgliph	huang
CASGDYEQYF	%DYE_GS	immgliph	huang
CARSEAAATTYEQYF	%EAAATTYE_S	immgliph	huang
CASSEAAATTYEQYF	%EAAATTYE_S	immgliph	huang
CASSEAGDNSPLHF	%EAGDNSP_S	immgliph	huang
CASSEAGDNSPLNF	%EAGDNSP_S	immgliph	huang
CSAREAPGTGDTGELFF	%EAPGTGDTGE_R	immgliph	huang
CSGREAPGTGDTGELFF	%EAPGTGDTGE_R	immgliph	huang
CASSEARAKYF	%EARA_S	immgliph	huang
CASSEARAQYF	%EARA_S	immgliph	huang
CARSEDRGNTEAFF	%EDRGNTE_S	immgliph	huang
CASSEDRGNTEAFF	%EDRGNTE_S	immgliph	huang
CSAREERRGNQPHHF	%EERRGNQP_R	immgliph	huang
CSAREERRGNQPQHF	%EERRGNQP_R	immgliph	huang
CRAREGARAMNTEAFF	%EGARAMNTE_R	immgliph	huang
CSAREGARAMNTEAFF	%EGARAMNTE_R	immgliph	huang
CASSEGDRGHTEAFF	%EGDRGHTE_S	immgliph	huang
CAISEGDRGHTEAFF	%EGDRGHTE_S	immgliph	huang
CRAREGGGANVLTF	%EGGGANV_R	immgliph	huang
CRCREGGGANVLTF	%EGGGANV_R	immgliph	huang
CSAREGGGANVLTF	%EGGGANV_R	immgliph	huang
CVAREGGGANVLTF	%EGGGANV_R	immgliph	huang
CGAREGGGANVLTF	%EGGGANV_R	immgliph	huang
CGGGEGGGANVLTF	%EGGGANV_G	immgliph	huang
CRAGEGGGANVLTF	%EGGGANV_G	immgliph	huang
CSAWEGQDEQFF	%EGQDE_W	immgliph	huang
CRAWEGQDEQFF	%EGQDE_W	immgliph	huang
CAGSEGTVISEQYF	%EGTVISE_S	immgliph	huang
CASSEGTVISEQYF	%EGTVISE_S	immgliph	huang
CASTENTEAFF	%ENTE_T	immgliph	huang
CSGTENTEAFF	%ENTE_T	immgliph	huang
CSAREQGNEQYF	%EQGNE_R	immgliph	huang
CSAREQGNEQFF	%EQGNE_R	immgliph	huang
CATSERTSGGNTDTQYF	%ERTSGGNTDT_S	immgliph	huang
CSTSERTSGGNTDTQYF	%ERTSGGNTDT_S	immgliph	huang
CAISESGSEGTDTKYF	%ESGSEGTDT_S	immgliph	huang
CAISESGSEGTDTQYF	%ESGSEGTDT_S	immgliph	huang
CASSESGSEGTDTQDF	%ESGSEGTDT_S	immgliph	huang
CSATETGELFF	%ETGE_AT	immgliph	huang
CAGAETGEQYF	%ETGE_AT	immgliph	huang
CSARETPGTGDTGELCF	%ETPGTGDTGE_R	immgliph	huang
CSARETPGTGDTGELFF	%ETPGTGDTGE_R	immgliph	huang
CAGSETSGRGNEQFF	%ETSGRGNE_S	immgliph	huang
CASSETSGRGNEQFF	%ETSGRGNE_S	immgliph	huang
CASSETTEAFF	%ETTE_S	immgliph	huang
CTSSETTEAFF	%ETTE_S	immgliph	huang
CASSEVENTEAFF	%EVENTE_S	immgliph	huang
CASSEVENTEDFF	%EVENTE_S	immgliph	huang
CIARFGAAPYEQYF	%FGAAPYE_R	immgliph	huang
CSARFGAAPYEQYF	%FGAAPYE_R	immgliph	huang
CDSSFGAGGGEQYF	%FGAGGGE_GS	immgliph	huang
CARSFGAGGGEQYF	%FGAGGGE_GS	immgliph	huang
CASGFGAGGGEQYF	%FGAGGGE_GS	immgliph	huang
CASSFGAGGGEQYF	%FGAGGGE_GS	immgliph	huang
CASSFGRGEETQYF	%FGRGEET_S	immgliph	huang
CACSFGRGEETQYF	%FGRGEET_S	immgliph	huang
CSAHFKGAGGTGELFF	%FKGAGGTGE_H	immgliph	huang
CSAHFKGAGGTGELLF	%FKGAGGTGE_H	immgliph	huang
CASSFLGTGNNSPLHF	%FLGTGNNSP_S	immgliph	huang
CASSFLGTGNNSPRHF	%FLGTGNNSP_S	immgliph	huang
CASSFPLMRQGYGNQPKHF	%FPLMRQGYGNQP_S	immgliph	huang
CASSFPLMRQGYGNQPQHF	%FPLMRQGYGNQP_S	immgliph	huang
CASIFRLEGADTKYF	%FRLEGADT_I	immgliph	huang
CASIFRLEGADTQYF	%FRLEGADT_I	immgliph	huang
CASSFSGGEQFF	%FSGGE_S	immgliph	huang
CASSFSGGEQYF	%FSGGE_S	immgliph	huang
CASSFVTESNQPQHF	%FVTESNQP_S	immgliph	huang
CAISFVTESNQPQHF	%FVTESNQP_S	immgliph	huang
CASSGAAANEKLFF	%GAAANEK_S	immgliph	huang
CASSGAAANEKMFF	%GAAANEK_S	immgliph	huang
CASSGAAANEKRFF	%GAAANEK_S	immgliph	huang
CASKGAGVDEQYF	%GAGVDE_KR	immgliph	huang
CSARGAGVDEQFF	%GAGVDE_KR	immgliph	huang
CASGGASGNEKLFF	%GASGNEK_G	immgliph	huang
CATGGASGNEKMFF	%GASGNEK_G	immgliph	huang
CASSGDGADTQYF	%GDGADT_S	immgliph	huang
CASSGDGADTRYF	%GDGADT_S	immgliph	huang
CSASGDRGRDEKLFF	%GDRGRDEK_S	immgliph	huang
CSASGDRGRDEKMFF	%GDRGRDEK_S	immgliph	huang
CASAGDTGELCF	%GDTGE_A	immgliph	huang
CASAGDTGELFF	%GDTGE_A	immgliph	huang
CSALGETNYGYTF	%GETNYG_LV	immgliph	huang
CSAVGETNYGYTF	%GETNYG_LV	immgliph	huang
CAIKGGAGTDTQYF	%GGAGTDT_EK	immgliph	huang
CSVEGGAGTDTQYF	%GGAGTDT_EK	immgliph	huang
CSASGGATSDEQCF	%GGATSDE_S	immgliph	huang
CSASGGATSDEQFF	%GGATSDE_S	immgliph	huang
CSAWGGETYNEQFF	%GGETYNE_W	immgliph	huang
CGAWGGETYNEQFF	%GGETYNE_W	immgliph	huang
CSVEGGGGANVLFF	%GGGGANV_ER	immgliph	huang
CSGRGGGGANVLTF	%GGGGANV_ER	immgliph	huang
CAGGGGGRGAGETQYF	%GGGRGAGET_GS	immgliph	huang
CASGGGGRGAGETQYF	%GGGRGAGET_GS	immgliph	huang
CASSGGGRGAGETQYF	%GGGRGAGET_GS	immgliph	huang
CSVAGGGSEAFF	%GGGSE_A	immgliph	huang
CSGAGGGSEAFF	%GGGSE_A	immgliph	huang
CRGGGGKTEAFF	%GGKTE_G	immgliph	huang
CSAGGGKTEAFF	%GGKTE_G	immgliph	huang
CSQQGGLDQPQHF	%GGLDQP_Q	immgliph	huang
CAQQGGLDQPQHF	%GGLDQP_Q	immgliph	huang
CSQQGGLDQPKHF	%GGLDQP_Q	immgliph	huang
CAIRGGPGEAKNIQYF	%GGPGEAKNI_R	immgliph	huang
CALRGGPGEAKNIQYF	%GGPGEAKNI_R	immgliph	huang
CSGGGKNYGYTF	%GKNYG_G	immgliph	huang
CSVGGKNYGYTF	%GKNYG_G	immgliph	huang
CASTGLADSYEQYF	%GLADSYE_T	immgliph	huang
CASTGLADSYERYF	%GLADSYE_T	immgliph	huang
CASSGLAGGTSTDTQYF	%GLAGGTSTDT_S	immgliph	huang
CARSGLAGGTSTDTQCF	%GLAGGTSTDT_S	immgliph	huang
CSSRGLASTYEQYF	%GLASTYE_R	immgliph	huang
CSARGLASTYEQYF	%GLASTYE_R	immgliph	huang
CASRGLKNTGELCF	%GLKNTGE_R	immgliph	huang
CASRGLKNTGELFF	%GLKNTGE_R	immgliph	huang
CARRGPGASYEQYF	%GPGASYE_R	immgliph	huang
CASRGPGASYEQYF	%GPGASYE_R	immgliph	huang
CSAKGPGQGPTRAFF	%GPGQGPTR_K	immgliph	huang
CRAKGPGQGPTRAFF	%GPGQGPTR_K	immgliph	huang
CASSGPLAGGNTGELFF	%GPLAGGNTGE_S	immgliph	huang
CASSGPLAGGNTGEMFF	%GPLAGGNTGE_S	immgliph	huang
CSARGQGAHEKYF	%GQGAHE_R	immgliph	huang
CSARGQGAHEQYF	%GQGAHE_R	immgliph	huang
CASRGQGASYGYTF	%GQGASYG_R	immgliph	huang
CSSRGQGASYGYTF	%GQGASYG_R	immgliph	huang
CASSGQGGAGANVLTF	%GQGGAGANV_GS	immgliph	huang
CASGGQGGAGANVRTF	%GQGGAGANV_GS	immgliph	huang
CASQGQPFEKLFF	%GQPFEK_Q	immgliph	huang
CASQGQPFEKPFF	%GQPFEK_Q	immgliph	huang
CASRGRGTGDEQYF	%GRGTGDE_R	immgliph	huang
CAGRGRGTGDEQYF	%GRGTGDE_R	immgliph	huang
CGARGRVEYEEDF	%GRVEYE_R	immgliph	huang
CSARGRVEYEQYF	%GRVEYE_R	immgliph	huang
CSARGSLNTEAFF	%GSLNTE_R	immgliph	huang
CSARGSLNTEDFF	%GSLNTE_R	immgliph	huang
CSATGTAHGYTF	%GTAHG_T	immgliph	huang
CSGTGTAHGYTF	%GTAHG_T	immgliph	huang
CGEEGTGGANEQYF	%GTGGANE_E	immgliph	huang
CSVEGTGGANEQYF	%GTGGANE_E	immgliph	huang
CAISGTNYEKYF	%GTNYE_GST	immgliph	huang
CAISGTNYEQYF	%GTNYE_GST	immgliph	huang
CSATGTNYEQYF	%GTNYE_GST	immgliph	huang
CASGGTNYEQYF	%GTNYE_GST	immgliph	huang
CSAGGTPGRGTYNEQFF	%GTPGRGTYNE_G	immgliph	huang
CRAGGTPGRGTYNEQFF	%GTPGRGTYNE_G	immgliph	huang
CAIGGTRGETQYF	%GTRGET_GS	immgliph	huang
CAISGTRGETQYF	%GTRGET_GS	immgliph	huang
CASAGTTGANVRTF	%GTTGANV_AS	immgliph	huang
CASSGTTGANVLTF	%GTTGANV_AS	immgliph	huang
CSSEGTVEAFF	%GTVE_E	immgliph	huang
CSAEGTVEAFF	%GTVE_E	immgliph	huang
CRARGTVHEQYF	%GTVHE_R	immgliph	huang
CSARGTVHEQYF	%GTVHE_R	immgliph	huang
CSAEGTVQETQYF	%GTVQET_ER	immgliph	huang
CASRGTVQETQYF	%GTVQET_ER	immgliph	huang
CSASGVGASYERYF	%GVGASYE_S	immgliph	huang
CSASGVGASYEQYF	%GVGASYE_S	immgliph	huang
CASSHGERDNEQFF	%HGERDNE_S	immgliph	huang
CASSHGERDNEQCF	%HGERDNE_S	immgliph	huang
CSAAHHNEQFF	%HHNE_A	immgliph	huang
CRAAHHNEQFF	%HHNE_A	immgliph	huang
CASSHPGQGRGGTEAFF	%HPGQGRGGTE_S	immgliph	huang
CASSHPGQGRGGTESFF	%HPGQGRGGTE_S	immgliph	huang
CSASHQAYYGYTF	%HQAYYG_ST	immgliph	huang
CSATHQAYYGYTF	%HQAYYG_ST	immgliph	huang
CGALHRASNEKLFF	%HRASNEK_L	immgliph	huang
CSALHRASNEKLFF	%HRASNEK_L	immgliph	huang
CSASHRGVGTEAFF	%HRGVGTE_S	immgliph	huang
CSASHRGVGTESFF	%HRGVGTE_S	immgliph	huang
CASRHRGVRDEQCF	%HRGVRDE_R	immgliph	huang
CASRHRGVRDEQFF	%HRGVRDE_R	immgliph	huang
CATHIAGGYTDTQYF	%IAGGYTDT_H	immgliph	huang
CAPHIAGGYTDTQYF	%IAGGYTDT_H	immgliph	huang
CSAPIAGTGGNQPQHF	%IAGTGGNQP_P	immgliph	huang
CSVPIAGTGGNQPQHF	%IAGTGGNQP_P	immgliph	huang
CSARIAGTNTGELFF	%IAGTNTGE_R	immgliph	huang
CSARIAGTNTGEMFF	%IAGTNTGE_R	immgliph	huang
CSATIEQGIIGEQFF	%IEQGIIGE_T	immgliph	huang
CSATIEQGIIGEKCF	%IEQGIIGE_T	immgliph	huang
CSAKIGSPVYF	%IGSP_K	immgliph	huang
CSAKIGSPMYF	%IGSP_K	immgliph	huang
CGARIRGGGGDTDTQYF	%IRGGGGDTDT_R	immgliph	huang
CRARIRGGGGDTDTQYF	%IRGGGGDTDT_R	immgliph	huang
CSARIRGGGGDTDTQYF	%IRGGGGDTDT_R	immgliph	huang
CAWRITDGQPQQF	%ITDGQP_R	immgliph	huang
CAWRITDGQPQHF	%ITDGQP_R	immgliph	huang
CARSITGGTDTQYF	%ITGGTDT_S	immgliph	huang
CASSITGGTDTQYF	%ITGGTDT_S	immgliph	huang
CDSSITGGTDTQYF	%ITGGTDT_S	immgliph	huang
CSISITGGTDTQYF	%ITGGTDT_S	immgliph	huang
CSATITLKNTEAFF	%ITLKNTE_ST	immgliph	huang
CSTSITLKNTEAFF	%ITLKNTE_ST	immgliph	huang
CSSIKDGYNTEAFF	%KDGYNTE_I	immgliph	huang
CASIKDGYNTEAFF	%KDGYNTE_I	immgliph	huang
CASIKDGYNTEACF	%KDGYNTE_I	immgliph	huang
CASTKGALGETQYF	%KGALGET_T	immgliph	huang
CARTKGALGETQYF	%KGALGET_T	immgliph	huang
CRVIKPAGGYEQYF	%KPAGGYE_I	immgliph	huang
CSVIKPAGGYEQYF	%KPAGGYE_I	immgliph	huang
CSAFKQGAGQTLCF	%KQGAGQT_F	immgliph	huang
CSAFKQGAGQTQYF	%KQGAGQT_F	immgliph	huang
CISRKQGALYNEQFF	%KQGALYNE_R	immgliph	huang
CSARKQGALYNEQFF	%KQGALYNE_R	immgliph	huang
CSAKKQGSGNTEAFF	%KQGSGNTE_K	immgliph	huang
CSAKKQGSGNTESFF	%KQGSGNTE_K	immgliph	huang
CASSKRLRQGITEAFF	%KRLRQGITE_S	immgliph	huang
CTSSKRLRQGITEAFF	%KRLRQGITE_S	immgliph	huang
CASSKVRKVIPRGYTF	%KVRKVIPRG_S	immgliph	huang
CSSSKVRKVIPRGYTF	%KVRKVIPRG_S	immgliph	huang
CRAPLAGGPSTDTQYF	%LAGGPSTDT_P	immgliph	huang
CSAPLAGGPSTDTQYF	%LAGGPSTDT_P	immgliph	huang
CARNLAGGTEAFF	%LAGGTE_NS	immgliph	huang
CASSLAGGTEAFF	%LAGGTE_NS	immgliph	huang
CATGLAGNNEQFF	%LAGNNE_GS	immgliph	huang
CASSLAGNNEQFF	%LAGNNE_GS	immgliph	huang
CASSLAGWNTGELFF	%LAGWNTGE_S	immgliph	huang
CASSLAGWNTGEMFF	%LAGWNTGE_S	immgliph	huang
CASSLANRAGLMNTEAFF	%LANRAGLMNTE_S	immgliph	huang
CSSSLANRAGLMNTEAFF	%LANRAGLMNTE_S	immgliph	huang
CACSLASAGNYNEQFF	%LASAGNYNE_S	immgliph	huang
CASSLASAGNYNEQFF	%LASAGNYNE_S	immgliph	huang
CASSLAVAMENIQYF	%LAVAMENI_GS	immgliph	huang
CASGLAVAMENIQYF	%LAVAMENI_GS	immgliph	huang
CASGLAWPFKSGANVLTF	%LAWPFKSGANV_GS	immgliph	huang
CASSLAWPFKSGANVLTF	%LAWPFKSGANV_GS	immgliph	huang
CASSLDGGASKTKYF	%LDGGASKT_S	immgliph	huang
CASSLDGGASKTQYF	%LDGGASKT_S	immgliph	huang
CASSLDGLTDTQDF	%LDGLTDT_S	immgliph	huang
CASSLDGLTDTQYF	%LDGLTDT_S	immgliph	huang
CASGLDGRAQETQYF	%LDGRAQET_GS	immgliph	huang
CASSLDGRAQETQYF	%LDGRAQET_GS	immgliph	huang
CARSLDRGGRDPLHF	%LDRGGRDP_S	immgliph	huang
CASSLDRGGRDPLHF	%LDRGGRDP_S	immgliph	huang
CARSLDRTGSGYTF	%LDRTGSG_S	immgliph	huang
CASSLDRTGSGYTF	%LDRTGSG_S	immgliph	huang
CASSLDSSSYNEQCF	%LDSSSYNE_S	immgliph	huang
CASSLDSSSYNEQFF	%LDSSSYNE_S	immgliph	huang
CRVFLDTLYF	%LDT_F	immgliph	huang
CSVFLDTQYF	%LDT_F	immgliph	huang
CAISLDTGIQSTDTQYF	%LDTGIQSTDT_S	immgliph	huang
CASSLDTGIQSTDTQYF	%LDTGIQSTDT_S	immgliph	huang
CASSLEAGGPLFF	%LEAGGP_S	immgliph	huang
CASSLEAGGPQYF	%LEAGGP_S	immgliph	huang
CASSLEGGGVGGYTF	%LEGGGVGG_S	immgliph	huang
CVRSLEGGGVGGYTF	%LEGGGVGG_S	immgliph	huang
CASSLERGPGTYEQCF	%LERGPGTYE_S	immgliph	huang
CASSLERGPGTYEQYF	%LERGPGTYE_S	immgliph	huang
CAGSLERRGPGETRYF	%LERRGPGET_GS	immgliph	huang
CASSLERRGPGETQYF	%LERRGPGET_GS	immgliph	huang
CASGLERRGPGETQYF	%LERRGPGET_GS	immgliph	huang
CASSLERTHGYPF	%LERTHG_S	immgliph	huang
CASSLERTHGYTF	%LERTHG_S	immgliph	huang
CASSLETGKEYQPQHF	%LETGKEYQP_S	immgliph	huang
CSSSLETGKEYQPQHF	%LETGKEYQP_S	immgliph	huang
CASSLFSGTQYF	%LFSGT_S	immgliph	huang
CASSLFSGTKYF	%LFSGT_S	immgliph	huang
CDGSLFSGTQYF	%LFSGT_S	immgliph	huang
CAASLGASNQPQHF	%LGASNQP_S	immgliph	huang
CASSLGASNQPQHF	%LGASNQP_S	immgliph	huang
CASSLGFRGGTDTQDF	%LGFRGGTDT_S	immgliph	huang
CASSLGFRGGTDTQYF	%LGFRGGTDT_S	immgliph	huang
CASSLGGYNF	%LGG_S	immgliph	huang
CASSLGGYTF	%LGG_S	immgliph	huang
CASSLGGGQYGYTF	%LGGGQYG_S	immgliph	huang
CASSLGGGQYGYPF	%LGGGQYG_S	immgliph	huang
CAIRLGGGTGTKYF	%LGGGTGT_R	immgliph	huang
CAIRLGGGTGTQYF	%LGGGTGT_R	immgliph	huang
CASSLGGPSPLTQYF	%LGGPSPLT_S	immgliph	huang
CGSSLGGPSPLTQYF	%LGGPSPLT_S	immgliph	huang
CASSLGGTKSYNEQFF	%LGGTKSYNE_S	immgliph	huang
CAGSLGGTKSYNEQFF	%LGGTKSYNE_S	immgliph	huang
CASSLGLAGGYADTQYF	%LGLAGGYADT_S	immgliph	huang
CSSSLGLAGGYADTQYF	%LGLAGGYADT_S	immgliph	huang
CASSLGLALSNEQFF	%LGLALSNE_S	immgliph	huang
CASSLGLALSNEQLF	%LGLALSNE_S	immgliph	huang
CASSLGPGWVTQYF	%LGPGWVT_S	immgliph	huang
CVSSLGPGWVTQYF	%LGPGWVT_S	immgliph	huang
CACSLGPPGLSSYNEHFF	%LGPPGLSSYNE_S	immgliph	huang
CASSLGPPGLSSYNEQFF	%LGPPGLSSYNE_S	immgliph	huang
CASSLGRPANSPLHF	%LGRPANSP_S	immgliph	huang
CGSSLGRPANSPLHF	%LGRPANSP_S	immgliph	huang
CSARLGTENSPLHF	%LGTENSP_R	immgliph	huang
CSARLGTENSPRHF	%LGTENSP_R	immgliph	huang
CSFRLGTGPTKLFF	%LGTGPTK_R	immgliph	huang
CSVRLGTGPTKLFF	%LGTGPTK_R	immgliph	huang
CASSLGVGVYGDNF	%LGVGVYG_S	immgliph	huang
CASSLGVGVYGYTF	%LGVGVYG_S	immgliph	huang
CASSLGVWELAFF	%LGVWEL_GS	immgliph	huang
CASGLGVWELAFF	%LGVWEL_GS	immgliph	huang
CAISLIKNTEAFF	%LIKNTE_S	immgliph	huang
CASSLIKNTEAFF	%LIKNTE_S	immgliph	huang
CASSLLRGRVQNYNEEFF	%LLRGRVQNYNE_S	immgliph	huang
CASSLLRGRVQNYNEQFF	%LLRGRVQNYNE_S	immgliph	huang
CARSLLRTGWETQYF	%LLRTGWET_S	immgliph	huang
CASSLLRTGWETQYF	%LLRTGWET_S	immgliph	huang
CSCPLNADTQYF	%LNADT_P	immgliph	huang
CSSPLNADTQYF	%LNADT_P	immgliph	huang
CASSLPGTGKAQYF	%LPGTGKA_S	immgliph	huang
CDSSLPGTGKAQYF	%LPGTGKA_S	immgliph	huang
CSASLPTGELFF	%LPTGE_S	immgliph	huang
CSASLPTGEQFF	%LPTGE_S	immgliph	huang
CASSLQGASTEACF	%LQGASTE_S	immgliph	huang
CASSLQGASTEAFF	%LQGASTE_S	immgliph	huang
CASSLQGGSYNEQFF	%LQGGSYNE_AS	immgliph	huang
CASALQGGSYNEQFF	%LQGGSYNE_AS	immgliph	huang
CASSLQGRIYGYTF	%LQGRIYG_S	immgliph	huang
CASSLQGRIYGDTF	%LQGRIYG_S	immgliph	huang
CASSLRGGDEKLCF	%LRGGDEK_S	immgliph	huang
CASSLRGGDEKLFF	%LRGGDEK_S	immgliph	huang
CASSLRGRSPRHF	%LRGRSP_S	immgliph	huang
CASSLRGRSPLHF	%LRGRSP_S	immgliph	huang
CARSLRLPVGEGDNSYEQYF	%LRLPVGEGDNSYE_GS	immgliph	huang
CASGLRLPVGEGDNSYEQYF	%LRLPVGEGDNSYE_GS	immgliph	huang
CAGSLRPNTQYF	%LRPNT_S	immgliph	huang
CASSLRPNTQYF	%LRPNT_S	immgliph	huang
CASNLRRPSGSDTQYF	%LRRPSGSDT_NS	immgliph	huang
CASSLRRPSGSDTQYF	%LRRPSGSDT_NS	immgliph	huang
CASSLRTANTEAFF	%LRTANTE_S	immgliph	huang
CTSSLRTANTEAFF	%LRTANTE_S	immgliph	huang
CASSLSGAGTDTQYF	%LSGAGTDT_S	immgliph	huang
CPSSLSGAGTDTQYF	%LSGAGTDT_S	immgliph	huang
CRAQLSGGVRDTQYF	%LSGGVRDT_Q	immgliph	huang
CSAQLSGGVRDTQYF	%LSGGVRDT_Q	immgliph	huang
CASSLSHRSNQPQHF	%LSHRSNQP_S	immgliph	huang
CASSLSHRSNQPRHF	%LSHRSNQP_S	immgliph	huang
CASSLTGEQFF	%LTGE_S	immgliph	huang
CASSLTGELFF	%LTGE_S	immgliph	huang
CASSLTGERFF	%LTGE_S	immgliph	huang
CSAKLTGELGEQCF	%LTGELGE_K	immgliph	huang
CSAKLTGELGEQFF	%LTGELGE_K	immgliph	huang
CSASLTGGAQPQHF	%LTGGAQP_S	immgliph	huang
CVGSLTGGAQPLHF	%LTGGAQP_S	immgliph	huang
CASSLTGGGTEAFF	%LTGGGTE_S	immgliph	huang
CASSLTGGGTEAYF	%LTGGGTE_S	immgliph	huang
CASSLTGQGPLAYSNQPHHF	%LTGQGPLAYSNQP_S	immgliph	huang
CASSLTGQGPLAYSNQPQHF	%LTGQGPLAYSNQP_S	immgliph	huang
CASSLVATTRGTEAFF	%LVATTRGTE_S	immgliph	huang
CAGSLVATTRGTEAFF	%LVATTRGTE_S	immgliph	huang
CSSSLVATTRGTEAFF	%LVATTRGTE_S	immgliph	huang
CASSLVDRAGNTEAFF	%LVDRAGNTE_S	immgliph	huang
CVSSLVDRAGNTEACF	%LVDRAGNTE_S	immgliph	huang
CASALVGGGGDTQYF	%LVGGGGDT_AS	immgliph	huang
CASSLVGGGGDTQYF	%LVGGGGDT_AS	immgliph	huang
CARSLVGPGDANEQFF	%LVGPGDANE_S	immgliph	huang
CASSLVGPGDANEQFF	%LVGPGDANE_S	immgliph	huang
CASSLVQGEQYF	%LVQGE_S	immgliph	huang
CVSSLVQGEQYF	%LVQGE_S	immgliph	huang
CASGLVRAGELFF	%LVRAGE_GS	immgliph	huang
CASSLVRAGELFF	%LVRAGE_GS	immgliph	huang
CASSLWDRVIYEQYF	%LWDRVIYE_ST	immgliph	huang
CASTLWDRVIYEQDF	%LWDRVIYE_ST	immgliph	huang
CASSLYGDTNQPQHF	%LYGDTNQP_S	immgliph	huang
CASSLYGDTNQPQNF	%LYGDTNQP_S	immgliph	huang
CRARMASGDQETQYF	%MASGDQET_R	immgliph	huang
CSARMASGDQETQYF	%MASGDQET_R	immgliph	huang
CSASNQRGGRELFF	%NQRGGRE_S	immgliph	huang
CSASNQRGGREVFF	%NQRGGRE_S	immgliph	huang
CASANRDRDVQYF	%NRDRDV_A	immgliph	huang
CARANRDRDVQYF	%NRDRDV_A	immgliph	huang
CRASNRDYDYTF	%NRDYD_S	immgliph	huang
CSASNRDYDYTF	%NRDYD_S	immgliph	huang
CGSSNRGGGAVDEQFF	%NRGGGAVDE_S	immgliph	huang
CASSNRGGGAVDEQFF	%NRGGGAVDE_S	immgliph	huang
CSVENRGKVTEAFF	%NRGKVTE_E	immgliph	huang
CSVENRGKVTEALF	%NRGKVTE_E	immgliph	huang
CRARPAGAGGTQYF	%PAGAGGT_R	immgliph	huang
CSARPAGAGGTQYF	%PAGAGGT_R	immgliph	huang
CASSPDPNSGANVLNF	%PDPNSGANV_S	immgliph	huang
CASSPDPNSGANVLTF	%PDPNSGANV_S	immgliph	huang
CASGPDPSNQPKHF	%PDPSNQP_G	immgliph	huang
CASGPDPSNQPQHF	%PDPSNQP_G	immgliph	huang
CASSPDRRAYEQYF	%PDRRAYE_GS	immgliph	huang
CARGPDRRAYEQYF	%PDRRAYE_GS	immgliph	huang
CASSPEGTARNYGYTF	%PEGTARNYG_S	immgliph	huang
CSSSPEGTARNYGYTF	%PEGTARNYG_S	immgliph	huang
CASSPFRDRGTGELCF	%PFRDRGTGE_S	immgliph	huang
CASSPFRDRGTGELFF	%PFRDRGTGE_S	immgliph	huang
CASSPGDEQDF	%PGDE_S	immgliph	huang
CASSPGDEQYF	%PGDE_S	immgliph	huang
CRASPGGGGLEQYF	%PGGGGLE_S	immgliph	huang
CSASPGGGGLEQYF	%PGGGGLE_S	immgliph	huang
CARRPGGNTEAFF	%PGGNTE_R	immgliph	huang
CASRPGGNTEAFF	%PGGNTE_R	immgliph	huang
CASSPGGTVPQHF	%PGGTVP_S	immgliph	huang
CASSPGGTVPKHF	%PGGTVP_S	immgliph	huang
CAGGPGGTYEQYF	%PGGTYE_G	immgliph	huang
CASGPGGTYEQYF	%PGGTYE_G	immgliph	huang
CASGPGLAGVLGANVLTF	%PGLAGVLGANV_GS	immgliph	huang
CASSPGLAGVLGANVLTF	%PGLAGVLGANV_GS	immgliph	huang
CAISPGPRTNYGYTF	%PGPRTNYG_S	immgliph	huang
CSISPGPRTNYGYTF	%PGPRTNYG_S	immgliph	huang
CASSPGTGAHYGYTF	%PGTGAHYG_S	immgliph	huang
CASSPGTGAHYGDTF	%PGTGAHYG_S	immgliph	huang
CRASPGTHSNQPQHF	%PGTHSNQP_GS	immgliph	huang
CSASPGTHSNQPQHF	%PGTHSNQP_GS	immgliph	huang
CNASPGTHSNQPQHF	%PGTHSNQP_GS	immgliph	huang
CSAGPGTHSNQPQHF	%PGTHSNQP_GS	immgliph	huang
CASGPGTSDYEQYF	%PGTSDYE_GS	immgliph	huang
CASSPGTSDYEQYF	%PGTSDYE_GS	immgliph	huang
CSAGPGWGMNTEAFF	%PGWGMNTE_AGS	immgliph	huang
CSASPGWGMNTEAFF	%PGWGMNTE_AGS	immgliph	huang
CSVAPGWGMNTEAFF	%PGWGMNTE_AGS	immgliph	huang
CAISPKGEGPMNTEALF	%PKGEGPMNTE_S	immgliph	huang
CASSPKGEGPMNTEAFF	%PKGEGPMNTE_S	immgliph	huang
CASSPKGGQGAHEQYF	%PKGGQGAHE_S	immgliph	huang
CASSPKGGQGAHEQCF	%PKGGQGAHE_S	immgliph	huang
CAGRPKLLVGYGYTF	%PKLLVGYG_R	immgliph	huang
CASRPKLLVGYGYTF	%PKLLVGYG_R	immgliph	huang
CASSPLGSASYEKYF	%PLGSASYE_S	immgliph	huang
CASSPLGSASYEQYF	%PLGSASYE_S	immgliph	huang
CASSPLGSLGLYEGYTF	%PLGSLGLYEG_S	immgliph	huang
CGSSPLGSLGLYEGYTF	%PLGSLGLYEG_S	immgliph	huang
CAGSPNINSPLHF	%PNINSP_S	immgliph	huang
CASSPNINSPLPF	%PNINSP_S	immgliph	huang
CSARPPLGEKLCF	%PPLGEK_R	immgliph	huang
CSARPPLGEKLFF	%PPLGEK_R	immgliph	huang
CSASPPQGAWGYTF	%PPQGAWG_S	immgliph	huang
CWASPPQGAWGYTF	%PPQGAWG_S	immgliph	huang
CSARPPTGRDNYGDTF	%PPTGRDNYG_R	immgliph	huang
CSARPPTGRDNYGYTF	%PPTGRDNYG_R	immgliph	huang
CASSPQGAHEQYF	%PQGAHE_ST	immgliph	huang
CASTPQGAHEQYF	%PQGAHE_ST	immgliph	huang
CSARPQGREETQYF	%PQGREET_R	immgliph	huang
CSARPQGREETKYF	%PQGREET_R	immgliph	huang
CASSPQTGEGYGYAF	%PQTGEGYG_S	immgliph	huang
CASSPQTGEGYGYTF	%PQTGEGYG_S	immgliph	huang
CASSPRAGGGNEQFF	%PRAGGGNE_S	immgliph	huang
CASSPRAGGGNEQYF	%PRAGGGNE_S	immgliph	huang
CSPPPRAGRNSPLHF	%PRAGRNSP_P	immgliph	huang
CSAPPRAGRNSPLHF	%PRAGRNSP_P	immgliph	huang
CASGPRARPGEQYF	%PRARPGE_GS	immgliph	huang
CASSPRARPGEQYF	%PRARPGE_GS	immgliph	huang
CSAEPRDTQYF	%PRDT_E	immgliph	huang
CRAEPRDTQYF	%PRDT_E	immgliph	huang
CSAEPRDTPYF	%PRDT_E	immgliph	huang
CASSPRLAGQETKYF	%PRLAGQET_S	immgliph	huang
CASSPRLAGQETQYF	%PRLAGQET_S	immgliph	huang
CATKPRTGAGETQYF	%PRTGAGET_KN	immgliph	huang
CATNPRTGAGETQYF	%PRTGAGET_KN	immgliph	huang
CASSPRTSGGFGDTKYF	%PRTSGGFGDT_S	immgliph	huang
CASSPRTSGGFGDTHYF	%PRTSGGFGDT_S	immgliph	huang
CASSPRTSGGFGDTQYF	%PRTSGGFGDT_S	immgliph	huang
CSVIPRVASGRAGEETQYF	%PRVASGRAGEET_I	immgliph	huang
CSFIPRVASGRAGEETQYF	%PRVASGRAGEET_I	immgliph	huang
CSAPPSGGRNTKYF	%PSGGRNT_P	immgliph	huang
CSAPPSGGRNTQYF	%PSGGRNT_P	immgliph	huang
CASSPSGGTFNEQFF	%PSGGTFNE_S	immgliph	huang
CAGSPSGGTFNEQCF	%PSGGTFNE_S	immgliph	huang
CSARPSGRSDYGDTF	%PSGRSDYG_R	immgliph	huang
CSARPSGRSDYGYTF	%PSGRSDYG_R	immgliph	huang
CASSPSIQGNGNTIYF	%PSIQGNGNT_S	immgliph	huang
CASSPSIQGNGNTKYF	%PSIQGNGNT_S	immgliph	huang
CASSQARGGNEKFF	%QARGGNE_S	immgliph	huang
CASSQARGGNEQFF	%QARGGNE_S	immgliph	huang
CSRSQARGGNEQFF	%QARGGNE_S	immgliph	huang
CARSQARLNEQFF	%QARLNE_S	immgliph	huang
CASSQARLNEQFF	%QARLNE_S	immgliph	huang
CARSQDALAGGREQFF	%QDALAGGRE_S	immgliph	huang
CASSQDALAGGREQFF	%QDALAGGRE_S	immgliph	huang
CSASQDLGGYTF	%QDLGG_S	immgliph	huang
CRASQDLGGYTF	%QDLGG_S	immgliph	huang
CASSQDLTNPGTNYGYTF	%QDLTNPGTNYG_S	immgliph	huang
CTSSQDLTNPGTNYGYTF	%QDLTNPGTNYG_S	immgliph	huang
CASSQDPRGGSGNTQYF	%QDPRGGSGNT_S	immgliph	huang
CARSQDPRGGSGNTQYF	%QDPRGGSGNT_S	immgliph	huang
CASSQDPVPDQPEHF	%QDPVPDQP_S	immgliph	huang
CASSQDPVPDQPQHF	%QDPVPDQP_S	immgliph	huang
CASSQDSQGATEAFF	%QDSQGATE_S	immgliph	huang
CAISQDSQGATEAFF	%QDSQGATE_S	immgliph	huang
CASSQDWAEETQYF	%QDWAEET_S	immgliph	huang
CAGSQDWAEETQCF	%QDWAEET_S	immgliph	huang
CASSQDWAPKGEKLLF	%QDWAPKGEK_S	immgliph	huang
CASSQDWAPKGEKLFF	%QDWAPKGEK_S	immgliph	huang
CASSQEDRNYGYTF	%QEDRNYG_GS	immgliph	huang
CASGQEDRNYGYTF	%QEDRNYG_GS	immgliph	huang
CASSQESPSSEQYF	%QESPSSE_S	immgliph	huang
CASSQESPSSEQCF	%QESPSSE_S	immgliph	huang
CASAQEVNTEAFF	%QEVNTE_AG	immgliph	huang
CGSGQEVNTEAFF	%QEVNTE_AG	immgliph	huang
CASSQFQGQGDEKYF	%QFQGQGDE_S	immgliph	huang
CASSQFQGQGDEQYF	%QFQGQGDE_S	immgliph	huang
CTRSQFQGQGDEQYF	%QFQGQGDE_S	immgliph	huang
CASSQFQGQGDEQDF	%QFQGQGDE_S	immgliph	huang
CSAGQGADTEAFF	%QGADTE_G	immgliph	huang
CRAGQGADTEAFF	%QGADTE_G	immgliph	huang
CSASQGAGANVLTF	%QGAGANV_S	immgliph	huang
CRASQGAGANVLTF	%QGAGANV_S	immgliph	huang
CSASQGAGANVLIF	%QGAGANV_S	immgliph	huang
CASSQGAGTGGLLGNQPQHF	%QGAGTGGLLGNQP_S	immgliph	huang
CASSQGAGTGGLLGNQPKHF	%QGAGTGGLLGNQP_S	immgliph	huang
CASLQGQGFSEQYF	%QGQGFSE_L	immgliph	huang
CAILQGQGFSEQYF	%QGQGFSE_L	immgliph	huang
CSSSQGQGNQPQHF	%QGQGNQP_S	immgliph	huang
CASSQGQGNQPQHF	%QGQGNQP_S	immgliph	huang
CASSQGQGNQPQQF	%QGQGNQP_S	immgliph	huang
CASSQGQRPRDEQYF	%QGQRPRDE_S	immgliph	huang
CASSQGQRPRDEKYF	%QGQRPRDE_S	immgliph	huang
CAGTQGVNRDQPQQF	%QGVNRDQP_T	immgliph	huang
CAWTQGVNRDQPQHF	%QGVNRDQP_T	immgliph	huang
CARSQGVNSPLHF	%QGVNSP_S	immgliph	huang
CASSQGVNSPLHF	%QGVNSP_S	immgliph	huang
CSVKQGWGMNTEAFF	%QGWGMNTE_KR	immgliph	huang
CSVRQGWGMNTEAFF	%QGWGMNTE_KR	immgliph	huang
CSVRQGWGMNTEAVF	%QGWGMNTE_KR	immgliph	huang
CASSQGYADEKLFF	%QGYADEK_S	immgliph	huang
CPSSQGYADEKLFF	%QGYADEK_S	immgliph	huang
CSALQLAGGYNEQFF	%QLAGGYNE_IL	immgliph	huang
CSAIQLAGGYNEQFF	%QLAGGYNE_IL	immgliph	huang
CASSQPRTSGLQFTLTDTQYF	%QPRTSGLQFTLTDT_S	immgliph	huang
CASSQPRTSGLQFTLTDTQDF	%QPRTSGLQFTLTDT_S	immgliph	huang
CASSQRTESSYNSPIHF	%QRTESSYNSP_S	immgliph	huang
CASSQRTESSYNSPLHF	%QRTESSYNSP_S	immgliph	huang
CASRQSRQGYNEQFF	%QSRQGYNE_R	immgliph	huang
CARRQSRQGYNEQYF	%QSRQGYNE_R	immgliph	huang
CASIQTGGTEAFF	%QTGGTE_I	immgliph	huang
CASIQTGGTETFF	%QTGGTE_I	immgliph	huang
CASNQTTGVAQGQETQYF	%QTTGVAQGQET_NS	immgliph	huang
CASSQTTGVAQGQETQYF	%QTTGVAQGQET_NS	immgliph	huang
CVSSQTTGVAQGQETQYF	%QTTGVAQGQET_NS	immgliph	huang
CASSQVGRGQETQSF	%QVGRGQET_S	immgliph	huang
CASSQVGRGQETQYF	%QVGRGQET_S	immgliph	huang
CANSQVGTGNTIYF	%QVGTGNT_S	immgliph	huang
CASSQVGTGNTIYF	%QVGTGNT_S	immgliph	huang
CASHRAGDGTGANVLTF	%RAGDGTGANV_HQ	immgliph	huang
CASQRAGDGTGANVLTF	%RAGDGTGANV_HQ	immgliph	huang
CSAPRAGQPQHF	%RAGQP_P	immgliph	huang
CSSPRAGQPQHF	%RAGQP_P	immgliph	huang
CSASRALDTRAYEHYF	%RALDTRAYE_S	immgliph	huang
CSASRALDTRAYEQYF	%RALDTRAYE_S	immgliph	huang
CATSRDARGVNQPQHF	%RDARGVNQP_S	immgliph	huang
CVTSRDARGVNQPQHF	%RDARGVNQP_S	immgliph	huang
CANSRDKGFNQPQHF	%RDKGFNQP_S	immgliph	huang
CATSRDKGFNQPQHF	%RDKGFNQP_S	immgliph	huang
CSVARDMGGSTF	%RDMGG_A	immgliph	huang
CSVARDMGGYNF	%RDMGG_A	immgliph	huang
CSVARDMGGYTF	%RDMGG_A	immgliph	huang
CSAHRDRGLVNTEGFF	%RDRGLVNTE_H	immgliph	huang
CSAHRDRGLVNTEAFF	%RDRGLVNTE_H	immgliph	huang
CSDHRDRGLVNTEAFF	%RDRGLVNTE_H	immgliph	huang
CASSRDRRDTQYF	%RDRRDT_S	immgliph	huang
CTSSRDRRDTQYF	%RDRRDT_S	immgliph	huang
CATSRDRSGGNEKFF	%RDRSGGNE_S	immgliph	huang
CATSRDRSGGNEQFF	%RDRSGGNE_S	immgliph	huang
CARGRDTQYF	%RDT_G	immgliph	huang
CSAGRDTQYF	%RDT_G	immgliph	huang
CASSRGFEQYF	%RGFE_S	immgliph	huang
CASSRGFEQFF	%RGFE_S	immgliph	huang
CASSRGGNEQFF	%RGGNE_DS	immgliph	huang
CAWDRGGNEQFF	%RGGNE_DS	immgliph	huang
CSANRGGRDEQFF	%RGGRDE_NS	immgliph	huang
CSASRGGRDEQFF	%RGGRDE_NS	immgliph	huang
CSVQRGGTEAFF	%RGGTE_DQ	immgliph	huang
CSVDRGGTEAFF	%RGGTE_DQ	immgliph	huang
CARSRGGTETQYF	%RGGTET_S	immgliph	huang
CASSRGGTETQYF	%RGGTET_S	immgliph	huang
CSAYRGINSPLHF	%RGINSP_Y	immgliph	huang
CRAYRGINSPLHF	%RGINSP_Y	immgliph	huang
CARSRGLAGDEQYF	%RGLAGDE_S	immgliph	huang
CASSRGLAGDEQYF	%RGLAGDE_S	immgliph	huang
CASARGLNTEAFF	%RGLNTE_AT	immgliph	huang
CASTRGLNTEAFF	%RGLNTE_AT	immgliph	huang
CALHRGLNYGYTF	%RGLNYG_H	immgliph	huang
CALHRGLNYGYPF	%RGLNYG_H	immgliph	huang
CSIGRGTEAFF	%RGTE_AG	immgliph	huang
CSVARGTEAFF	%RGTE_AG	immgliph	huang
CAWGRHSYEQYF	%RHSYE_G	immgliph	huang
CAGGRHSYEQYF	%RHSYE_G	immgliph	huang
CATSRIQASNSPLHF	%RIQASNSP_S	immgliph	huang
CATSRIQASNSPLLF	%RIQASNSP_S	immgliph	huang
CSAPRLGTEAFF	%RLGTE_P	immgliph	huang
CSAPRLGTEPFF	%RLGTE_P	immgliph	huang
CAGSRLTGAGGKQFF	%RLTGAGGK_S	immgliph	huang
CASSRLTGAGGKQFF	%RLTGAGGK_S	immgliph	huang
CRGDRLTGGEQYF	%RLTGGE_DE	immgliph	huang
CSGDRLTGGEQYF	%RLTGGE_DE	immgliph	huang
CSGERLTGGEQYF	%RLTGGE_DE	immgliph	huang
CSAERNGVGPEAFF	%RNGVGPE_E	immgliph	huang
CGAERNGVGPEAFF	%RNGVGPE_E	immgliph	huang
CAWKRPDSSYEQYF	%RPDSSYE_KNT	immgliph	huang
CAWNRPDSSYEQYF	%RPDSSYE_KNT	immgliph	huang
CSGTRPDSSYEQYF	%RPDSSYE_KNT	immgliph	huang
CSARRPGTGGGYPF	%RPGTGGG_R	immgliph	huang
CSARRPGTGGGYTF	%RPGTGGG_R	immgliph	huang
CASHRPHGQETQYF	%RPHGQET_HR	immgliph	huang
CASRRPHGQETQYF	%RPHGQET_HR	immgliph	huang
CATSRQDNTEAFF	%RQDNTE_S	immgliph	huang
CATSRQDNTEDFF	%RQDNTE_S	immgliph	huang
CTGSRQETQDF	%RQET_S	immgliph	huang
CASSRQETQYF	%RQET_S	immgliph	huang
CAGRRQGGDGDTF	%RQGGDG_R	immgliph	huang
CASRRQGGDGYNF	%RQGGDG_R	immgliph	huang
CAGGRQGGRTEAFF	%RQGGRTE_G	immgliph	huang
CASGRQGGRTEAFF	%RQGGRTE_G	immgliph	huang
CASRRQGSDEQYF	%RQGSDE_R	immgliph	huang
CASRRQGSDEQFF	%RQGSDE_R	immgliph	huang
CACSRQPSYEQYF	%RQPSYE_S	immgliph	huang
CAWSRQPSYEQYF	%RQPSYE_S	immgliph	huang
CDSTRRSEAFF	%RRSE_T	immgliph	huang
CASTRRSEAFF	%RRSE_T	immgliph	huang
CARRRSPRGDGANVLTF	%RSPRGDGANV_R	immgliph	huang
CASRRSPRGDGANVLTF	%RSPRGDGANV_R	immgliph	huang
CASSRSPSGGGNEKFF	%RSPSGGGNE_S	immgliph	huang
CASSRSPSGGGNEQFF	%RSPSGGGNE_S	immgliph	huang
CAISRSSVGETQYF	%RSSVGET_S	immgliph	huang
CASSRSSVGETQYF	%RSSVGET_S	immgliph	huang
CASSRTGSNEQFF	%RTGSNE_S	immgliph	huang
CAGSRTGSNEQFF	%RTGSNE_S	immgliph	huang
CAWSRTSTGANVLTF	%RTSTGANV_S	immgliph	huang
CVWSRTSTGANVLTF	%RTSTGANV_S	immgliph	huang
CASTRYRGCEKYF	%RYRGCE_T	immgliph	huang
CASTRYRGCEQYF	%RYRGCE_T	immgliph	huang
CGSTRYRGCEQYF	%RYRGCE_T	immgliph	huang
CATRSAGQGPNYGYNF	%SAGQGPNYG_R	immgliph	huang
CATRSAGQGPNYGYTF	%SAGQGPNYG_R	immgliph	huang
CSASSARGTYNEQFF	%SARGTYNE_S	immgliph	huang
CSASSARGTYNEKLF	%SARGTYNE_S	immgliph	huang
CSETSGGTDTQYF	%SGGTDT_ST	immgliph	huang
CSKSSGGTDTQYF	%SGGTDT_ST	immgliph	huang
CSAISGLSLVEAFF	%SGLSLVE_I	immgliph	huang
CSDISGLSLVEAFF	%SGLSLVE_I	immgliph	huang
CSAKSGPGYGYTF	%SGPGYG_KN	immgliph	huang
CSANSGPGYGYTF	%SGPGYG_KN	immgliph	huang
CASSSGPLAEQFF	%SGPLAE_S	immgliph	huang
CSSSSGPLAEQFF	%SGPLAE_S	immgliph	huang
CSASSGPLAKNIKYF	%SGPLAKNI_S	immgliph	huang
CSASSGPLAKNIQYF	%SGPLAKNI_S	immgliph	huang
CASNSGPTANYGYTF	%SGPTANYG_N	immgliph	huang
CASNSGPTANYGDTF	%SGPTANYG_N	immgliph	huang
CSVASGQVNTGELFF	%SGQVNTGE_A	immgliph	huang
CSVASGQVNTGEMFF	%SGQVNTGE_A	immgliph	huang
CSAGSGSDYNEQFF	%SGSDYNE_G	immgliph	huang
CSAGSGSDYNEQCF	%SGSDYNE_G	immgliph	huang
CASSSGTGAYEQYF	%SGTGAYE_KS	immgliph	huang
CASKSGTGAYEQYF	%SGTGAYE_KS	immgliph	huang
CASSSGTGEGEQYF	%SGTGEGE_S	immgliph	huang
CDSSSGTGEGEKYF	%SGTGEGE_S	immgliph	huang
CASNSGTGNNEQFF	%SGTGNNE_NS	immgliph	huang
CASSSGTGNNEQFF	%SGTGNNE_NS	immgliph	huang
CSVSSGTGVTGELFF	%SGTGVTGE_S	immgliph	huang
CSVSSGTGVTGEMFF	%SGTGVTGE_S	immgliph	huang
CRVGSGWGMDTEAFF	%SGWGMDTE_G	immgliph	huang
CSVGSGWGMDTEAFF	%SGWGMDTE_G	immgliph	huang
CASSSGYNEQFF	%SGYNE_S	immgliph	huang
CAGSSGYNEQFF	%SGYNE_S	immgliph	huang
CARSSLQGAKDTQYF	%SLQGAKDT_S	immgliph	huang
CASSSLQGAKDTQYF	%SLQGAKDT_S	immgliph	huang
CASESMNSPLHF	%SMNSP_EK	immgliph	huang
CASKSMNSPLHF	%SMNSP_EK	immgliph	huang
CASSSMRSNTGELFF	%SMRSNTGE_S	immgliph	huang
CACSSMRSNTGELFF	%SMRSNTGE_S	immgliph	huang
CSATSPGDRAKYF	%SPGDRA_T	immgliph	huang
CSATSPGDRAQYF	%SPGDRA_T	immgliph	huang
CSARSPGGAGANVLTF	%SPGGAGANV_R	immgliph	huang
CIARSPGGAGANVLTF	%SPGGAGANV_R	immgliph	huang
CRARSPGGGGDTDTQYF	%SPGGGGDTDT_R	immgliph	huang
CSGRSPGGGGDTDTQYF	%SPGGGGDTDT_R	immgliph	huang
CSALSPGLAGARDEQFF	%SPGLAGARDE_L	immgliph	huang
CSSLSPGLAGARDEQFF	%SPGLAGARDE_L	immgliph	huang
CSALSPGLAGGPATQYF	%SPGLAGGPAT_L	immgliph	huang
CSSLSPGLAGGPATQYF	%SPGLAGGPAT_L	immgliph	huang
CSARSPGLAGYNEQFF	%SPGLAGYNE_R	immgliph	huang
CRARSPGLAGYNEQFF	%SPGLAGYNE_R	immgliph	huang
CSASSPGLAGYQETQYF	%SPGLAGYQET_S	immgliph	huang
CRASSPGLAGYQETQYF	%SPGLAGYQET_S	immgliph	huang
CASSSQGHGELFF	%SQGHGE_S	immgliph	huang
CAGSSQGHGELFF	%SQGHGE_S	immgliph	huang
CAISSRGETTDTQYF	%SRGETTDT_S	immgliph	huang
CGSSSRGETTDTQYF	%SRGETTDT_S	immgliph	huang
CRAKSSHGGDTQYF	%SSHGGDT_K	immgliph	huang
CSAKSSHGGDTQYF	%SSHGGDT_K	immgliph	huang
CSAKSSHGGDTQDF	%SSHGGDT_K	immgliph	huang
CSASSSYEHYF	%SSYE_S	immgliph	huang
CSASSSYEQYF	%SSYE_S	immgliph	huang
CASSSTAGLEQYF	%STAGLE_S	immgliph	huang
CGSSSTAGLEQYF	%STAGLE_S	immgliph	huang
CSARSTHAREDQPQHF	%STHAREDQP_R	immgliph	huang
CSARSTHAREDQPKHF	%STHAREDQP_R	immgliph	huang
CSASSTPGRPTSGASTDTQYF	%STPGRPTSGASTDT_S	immgliph	huang
CSDSSTPGRPTSGASTDTQYF	%STPGRPTSGASTDT_S	immgliph	huang
CSARTANTEAFF	%TANTE_R	immgliph	huang
CRARTANTEAFF	%TANTE_R	immgliph	huang
CAHKTDSDEQDF	%TDSDE_K	immgliph	huang
CAWKTDSDEQYF	%TDSDE_K	immgliph	huang
CAHKTDSYEQYF	%TDSYE_K	immgliph	huang
CAWKTDSYEQYF	%TDSYE_K	immgliph	huang
CSADTDTQYF	%TDT_DNS	immgliph	huang
CSSNTDTQYF	%TDT_DNS	immgliph	huang
CSSSTDTQYF	%TDT_DNS	immgliph	huang
CSTDTDTQYF	%TDT_DNS	immgliph	huang
CSTNTDTQYF	%TDT_DNS	immgliph	huang
CSVDTDTQYF	%TDT_DNS	immgliph	huang
CSASTDTQYF	%TDT_DNS	immgliph	huang
CASITGDLTEAFF	%TGDLTE_I	immgliph	huang
CARITGDLTEAFF	%TGDLTE_I	immgliph	huang
CSARTGEGDTF	%TGEG_R	immgliph	huang
CSARTGEGYTF	%TGEG_R	immgliph	huang
CASTTGGPIETQYF	%TGGPIET_T	immgliph	huang
CCSTTGGPIETQYF	%TGGPIET_T	immgliph	huang
CRARTGGYNEQFF	%TGGYNE_R	immgliph	huang
CSARTGGYNEQFF	%TGGYNE_R	immgliph	huang
CRTGTGLGNEQFF	%TGLGNE_G	immgliph	huang
CSTGTGLGNEQFF	%TGLGNE_G	immgliph	huang
CRARTGNQPQHF	%TGNQP_R	immgliph	huang
CSARTGNQPQHF	%TGNQP_R	immgliph	huang
CCSSTGRTRYEQYF	%TGRTRYE_S	immgliph	huang
CASSTGRTRYEQYF	%TGRTRYE_S	immgliph	huang
CASSTGSGANVLYF	%TGSGANV_S	immgliph	huang
CASSTGSGANVLTF	%TGSGANV_S	immgliph	huang
CACSTGTSGSLDEQFF	%TGTSGSLDE_S	immgliph	huang
CASSTGTSGSLDEQFF	%TGTSGSLDE_S	immgliph	huang
CASSTHRGAAYNEQFF	%THRGAAYNE_S	immgliph	huang
CANSTHRGAAYNEQFF	%THRGAAYNE_S	immgliph	huang
CASSTPQGPNEKLFF	%TPQGPNEK_S	immgliph	huang
CASSTPQGPNEKLCF	%TPQGPNEK_S	immgliph	huang
CARSTRLAGTLSYNEQFF	%TRLAGTLSYNE_S	immgliph	huang
CASSTRLAGTLSYNEQFF	%TRLAGTLSYNE_S	immgliph	huang
CASSTRQGVFVGYTF	%TRQGVFVG_S	immgliph	huang
CGSSTRQGVFVGYTF	%TRQGVFVG_S	immgliph	huang
CSAGTSRAKNIRYF	%TSRAKNI_G	immgliph	huang
CSAGTSRAKNIQYF	%TSRAKNI_G	immgliph	huang
CGVGTSSYEQYF	%TSSYE_G	immgliph	huang
CSVGTSSYEQYF	%TSSYE_G	immgliph	huang
CSAHTTGLAVLDTQYF	%TTGLAVLDT_H	immgliph	huang
CRAHTTGLAVLDTQYF	%TTGLAVLDT_H	immgliph	huang
CASSTTGYSGNTIYF	%TTGYSGNT_S	immgliph	huang
CASSTTGYSGNTIDF	%TTGYSGNT_S	immgliph	huang
CARSVAAFIGDEQFF	%VAAFIGDE_S	immgliph	huang
CASSVAAFIGDEQFF	%VAAFIGDE_S	immgliph	huang
CARSVADRGYNEQFF	%VADRGYNE_S	immgliph	huang
CASSVADRGYNEQFF	%VADRGYNE_S	immgliph	huang
CASSVGAGTYEQYF	%VGAGTYE_S	immgliph	huang
CAISVGAGTYEQYF	%VGAGTYE_S	immgliph	huang
CAGGVGGGGAGETQYF	%VGGGGAGET_G	immgliph	huang
CARGVGGGGAGETQYF	%VGGGGAGET_G	immgliph	huang
CASGVGGGGAGETQYF	%VGGGGAGET_G	immgliph	huang
CAGGVGGRGAGETQYF	%VGGRGAGET_GS	immgliph	huang
CASGVGGRGAGETQYF	%VGGRGAGET_GS	immgliph	huang
CASSVGGRGAGETQYF	%VGGRGAGET_GS	immgliph	huang
CSARVGLALETQYF	%VGLALET_R	immgliph	huang
CSARVGLALETQDF	%VGLALET_R	immgliph	huang
CSVDVGLLGDEQYF	%VGLLGDE_D	immgliph	huang
CSVDVGLLGDEKYF	%VGLLGDE_D	immgliph	huang
CASSVGSSYNEKFF	%VGSSYNE_S	immgliph	huang
CASSVGSSYNEQFF	%VGSSYNE_S	immgliph	huang
CASSVGTEETYGVTF	%VGTEETYG_S	immgliph	huang
CASSVGTEETYGYTF	%VGTEETYG_S	immgliph	huang
CASSVGTLYGYTF	%VGTLYG_GS	immgliph	huang
CARSVGTLYGYTF	%VGTLYG_GS	immgliph	huang
CASGVGTLYGYTF	%VGTLYG_GS	immgliph	huang
CASSVGTNTGELFF	%VGTNTGE_S	immgliph	huang
CASSVGTNTGEMFF	%VGTNTGE_S	immgliph	huang
CRARVHPGHGSNYGYTF	%VHPGHGSNYG_R	immgliph	huang
CSARVHPGHGSNYGYTF	%VHPGHGSNYG_R	immgliph	huang
CASSVLTGRTDTQYF	%VLTGRTDT_S	immgliph	huang
CSSSVLTGRTDTQYF	%VLTGRTDT_S	immgliph	huang
CASTVNRGNTEAFF	%VNRGNTE_T	immgliph	huang
CSSTVNRGNTEAFF	%VNRGNTE_T	immgliph	huang
CAWGVNSNQPQHF	%VNSNQP_GS	immgliph	huang
CAWSVNSNQPQHF	%VNSNQP_GS	immgliph	huang
CASSVPAGGGSNEQFF	%VPAGGGSNE_S	immgliph	huang
CASSVPAGGGSNEHFF	%VPAGGGSNE_S	immgliph	huang
CASSVPGGTGGISNQPQHF	%VPGGTGGISNQP_S	immgliph	huang
CARSVPGGTGGISNQPQHF	%VPGGTGGISNQP_S	immgliph	huang
CAWSVQGKASYGYTF	%VQGKASYG_S	immgliph	huang
CACSVQGKASYGYSF	%VQGKASYG_S	immgliph	huang
CRAPVQSWYGYTF	%VQSWYG_P	immgliph	huang
CSAPVQSWYGYTF	%VQSWYG_P	immgliph	huang
CRARVRLTSYEQYF	%VRLTSYE_R	immgliph	huang
CSARVRLTSYEQYF	%VRLTSYE_R	immgliph	huang
CSATVSDQPQHF	%VSDQP_T	immgliph	huang
CSTTVSDQPQHF	%VSDQP_T	immgliph	huang
CASSVTGQGLGGNEQFF	%VTGQGLGGNE_GS	immgliph	huang
CASGVTGQGLGGNEQFF	%VTGQGLGGNE_GS	immgliph	huang
CASSVTTNTGELFF	%VTTNTGE_S	immgliph	huang
CASSVTTNTGERFF	%VTTNTGE_S	immgliph	huang
CASRWDGDTQYF	%WDGDT_R	immgliph	huang
CASRWDGDTKYF	%WDGDT_R	immgliph	huang
CGGSWEAGELFF	%WEAGE_S	immgliph	huang
CASSWEAGELFF	%WEAGE_S	immgliph	huang
CAGSWGDTQYF	%WGDT_S	immgliph	huang
CASSWGDTQYF	%WGDT_S	immgliph	huang
CASTWGEKLFF	%WGEK_ST	immgliph	huang
CASSWGEKLFF	%WGEK_ST	immgliph	huang
CASSWGLGHPPYEQYF	%WGLGHPPYE_S	immgliph	huang
CASSWGLGHPPYERYF	%WGLGHPPYE_S	immgliph	huang
CASSWIGGYGYTF	%WIGGYG_S	immgliph	huang
CGSSWIGGYGYTF	%WIGGYG_S	immgliph	huang
CASSYGTGQETQYF	%YGTGQET_S	immgliph	huang
CVSSYGTGQETQYF	%YGTGQET_S	immgliph	huang
CSVDYMRRRTANTEAFF	%YMRRRTANTE_DE	immgliph	huang
CSVEYMRRRTANTEAFF	%YMRRRTANTE_DE	immgliph	huang
CASSYRDRGRRGYAF	%YRDRGRRG_S	immgliph	huang
CASSYRDRGRRGYTF	%YRDRGRRG_S	immgliph	huang
CASSYRPSGSSYNEQFF	%YRPSGSSYNE_S	immgliph	huang
CDSSYRPSGSSYNEQFF	%YRPSGSSYNE_S	immgliph	huang
CASSYSPGPTYEQYF	%YSPGPTYE_S	immgliph	huang
CAGSYSPGPTYEQYF	%YSPGPTYE_S	immgliph	huang
CVSSYSSGRGGETQYF	%YSSGRGGET_S	immgliph	huang
CASSYSSGRGGETQYF	%YSSGRGGET_S	immgliph	huang
CSAAIAASTKQYF	A%AASTK_IV	immgliph	huang
CSAAVAASTKQYF	A%AASTK_IV	immgliph	huang
CSVARDMGGSTF	A%DMGG_R	immgliph	huang
CSVARDMGGYNF	A%DMGG_R	immgliph	huang
CSVARDMGGYTF	A%DMGG_R	immgliph	huang
CASAGDTGELCF	A%DTGE_G	immgliph	huang
CASAGDTGELFF	A%DTGE_G	immgliph	huang
CSVAGGGSEAFF	A%GGSE_G	immgliph	huang
CSGAGGGSEAFF	A%GGSE_G	immgliph	huang
CASARGLNTEAFF	A%GLNTE_ER	immgliph	huang
CASAEGLNTEAFF	A%GLNTE_ER	immgliph	huang
CSVASGQVNTGELFF	A%GQVNTGE_S	immgliph	huang
CSVASGQVNTGEMFF	A%GQVNTGE_S	immgliph	huang
CSAAHHNEQFF	A%HNE_H	immgliph	huang
CRAAHHNEQFF	A%HNE_H	immgliph	huang
CASANRDRDVQYF	A%RDRDV_N	immgliph	huang
CARANRDRDVQYF	A%RDRDV_N	immgliph	huang
CATAAGSYEQYF	AAG%YE_GS	immgliph	huang
CAGAAGGYEQYF	AAG%YE_GS	immgliph	huang
CSVAGGGSEAFF	AG%GSE_G	immgliph	huang
CSGAGGGSEAFF	AG%GSE_G	immgliph	huang
CASAGDTGELCF	AG%TGE_D	immgliph	huang
CASAGDTGELFF	AG%TGE_D	immgliph	huang
CAWAGHTNQPQHF	AG%TNQP_HQ	immgliph	huang
CAWAGQTNQPQHF	AG%TNQP_HQ	immgliph	huang
CASAGDTGELCF	AGD%GE_T	immgliph	huang
CASAGDTGELFF	AGD%GE_T	immgliph	huang
CASAGDTGELCF	AGDT%E_G	immgliph	huang
CASAGDTGELFF	AGDT%E_G	immgliph	huang
CASAGDTGELCF	AGDTG%_E	immgliph	huang
CASAGDTGELFF	AGDTG%_E	immgliph	huang
CSVAGGGSEAFF	AGG%SE_G	immgliph	huang
CSGAGGGSEAFF	AGG%SE_G	immgliph	huang
CSVAGGGSEAFF	AGGG%E_S	immgliph	huang
CSGAGGGSEAFF	AGGG%E_S	immgliph	huang
CSVAGGGSEAFF	AGGGS%_E	immgliph	huang
CSGAGGGSEAFF	AGGGS%_E	immgliph	huang
CAWAGHTHQPQHF	AGHT%QP_HN	immgliph	huang
CAWAGHTNQPQHF	AGHT%QP_HN	immgliph	huang
CSAAHHNEQFF	AH%NE_H	immgliph	huang
CRAAHHNEQFF	AH%NE_H	immgliph	huang
CSAAHHNEQFF	AHH%E_N	immgliph	huang
CRAAHHNEQFF	AHH%E_N	immgliph	huang
CSAAHHNEQFF	AHHN%_E	immgliph	huang
CRAAHHNEQFF	AHHN%_E	immgliph	huang
CSAAIAAATKQYF	AIAA%TK_AS	immgliph	huang
CSAAIAASTKQYF	AIAA%TK_AS	immgliph	huang
CASANRDRDVQYF	AN%DRDV_R	immgliph	huang
CARANRDRDVQYF	AN%DRDV_R	immgliph	huang
CASANRDRDVQYF	ANR%RDV_D	immgliph	huang
CARANRDRDVQYF	ANR%RDV_D	immgliph	huang
CASANRDRDVQYF	ANRD%DV_R	immgliph	huang
CARANRDRDVQYF	ANRD%DV_R	immgliph	huang
CASANRDRDVQYF	ANRDR%V_D	immgliph	huang
CARANRDRDVQYF	ANRDR%V_D	immgliph	huang
CASANRDRDVQYF	ANRDRD%_V	immgliph	huang
CARANRDRDVQYF	ANRDRD%_V	immgliph	huang
CASAPIAGGHTGELFF	AP%AGGHTGE_IV	immgliph	huang
CASAPVAGGHTGELFF	AP%AGGHTGE_IV	immgliph	huang
CSVAPGRGMNTEDFF	APG%GMNTE_QR	immgliph	huang
CSAAPGQGMNTEAFF	APG%GMNTE_QR	immgliph	huang
CSVAPGWGMNTEAFF	APGWGMN%E_ST	immgliph	huang
CSVAPGWGMNSEAFF	APGWGMN%E_ST	immgliph	huang
CASAQKGQYTGELFF	AQ%GQYTGE_KR	immgliph	huang
CASAQRGQYTGERGF	AQ%GQYTGE_KR	immgliph	huang
CSVARDMGGSTF	AR%MGG_D	immgliph	huang
CSVARDMGGYNF	AR%MGG_D	immgliph	huang
CSVARDMGGYTF	AR%MGG_D	immgliph	huang
CSVARDMGGSTF	ARD%GG_M	immgliph	huang
CSVARDMGGYNF	ARD%GG_M	immgliph	huang
CSVARDMGGYTF	ARD%GG_M	immgliph	huang
CSVARDMGGSTF	ARDM%G_G	immgliph	huang
CSVARDMGGYNF	ARDM%G_G	immgliph	huang
CSVARDMGGYTF	ARDM%G_G	immgliph	huang
CSVARDMGGSTF	ARDMG%_G	immgliph	huang
CSVARDMGGYNF	ARDMG%_G	immgliph	huang
CSVARDMGGYTF	ARDMG%_G	immgliph	huang
CSVASGQVNTGELFF	AS%QVNTGE_G	immgliph	huang
CSVASGQVNTGEMFF	AS%QVNTGE_G	immgliph	huang
CSVASGQVNTGELFF	ASG%VNTGE_Q	immgliph	huang
CSVASGQVNTGEMFF	ASG%VNTGE_Q	immgliph	huang
CSVASGQVNTGELFF	ASGQ%NTGE_V	immgliph	huang
CSVASGQVNTGEMFF	ASGQ%NTGE_V	immgliph	huang
CSVASGQVNTGELFF	ASGQV%TGE_N	immgliph	huang
CSVASGQVNTGEMFF	ASGQV%TGE_N	immgliph	huang
CSVASGQVNTGELFF	ASGQVN%GE_NT	immgliph	huang
CSVASGQVNTGEMFF	ASGQVN%GE_NT	immgliph	huang
CSVASGQVNNGELFF	ASGQVN%GE_NT	immgliph	huang
CSVASGQVNTGELFF	ASGQVNT%E_G	immgliph	huang
CSVASGQVNTGEMFF	ASGQVNT%E_G	immgliph	huang
CSVASGQVNTGELFF	ASGQVNTG%_E	immgliph	huang
CSVASGQVNTGEMFF	ASGQVNTG%_E	immgliph	huang
CSADTDTQYF	D%DT_T	immgliph	huang
CSTDTDTQYF	D%DT_T	immgliph	huang
CSVDTDTQYF	D%DT_T	immgliph	huang
CSVDVGLLGDEQYF	D%GLLGDE_V	immgliph	huang
CSVDVGLLGDEKYF	D%GLLGDE_V	immgliph	huang
CRGDRLTGGEQYF	D%LTGGE_R	immgliph	huang
CSGDRLTGGEQYF	D%LTGGE_R	immgliph	huang
CSVDDRGDEQFF	D%RGDE_DS	immgliph	huang
CSGDSRGDEQFF	D%RGDE_DS	immgliph	huang
CRGDRLTGGEQYF	DR%TGGE_L	immgliph	huang
CSGDRLTGGEQYF	DR%TGGE_L	immgliph	huang
CAWDRGGNEQFF	DRGG%E_NT	immgliph	huang
CSVDRGGTEAFF	DRGG%E_NT	immgliph	huang
CRGDRLTGGEQYF	DRL%GGE_T	immgliph	huang
CSGDRLTGGEQYF	DRL%GGE_T	immgliph	huang
CRGDRLTGGEQYF	DRLT%GE_G	immgliph	huang
CSGDRLTGGEQYF	DRLT%GE_G	immgliph	huang
CRGDRLTGGEQYF	DRLTG%E_G	immgliph	huang
CSGDRLTGGEQYF	DRLTG%E_G	immgliph	huang
CRGDRLTGGEQYF	DRLTGG%_E	immgliph	huang
CSGDRLTGGEQYF	DRLTGG%_E	immgliph	huang
CSVDSSEGRVNQPQHF	DS%EGRVNQP_AS	immgliph	huang
CSVDSAEGRVNQPQHF	DS%EGRVNQP_AS	immgliph	huang
CSADTDTQYF	DT%T_D	immgliph	huang
CSTDTDTQYF	DT%T_D	immgliph	huang
CSVDTDTQYF	DT%T_D	immgliph	huang
CSADTDTQYF	DTD%_AT	immgliph	huang
CSTDTDTQYF	DTD%_AT	immgliph	huang
CSTDTDAQYF	DTD%_AT	immgliph	huang
CSVDTDTQYF	DTD%_AT	immgliph	huang
CSVDVGLLGDEQYF	DV%LLGDE_G	immgliph	huang
CSVDVGLLGDEKYF	DV%LLGDE_G	immgliph	huang
CSVDVGLLGDEQYF	DVG%LGDE_L	immgliph	huang
CSVDVGLLGDEKYF	DVG%LGDE_L	immgliph	huang
CSVDVGLLGDEQYF	DVGL%GDE_L	immgliph	huang
CSVDVGLLGDEKYF	DVGL%GDE_L	immgliph	huang
CSVDVGLLGDEQYF	DVGLL%DE_G	immgliph	huang
CSVDVGLLGDEKYF	DVGLL%DE_G	immgliph	huang
CSVDVGLLGDEQYF	DVGLLG%E_DE	immgliph	huang
CSVDVGLLGDEKYF	DVGLLG%E_DE	immgliph	huang
CSVDVGLLGEEKYF	DVGLLG%E_DE	immgliph	huang
CSVDVGLLGDEQYF	DVGLLGD%_E	immgliph	huang
CSVDVGLLGDEKYF	DVGLLGD%_E	immgliph	huang
CRVDYMRRRNANTEAFF	DYMRRR%ANTE_NT	immgliph	huang
CSVDYMRRRTANTEAFF	DYMRRR%ANTE_NT	immgliph	huang
CSFEQGNTIYF	E%GNT_EQ	immgliph	huang
CSVEEGNTQYF	E%GNT_EQ	immgliph	huang
CSAERNGVGPEAFF	E%NGVGPE_R	immgliph	huang
CGAERNGVGPEAFF	E%NGVGPE_R	immgliph	huang
CSGEDPRGDHNEQFF	E%PRGDHNE_D	immgliph	huang
CSVEDPRGDHNEQFF	E%PRGDHNE_D	immgliph	huang
CSAEPRDTQYF	E%RDT_P	immgliph	huang
CRAEPRDTQYF	E%RDT_P	immgliph	huang
CSAEPRDTPYF	E%RDT_P	immgliph	huang
CSVENRGKVTEAFF	E%RGKVTE_NS	immgliph	huang
CSVESRGKVTEAFF	E%RGKVTE_NS	immgliph	huang
CSVENRGKVTEALF	E%RGKVTE_NS	immgliph	huang
CGEEGTGGANEQYF	E%TGGANE_G	immgliph	huang
CSVEGTGGANEQYF	E%TGGANE_G	immgliph	huang
CSSEGTVEAFF	E%TVE_G	immgliph	huang
CSAEGTVEAFF	E%TVE_G	immgliph	huang
CSGEDPRGDHNEQFF	ED%RGDHNE_P	immgliph	huang
CSVEDPRGDHNEQFF	ED%RGDHNE_P	immgliph	huang
CSGEDPRGDHNEQFF	EDP%GDHNE_R	immgliph	huang
CSVEDPRGDHNEQFF	EDP%GDHNE_R	immgliph	huang
CSGEDPRGDHNEQFF	EDPR%DHNE_G	immgliph	huang
CSVEDPRGDHNEQFF	EDPR%DHNE_G	immgliph	huang
CSGEDPRGDHNEQFF	EDPRG%HNE_D	immgliph	huang
CSVEDPRGDHNEQFF	EDPRG%HNE_D	immgliph	huang
CSGEDPRGDHNEQFF	EDPRGD%NE_H	immgliph	huang
CSVEDPRGDHNEQFF	EDPRGD%NE_H	immgliph	huang
CSGEDPRGDHNEQFF	EDPRGDH%E_N	immgliph	huang
CSVEDPRGDHNEQFF	EDPRGDH%E_N	immgliph	huang
CSGEDPRGDHNEQFF	EDPRGDHN%_E	immgliph	huang
CSVEDPRGDHNEQFF	EDPRGDHN%_E	immgliph	huang
CGEEGTGGANEQYF	EG%GGANE_T	immgliph	huang
CSVEGTGGANEQYF	EG%GGANE_T	immgliph	huang
CSSEGTVEAFF	EG%VE_T	immgliph	huang
CSAEGTVEAFF	EG%VE_T	immgliph	huang
CSVEGGRGADTQYF	EGG%GADT_QRS	immgliph	huang
CSVEGGQGADTQYF	EGG%GADT_QRS	immgliph	huang
CSVEGGSGADTQYF	EGG%GADT_QRS	immgliph	huang
CSVEGGAGANVLTF	EGG%GANV_AG	immgliph	huang
CSVEGGGGANVLFF	EGG%GANV_AG	immgliph	huang
CSVEGGRDTEAFF	EGGRD%E_AT	immgliph	huang
CRVEGGRDAEAFF	EGGRD%E_AT	immgliph	huang
CSVEGPGANGYFF	EGPGA%G_KN	immgliph	huang
CSVEGPGAKGYTF	EGPGA%G_KN	immgliph	huang
CSVEGQGGSLHGYTF	EGQGGSL%G_HY	immgliph	huang
CSVEGQGGSLYGYTF	EGQGGSL%G_HY	immgliph	huang
CSSEGTVEAFF	EGT%E_V	immgliph	huang
CSAEGTVEAFF	EGT%E_V	immgliph	huang
CGEEGTGGANEQYF	EGT%GANE_G	immgliph	huang
CSVEGTGGANEQYF	EGT%GANE_G	immgliph	huang
CGEEGTGGANEQYF	EGTG%ANE_G	immgliph	huang
CSVEGTGGANEQYF	EGTG%ANE_G	immgliph	huang
CGEEGTGGANEQYF	EGTGG%NE_A	immgliph	huang
CSVEGTGGANEQYF	EGTGG%NE_A	immgliph	huang
CGEEGTGGANEQYF	EGTGGA%E_N	immgliph	huang
CSVEGTGGANEQYF	EGTGGA%E_N	immgliph	huang
CGEEGTGGANEQYF	EGTGGAN%_E	immgliph	huang
CSVEGTGGANEQYF	EGTGGAN%_E	immgliph	huang
CSSEGTVEAFF	EGTV%_E	immgliph	huang
CSAEGTVEAFF	EGTV%_E	immgliph	huang
CSVELVAGQNIQYF	ELV%GQNI_AS	immgliph	huang
CSVELVSGQNIQYF	ELV%GQNI_AS	immgliph	huang
CSVENRGKVTEAFF	EN%GKVTE_R	immgliph	huang
CSVENRGKVTEALF	EN%GKVTE_R	immgliph	huang
CSVENRGKVTEAFF	ENR%KVTE_G	immgliph	huang
CSVENRGKVTEALF	ENR%KVTE_G	immgliph	huang
CSVENRGKVTEAFF	ENRG%VTE_K	immgliph	huang
CSVENRGKVTEALF	ENRG%VTE_K	immgliph	huang
CSVENRGKVTEAFF	ENRGK%TE_V	immgliph	huang
CSVENRGKVTEALF	ENRGK%TE_V	immgliph	huang
CSVENRGKVTEAFF	ENRGKV%E_T	immgliph	huang
CSVENRGKVTEALF	ENRGKV%E_T	immgliph	huang
CSVENRGKVTEAFF	ENRGKVT%_E	immgliph	huang
CSVENRGKVTEALF	ENRGKVT%_E	immgliph	huang
CSAEPRDTQYF	EP%DT_R	immgliph	huang
CRAEPRDTQYF	EP%DT_R	immgliph	huang
CSAEPRDTPYF	EP%DT_R	immgliph	huang
CSAEPRDTQYF	EPR%T_D	immgliph	huang
CRAEPRDTQYF	EPR%T_D	immgliph	huang
CSAEPRDTPYF	EPR%T_D	immgliph	huang
CSAEPRDTQYF	EPRD%_T	immgliph	huang
CRAEPRDTQYF	EPRD%_T	immgliph	huang
CSAEPRDTPYF	EPRD%_T	immgliph	huang
CSAERNGVGPEAFF	ER%GVGPE_N	immgliph	huang
CGAERNGVGPEAFF	ER%GVGPE_N	immgliph	huang
CSAERNGVGPEAFF	ERN%VGPE_G	immgliph	huang
CGAERNGVGPEAFF	ERN%VGPE_G	immgliph	huang
CSAERNGVGPEAFF	ERNG%GPE_V	immgliph	huang
CGAERNGVGPEAFF	ERNG%GPE_V	immgliph	huang
CSAERNGVGPEAFF	ERNGV%PE_G	immgliph	huang
CGAERNGVGPEAFF	ERNGV%PE_G	immgliph	huang
CSAERNGVGPEAFF	ERNGVG%E_P	immgliph	huang
CGAERNGVGPEAFF	ERNGVG%E_P	immgliph	huang
CSAERNGVGPEAFF	ERNGVGP%_E	immgliph	huang
CGAERNGVGPEAFF	ERNGVGP%_E	immgliph	huang
CRVFLDTLYF	F%DT_L	immgliph	huang
CSVFLDTQYF	F%DT_L	immgliph	huang
CSAFKQGAGQTLCF	F%QGAGQT_K	immgliph	huang
CSAFKQGAGQTQYF	F%QGAGQT_K	immgliph	huang
CSAFKQGAGQTLCF	FK%GAGQT_Q	immgliph	huang
CSAFKQGAGQTQYF	FK%GAGQT_Q	immgliph	huang
CSAFKQGAGQTLCF	FKQ%AGQT_G	immgliph	huang
CSAFKQGAGQTQYF	FKQ%AGQT_G	immgliph	huang
CSAFKQGAGQTLCF	FKQG%GQT_A	immgliph	huang
CSAFKQGAGQTQYF	FKQG%GQT_A	immgliph	huang
CSAFKQGAGQTLCF	FKQGA%QT_G	immgliph	huang
CSAFKQGAGQTQYF	FKQGA%QT_G	immgliph	huang
CSAFKQGAGQTLCF	FKQGAG%T_Q	immgliph	huang
CSAFKQGAGQTQYF	FKQGAG%T_Q	immgliph	huang
CSAFKQGAGQTLCF	FKQGAGQ%_T	immgliph	huang
CSAFKQGAGQTQYF	FKQGAGQ%_T	immgliph	huang
CRVFLDTLYF	FL%T_D	immgliph	huang
CSVFLDTQYF	FL%T_D	immgliph	huang
CRVFLDTLYF	FLD%_T	immgliph	huang
CSVFLDTQYF	FLD%_T	immgliph	huang
CASGGASGNEKLFF	G%ASGNEK_G	immgliph	huang
CATGGASGNEKMFF	G%ASGNEK_G	immgliph	huang
CASGPDPSNQPKHF	G%DPSNQP_P	immgliph	huang
CASGPDPSNQPQHF	G%DPSNQP_P	immgliph	huang
CARGRDTQYF	G%DT_R	immgliph	huang
CSAGRDTQYF	G%DT_R	immgliph	huang
CSAGQGADTEAFF	G%GADTE_Q	immgliph	huang
CRAGQGADTEAFF	G%GADTE_Q	immgliph	huang
CGGGEGGGANVLTF	G%GGGANV_E	immgliph	huang
CRAGEGGGANVLTF	G%GGGANV_E	immgliph	huang
CAGGVGGGGAGETQYF	G%GGGGAGET_V	immgliph	huang
CARGVGGGGAGETQYF	G%GGGGAGET_V	immgliph	huang
CASGVGGGGAGETQYF	G%GGGGAGET_V	immgliph	huang
CAGGGGGRGAGETQYF	G%GGRGAGET_G	immgliph	huang
CASGGGGRGAGETQYF	G%GGRGAGET_G	immgliph	huang
CAGGVGGRGAGETQYF	G%GGRGAGET_V	immgliph	huang
CASGVGGRGAGETQYF	G%GGRGAGET_V	immgliph	huang
CAGGPGGTYEQYF	G%GGTYE_P	immgliph	huang
CASGPGGTYEQYF	G%GGTYE_P	immgliph	huang
CRGGGGKTEAFF	G%GKTE_G	immgliph	huang
CSAGGGKTEAFF	G%GKTE_G	immgliph	huang
CRTGTGLGNEQFF	G%GLGNE_T	immgliph	huang
CSTGTGLGNEQFF	G%GLGNE_T	immgliph	huang
CSAGTGRAKNIQYF	G%GRAKNI_AT	immgliph	huang
CSGGAGRAKNIQYF	G%GRAKNI_AT	immgliph	huang
CSAGSGSDYNEQFF	G%GSDYNE_S	immgliph	huang
CSAGSGSDYNEQCF	G%GSDYNE_S	immgliph	huang
CRVGSGWGMDTEAFF	G%GWGMDTE_S	immgliph	huang
CSVGSGWGMDTEAFF	G%GWGMDTE_S	immgliph	huang
CAWGRHSYEQYF	G%HSYE_R	immgliph	huang
CAGGRHSYEQYF	G%HSYE_R	immgliph	huang
CSGGGKNYGYTF	G%KNYG_G	immgliph	huang
CSVGGKNYGYTF	G%KNYG_G	immgliph	huang
CASGLQETQYF	G%QET_FL	immgliph	huang
CSAGFQETQYF	G%QET_FL	immgliph	huang
CAGGRQGGRTEAFF	G%QGGRTE_R	immgliph	huang
CASGRQGGRTEAFF	G%QGGRTE_R	immgliph	huang
CSAGDRVGGSAYNEQCF	G%RVGGSAYNE_D	immgliph	huang
CSAGDRVGGSAYNEQFF	G%RVGGSAYNE_D	immgliph	huang
CSAGDRVGGSSYNEQFF	G%RVGGSSYNE_D	immgliph	huang
CSAGDRVGGSSYNEQCF	G%RVGGSSYNE_D	immgliph	huang
CSVGDRVGGSSYNEQFF	G%RVGGSSYNE_D	immgliph	huang
CSAGTSRAKNIRYF	G%SRAKNI_T	immgliph	huang
CSAGTSRAKNIQYF	G%SRAKNI_T	immgliph	huang
CGVGTSSYEQYF	G%SSYE_T	immgliph	huang
CSVGTSSYEQYF	G%SSYE_T	immgliph	huang
CSAGGTPGRGTYNEQFF	G%TPGRGTYNE_G	immgliph	huang
CRAGGTPGRGTYNEQFF	G%TPGRGTYNE_G	immgliph	huang
CARGDYEQYF	G%YE_D	immgliph	huang
CASGDYEQYF	G%YE_D	immgliph	huang
CSGGAGRAKNIQYF	GAGRAKN%_IM	immgliph	huang
CSGGAGRAKNMQYF	GAGRAKN%_IM	immgliph	huang
CAVGDTQYF	GD%_AT	immgliph	huang
CSAGDAGDF	GD%_AT	immgliph	huang
CARGDYEQYF	GD%E_Y	immgliph	huang
CASGDYEQYF	GD%E_Y	immgliph	huang
CSAGDRVGGSAYNEQCF	GD%VGGSAYNE_R	immgliph	huang
CSAGDRVGGSAYNEQFF	GD%VGGSAYNE_R	immgliph	huang
CSAGDRVGGSSYNEQFF	GD%VGGSSYNE_R	immgliph	huang
CSAGDRVGGSSYNEQCF	GD%VGGSSYNE_R	immgliph	huang
CSVGDRVGGSSYNEQFF	GD%VGGSSYNE_R	immgliph	huang
CSAGDRVGGSAYNEQCF	GDR%GGSAYNE_V	immgliph	huang
CSAGDRVGGSAYNEQFF	GDR%GGSAYNE_V	immgliph	huang
CSAGDRVGGSSYNEQFF	GDR%GGSSYNE_V	immgliph	huang
CSAGDRVGGSSYNEQCF	GDR%GGSSYNE_V	immgliph	huang
CSVGDRVGGSSYNEQFF	GDR%GGSSYNE_V	immgliph	huang
CSAGDRVGGSAYNEQCF	GDRV%GSAYNE_G	immgliph	huang
CSAGDRVGGSAYNEQFF	GDRV%GSAYNE_G	immgliph	huang
CSAGDRVGGSSYNEQFF	GDRV%GSSYNE_G	immgliph	huang
CSAGDRVGGSSYNEQCF	GDRV%GSSYNE_G	immgliph	huang
CSVGDRVGGSSYNEQFF	GDRV%GSSYNE_G	immgliph	huang
CSAGDRVGGSAYNEQCF	GDRVG%SAYNE_G	immgliph	huang
CSAGDRVGGSAYNEQFF	GDRVG%SAYNE_G	immgliph	huang
CSAGDRVGGSSYNEQFF	GDRVG%SSYNE_G	immgliph	huang
CSAGDRVGGSSYNEQCF	GDRVG%SSYNE_G	immgliph	huang
CSVGDRVGGSSYNEQFF	GDRVG%SSYNE_G	immgliph	huang
CSAGDRVGGSAYNEQCF	GDRVGG%AYNE_S	immgliph	huang
CSAGDRVGGSAYNEQFF	GDRVGG%AYNE_S	immgliph	huang
CSAGDRVGGSSYNEQFF	GDRVGG%SYNE_S	immgliph	huang
CSAGDRVGGSSYNEQCF	GDRVGG%SYNE_S	immgliph	huang
CSVGDRVGGSSYNEQFF	GDRVGG%SYNE_S	immgliph	huang
CSAGDRVGGSSYNEQFF	GDRVGGS%YNE_AS	immgliph	huang
CSAGDRVGGSAYNEQCF	GDRVGGS%YNE_AS	immgliph	huang
CSAGDRVGGSAYNEQFF	GDRVGGS%YNE_AS	immgliph	huang
CSAGDRVGGSSYNEQCF	GDRVGGS%YNE_AS	immgliph	huang
CSVGDRVGGSSYNEQFF	GDRVGGS%YNE_AS	immgliph	huang
CSAGDRVGGSAYNEQCF	GDRVGGSA%NE_Y	immgliph	huang
CSAGDRVGGSAYNEQFF	GDRVGGSA%NE_Y	immgliph	huang
CSAGDRVGGSAYNEQCF	GDRVGGSAY%E_N	immgliph	huang
CSAGDRVGGSAYNEQFF	GDRVGGSAY%E_N	immgliph	huang
CSAGDRVGGSAYNEQCF	GDRVGGSAYN%_E	immgliph	huang
CSAGDRVGGSAYNEQFF	GDRVGGSAYN%_E	immgliph	huang
CSAGDRVGGSSYNEQFF	GDRVGGSS%NE_Y	immgliph	huang
CSAGDRVGGSSYNEQCF	GDRVGGSS%NE_Y	immgliph	huang
CSVGDRVGGSSYNEQFF	GDRVGGSS%NE_Y	immgliph	huang
CSAGDRVGGSSYNEQFF	GDRVGGSSY%E_DKN	immgliph	huang
CSAGDRVGGSSYDEQFF	GDRVGGSSY%E_DKN	immgliph	huang
CSAGDRVGGSSYKEQFF	GDRVGGSSY%E_DKN	immgliph	huang
CSAGDRVGGSSYNEQCF	GDRVGGSSY%E_DKN	immgliph	huang
CSVGDRVGGSSYNEQFF	GDRVGGSSY%E_DKN	immgliph	huang
CSAGDRVGGSSYNEQFF	GDRVGGSSYN%_E	immgliph	huang
CSAGDRVGGSSYNEQCF	GDRVGGSSYN%_E	immgliph	huang
CSVGDRVGGSSYNEQFF	GDRVGGSSYN%_E	immgliph	huang
CARGDYEQYF	GDY%_E	immgliph	huang
CASGDYEQYF	GDY%_E	immgliph	huang
CGGGEGGGANVLTF	GE%GGANV_G	immgliph	huang
CRAGEGGGANVLTF	GE%GGANV_G	immgliph	huang
CGGGEGGGANVLTF	GEG%GANV_G	immgliph	huang
CRAGEGGGANVLTF	GEG%GANV_G	immgliph	huang
CGGGEGGGANVLTF	GEGG%ANV_G	immgliph	huang
CRAGEGGGANVLTF	GEGG%ANV_G	immgliph	huang
CGGGEGGGANVLTF	GEGGG%NV_A	immgliph	huang
CRAGEGGGANVLTF	GEGGG%NV_A	immgliph	huang
CGGGEGGGANVLTF	GEGGGA%V_N	immgliph	huang
CRAGEGGGANVLTF	GEGGGA%V_N	immgliph	huang
CGGGEGGGANVLTF	GEGGGAN%_V	immgliph	huang
CRAGEGGGANVLTF	GEGGGAN%_V	immgliph	huang
CAGGGGGRGAGETQYF	GG%GRGAGET_G	immgliph	huang
CASGGGGRGAGETQYF	GG%GRGAGET_G	immgliph	huang
CRGGGGKTEAFF	GG%KTE_G	immgliph	huang
CSAGGGKTEAFF	GG%KTE_G	immgliph	huang
CSGGGKNYGYTF	GG%NYG_K	immgliph	huang
CSVGGKNYGYTF	GG%NYG_K	immgliph	huang
CSAGGTPGRGTYNEQFF	GG%PGRGTYNE_T	immgliph	huang
CRAGGTPGRGTYNEQFF	GG%PGRGTYNE_T	immgliph	huang
CASGGASGNEKLFF	GG%SGNEK_A	immgliph	huang
CATGGASGNEKMFF	GG%SGNEK_A	immgliph	huang
CASGGASGNEKLFF	GGA%GNEK_S	immgliph	huang
CATGGASGNEKMFF	GGA%GNEK_S	immgliph	huang
CASGGASGNEKLFF	GGAS%NEK_G	immgliph	huang
CATGGASGNEKMFF	GGAS%NEK_G	immgliph	huang
CASGGASGNEKLFF	GGASG%EK_N	immgliph	huang
CATGGASGNEKMFF	GGASG%EK_N	immgliph	huang
CASGGASGNEKLFF	GGASGN%K_E	immgliph	huang
CATGGASGNEKMFF	GGASGN%K_E	immgliph	huang
CASGGASGNEKLFF	GGASGNE%_K	immgliph	huang
CATGGASGNEKMFF	GGASGNE%_K	immgliph	huang
CAGGGGGRGAGETQYF	GGG%RGAGET_G	immgliph	huang
CASGGGGRGAGETQYF	GGG%RGAGET_G	immgliph	huang
CRGGGGKTEAFF	GGG%TE_K	immgliph	huang
CSAGGGKTEAFF	GGG%TE_K	immgliph	huang
CAGGGGGRGAGETQYF	GGGG%GAGET_R	immgliph	huang
CASGGGGRGAGETQYF	GGGG%GAGET_R	immgliph	huang
CAGGGGGRGAGETQYF	GGGGR%AGET_G	immgliph	huang
CASGGGGRGAGETQYF	GGGGR%AGET_G	immgliph	huang
CAGGGGGRGAGETQYF	GGGGRG%GET_A	immgliph	huang
CASGGGGRGAGETQYF	GGGGRG%GET_A	immgliph	huang
CAGGGGGRGAGETQYF	GGGGRGA%ET_G	immgliph	huang
CASGGGGRGAGETQYF	GGGGRGA%ET_G	immgliph	huang
CAGGGGGRGAGETQYF	GGGGRGAG%T_E	immgliph	huang
CASGGGGRGAGETQYF	GGGGRGAG%T_E	immgliph	huang
CAGGGGGRGAGETQYF	GGGGRGAGE%_T	immgliph	huang
CASGGGGRGAGETQYF	GGGGRGAGE%_T	immgliph	huang
CRGGGGKTEAFF	GGGK%E_T	immgliph	huang
CSAGGGKTEAFF	GGGK%E_T	immgliph	huang
CRGGGGKTEAFF	GGGKT%_E	immgliph	huang
CSAGGGKTEAFF	GGGKT%_E	immgliph	huang
CSGGGGSEPQHF	GGGS%P_EQ	immgliph	huang
CSVGGGSQPQHF	GGGS%P_EQ	immgliph	huang
CSGGGKNYGYTF	GGK%YG_N	immgliph	huang
CSVGGKNYGYTF	GGK%YG_N	immgliph	huang
CSGGGKNYGYTF	GGKN%G_Y	immgliph	huang
CSVGGKNYGYTF	GGKN%G_Y	immgliph	huang
CSGGGKNYGYTF	GGKNY%_G	immgliph	huang
CSVGGKNYGYTF	GGKNY%_G	immgliph	huang
CSAGGTPGRGTYNEQFF	GGT%GRGTYNE_P	immgliph	huang
CRAGGTPGRGTYNEQFF	GGT%GRGTYNE_P	immgliph	huang
CSAGGTPAGGTYNEQYF	GGTP%GGTYNE_AG	immgliph	huang
CSAGGTPGGGTYNEQFF	GGTP%GGTYNE_AG	immgliph	huang
CSAGGTPGRGTYNEQFF	GGTP%RGTYNE_G	immgliph	huang
CRAGGTPGRGTYNEQFF	GGTP%RGTYNE_G	immgliph	huang
CSAGGTPGRGTYNEQFF	GGTPG%GTYNE_R	immgliph	huang
CRAGGTPGRGTYNEQFF	GGTPG%GTYNE_R	immgliph	huang
CSAGGTPGRGTYNEQFF	GGTPGR%TYNE_G	immgliph	huang
CRAGGTPGRGTYNEQFF	GGTPGR%TYNE_G	immgliph	huang
CSAGGTPGRGTYNEQFF	GGTPGRG%YNE_T	immgliph	huang
CRAGGTPGRGTYNEQFF	GGTPGRG%YNE_T	immgliph	huang
CSAGGTPGRGTYNEQFF	GGTPGRGT%NE_Y	immgliph	huang
CRAGGTPGRGTYNEQFF	GGTPGRGT%NE_Y	immgliph	huang
CSAGGTPGRGTYNEQFF	GGTPGRGTY%E_N	immgliph	huang
CRAGGTPGRGTYNEQFF	GGTPGRGTY%E_N	immgliph	huang
CSAGGTPGRGTYNEQFF	GGTPGRGTYN%_E	immgliph	huang
CRAGGTPGRGTYNEQFF	GGTPGRGTYN%_E	immgliph	huang
CSAGLTRAKNIQYF	GLTRAKN%_IM	immgliph	huang
CSAGLTRAKNMQYF	GLTRAKN%_IM	immgliph	huang
CASGLVDRGRDHPQHF	GLVDRGRD%P_HQ	immgliph	huang
CASGLVDRGRDQPQHF	GLVDRGRD%P_HQ	immgliph	huang
CASGNGGAGDTQYF	GNGG%GDT_AG	immgliph	huang
CASGNGGGGDTQYF	GNGG%GDT_AG	immgliph	huang
CAGGPGGTYEQYF	GP%GTYE_G	immgliph	huang
CASGPGGTYEQYF	GP%GTYE_G	immgliph	huang
CASGPDPSNQPKHF	GP%PSNQP_D	immgliph	huang
CASGPDPSNQPQHF	GP%PSNQP_D	immgliph	huang
CASGPDPSNQPKHF	GPD%SNQP_P	immgliph	huang
CASGPDPSNQPQHF	GPD%SNQP_P	immgliph	huang
CASGPDPSNQPKHF	GPDP%NQP_S	immgliph	huang
CASGPDPSNQPQHF	GPDP%NQP_S	immgliph	huang
CASGPDPSNQPKHF	GPDPS%QP_N	immgliph	huang
CASGPDPSNQPQHF	GPDPS%QP_N	immgliph	huang
CASGPDPSNQPKHF	GPDPSN%P_Q	immgliph	huang
CASGPDPSNQPQHF	GPDPSN%P_Q	immgliph	huang
CASGPDPSNQPKHF	GPDPSNQ%_P	immgliph	huang
CASGPDPSNQPQHF	GPDPSNQ%_P	immgliph	huang
CAGGPGGTYEQYF	GPG%TYE_G	immgliph	huang
CASGPGGTYEQYF	GPG%TYE_G	immgliph	huang
CAGGPGGTYEQYF	GPGG%YE_T	immgliph	huang
CASGPGGTYEQYF	GPGG%YE_T	immgliph	huang
CAGGPGGTYEQYF	GPGGT%E_Y	immgliph	huang
CASGPGGTYEQYF	GPGGT%E_Y	immgliph	huang
CAGGPGGTYEQYF	GPGGTY%_E	immgliph	huang
CASGPGGTYEQYF	GPGGTY%_E	immgliph	huang
CSAGQGADTEAFF	GQ%ADTE_G	immgliph	huang
CRAGQGADTEAFF	GQ%ADTE_G	immgliph	huang
CSAGQGADTEAFF	GQG%DTE_A	immgliph	huang
CRAGQGADTEAFF	GQG%DTE_A	immgliph	huang
CSAGQGADTEAFF	GQGA%TE_D	immgliph	huang
CRAGQGADTEAFF	GQGA%TE_D	immgliph	huang
CSAGQGADTEAFF	GQGAD%E_T	immgliph	huang
CRAGQGADTEAFF	GQGAD%E_T	immgliph	huang
CSAGQGADTEAFF	GQGADT%_E	immgliph	huang
CRAGQGADTEAFF	GQGADT%_E	immgliph	huang
CAGGRQGGRTEAFF	GR%GGRTE_KQ	immgliph	huang
CASGRKGGRTEAFF	GR%GGRTE_KQ	immgliph	huang
CASGRQGGRTEAFF	GR%GGRTE_KQ	immgliph	huang
CAWGRHSYEQYF	GR%SYE_H	immgliph	huang
CAGGRHSYEQYF	GR%SYE_H	immgliph	huang
CARGRDTQYF	GR%T_D	immgliph	huang
CSAGRDTQYF	GR%T_D	immgliph	huang
CARGRDTQYF	GRD%_T	immgliph	huang
CSAGRDTQYF	GRD%_T	immgliph	huang
CSIGRGMNTEAFF	GRG%NTE_FM	immgliph	huang
CSSGRGFNTEAFF	GRG%NTE_FM	immgliph	huang
CAWGRHSYEQYF	GRH%YE_S	immgliph	huang
CAGGRHSYEQYF	GRH%YE_S	immgliph	huang
CAWGRHSYEQYF	GRHS%E_Y	immgliph	huang
CAGGRHSYEQYF	GRHS%E_Y	immgliph	huang
CAWGRHSYEQYF	GRHSY%_E	immgliph	huang
CAGGRHSYEQYF	GRHSY%_E	immgliph	huang
CAGGRQGGRTEAFF	GRQ%GRTE_G	immgliph	huang
CASGRQGGRTEAFF	GRQ%GRTE_G	immgliph	huang
CAGGRQGGRTEAFF	GRQG%RTE_G	immgliph	huang
CASGRQGGRTEAFF	GRQG%RTE_G	immgliph	huang
CAGGRQGGRTEAFF	GRQGG%TE_R	immgliph	huang
CASGRQGGRTEAFF	GRQGG%TE_R	immgliph	huang
CAGGRQGGRTEAFF	GRQGGR%E_T	immgliph	huang
CASGRQGGRTEAFF	GRQGGR%E_T	immgliph	huang
CAGGRQGGRTEAFF	GRQGGRT%_E	immgliph	huang
CASGRQGGRTEAFF	GRQGGRT%_E	immgliph	huang
CSAGSGSDYNEQFF	GS%SDYNE_G	immgliph	huang
CSAGSGSDYNEQCF	GS%SDYNE_G	immgliph	huang
CRVGSGWGMDTEAFF	GS%WGMDTE_G	immgliph	huang
CSVGSGWGMDTEAFF	GS%WGMDTE_G	immgliph	huang
CSAGSGSDYNEQFF	GSG%DYNE_S	immgliph	huang
CSAGSGSDYNEQCF	GSG%DYNE_S	immgliph	huang
CRVGSGWGMDTEAFF	GSG%GMDTE_W	immgliph	huang
CSVGSGWGMDTEAFF	GSG%GMDTE_W	immgliph	huang
CSAGSGSDYNEQFF	GSGS%YNE_D	immgliph	huang
CSAGSGSDYNEQCF	GSGS%YNE_D	immgliph	huang
CSAGSGSDYNEQFF	GSGSD%NE_Y	immgliph	huang
CSAGSGSDYNEQCF	GSGSD%NE_Y	immgliph	huang
CSAGSGSDYNEQFF	GSGSDY%E_N	immgliph	huang
CSAGSGSDYNEQCF	GSGSDY%E_N	immgliph	huang
CSAGSGSDYNEQFF	GSGSDYN%_E	immgliph	huang
CSAGSGSDYNEQCF	GSGSDYN%_E	immgliph	huang
CSAGSGVGKEQFF	GSGVG%E_KN	immgliph	huang
CSAGSGVGNEQFF	GSGVG%E_KN	immgliph	huang
CRVGSGWGMDTEAFF	GSGW%MDTE_G	immgliph	huang
CSVGSGWGMDTEAFF	GSGW%MDTE_G	immgliph	huang
CRVGSGWGMDTEAFF	GSGWG%DTE_M	immgliph	huang
CSVGSGWGMDTEAFF	GSGWG%DTE_M	immgliph	huang
CRVGSGWGMDTEAFF	GSGWGM%TE_D	immgliph	huang
CSVGSGWGMDTEAFF	GSGWGM%TE_D	immgliph	huang
CRVGSGWGMDTEAFF	GSGWGMD%E_T	immgliph	huang
CSVGSGWGMDTEAFF	GSGWGMD%E_T	immgliph	huang
CRVGSGWGMDTEAFF	GSGWGMDT%_E	immgliph	huang
CSVGSGWGMDTEAFF	GSGWGMDT%_E	immgliph	huang
CRTGTGLGNEQFF	GT%LGNE_G	immgliph	huang
CSTGTGLGNEQFF	GT%LGNE_G	immgliph	huang
CSAGTSRAKNIRYF	GT%RAKNI_GS	immgliph	huang
CSAGTGRAKNIQYF	GT%RAKNI_GS	immgliph	huang
CSAGTSRAKNIQYF	GT%RAKNI_GS	immgliph	huang
CGVGTSSYEQYF	GT%SYE_S	immgliph	huang
CSVGTSSYEQYF	GT%SYE_S	immgliph	huang
CRTGTGLGNEQFF	GTG%GNE_L	immgliph	huang
CSTGTGLGNEQFF	GTG%GNE_L	immgliph	huang
CRTGTGLGNEQFF	GTGL%NE_G	immgliph	huang
CSTGTGLGNEQFF	GTGL%NE_G	immgliph	huang
CRTGTGLGNEQFF	GTGLG%E_N	immgliph	huang
CSTGTGLGNEQFF	GTGLG%E_N	immgliph	huang
CRTGTGLGNEQFF	GTGLGN%_E	immgliph	huang
CSTGTGLGNEQFF	GTGLGN%_E	immgliph	huang
CSAGTSRAKNIRYF	GTS%AKNI_R	immgliph	huang
CSAGTSRAKNIQYF	GTS%AKNI_R	immgliph	huang
CGVGTSSYEQYF	GTS%YE_S	immgliph	huang
CSVGTSSYEQYF	GTS%YE_S	immgliph	huang
CSAGTSRAKNIRYF	GTSR%KNI_A	immgliph	huang
CSAGTSRAKNIQYF	GTSR%KNI_A	immgliph	huang
CSAGTSRAKNIRYF	GTSRA%NI_K	immgliph	huang
CSAGTSRAKNIQYF	GTSRA%NI_K	immgliph	huang
CSAGTSRAKNIRYF	GTSRAK%I_N	immgliph	huang
CSAGTSRAKNIQYF	GTSRAK%I_N	immgliph	huang
CSAGTSRAKNIRYF	GTSRAKN%_I	immgliph	huang
CSAGTSRAKNIQYF	GTSRAKN%_I	immgliph	huang
CGVGTSSYEQYF	GTSS%E_Y	immgliph	huang
CSVGTSSYEQYF	GTSS%E_Y	immgliph	huang
CGVGTSSYEQYF	GTSSY%_E	immgliph	huang
CSVGTSSYEQYF	GTSSY%_E	immgliph	huang
CAGGVGGGGAGETQYF	GV%GGGAGET_G	immgliph	huang
CARGVGGGGAGETQYF	GV%GGGAGET_G	immgliph	huang
CASGVGGGGAGETQYF	GV%GGGAGET_G	immgliph	huang
CAGGVGGRGAGETQYF	GV%GRGAGET_G	immgliph	huang
CASGVGGRGAGETQYF	GV%GRGAGET_G	immgliph	huang
CAGGVGGGGAGETQYF	GVG%GGAGET_G	immgliph	huang
CARGVGGGGAGETQYF	GVG%GGAGET_G	immgliph	huang
CASGVGGGGAGETQYF	GVG%GGAGET_G	immgliph	huang
CAGGVGGRGAGETQYF	GVG%RGAGET_G	immgliph	huang
CASGVGGRGAGETQYF	GVG%RGAGET_G	immgliph	huang
CAGGVGGGGAGETQYF	GVGG%GAGET_G	immgliph	huang
CARGVGGGGAGETQYF	GVGG%GAGET_G	immgliph	huang
CASGVGGGGAGETQYF	GVGG%GAGET_G	immgliph	huang
CAGGVGGRGAGETQYF	GVGG%GAGET_R	immgliph	huang
CASGVGGRGAGETQYF	GVGG%GAGET_R	immgliph	huang
CAGGVGGGGAGETQYF	GVGGG%AGET_G	immgliph	huang
CARGVGGGGAGETQYF	GVGGG%AGET_G	immgliph	huang
CASGVGGGGAGETQYF	GVGGG%AGET_G	immgliph	huang
CAGGVGGGGAGETQYF	GVGGGG%GET_A	immgliph	huang
CARGVGGGGAGETQYF	GVGGGG%GET_A	immgliph	huang
CASGVGGGGAGETQYF	GVGGGG%GET_A	immgliph	huang
CAGGVGGGGAGETQYF	GVGGGGA%ET_G	immgliph	huang
CARGVGGGGAGETQYF	GVGGGGA%ET_G	immgliph	huang
CASGVGGGGAGETQYF	GVGGGGA%ET_G	immgliph	huang
CAGGVGGGGAGETQYF	GVGGGGAG%T_E	immgliph	huang
CARGVGGGGAGETQYF	GVGGGGAG%T_E	immgliph	huang
CASGVGGGGAGETQYF	GVGGGGAG%T_E	immgliph	huang
CAGGVGGGGAGETQYF	GVGGGGAGE%_T	immgliph	huang
CARGVGGGGAGETQYF	GVGGGGAGE%_T	immgliph	huang
CASGVGGGGAGETQYF	GVGGGGAGE%_T	immgliph	huang
CAGGVGGRGAGETQYF	GVGGR%AGET_G	immgliph	huang
CASGVGGRGAGETQYF	GVGGR%AGET_G	immgliph	huang
CAGGVGGRGAGETQYF	GVGGRG%GET_A	immgliph	huang
CASGVGGRGAGETQYF	GVGGRG%GET_A	immgliph	huang
CAGGVGGRGAGETQYF	GVGGRGA%ET_G	immgliph	huang
CASGVGGRGAGETQYF	GVGGRGA%ET_G	immgliph	huang
CAGGVGGRGAGETQYF	GVGGRGAG%T_E	immgliph	huang
CASGVGGRGAGETQYF	GVGGRGAG%T_E	immgliph	huang
CAGGVGGRGAGETQYF	GVGGRGAGE%_T	immgliph	huang
CASGVGGRGAGETQYF	GVGGRGAGE%_T	immgliph	huang
CATHIAGGYTDTQYF	H%AGGYTDT_I	immgliph	huang
CAPHIAGGYTDTQYF	H%AGGYTDT_I	immgliph	huang
CSAHRDRGLVNTEGFF	H%DRGLVNTE_R	immgliph	huang
CSAHRDRGLVNTEAFF	H%DRGLVNTE_R	immgliph	huang
CSDHRDRGLVNTEAFF	H%DRGLVNTE_R	immgliph	huang
CALHRGLNYGYTF	H%GLNYG_R	immgliph	huang
CALHRGLNYGYPF	H%GLNYG_R	immgliph	huang
CSAHFKGAGGTGELFF	H%KGAGGTGE_F	immgliph	huang
CSAHFKGAGGTGELLF	H%KGAGGTGE_F	immgliph	huang
CSAHTTGLAVLDTQYF	H%TGLAVLDT_T	immgliph	huang
CRAHTTGLAVLDTQYF	H%TGLAVLDT_T	immgliph	huang
CSAHFKGAGGTGELFF	HF%GAGGTGE_K	immgliph	huang
CSAHFKGAGGTGELLF	HF%GAGGTGE_K	immgliph	huang
CSAHFKGAGGTGELFF	HFK%AGGTGE_G	immgliph	huang
CSAHFKGAGGTGELLF	HFK%AGGTGE_G	immgliph	huang
CSAHFKGAGGTGELFF	HFKG%GGTGE_A	immgliph	huang
CSAHFKGAGGTGELLF	HFKG%GGTGE_A	immgliph	huang
CSAHFKGAGGTGELFF	HFKGA%GTGE_G	immgliph	huang
CSAHFKGAGGTGELLF	HFKGA%GTGE_G	immgliph	huang
CSAHFKGAGGTGELFF	HFKGAG%TGE_G	immgliph	huang
CSAHFKGAGGTGELLF	HFKGAG%TGE_G	immgliph	huang
CSAHFKGAGGTGELFF	HFKGAGG%GE_T	immgliph	huang
CSAHFKGAGGTGELLF	HFKGAGG%GE_T	immgliph	huang
CSAHFKGAGGTGELFF	HFKGAGGT%E_G	immgliph	huang
CSAHFKGAGGTGELLF	HFKGAGGT%E_G	immgliph	huang
CSAHFKGAGGTGELFF	HFKGAGGTG%_E	immgliph	huang
CSAHFKGAGGTGELLF	HFKGAGGTG%_E	immgliph	huang
CATHIAGGYTDTQYF	HI%GGYTDT_A	immgliph	huang
CAPHIAGGYTDTQYF	HI%GGYTDT_A	immgliph	huang
CATHIAGGYTDTQYF	HIA%GYTDT_G	immgliph	huang
CAPHIAGGYTDTQYF	HIA%GYTDT_G	immgliph	huang
CATHIAGGYTDTQYF	HIAG%YTDT_G	immgliph	huang
CAPHIAGGYTDTQYF	HIAG%YTDT_G	immgliph	huang
CATHIAGGYTDTQYF	HIAGG%TDT_Y	immgliph	huang
CAPHIAGGYTDTQYF	HIAGG%TDT_Y	immgliph	huang
CATHIAGGYTDTQYF	HIAGGY%DT_T	immgliph	huang
CAPHIAGGYTDTQYF	HIAGGY%DT_T	immgliph	huang
CATHIAGGYTDTQYF	HIAGGYT%T_D	immgliph	huang
CAPHIAGGYTDTQYF	HIAGGYT%T_D	immgliph	huang
CATHIAGGYTDTQYF	HIAGGYTD%_T	immgliph	huang
CAPHIAGGYTDTQYF	HIAGGYTD%_T	immgliph	huang
CALHRGLNYGYTF	HR%LNYG_G	immgliph	huang
CALHRGLNYGYPF	HR%LNYG_G	immgliph	huang
CSAHRDRGLVNTEGFF	HR%RGLVNTE_D	immgliph	huang
CSAHRDRGLVNTEAFF	HR%RGLVNTE_D	immgliph	huang
CSDHRDRGLVNTEAFF	HR%RGLVNTE_D	immgliph	huang
CSAHRDRGLVNTEGFF	HRD%GLVNTE_R	immgliph	huang
CSAHRDRGLVNTEAFF	HRD%GLVNTE_R	immgliph	huang
CSDHRDRGLVNTEAFF	HRD%GLVNTE_R	immgliph	huang
CSAHRDRGLVNTEGFF	HRDR%LVNTE_G	immgliph	huang
CSAHRDRGLVNTEAFF	HRDR%LVNTE_G	immgliph	huang
CSDHRDRGLVNTEAFF	HRDR%LVNTE_G	immgliph	huang
CSAHRDRGLVNTEGFF	HRDRG%VNTE_LV	immgliph	huang
CRAHRDRGVVNTEAFF	HRDRG%VNTE_LV	immgliph	huang
CSAHRDRGLVNTEAFF	HRDRG%VNTE_LV	immgliph	huang
CSDHRDRGLVNTEAFF	HRDRG%VNTE_LV	immgliph	huang
CSAHRDRGLVNTEGFF	HRDRGL%NTE_V	immgliph	huang
CSAHRDRGLVNTEAFF	HRDRGL%NTE_V	immgliph	huang
CSDHRDRGLVNTEAFF	HRDRGL%NTE_V	immgliph	huang
CSAHRDRGLVNTEGFF	HRDRGLV%TE_NS	immgliph	huang
CSAHRDRGLVNTEAFF	HRDRGLV%TE_NS	immgliph	huang
CSAHRDRGLVSTEAFF	HRDRGLV%TE_NS	immgliph	huang
CSDHRDRGLVNTEAFF	HRDRGLV%TE_NS	immgliph	huang
CSAHRDRGLVNTEGFF	HRDRGLVN%E_T	immgliph	huang
CSAHRDRGLVNTEAFF	HRDRGLVN%E_T	immgliph	huang
CSDHRDRGLVNTEAFF	HRDRGLVN%E_T	immgliph	huang
CSAHRDRGLVNTEGFF	HRDRGLVNT%_E	immgliph	huang
CSAHRDRGLVNTEAFF	HRDRGLVNT%_E	immgliph	huang
CSDHRDRGLVNTEAFF	HRDRGLVNT%_E	immgliph	huang
CALHRGLNYGYTF	HRG%NYG_L	immgliph	huang
CALHRGLNYGYPF	HRG%NYG_L	immgliph	huang
CALHRGLNYGYTF	HRGL%YG_N	immgliph	huang
CALHRGLNYGYPF	HRGL%YG_N	immgliph	huang
CALHRGLNYGYTF	HRGLN%G_Y	immgliph	huang
CALHRGLNYGYPF	HRGLN%G_Y	immgliph	huang
CALHRGLNYGYTF	HRGLNY%_G	immgliph	huang
CALHRGLNYGYPF	HRGLNY%_G	immgliph	huang
CSAHTTGLAVLDTQYF	HT%GLAVLDT_T	immgliph	huang
CRAHTTGLAVLDTQYF	HT%GLAVLDT_T	immgliph	huang
CSAHTTGLAVLDTQYF	HTT%LAVLDT_G	immgliph	huang
CRAHTTGLAVLDTQYF	HTT%LAVLDT_G	immgliph	huang
CSAHTTGLAVLDTQYF	HTTG%AVLDT_L	immgliph	huang
CRAHTTGLAVLDTQYF	HTTG%AVLDT_L	immgliph	huang
CSAHTTGLAVLDTQYF	HTTGL%VLDT_A	immgliph	huang
CRAHTTGLAVLDTQYF	HTTGL%VLDT_A	immgliph	huang
CSAHTTGLAVLDTQYF	HTTGLA%LDT_V	immgliph	huang
CRAHTTGLAVLDTQYF	HTTGLA%LDT_V	immgliph	huang
CSAHTTGLAVLDTQYF	HTTGLAV%DT_L	immgliph	huang
CRAHTTGLAVLDTQYF	HTTGLAV%DT_L	immgliph	huang
CSAHTTGLAVLDTQYF	HTTGLAVL%T_D	immgliph	huang
CRAHTTGLAVLDTQYF	HTTGLAVL%T_D	immgliph	huang
CSAHTTGLAVLDTQYF	HTTGLAVLD%_T	immgliph	huang
CRAHTTGLAVLDTQYF	HTTGLAVLD%_T	immgliph	huang
CSSIKDGYNTEAFF	I%DGYNTE_K	immgliph	huang
CASIKDGYNTEAFF	I%DGYNTE_K	immgliph	huang
CASIKDGYNTEACF	I%DGYNTE_K	immgliph	huang
CASITGDLTEAFF	I%GDLTE_T	immgliph	huang
CARITGDLTEAFF	I%GDLTE_T	immgliph	huang
CSAISGLSLVEAFF	I%GLSLVE_S	immgliph	huang
CSDISGLSLVEAFF	I%GLSLVE_S	immgliph	huang
CRVIKPAGGYEQYF	I%PAGGYE_K	immgliph	huang
CSVIKPAGGYEQYF	I%PAGGYE_K	immgliph	huang
CASIFRLEGADTKYF	I%RLEGADT_F	immgliph	huang
CASIFRLEGADTQYF	I%RLEGADT_F	immgliph	huang
CSVIPRVASGRAGEETQYF	I%RVASGRAGEET_P	immgliph	huang
CSFIPRVASGRAGEETQYF	I%RVASGRAGEET_P	immgliph	huang
CASISTGGTEAFF	I%TGGTE_QS	immgliph	huang
CASIQTGGTEAFF	I%TGGTE_QS	immgliph	huang
CASIQTGGTETFF	I%TGGTE_QS	immgliph	huang
CASIFRLEGADTKYF	IF%LEGADT_R	immgliph	huang
CASIFRLEGADTQYF	IF%LEGADT_R	immgliph	huang
CASIFRLEGADTKYF	IFR%EGADT_L	immgliph	huang
CASIFRLEGADTQYF	IFR%EGADT_L	immgliph	huang
CASIFRLEGADTKYF	IFRL%GADT_E	immgliph	huang
CASIFRLEGADTQYF	IFRL%GADT_E	immgliph	huang
CASIFRLEGADTKYF	IFRLE%ADT_G	immgliph	huang
CASIFRLEGADTQYF	IFRLE%ADT_G	immgliph	huang
CASIFRLEGADTKYF	IFRLEG%DT_A	immgliph	huang
CASIFRLEGADTQYF	IFRLEG%DT_A	immgliph	huang
CASIFRLEGADTKYF	IFRLEGA%T_D	immgliph	huang
CASIFRLEGADTQYF	IFRLEGA%T_D	immgliph	huang
CASIFRLEGADTKYF	IFRLEGAD%_T	immgliph	huang
CASIFRLEGADTQYF	IFRLEGAD%_T	immgliph	huang
CRVIKPAGGYEQYF	IK%AGGYE_P	immgliph	huang
CSVIKPAGGYEQYF	IK%AGGYE_P	immgliph	huang
CSSIKDGYNTEAFF	IK%GYNTE_D	immgliph	huang
CASIKDGYNTEAFF	IK%GYNTE_D	immgliph	huang
CASIKDGYNTEACF	IK%GYNTE_D	immgliph	huang
CSSIKDGYNTEAFF	IKD%YNTE_G	immgliph	huang
CASIKDGYNTEAFF	IKD%YNTE_G	immgliph	huang
CASIKDGYNTEACF	IKD%YNTE_G	immgliph	huang
CSSIKDGYNTEAFF	IKDG%NTE_Y	immgliph	huang
CASIKDGYNTEAFF	IKDG%NTE_Y	immgliph	huang
CASIKDGYNTEACF	IKDG%NTE_Y	immgliph	huang
CSSIKDGYNTEAFF	IKDGY%TE_N	immgliph	huang
CASIKDGYNTEAFF	IKDGY%TE_N	immgliph	huang
CASIKDGYNTEACF	IKDGY%TE_N	immgliph	huang
CSSIKDGYNTEAFF	IKDGYN%E_T	immgliph	huang
CASIKDGYNTEAFF	IKDGYN%E_T	immgliph	huang
CASIKDGYNTEACF	IKDGYN%E_T	immgliph	huang
CSSIKDGYNTEAFF	IKDGYNT%_E	immgliph	huang
CASIKDGYNTEAFF	IKDGYNT%_E	immgliph	huang
CASIKDGYNTEACF	IKDGYNT%_E	immgliph	huang
CRVIKPAGGYEQYF	IKP%GGYE_A	immgliph	huang
CSVIKPAGGYEQYF	IKP%GGYE_A	immgliph	huang
CRVIKPAGGYEQYF	IKPA%GYE_G	immgliph	huang
CSVIKPAGGYEQYF	IKPA%GYE_G	immgliph	huang
CRVIKPAGGYEQYF	IKPAG%YE_G	immgliph	huang
CSVIKPAGGYEQYF	IKPAG%YE_G	immgliph	huang
CRVIKPAGGYEQYF	IKPAGG%E_Y	immgliph	huang
CSVIKPAGGYEQYF	IKPAGG%E_Y	immgliph	huang
CRVIKPAGGYEQYF	IKPAGGY%_E	immgliph	huang
CSVIKPAGGYEQYF	IKPAGGY%_E	immgliph	huang
CSAILPDAKSNQPQHF	ILPDAKS%QP_HN	immgliph	huang
CSAILPDAKSHQPQHF	ILPDAKS%QP_HN	immgliph	huang
CSVIPRVASGRAGEETQYF	IP%VASGRAGEET_R	immgliph	huang
CSFIPRVASGRAGEETQYF	IP%VASGRAGEET_R	immgliph	huang
CSVIPRVASGRAGEETQYF	IPR%ASGRAGEET_V	immgliph	huang
CSFIPRVASGRAGEETQYF	IPR%ASGRAGEET_V	immgliph	huang
CSVIPRVASGRAGEETQYF	IPRV%SGRAGEET_A	immgliph	huang
CSFIPRVASGRAGEETQYF	IPRV%SGRAGEET_A	immgliph	huang
CSVIPRVASGRAGEETQYF	IPRVA%GRAGEET_S	immgliph	huang
CSFIPRVASGRAGEETQYF	IPRVA%GRAGEET_S	immgliph	huang
CSVIPRVASGRAGEETQYF	IPRVAS%RAGEET_G	immgliph	huang
CSFIPRVASGRAGEETQYF	IPRVAS%RAGEET_G	immgliph	huang
CSVIPRVASGRAGEETQYF	IPRVASG%AGEET_R	immgliph	huang
CSFIPRVASGRAGEETQYF	IPRVASG%AGEET_R	immgliph	huang
CSVIPRVASGRAGEETQYF	IPRVASGR%GEET_A	immgliph	huang
CSFIPRVASGRAGEETQYF	IPRVASGR%GEET_A	immgliph	huang
CSVIPRVASGRAGEETQYF	IPRVASGRA%EET_G	immgliph	huang
CSFIPRVASGRAGEETQYF	IPRVASGRA%EET_G	immgliph	huang
CSVIPRVASGRAGEETQYF	IPRVASGRAG%ET_E	immgliph	huang
CSFIPRVASGRAGEETQYF	IPRVASGRAG%ET_E	immgliph	huang
CSVIPRVASGRAGEETQYF	IPRVASGRAGE%T_E	immgliph	huang
CSFIPRVASGRAGEETQYF	IPRVASGRAGE%T_E	immgliph	huang
CSVIPRVASGRAGEETQYF	IPRVASGRAGEE%_T	immgliph	huang
CSFIPRVASGRAGEETQYF	IPRVASGRAGEE%_T	immgliph	huang
CASIQTGGTEAFF	IQ%GGTE_T	immgliph	huang
CASIQTGGTETFF	IQ%GGTE_T	immgliph	huang
CASIQTGGTEAFF	IQT%GTE_G	immgliph	huang
CASIQTGGTETFF	IQT%GTE_G	immgliph	huang
CASIQTGGTEAFF	IQTG%TE_G	immgliph	huang
CASIQTGGTETFF	IQTG%TE_G	immgliph	huang
CASIQTGGTEAFF	IQTGG%E_T	immgliph	huang
CASIQTGGTETFF	IQTGG%E_T	immgliph	huang
CASIQTGGTEAFF	IQTGGT%_E	immgliph	huang
CASIQTGGTETFF	IQTGGT%_E	immgliph	huang
CSVIRGRGAGAGTDTQYF	IRGRGAG%GTDT_AT	immgliph	huang
CSVIRGRGAGTGTDTKYF	IRGRGAG%GTDT_AT	immgliph	huang
CSAISGLSLVEAFF	IS%LSLVE_G	immgliph	huang
CSDISGLSLVEAFF	IS%LSLVE_G	immgliph	huang
CSAISGLSLVEAFF	ISG%SLVE_L	immgliph	huang
CSDISGLSLVEAFF	ISG%SLVE_L	immgliph	huang
CSAISGLSLVEAFF	ISGL%LVE_S	immgliph	huang
CSDISGLSLVEAFF	ISGL%LVE_S	immgliph	huang
CSAISGLSLVEAFF	ISGLS%VE_L	immgliph	huang
CSDISGLSLVEAFF	ISGLS%VE_L	immgliph	huang
CSAISGLSLVEAFF	ISGLSL%E_V	immgliph	huang
CSDISGLSLVEAFF	ISGLSL%E_V	immgliph	huang
CSAISGLSLVEAFF	ISGLSLV%_E	immgliph	huang
CSDISGLSLVEAFF	ISGLSLV%_E	immgliph	huang
CASITGDLTEAFF	IT%DLTE_G	immgliph	huang
CARITGDLTEAFF	IT%DLTE_G	immgliph	huang
CASITGDLTEAFF	ITG%LTE_D	immgliph	huang
CARITGDLTEAFF	ITG%LTE_D	immgliph	huang
CASITGDLTEAFF	ITGD%TE_L	immgliph	huang
CARITGDLTEAFF	ITGD%TE_L	immgliph	huang
CASITGDLTEAFF	ITGDL%E_T	immgliph	huang
CARITGDLTEAFF	ITGDL%E_T	immgliph	huang
CASITGDLTEAFF	ITGDLT%_E	immgliph	huang
CARITGDLTEAFF	ITGDLT%_E	immgliph	huang
CSVITGTAGNTIYF	ITGTAGN%_NT	immgliph	huang
CSVITGTAGNNIYF	ITGTAGN%_NT	immgliph	huang
CASIYSRDSAGNTIYF	IYSRDS%GNT_AS	immgliph	huang
CASIYSRDSSGNTIYF	IYSRDS%GNT_AS	immgliph	huang
CAHKTDSDEQDF	K%DSDE_T	immgliph	huang
CAWKTDSDEQYF	K%DSDE_T	immgliph	huang
CAHKTDSYEQYF	K%DSYE_AT	immgliph	huang
CAWKADSYEQYF	K%DSYE_AT	immgliph	huang
CAWKTDSYEQYF	K%DSYE_AT	immgliph	huang
CASKSGATDTQYF	K%GATDT_AS	immgliph	huang
CASKAGATDTQYF	K%GATDT_AS	immgliph	huang
CSAKIGSPVYF	K%GSP_I	immgliph	huang
CSAKIGSPMYF	K%GSP_I	immgliph	huang
CSAKGPGQGPTRAFF	K%PGQGPTR_G	immgliph	huang
CRAKGPGQGPTRAFF	K%PGQGPTR_G	immgliph	huang
CSAKKQGSGNTEAFF	K%QGSGNTE_K	immgliph	huang
CSAKKQGSGNTESFF	K%QGSGNTE_K	immgliph	huang
CRAKSSHGGDTQYF	K%SHGGDT_S	immgliph	huang
CSAKSSHGGDTQYF	K%SHGGDT_S	immgliph	huang
CSAKSSHGGDTQDF	K%SHGGDT_S	immgliph	huang
CSAKLTGELGEQCF	K%TGELGE_L	immgliph	huang
CSAKLTGELGEQFF	K%TGELGE_L	immgliph	huang
CASKDRASSGANVLTF	KDRASSG%NV_AT	immgliph	huang
CASKDRASSGTNVLTF	KDRASSG%NV_AT	immgliph	huang
CSAKGPGQGPTRAFF	KG%GQGPTR_P	immgliph	huang
CRAKGPGQGPTRAFF	KG%GQGPTR_P	immgliph	huang
CSAKGPGQGPTRAFF	KGP%QGPTR_G	immgliph	huang
CRAKGPGQGPTRAFF	KGP%QGPTR_G	immgliph	huang
CSAKGPGQGPTRAFF	KGPG%GPTR_Q	immgliph	huang
CRAKGPGQGPTRAFF	KGPG%GPTR_Q	immgliph	huang
CSAKGPGQGPTRAFF	KGPGQ%PTR_G	immgliph	huang
CRAKGPGQGPTRAFF	KGPGQ%PTR_G	immgliph	huang
CSAKGPGQGPTRAFF	KGPGQG%TR_P	immgliph	huang
CRAKGPGQGPTRAFF	KGPGQG%TR_P	immgliph	huang
CSAKGPGQGPTRAFF	KGPGQGP%R_T	immgliph	huang
CRAKGPGQGPTRAFF	KGPGQGP%R_T	immgliph	huang
CSAKGPGQGPTRAFF	KGPGQGPT%_R	immgliph	huang
CRAKGPGQGPTRAFF	KGPGQGPT%_R	immgliph	huang
CAWKGRGRYNEQFF	KGRGRY%E_HN	immgliph	huang
CAWKGRGRYHEQFF	KGRGRY%E_HN	immgliph	huang
CSAKIGSPVYF	KI%SP_G	immgliph	huang
CSAKIGSPMYF	KI%SP_G	immgliph	huang
CSAKIGSPVYF	KIG%P_S	immgliph	huang
CSAKIGSPMYF	KIG%P_S	immgliph	huang
CSAKIGSPVYF	KIGS%_P	immgliph	huang
CSAKIGSPMYF	KIGS%_P	immgliph	huang
CSAKKQGSGNTEAFF	KK%GSGNTE_Q	immgliph	huang
CSAKKQGSGNTESFF	KK%GSGNTE_Q	immgliph	huang
CSAKKQGSGNTEAFF	KKQ%SGNTE_G	immgliph	huang
CSAKKQGSGNTESFF	KKQ%SGNTE_G	immgliph	huang
CSAKKQGSGNTEAFF	KKQG%GNTE_S	immgliph	huang
CSAKKQGSGNTESFF	KKQG%GNTE_S	immgliph	huang
CSAKKQGSGNTEAFF	KKQGS%NTE_G	immgliph	huang
CSAKKQGSGNTESFF	KKQGS%NTE_G	immgliph	huang
CSAKKQGSGNTEAFF	KKQGSG%TE_N	immgliph	huang
CSAKKQGSGNTESFF	KKQGSG%TE_N	immgliph	huang
CSAKKQGSGNTEAFF	KKQGSGN%E_T	immgliph	huang
CSAKKQGSGNTESFF	KKQGSGN%E_T	immgliph	huang
CSAKKQGSGNTEAFF	KKQGSGNT%_E	immgliph	huang
CSAKKQGSGNTESFF	KKQGSGNT%_E	immgliph	huang
CSAKLTGELGEQCF	KL%GELGE_T	immgliph	huang
CSAKLTGELGEQFF	KL%GELGE_T	immgliph	huang
CSAKLTGELGEQCF	KLT%ELGE_G	immgliph	huang
CSAKLTGELGEQFF	KLT%ELGE_G	immgliph	huang
CSAKLTGELGEQCF	KLTG%LGE_E	immgliph	huang
CSAKLTGELGEQFF	KLTG%LGE_E	immgliph	huang
CSAKLTGELGEQCF	KLTGE%GE_L	immgliph	huang
CSAKLTGELGEQFF	KLTGE%GE_L	immgliph	huang
CSAKLTGELGEQCF	KLTGEL%E_G	immgliph	huang
CSAKLTGELGEQFF	KLTGEL%E_G	immgliph	huang
CSAKLTGELGEQCF	KLTGELG%_E	immgliph	huang
CSAKLTGELGEQFF	KLTGELG%_E	immgliph	huang
CRAKSSHGGDTQYF	KS%HGGDT_S	immgliph	huang
CSAKSSHGGDTQYF	KS%HGGDT_S	immgliph	huang
CSAKSSHGGDTQDF	KS%HGGDT_S	immgliph	huang
CRAKSSHGGDTQYF	KSS%GGDT_H	immgliph	huang
CSAKSSHGGDTQYF	KSS%GGDT_H	immgliph	huang
CSAKSSHGGDTQDF	KSS%GGDT_H	immgliph	huang
CRAKSSHGGDTQYF	KSSH%GDT_G	immgliph	huang
CSAKSSHGGDTQYF	KSSH%GDT_G	immgliph	huang
CSAKSSHGGDTQDF	KSSH%GDT_G	immgliph	huang
CRAKSSHGGDTQYF	KSSHG%DT_G	immgliph	huang
CSAKSSHGGDTQYF	KSSHG%DT_G	immgliph	huang
CSAKSSHGGDTQDF	KSSHG%DT_G	immgliph	huang
CRAKSSHGGDTQYF	KSSHGG%T_D	immgliph	huang
CSAKSSHGGDTQYF	KSSHGG%T_D	immgliph	huang
CSAKSSHGGDTQDF	KSSHGG%T_D	immgliph	huang
CRAKSSHGGDTQYF	KSSHGGD%_T	immgliph	huang
CSAKSSHGGDTQYF	KSSHGGD%_T	immgliph	huang
CSAKSSHGGDTQDF	KSSHGGD%_T	immgliph	huang
CAHKTDSDEQDF	KT%SDE_D	immgliph	huang
CAWKTDSDEQYF	KT%SDE_D	immgliph	huang
CAHKTDSYEQYF	KT%SYE_D	immgliph	huang
CAWKTDSYEQYF	KT%SYE_D	immgliph	huang
CAHKTDSDEQDF	KTD%DE_S	immgliph	huang
CAWKTDSDEQYF	KTD%DE_S	immgliph	huang
CAHKTDSYEQYF	KTD%YE_AS	immgliph	huang
CAWKTDAYEQYF	KTD%YE_AS	immgliph	huang
CAWKTDSYEQYF	KTD%YE_AS	immgliph	huang
CAHKTDSDEQDF	KTDS%E_D	immgliph	huang
CAWKTDSDEQYF	KTDS%E_D	immgliph	huang
CAHKTDSYEQYF	KTDS%E_Y	immgliph	huang
CAWKTDSYEQYF	KTDS%E_Y	immgliph	huang
CAHKTDSDEQDF	KTDSD%_E	immgliph	huang
CAWKTDSDEQYF	KTDSD%_E	immgliph	huang
CAHKTDSYEQYF	KTDSY%_E	immgliph	huang
CAWKTDSYEQYF	KTDSY%_E	immgliph	huang
CASKVGLAGGAGELFF	KVGLAGG%GE_AV	immgliph	huang
CASKVGLAGGVGELFF	KVGLAGG%GE_AV	immgliph	huang
CASLQGQGFSEQYF	L%GQGFSE_KQ	immgliph	huang
CAILQGQGFSEQYF	L%GQGFSE_KQ	immgliph	huang
CASLKGQGFSEQYF	L%GQGFSE_KQ	immgliph	huang
CSALAPGALSTDTQYF	L%PGALSTDT_A	immgliph	huang
CRALAPGALSTDTQYF	L%PGALSTDT_A	immgliph	huang
CSGLAPGALSTDTQYF	L%PGALSTDT_A	immgliph	huang
CSALAPGDRYTDTQYF	L%PGDRYTDT_AG	immgliph	huang
CSALGPGDRYTDTKYF	L%PGDRYTDT_AG	immgliph	huang
CSALSPGLAGARDEQFF	L%PGLAGARDE_S	immgliph	huang
CSSLSPGLAGARDEQFF	L%PGLAGARDE_S	immgliph	huang
CSALSPGLAGGPATQYF	L%PGLAGGPAT_S	immgliph	huang
CSSLSPGLAGGPATQYF	L%PGLAGGPAT_S	immgliph	huang
CSALTRASEQYF	L%RASE_ST	immgliph	huang
CSALSRASEQYF	L%RASE_ST	immgliph	huang
CGALHRASNEKLFF	L%RASNEK_H	immgliph	huang
CSALHRASNEKLFF	L%RASNEK_H	immgliph	huang
CSALDRVKAGANVLTF	L%RVKAGANV_DN	immgliph	huang
CSALNRVKAGANVLTF	L%RVKAGANV_DN	immgliph	huang
CSALAPGALSTDTQYF	LA%GALSTDT_P	immgliph	huang
CRALAPGALSTDTQYF	LA%GALSTDT_P	immgliph	huang
CSGLAPGALSTDTQYF	LA%GALSTDT_P	immgliph	huang
CSALAPGALSTDTQYF	LAP%ALSTDT_G	immgliph	huang
CRALAPGALSTDTQYF	LAP%ALSTDT_G	immgliph	huang
CSGLAPGALSTDTQYF	LAP%ALSTDT_G	immgliph	huang
CSALAPGALSTDTQYF	LAPG%LSTDT_A	immgliph	huang
CRALAPGALSTDTQYF	LAPG%LSTDT_A	immgliph	huang
CSGLAPGALSTDTQYF	LAPG%LSTDT_A	immgliph	huang
CSALAPGALSTDTQYF	LAPGA%STDT_L	immgliph	huang
CRALAPGALSTDTQYF	LAPGA%STDT_L	immgliph	huang
CSGLAPGALSTDTQYF	LAPGA%STDT_L	immgliph	huang
CSALAPGALSTDTQYF	LAPGAL%TDT_S	immgliph	huang
CRALAPGALSTDTQYF	LAPGAL%TDT_S	immgliph	huang
CSGLAPGALSTDTQYF	LAPGAL%TDT_S	immgliph	huang
CSALAPGALSTDTQYF	LAPGALS%DT_T	immgliph	huang
CRALAPGALSTDTQYF	LAPGALS%DT_T	immgliph	huang
CSGLAPGALSTDTQYF	LAPGALS%DT_T	immgliph	huang
CSALAPGALSTDTQYF	LAPGALST%T_D	immgliph	huang
CRALAPGALSTDTQYF	LAPGALST%T_D	immgliph	huang
CSGLAPGALSTDTQYF	LAPGALST%T_D	immgliph	huang
CSALAPGALSTDTQYF	LAPGALSTD%_T	immgliph	huang
CRALAPGALSTDTQYF	LAPGALSTD%_T	immgliph	huang
CSGLAPGALSTDTQYF	LAPGALSTD%_T	immgliph	huang
CSALGSSGTYEQYF	LG%SGTYE_ST	immgliph	huang
CSALGTSGTYEQYF	LG%SGTYE_ST	immgliph	huang
CGALHRASNEKLFF	LH%ASNEK_R	immgliph	huang
CSALHRASNEKLFF	LH%ASNEK_R	immgliph	huang
CGALHRASNEKLFF	LHR%SNEK_A	immgliph	huang
CSALHRASNEKLFF	LHR%SNEK_A	immgliph	huang
CGALHRASNEKLFF	LHRA%NEK_S	immgliph	huang
CSALHRASNEKLFF	LHRA%NEK_S	immgliph	huang
CGALHRASNEKLFF	LHRAS%EK_N	immgliph	huang
CSALHRASNEKLFF	LHRAS%EK_N	immgliph	huang
CGALHRASNEKLFF	LHRASN%K_E	immgliph	huang
CSALHRASNEKLFF	LHRASN%K_E	immgliph	huang
CGALHRASNEKLFF	LHRASNE%_K	immgliph	huang
CSALHRASNEKLFF	LHRASNE%_K	immgliph	huang
CASLKVRGTGELFF	LKVR%TGE_AG	immgliph	huang
CASLKVRATGELFF	LKVR%TGE_AG	immgliph	huang
CSALPPGLVSTDTQYF	LPPGL%STDT_AV	immgliph	huang
CSALPPGLASTDTQYF	LPPGL%STDT_AV	immgliph	huang
CASLQGQGFSEQYF	LQ%QGFSE_G	immgliph	huang
CAILQGQGFSEQYF	LQ%QGFSE_G	immgliph	huang
CASLQGQGFSEQYF	LQG%GFSE_Q	immgliph	huang
CAILQGQGFSEQYF	LQG%GFSE_Q	immgliph	huang
CASLQGQGFSEQYF	LQGQ%FSE_G	immgliph	huang
CAILQGQGFSEQYF	LQGQ%FSE_G	immgliph	huang
CASLQGQGFSEQYF	LQGQG%SE_F	immgliph	huang
CAILQGQGFSEQYF	LQGQG%SE_F	immgliph	huang
CASLQGQGFSEQYF	LQGQGF%E_S	immgliph	huang
CAILQGQGFSEQYF	LQGQGF%E_S	immgliph	huang
CASLQGQGFSEQYF	LQGQGFS%_E	immgliph	huang
CAILQGQGFSEQYF	LQGQGFS%_E	immgliph	huang
CSALQLAGGYNEQFF	LQLAGGY%E_DN	immgliph	huang
CSALQLAGGYDEQFF	LQLAGGY%E_DN	immgliph	huang
CAGLRQGSHQPQHF	LRQG%HQP_AS	immgliph	huang
CAGLRQGAHQPQHF	LRQG%HQP_AS	immgliph	huang
CSALSPGLAGARDEQFF	LS%GLAGARDE_P	immgliph	huang
CSSLSPGLAGARDEQFF	LS%GLAGARDE_P	immgliph	huang
CSALSPGLAGGPATQYF	LS%GLAGGPAT_P	immgliph	huang
CSSLSPGLAGGPATQYF	LS%GLAGGPAT_P	immgliph	huang
CASLSGGAYNEQFF	LSGG%YNE_AS	immgliph	huang
CASLSGGSYNEQFF	LSGG%YNE_AS	immgliph	huang
CSALSNLGADTQYF	LSNLG%DT_AT	immgliph	huang
CSALSNLGTDTQYF	LSNLG%DT_AT	immgliph	huang
CSALSPGLAGARDEQFF	LSP%LAGARDE_G	immgliph	huang
CSSLSPGLAGARDEQFF	LSP%LAGARDE_G	immgliph	huang
CSALSPGLAGGPATQYF	LSP%LAGGPAT_G	immgliph	huang
CSSLSPGLAGGPATQYF	LSP%LAGGPAT_G	immgliph	huang
CSALSPGLAGARDEQFF	LSPG%AGARDE_L	immgliph	huang
CSSLSPGLAGARDEQFF	LSPG%AGARDE_L	immgliph	huang
CSALSPGLAGGPATQYF	LSPG%AGGPAT_L	immgliph	huang
CSSLSPGLAGGPATQYF	LSPG%AGGPAT_L	immgliph	huang
CSALSPGLAGARDEQFF	LSPGL%GARDE_A	immgliph	huang
CSSLSPGLAGARDEQFF	LSPGL%GARDE_A	immgliph	huang
CSALSPGLAGGPATQYF	LSPGL%GGPAT_AV	immgliph	huang
CSALSPGLVGGPATQYF	LSPGL%GGPAT_AV	immgliph	huang
CSSLSPGLAGGPATQYF	LSPGL%GGPAT_AV	immgliph	huang
CSALSPGLAGARDEQFF	LSPGLA%ARDE_G	immgliph	huang
CSSLSPGLAGARDEQFF	LSPGLA%ARDE_G	immgliph	huang
CSALSPGLAGGPATQYF	LSPGLA%GPAT_G	immgliph	huang
CSSLSPGLAGGPATQYF	LSPGLA%GPAT_G	immgliph	huang
CSALSPGLAGGPATQYF	LSPGLAG%PAT_G	immgliph	huang
CSSLSPGLAGGPATQYF	LSPGLAG%PAT_G	immgliph	huang
CSALSPGLAGARDEQFF	LSPGLAG%RDE_A	immgliph	huang
CSSLSPGLAGARDEQFF	LSPGLAG%RDE_A	immgliph	huang
CSALSPGLAGARDEQFF	LSPGLAGA%DE_R	immgliph	huang
CSSLSPGLAGARDEQFF	LSPGLAGA%DE_R	immgliph	huang
CSALSPGLAGARDEQFF	LSPGLAGAR%E_D	immgliph	huang
CSSLSPGLAGARDEQFF	LSPGLAGAR%E_D	immgliph	huang
CSALSPGLAGARDEQFF	LSPGLAGARD%_E	immgliph	huang
CSSLSPGLAGARDEQFF	LSPGLAGARD%_E	immgliph	huang
CSALSPGLAGGPATQYF	LSPGLAGG%AT_P	immgliph	huang
CSSLSPGLAGGPATQYF	LSPGLAGG%AT_P	immgliph	huang
CSALSPGLAGGPATQYF	LSPGLAGGP%T_A	immgliph	huang
CSSLSPGLAGGPATQYF	LSPGLAGGP%T_A	immgliph	huang
CSALSPGLAGGPATQYF	LSPGLAGGPA%_T	immgliph	huang
CSSLSPGLAGGPATQYF	LSPGLAGGPA%_T	immgliph	huang
CSAMAGTDNQPQHF	M%GTDNQP_A	immgliph	huang
CSAMAGTDNQPQYF	M%GTDNQP_A	immgliph	huang
CSAMAGTDNQPQHF	MA%TDNQP_G	immgliph	huang
CSAMAGTDNQPQYF	MA%TDNQP_G	immgliph	huang
CSAMAGTDNQPQHF	MAG%DNQP_T	immgliph	huang
CSAMAGTDNQPQYF	MAG%DNQP_T	immgliph	huang
CSAMAGTDNQPQHF	MAGT%NQP_D	immgliph	huang
CSAMAGTDNQPQYF	MAGT%NQP_D	immgliph	huang
CSAMAGTDNQPQHF	MAGTD%QP_N	immgliph	huang
CSAMAGTDNQPQYF	MAGTD%QP_N	immgliph	huang
CSAMAGTDNQPQHF	MAGTDN%P_Q	immgliph	huang
CSAMAGTDNQPQYF	MAGTDN%P_Q	immgliph	huang
CSAMAGTDNQPQHF	MAGTDNQ%_P	immgliph	huang
CSAMAGTDNQPQYF	MAGTDNQ%_P	immgliph	huang
CSSNTDTQYF	N%DT_T	immgliph	huang
CSTNTDTQYF	N%DT_T	immgliph	huang
CASNSGPTANYGYTF	N%GPTANYG_S	immgliph	huang
CASNSGPTANYGDTF	N%GPTANYG_S	immgliph	huang
CASNRGAPDTGELFF	NRGAP%TGE_DN	immgliph	huang
CASNRGAPNTGELFF	NRGAP%TGE_DN	immgliph	huang
CSANRNLNTEAFF	NRN%NTE_LM	immgliph	huang
CSANRNMNTEAFF	NRN%NTE_LM	immgliph	huang
CASNSGPTANYGYTF	NS%PTANYG_G	immgliph	huang
CASNSGPTANYGDTF	NS%PTANYG_G	immgliph	huang
CASNSGPTANYGYTF	NSG%TANYG_P	immgliph	huang
CASNSGPTANYGDTF	NSG%TANYG_P	immgliph	huang
CASNSGPTANYGYTF	NSGP%ANYG_T	immgliph	huang
CASNSGPTANYGDTF	NSGP%ANYG_T	immgliph	huang
CASNSGPTANYGYTF	NSGPT%NYG_A	immgliph	huang
CASNSGPTANYGDTF	NSGPT%NYG_A	immgliph	huang
CASNSGPTANYGYTF	NSGPTA%YG_N	immgliph	huang
CASNSGPTANYGDTF	NSGPTA%YG_N	immgliph	huang
CASNSGPTANYGYTF	NSGPTAN%G_Y	immgliph	huang
CASNSGPTANYGDTF	NSGPTAN%G_Y	immgliph	huang
CASNSGPTANYGYTF	NSGPTANY%_G	immgliph	huang
CASNSGPTANYGDTF	NSGPTANY%_G	immgliph	huang
CSSNTDTQYF	NT%T_D	immgliph	huang
CSTNTDTQYF	NT%T_D	immgliph	huang
CSSNTDTQYF	NTD%_T	immgliph	huang
CSTNTDTQYF	NTD%_T	immgliph	huang
CRAPLAGGPSTDTQYF	P%AGGPSTDT_L	immgliph	huang
CSAPLAGGPSTDTQYF	P%AGGPSTDT_L	immgliph	huang
CSAPRAGQPQHF	P%AGQP_R	immgliph	huang
CSSPRAGQPQHF	P%AGQP_R	immgliph	huang
CSAPIAGTGGNQPQHF	P%AGTGGNQP_I	immgliph	huang
CSVPIAGTGGNQPQHF	P%AGTGGNQP_I	immgliph	huang
CSAPRLGTEAFF	P%LGTE_R	immgliph	huang
CSAPRLGTEPFF	P%LGTE_R	immgliph	huang
CSCPLNADTQYF	P%NADT_L	immgliph	huang
CSSPLNADTQYF	P%NADT_L	immgliph	huang
CRAPVQSWYGYTF	P%QSWYG_V	immgliph	huang
CSAPVQSWYGYTF	P%QSWYG_V	immgliph	huang
CSPPPRAGRNSPLHF	P%RAGRNSP_P	immgliph	huang
CSAPPRAGRNSPLHF	P%RAGRNSP_P	immgliph	huang
CSAPLRGGYEQYF	P%RGGYE_LV	immgliph	huang
CSAPVRGGYEQYF	P%RGGYE_LV	immgliph	huang
CSAPPSGGRNTKYF	P%SGGRNT_P	immgliph	huang
CSAPPSGGRNTQYF	P%SGGRNT_P	immgliph	huang
CSAPGPFQETQYF	PGPF%ET_QR	immgliph	huang
CSAPGPFRETQYF	PGPF%ET_QR	immgliph	huang
CSGPGVTDTQYF	PGV%DT_ST	immgliph	huang
CSGPGVSDTQYF	PGV%DT_ST	immgliph	huang
CSAPIAGTGGNQPQHF	PI%GTGGNQP_A	immgliph	huang
CSVPIAGTGGNQPQHF	PI%GTGGNQP_A	immgliph	huang
CSAPIAGTGGNQPQHF	PIA%TGGNQP_G	immgliph	huang
CSVPIAGTGGNQPQHF	PIA%TGGNQP_G	immgliph	huang
CSAPIAGTGGNQPQHF	PIAG%GGNQP_T	immgliph	huang
CSVPIAGTGGNQPQHF	PIAG%GGNQP_T	immgliph	huang
CSAPIAGTGGNQPQHF	PIAGT%GNQP_G	immgliph	huang
CSVPIAGTGGNQPQHF	PIAGT%GNQP_G	immgliph	huang
CSAPIAGTGGNQPQHF	PIAGTG%NQP_G	immgliph	huang
CSVPIAGTGGNQPQHF	PIAGTG%NQP_G	immgliph	huang
CSAPIAGTGGNQPQHF	PIAGTGG%QP_N	immgliph	huang
CSVPIAGTGGNQPQHF	PIAGTGG%QP_N	immgliph	huang
CSAPIAGTGGNQPQHF	PIAGTGGN%P_Q	immgliph	huang
CSVPIAGTGGNQPQHF	PIAGTGGN%P_Q	immgliph	huang
CSAPIAGTGGNQPQHF	PIAGTGGNQ%_P	immgliph	huang
CSVPIAGTGGNQPQHF	PIAGTGGNQ%_P	immgliph	huang
CSCPLNADTQYF	PL%ADT_N	immgliph	huang
CSSPLNADTQYF	PL%ADT_N	immgliph	huang
CRAPLAGGPSTDTQYF	PL%GGPSTDT_A	immgliph	huang
CSAPLAGGPSTDTQYF	PL%GGPSTDT_A	immgliph	huang
CRAPLAGGPSTDTQYF	PLA%GPSTDT_G	immgliph	huang
CSAPLAGGPSTDTQYF	PLA%GPSTDT_G	immgliph	huang
CRAPLAGGPSTDTQYF	PLAG%PSTDT_G	immgliph	huang
CSAPLAGGPSTDTQYF	PLAG%PSTDT_G	immgliph	huang
CRAPLAGGPSTDTQYF	PLAGG%STDT_P	immgliph	huang
CSAPLAGGPSTDTQYF	PLAGG%STDT_P	immgliph	huang
CRAPLAGGPSTDTQYF	PLAGGP%TDT_S	immgliph	huang
CSAPLAGGPSTDTQYF	PLAGGP%TDT_S	immgliph	huang
CRAPLAGGPSTDTQYF	PLAGGPS%DT_T	immgliph	huang
CSAPLAGGPSTDTQYF	PLAGGPS%DT_T	immgliph	huang
CRAPLAGGPSTDTQYF	PLAGGPST%T_D	immgliph	huang
CSAPLAGGPSTDTQYF	PLAGGPST%T_D	immgliph	huang
CRAPLAGGPSTDTQYF	PLAGGPSTD%_T	immgliph	huang
CSAPLAGGPSTDTQYF	PLAGGPSTD%_T	immgliph	huang
CSCPLNADTQYF	PLN%DT_A	immgliph	huang
CSSPLNADTQYF	PLN%DT_A	immgliph	huang
CSCPLNADTQYF	PLNA%T_D	immgliph	huang
CSSPLNADTQYF	PLNA%T_D	immgliph	huang
CSCPLNADTQYF	PLNAD%_T	immgliph	huang
CSSPLNADTQYF	PLNAD%_T	immgliph	huang
CSPPPRAGRNSPLHF	PP%AGRNSP_R	immgliph	huang
CSAPPRAGRNSPLHF	PP%AGRNSP_R	immgliph	huang
CSAPPSGGRNTKYF	PP%GGRNT_S	immgliph	huang
CSAPPSGGRNTQYF	PP%GGRNT_S	immgliph	huang
CSPPPRAGRNSPLHF	PPR%GRNSP_A	immgliph	huang
CSAPPRAGRNSPLHF	PPR%GRNSP_A	immgliph	huang
CSPPPRAGRNSPLHF	PPRA%RNSP_G	immgliph	huang
CSAPPRAGRNSPLHF	PPRA%RNSP_G	immgliph	huang
CSPPPRAGRNSPLHF	PPRAG%NSP_R	immgliph	huang
CSAPPRAGRNSPLHF	PPRAG%NSP_R	immgliph	huang
CSPPPRAGRNSPLHF	PPRAGR%SP_N	immgliph	huang
CSAPPRAGRNSPLHF	PPRAGR%SP_N	immgliph	huang
CSPPPRAGRNSPLHF	PPRAGRN%P_S	immgliph	huang
CSAPPRAGRNSPLHF	PPRAGRN%P_S	immgliph	huang
CSPPPRAGRNSPLHF	PPRAGRNS%_P	immgliph	huang
CSAPPRAGRNSPLHF	PPRAGRNS%_P	immgliph	huang
CSAPPSGGRNTKYF	PPS%GRNT_G	immgliph	huang
CSAPPSGGRNTQYF	PPS%GRNT_G	immgliph	huang
CSAPPSGGRNTKYF	PPSG%RNT_G	immgliph	huang
CSAPPSGGRNTQYF	PPSG%RNT_G	immgliph	huang
CSAPPSGGRNTKYF	PPSGG%NT_R	immgliph	huang
CSAPPSGGRNTQYF	PPSGG%NT_R	immgliph	huang
CSAPPSGGRNTKYF	PPSGGR%T_N	immgliph	huang
CSAPPSGGRNTQYF	PPSGGR%T_N	immgliph	huang
CSAPPSGGRNTKYF	PPSGGRN%_T	immgliph	huang
CSAPPSGGRNTQYF	PPSGGRN%_T	immgliph	huang
CSVPQGSADTQYF	PQG%ADT_AS	immgliph	huang
CSVPQGAADTQYF	PQG%ADT_AS	immgliph	huang
CSAPRAGQPQHF	PR%GQP_A	immgliph	huang
CSSPRAGQPQHF	PR%GQP_A	immgliph	huang
CSAPRLGTEAFF	PR%GTE_L	immgliph	huang
CSAPRLGTEPFF	PR%GTE_L	immgliph	huang
CSAPRAGQPQHF	PRA%QP_G	immgliph	huang
CSSPRAGQPQHF	PRA%QP_G	immgliph	huang
CSAPRAGQPQHF	PRAG%P_Q	immgliph	huang
CSSPRAGQPQHF	PRAG%P_Q	immgliph	huang
CSAPRAGQPQHF	PRAGQ%_P	immgliph	huang
CSSPRAGQPQHF	PRAGQ%_P	immgliph	huang
CSAPRLGTEAFF	PRL%TE_G	immgliph	huang
CSAPRLGTEPFF	PRL%TE_G	immgliph	huang
CSAPRLGTEAFF	PRLG%E_T	immgliph	huang
CSAPRLGTEPFF	PRLG%E_T	immgliph	huang
CSAPRLGTEAFF	PRLGT%_E	immgliph	huang
CSAPRLGTEPFF	PRLGT%_E	immgliph	huang
CSAPSGPGTSSSYNEQFF	PSGPG%SSSYNE_ST	immgliph	huang
CSAPSGPGSSSSYNEQFF	PSGPG%SSSYNE_ST	immgliph	huang
CSAPSGPGTSSSYNEQFF	PSGPGTSS%YNE_AS	immgliph	huang
CSAPSGPGTSSAYNEQFF	PSGPGTSS%YNE_AS	immgliph	huang
CRAPVQSWYGYTF	PV%SWYG_Q	immgliph	huang
CSAPVQSWYGYTF	PV%SWYG_Q	immgliph	huang
CRAPVQSWYGYTF	PVQ%WYG_S	immgliph	huang
CSAPVQSWYGYTF	PVQ%WYG_S	immgliph	huang
CRAPVQSWYGYTF	PVQS%YG_W	immgliph	huang
CSAPVQSWYGYTF	PVQS%YG_W	immgliph	huang
CRAPVQSWYGYTF	PVQSW%G_Y	immgliph	huang
CSAPVQSWYGYTF	PVQSW%G_Y	immgliph	huang
CRAPVQSWYGYTF	PVQSWY%_G	immgliph	huang
CSAPVQSWYGYTF	PVQSWY%_G	immgliph	huang
CSQQGGLDQPQHF	Q%GLDQP_G	immgliph	huang
CAQQGGLDQPQHF	Q%GLDQP_G	immgliph	huang
CSQQGGLDQPKHF	Q%GLDQP_G	immgliph	huang
CSAQAGVSYNSPVHF	Q%GVSYNSP_A	immgliph	huang
CSAQAGVSYNSPLHF	Q%GVSYNSP_A	immgliph	huang
CASQGQPFEKLFF	Q%QPFEK_G	immgliph	huang
CASQGQPFEKPFF	Q%QPFEK_G	immgliph	huang
CRAQLSGGVRDTQYF	Q%SGGVRDT_L	immgliph	huang
CSAQLSGGVRDTQYF	Q%SGGVRDT_L	immgliph	huang
CSAQAGVSYNSPVHF	QA%VSYNSP_G	immgliph	huang
CSAQAGVSYNSPLHF	QA%VSYNSP_G	immgliph	huang
CSAQAGVSYNSPVHF	QAG%SYNSP_V	immgliph	huang
CSAQAGVSYNSPLHF	QAG%SYNSP_V	immgliph	huang
CSAQAGVSYNSPVHF	QAGV%YNSP_S	immgliph	huang
CSAQAGVSYNSPLHF	QAGV%YNSP_S	immgliph	huang
CSAQAGVSYNSPVHF	QAGVS%NSP_Y	immgliph	huang
CSAQAGVSYNSPLHF	QAGVS%NSP_Y	immgliph	huang
CSAQAGVSYNSPVHF	QAGVSY%SP_N	immgliph	huang
CSAQAGVSYNSPLHF	QAGVSY%SP_N	immgliph	huang
CSAQAGVSYNSPVHF	QAGVSYN%P_S	immgliph	huang
CSAQAGVSYNSPLHF	QAGVSYN%P_S	immgliph	huang
CSAQAGVSYNSPVHF	QAGVSYNS%_P	immgliph	huang
CSAQAGVSYNSPLHF	QAGVSYNS%_P	immgliph	huang
CASQARENQYF	QARE%_NT	immgliph	huang
CASQARETQYF	QARE%_NT	immgliph	huang
CASQFRDFSYNEQFF	QFRDFSY%E_DN	immgliph	huang
CCSQFRDFSYDEPFF	QFRDFSY%E_DN	immgliph	huang
CSQQGGLDQPQHF	QG%LDQP_G	immgliph	huang
CAQQGGLDQPQHF	QG%LDQP_G	immgliph	huang
CSQQGGLDQPKHF	QG%LDQP_G	immgliph	huang
CASQGQPFEKLFF	QG%PFEK_Q	immgliph	huang
CASQGQPFEKPFF	QG%PFEK_Q	immgliph	huang
CSQQGGLDQPQHF	QGG%DQP_L	immgliph	huang
CAQQGGLDQPQHF	QGG%DQP_L	immgliph	huang
CSQQGGLDQPKHF	QGG%DQP_L	immgliph	huang
CSQQGGLDQPQHF	QGGL%QP_D	immgliph	huang
CAQQGGLDQPQHF	QGGL%QP_D	immgliph	huang
CSQQGGLDQPKHF	QGGL%QP_D	immgliph	huang
CSQQGGLDQPQHF	QGGLD%P_Q	immgliph	huang
CAQQGGLDQPQHF	QGGLD%P_Q	immgliph	huang
CSQQGGLDQPKHF	QGGLD%P_Q	immgliph	huang
CSQQGGLDQPQHF	QGGLDQ%_P	immgliph	huang
CAQQGGLDQPQHF	QGGLDQ%_P	immgliph	huang
CSQQGGLDQPKHF	QGGLDQ%_P	immgliph	huang
CASQGQPFEKLFF	QGQ%FEK_P	immgliph	huang
CASQGQPFEKPFF	QGQ%FEK_P	immgliph	huang
CASQGQPFEKLFF	QGQP%EK_F	immgliph	huang
CASQGQPFEKPFF	QGQP%EK_F	immgliph	huang
CASQGQPFEKLFF	QGQPF%K_E	immgliph	huang
CASQGQPFEKPFF	QGQPF%K_E	immgliph	huang
CASQGQPFEKLFF	QGQPFE%_K	immgliph	huang
CASQGQPFEKPFF	QGQPFE%_K	immgliph	huang
CRAQLSGGVRDTQYF	QL%GGVRDT_S	immgliph	huang
CSAQLSGGVRDTQYF	QL%GGVRDT_S	immgliph	huang
CRAQLSGGVRDTQYF	QLS%GVRDT_G	immgliph	huang
CSAQLSGGVRDTQYF	QLS%GVRDT_G	immgliph	huang
CRAQLSGGVRDTQYF	QLSG%VRDT_G	immgliph	huang
CSAQLSGGVRDTQYF	QLSG%VRDT_G	immgliph	huang
CRAQLSGGVRDTQYF	QLSGG%RDT_V	immgliph	huang
CSAQLSGGVRDTQYF	QLSGG%RDT_V	immgliph	huang
CRAQLSGGVRDTQYF	QLSGGV%DT_R	immgliph	huang
CSAQLSGGVRDTQYF	QLSGGV%DT_R	immgliph	huang
CRAQLSGGVRDTQYF	QLSGGVR%T_D	immgliph	huang
CSAQLSGGVRDTQYF	QLSGGVR%T_D	immgliph	huang
CRAQLSGGVRDTQYF	QLSGGVRD%_T	immgliph	huang
CSAQLSGGVRDTQYF	QLSGGVRD%_T	immgliph	huang
CRARPAGAGGTQYF	R%AGAGGT_P	immgliph	huang
CSARPAGAGGTQYF	R%AGAGGT_P	immgliph	huang
CATRSAGQGPNYGYNF	R%AGQGPNYG_S	immgliph	huang
CATRSAGQGPNYGYTF	R%AGQGPNYG_S	immgliph	huang
CSAREAGTASNQPQHF	R%AGTASNQP_DE	immgliph	huang
CSARDAGTASNQPQHF	R%AGTASNQP_DE	immgliph	huang
CSARIAGTNTGELFF	R%AGTNTGE_I	immgliph	huang
CSARIAGTNTGEMFF	R%AGTNTGE_I	immgliph	huang
CSARTANTEAFF	R%ANTE_T	immgliph	huang
CRARTANTEAFF	R%ANTE_T	immgliph	huang
CSAREAPGTGDTGELFF	R%APGTGDTGE_E	immgliph	huang
CSGREAPGTGDTGELFF	R%APGTGDTGE_E	immgliph	huang
CRARMASGDQETQYF	R%ASGDQET_M	immgliph	huang
CSARMASGDQETQYF	R%ASGDQET_M	immgliph	huang
CASRWDGDTQYF	R%DGDT_W	immgliph	huang
CASRWDGDTKYF	R%DGDT_W	immgliph	huang
CSARDDKNIQYF	R%DKNI_D	immgliph	huang
CSARDDKNIKYF	R%DKNI_D	immgliph	huang
CSARNDRSQETQYF	R%DRSQET_EN	immgliph	huang
CSAREDRSQETQYF	R%DRSQET_EN	immgliph	huang
CSARDERQGASAFF	R%ERQGAS_DE	immgliph	huang
CSAREERQGASAFF	R%ERQGAS_DE	immgliph	huang
CSAREERRGNQPHHF	R%ERRGNQP_E	immgliph	huang
CSAREERRGNQPQHF	R%ERRGNQP_E	immgliph	huang
CIARFGAAPYEQYF	R%GAAPYE_F	immgliph	huang
CSARFGAAPYEQYF	R%GAAPYE_F	immgliph	huang
CASRFGAGGGEQYF	R%GAGGGE_FL	immgliph	huang
CATRLGAGGGEQYF	R%GAGGGE_FL	immgliph	huang
CRAREGARAMNTEAFF	R%GARAMNTE_E	immgliph	huang
CSAREGARAMNTEAFF	R%GARAMNTE_E	immgliph	huang
CSARDGARAQNTEAFF	R%GARAQNTE_DE	immgliph	huang
CSAREGARAQNTEAFF	R%GARAQNTE_DE	immgliph	huang
CSARAGDRDYQQYF	R%GDRDYQ_A	immgliph	huang
CGARAGDRDYQQYF	R%GDRDYQ_A	immgliph	huang
CSARTGEGDTF	R%GEG_T	immgliph	huang
CSARTGEGYTF	R%GEG_T	immgliph	huang
CSARFGGETQYF	R%GGET_FL	immgliph	huang
CSARLGGETQYF	R%GGET_FL	immgliph	huang
CRAREGGGANVLTF	R%GGGANV_E	immgliph	huang
CRCREGGGANVLTF	R%GGGANV_E	immgliph	huang
CSAREGGGANVLTF	R%GGGANV_E	immgliph	huang
CVAREGGGANVLTF	R%GGGANV_E	immgliph	huang
CGAREGGGANVLTF	R%GGGANV_E	immgliph	huang
CRARDGGGDSYEQYF	R%GGGDSYE_D	immgliph	huang
CSARDGGGDSYEQYF	R%GGGDSYE_D	immgliph	huang
CAIRLGGGTGTKYF	R%GGGTGT_L	immgliph	huang
CAIRLGGGTGTQYF	R%GGGTGT_L	immgliph	huang
CRARDGGGVNEQFF	R%GGGVNE_D	immgliph	huang
CSARDGGGVNEQFF	R%GGGVNE_D	immgliph	huang
CASRTGGGYNEQFF	R%GGGYNE_NT	immgliph	huang
CASRNGGGYNEQFF	R%GGGYNE_NT	immgliph	huang
CARRPGGNTEAFF	R%GGNTE_P	immgliph	huang
CASRPGGNTEAFF	R%GGNTE_P	immgliph	huang
CRARTGGYNEQFF	R%GGYNE_T	immgliph	huang
CSARTGGYNEQFF	R%GGYNE_T	immgliph	huang
CSARTGGYYGYTF	R%GGYYG_AT	immgliph	huang
CSARAGGYYGYTF	R%GGYYG_AT	immgliph	huang
CSARDGKLKNIQYF	R%GKLKNI_D	immgliph	huang
CRARDGKLKNIQYF	R%GKLKNI_D	immgliph	huang
CSARVGLALETQYF	R%GLALET_V	immgliph	huang
CSARVGLALETQDF	R%GLALET_V	immgliph	huang
CRARTGNQPQHF	R%GNQP_T	immgliph	huang
CSARTGNQPQHF	R%GNQP_T	immgliph	huang
CAIRGGPGEAKNIQYF	R%GPGEAKNI_G	immgliph	huang
CALRGGPGEAKNIQYF	R%GPGEAKNI_G	immgliph	huang
CASRMGQEAFF	R%GQE_LM	immgliph	huang
CSARLGQEQYF	R%GQE_LM	immgliph	huang
CSARDGQGAGELFF	R%GQGAGE_D	immgliph	huang
CSARDGQGAGELLF	R%GQGAGE_D	immgliph	huang
CSARDGRGGEKLFF	R%GRGGEK_D	immgliph	huang
CRARDGRGGEKLFF	R%GRGGEK_D	immgliph	huang
CSARLGTENSPLHF	R%GTENSP_L	immgliph	huang
CSARLGTENSPRHF	R%GTENSP_L	immgliph	huang
CSFRLGTGPTKLFF	R%GTGPTK_L	immgliph	huang
CSVRLGTGPTKLFF	R%GTGPTK_L	immgliph	huang
CSARAGTSGGYEQYF	R%GTSGGYE_AS	immgliph	huang
CSARSGTSGGYEQYF	R%GTSGGYE_AS	immgliph	huang
CASRRGTYEQYF	R%GTYE_ER	immgliph	huang
CASREGTYEQYF	R%GTYE_ER	immgliph	huang
CIVRDGWGMNTEAFF	R%GWGMNTE_DQ	immgliph	huang
CSVRDGWGMNTEAFF	R%GWGMNTE_DQ	immgliph	huang
CSVRQGWGMNTEAFF	R%GWGMNTE_DQ	immgliph	huang
CSVRQGWGMNTEAVF	R%GWGMNTE_DQ	immgliph	huang
CSARGGWGMNTEAFF	R%GWGMNTE_AG	immgliph	huang
CSGRAGWGMNTEAFF	R%GWGMNTE_AG	immgliph	huang
CSVRAGWGMNTEAFF	R%GWGMNTE_AG	immgliph	huang
CRARVHPGHGSNYGYTF	R%HPGHGSNYG_V	immgliph	huang
CSARVHPGHGSNYGYTF	R%HPGHGSNYG_V	immgliph	huang
CAGRPKLLVGYGYTF	R%KLLVGYG_P	immgliph	huang
CASRPKLLVGYGYTF	R%KLLVGYG_P	immgliph	huang
CSSRGLASTYEQYF	R%LASTYE_G	immgliph	huang
CSARGLASTYEQYF	R%LASTYE_G	immgliph	huang
CASRALGAYQETQDF	R%LGAYQET_A	immgliph	huang
CASRALGAYQETQYF	R%LGAYQET_A	immgliph	huang
CASRGLKNTGELCF	R%LKNTGE_G	immgliph	huang
CASRGLKNTGELFF	R%LKNTGE_G	immgliph	huang
CSARGLTGLAGGNEQFF	R%LTGLAGGNE_GS	immgliph	huang
CSARSLTGLAGGNEQFF	R%LTGLAGGNE_GS	immgliph	huang
CSAREMARHEQYF	R%MARHE_DE	immgliph	huang
CSARDMARHEQYF	R%MARHE_DE	immgliph	huang
CSARDMARHEKYF	R%MARHE_DE	immgliph	huang
CASRINRRQGDTF	R%NRRQG_IM	immgliph	huang
CASRMNRRQGDTF	R%NRRQG_IM	immgliph	huang
CRARDNRYEQYF	R%NRYE_D	immgliph	huang
CSARDNRYEQYF	R%NRYE_D	immgliph	huang
CSARDNSGPTGTEAFF	R%NSGPTGTE_D	immgliph	huang
CSGRDNSGPTGTEAFF	R%NSGPTGTE_D	immgliph	huang
CARRGPGASYEQYF	R%PGASYE_G	immgliph	huang
CASRGPGASYEQYF	R%PGASYE_G	immgliph	huang
CSARAPGEQFF	R%PGE_A	immgliph	huang
CGARAPGEQCF	R%PGE_A	immgliph	huang
CSARSPGGAGANVLTF	R%PGGAGANV_S	immgliph	huang
CIARSPGGAGANVLTF	R%PGGAGANV_S	immgliph	huang
CRARSPGGGGDTDTQYF	R%PGGGGDTDT_S	immgliph	huang
CSGRSPGGGGDTDTQYF	R%PGGGGDTDT_S	immgliph	huang
CSARIPGGGGDTDTQYF	R%PGGGGDTDT_IV	immgliph	huang
CSARVPGGGGDTDTQYF	R%PGGGGDTDT_IV	immgliph	huang
CSARAPGGGGYNEQFF	R%PGGGGYNE_A	immgliph	huang
CSGRAPGGGGYNEQFF	R%PGGGGYNE_A	immgliph	huang
CSARAPGLAGFNEQFF	R%PGLAGFNE_AV	immgliph	huang
CSARVPGLAGFNEQFF	R%PGLAGFNE_AV	immgliph	huang
CSARSPGLAGYNEQFF	R%PGLAGYNE_S	immgliph	huang
CRARSPGLAGYNEQFF	R%PGLAGYNE_S	immgliph	huang
CSARRPGTGGGYPF	R%PGTGGG_R	immgliph	huang
CSARRPGTGGGYTF	R%PGTGGG_R	immgliph	huang
CSARPPLGEKLCF	R%PLGEK_P	immgliph	huang
CSARPPLGEKLFF	R%PLGEK_P	immgliph	huang
CSARSPPIVMAREKFSSYNEQFF	R%PPIVMAREKFSSYNE_GS	immgliph	huang
CSARGPPIVMAREKFSSYNEQFF	R%PPIVMAREKFSSYNE_GS	immgliph	huang
CRARDPRGDNEQLF	R%PRGDNE_D	immgliph	huang
CSARDPRGDNEQFF	R%PRGDNE_D	immgliph	huang
CSARDPSGNTIYF	R%PSGNT_D	immgliph	huang
CSARDPSGNTRYF	R%PSGNT_D	immgliph	huang
CSARDPSTGLRGELFF	R%PSTGLRGE_D	immgliph	huang
CSARDPSTGLRGELVF	R%PSTGLRGE_D	immgliph	huang
CSARDPTANSPLHF	R%PTANSP_D	immgliph	huang
CSARDPTANSPLLF	R%PTANSP_D	immgliph	huang
CSARPPTGRDNYGDTF	R%PTGRDNYG_P	immgliph	huang
CSARPPTGRDNYGYTF	R%PTGRDNYG_P	immgliph	huang
CSARGQGAHEKYF	R%QGAHE_G	immgliph	huang
CSARGQGAHEQYF	R%QGAHE_G	immgliph	huang
CISRKQGALYNEQFF	R%QGALYNE_K	immgliph	huang
CSARKQGALYNEQFF	R%QGALYNE_K	immgliph	huang
CASRGQGASYGYTF	R%QGASYG_G	immgliph	huang
CSSRGQGASYGYTF	R%QGASYG_G	immgliph	huang
CAGRRQGGDGDTF	R%QGGDG_R	immgliph	huang
CASRRQGGDGYNF	R%QGGDG_R	immgliph	huang
CSAREQGNEQYF	R%QGNE_E	immgliph	huang
CSAREQGNEQFF	R%QGNE_E	immgliph	huang
CARRDQGPYEQYF	R%QGPYE_D	immgliph	huang
CASRDQGPYEQYF	R%QGPYE_D	immgliph	huang
CSARPQGREETQYF	R%QGREET_P	immgliph	huang
CSARPQGREETKYF	R%QGREET_P	immgliph	huang
CASRRQGSDEQYF	R%QGSDE_R	immgliph	huang
CASRRQGSDEQFF	R%QGSDE_R	immgliph	huang
CSARDRATRELVF	R%RATRE_D	immgliph	huang
CSARDRATRELFF	R%RATRE_D	immgliph	huang
CGARIRGGGGDTDTQYF	R%RGGGGDTDT_ILV	immgliph	huang
CRARIRGGGGDTDTQYF	R%RGGGGDTDT_ILV	immgliph	huang
CSARIRGGGGDTDTQYF	R%RGGGGDTDT_ILV	immgliph	huang
CSVRLRGGGGDTDTQYF	R%RGGGGDTDT_ILV	immgliph	huang
CVARVRGGGGDTDTQYF	R%RGGGGDTDT_ILV	immgliph	huang
CASRGRGTGDEQYF	R%RGTGDE_G	immgliph	huang
CAGRGRGTGDEQYF	R%RGTGDE_G	immgliph	huang
CASRHRGVRDEQCF	R%RGVRDE_H	immgliph	huang
CASRHRGVRDEQFF	R%RGVRDE_H	immgliph	huang
CRARVRLTSYEQYF	R%RLTSYE_V	immgliph	huang
CSARVRLTSYEQYF	R%RLTSYE_V	immgliph	huang
CSARDRSSYGDTF	R%RSSYG_D	immgliph	huang
CSARDRSSYGYTF	R%RSSYG_D	immgliph	huang
CSARDRTSGSRYEQYF	R%RTSGSRYE_ADS	immgliph	huang
CSARARTSGSRYEQYF	R%RTSGSRYE_ADS	immgliph	huang
CSARSRTSGSRYEQYF	R%RTSGSRYE_ADS	immgliph	huang
CAGRARTVEGSPLHF	R%RTVEGSP_AG	immgliph	huang
CASRGRTVEGSPLHF	R%RTVEGSP_AG	immgliph	huang
CGARGRVEYEEDF	R%RVEYE_G	immgliph	huang
CSARGRVEYEQYF	R%RVEYE_G	immgliph	huang
CSARPSGRSDYGDTF	R%SGRSDYG_P	immgliph	huang
CSARPSGRSDYGYTF	R%SGRSDYG_P	immgliph	huang
CSARGSLNTEAFF	R%SLNTE_G	immgliph	huang
CSARGSLNTEDFF	R%SLNTE_G	immgliph	huang
CSARNSNQPQHF	R%SNQP_DN	immgliph	huang
CASRDSNQPQHF	R%SNQP_DN	immgliph	huang
CARRRSPRGDGANVLTF	R%SPRGDGANV_R	immgliph	huang
CASRRSPRGDGANVLTF	R%SPRGDGANV_R	immgliph	huang
CASRQSRQGYNEQFF	R%SRQGYNE_QR	immgliph	huang
CARRQSRQGYNEQYF	R%SRQGYNE_QR	immgliph	huang
CAGRRSRQGYNEQFF	R%SRQGYNE_QR	immgliph	huang
CAWRITDGQPQQF	R%TDGQP_I	immgliph	huang
CAWRITDGQPQHF	R%TDGQP_I	immgliph	huang
CSARDTGGNQPQHF	R%TGGNQP_D	immgliph	huang
CSARDTGGNQPLHF	R%TGGNQP_D	immgliph	huang
CSARSTHAREDQPQHF	R%THAREDQP_S	immgliph	huang
CSARSTHAREDQPKHF	R%THAREDQP_S	immgliph	huang
CSARETPGTGDTGELCF	R%TPGTGDTGE_E	immgliph	huang
CSARETPGTGDTGELFF	R%TPGTGDTGE_E	immgliph	huang
CRARGTVHEQYF	R%TVHE_G	immgliph	huang
CSARGTVHEQYF	R%TVHE_G	immgliph	huang
CSARAGDRDYQQYF	RA%DRDYQ_G	immgliph	huang
CGARAGDRDYQQYF	RA%DRDYQ_G	immgliph	huang
CASRALGAYQETQDF	RA%GAYQET_L	immgliph	huang
CASRALGAYQETQYF	RA%GAYQET_L	immgliph	huang
CSARAPGEQFF	RA%GE_P	immgliph	huang
CGARAPGEQCF	RA%GE_P	immgliph	huang
CSARAPGGGGYNEQFF	RA%GGGGYNE_P	immgliph	huang
CSGRAPGGGGYNEQFF	RA%GGGGYNE_P	immgliph	huang
CSARAAGTGTEAFF	RA%GTGTE_AS	immgliph	huang
CSARASGTGTEAFF	RA%GTGTE_AS	immgliph	huang
CSGRAGWGMNTEAFF	RA%WGMNTE_G	immgliph	huang
CSVRAGWGMNTEAFF	RA%WGMNTE_G	immgliph	huang
CSGRAGWGMNTEAFF	RAG%GMNTE_W	immgliph	huang
CSVRAGWGMNTEAFF	RAG%GMNTE_W	immgliph	huang
CSARAGDRDYQQYF	RAG%RDYQ_D	immgliph	huang
CGARAGDRDYQQYF	RAG%RDYQ_D	immgliph	huang
CSARAGDRDYQQYF	RAGD%DYQ_R	immgliph	huang
CGARAGDRDYQQYF	RAGD%DYQ_R	immgliph	huang
CSARAGDRDYQQYF	RAGDR%YQ_D	immgliph	huang
CGARAGDRDYQQYF	RAGDR%YQ_D	immgliph	huang
CSARAGDRDYQQYF	RAGDRD%Q_Y	immgliph	huang
CGARAGDRDYQQYF	RAGDRD%Q_Y	immgliph	huang
CSARAGDRDYQQYF	RAGDRDY%_Q	immgliph	huang
CGARAGDRDYQQYF	RAGDRDY%_Q	immgliph	huang
CSGRAGWGMNTEAFF	RAGW%MNTE_G	immgliph	huang
CSVRAGWGMNTEAFF	RAGW%MNTE_G	immgliph	huang
CSGRAGWGMNTEAFF	RAGWG%NTE_M	immgliph	huang
CSVRAGWGMNTEAFF	RAGWG%NTE_M	immgliph	huang
CSGRAGWGMNTEAFF	RAGWGM%TE_N	immgliph	huang
CSVRAGWGMNTEAFF	RAGWGM%TE_N	immgliph	huang
CSGRAGWGMNTEAFF	RAGWGMN%E_T	immgliph	huang
CSVRAGWGMNTEAFF	RAGWGMN%E_T	immgliph	huang
CSGRAGWGMNTEAFF	RAGWGMNT%_E	immgliph	huang
CSVRAGWGMNTEAFF	RAGWGMNT%_E	immgliph	huang
CASRALGAYQETQDF	RAL%AYQET_G	immgliph	huang
CASRALGAYQETQYF	RAL%AYQET_G	immgliph	huang
CASRALGAYQETQDF	RALG%YQET_A	immgliph	huang
CASRALGAYQETQYF	RALG%YQET_A	immgliph	huang
CASRALGAYQETQDF	RALGA%QET_Y	immgliph	huang
CASRALGAYQETQYF	RALGA%QET_Y	immgliph	huang
CASRALGAYQETQDF	RALGAY%ET_Q	immgliph	huang
CASRALGAYQETQYF	RALGAY%ET_Q	immgliph	huang
CASRALGAYQETQDF	RALGAYQ%T_E	immgliph	huang
CASRALGAYQETQYF	RALGAYQ%T_E	immgliph	huang
CASRALGAYQETQDF	RALGAYQE%_T	immgliph	huang
CASRALGAYQETQYF	RALGAYQE%_T	immgliph	huang
CSARAPGEQFF	RAP%E_G	immgliph	huang
CGARAPGEQCF	RAP%E_G	immgliph	huang
CSARAPGGGGYNEQFF	RAP%GGGYNE_G	immgliph	huang
CSGRAPGGGGYNEQFF	RAP%GGGYNE_G	immgliph	huang
CSARAPGEQFF	RAPG%_E	immgliph	huang
CGARAPGEQCF	RAPG%_E	immgliph	huang
CSARAPGGGGYNEQFF	RAPG%GGYNE_G	immgliph	huang
CSGRAPGGGGYNEQFF	RAPG%GGYNE_G	immgliph	huang
CSARAPGGGGYNEQFF	RAPGG%GYNE_G	immgliph	huang
CSGRAPGGGGYNEQFF	RAPGG%GYNE_G	immgliph	huang
CSARAPGGGGYNEQFF	RAPGGG%YNE_G	immgliph	huang
CSGRAPGGGGYNEQFF	RAPGGG%YNE_G	immgliph	huang
CSARAPGGGGYNEQFF	RAPGGGG%NE_Y	immgliph	huang
CSGRAPGGGGYNEQFF	RAPGGGG%NE_Y	immgliph	huang
CSARAPGGGGYNEQFF	RAPGGGGY%E_N	immgliph	huang
CSGRAPGGGGYNEQFF	RAPGGGGY%E_N	immgliph	huang
CSARAPGGGGYNEQFF	RAPGGGGYN%_E	immgliph	huang
CSGRAPGGGGYNEQFF	RAPGGGGYN%_E	immgliph	huang
CSARAPGLAGFNEQFF	RAPGL%GFNE_AG	immgliph	huang
CSARAPGLGGFNEQFF	RAPGL%GFNE_AG	immgliph	huang
CSARAPGLAGFNEQFF	RAPGLAG%NE_FM	immgliph	huang
CSARAPGLAGMNEQFF	RAPGLAG%NE_FM	immgliph	huang
CSARDMARHEQYF	RD%ARHE_M	immgliph	huang
CSARDMARHEKYF	RD%ARHE_M	immgliph	huang
CSARDRATRELVF	RD%ATRE_R	immgliph	huang
CSARDRATRELFF	RD%ATRE_R	immgliph	huang
CRARDGGGDSYEQYF	RD%GGDSYE_G	immgliph	huang
CSARDGGGDSYEQYF	RD%GGDSYE_G	immgliph	huang
CSARDGGGGTDTQYF	RD%GGGTDT_GS	immgliph	huang
CIARDSGGGTDTQYF	RD%GGGTDT_GS	immgliph	huang
CSARDTGGNQPQHF	RD%GGNQP_T	immgliph	huang
CSARDTGGNQPLHF	RD%GGNQP_T	immgliph	huang
CRARDGGGVNEQFF	RD%GGVNE_G	immgliph	huang
CSARDGGGVNEQFF	RD%GGVNE_G	immgliph	huang
CARRDQGPYEQYF	RD%GPYE_Q	immgliph	huang
CASRDQGPYEQYF	RD%GPYE_Q	immgliph	huang
CSARDGKLKNIQYF	RD%KLKNI_G	immgliph	huang
CRARDGKLKNIQYF	RD%KLKNI_G	immgliph	huang
CSARDDKNIQYF	RD%KNI_D	immgliph	huang
CSARDDKNIKYF	RD%KNI_D	immgliph	huang
CSARDGQGAGELFF	RD%QGAGE_G	immgliph	huang
CSARDGQGAGELLF	RD%QGAGE_G	immgliph	huang
CRARDPRGDNEQLF	RD%RGDNE_P	immgliph	huang
CSARDPRGDNEQFF	RD%RGDNE_P	immgliph	huang
CSARDGRGGEKLFF	RD%RGGEK_G	immgliph	huang
CRARDGRGGEKLFF	RD%RGGEK_G	immgliph	huang
CRARDNRYEQYF	RD%RYE_N	immgliph	huang
CSARDNRYEQYF	RD%RYE_N	immgliph	huang
CSARDPSGNTIYF	RD%SGNT_P	immgliph	huang
CSARDPSGNTRYF	RD%SGNT_P	immgliph	huang
CSARDNSGPTGTEAFF	RD%SGPTGTE_N	immgliph	huang
CSGRDNSGPTGTEAFF	RD%SGPTGTE_N	immgliph	huang
CSARDRSSYGDTF	RD%SSYG_R	immgliph	huang
CSARDRSSYGYTF	RD%SSYG_R	immgliph	huang
CSARDPSTGLRGELFF	RD%STGLRGE_P	immgliph	huang
CSARDPSTGLRGELVF	RD%STGLRGE_P	immgliph	huang
CSARDPTANSPLHF	RD%TANSP_P	immgliph	huang
CSARDPTANSPLLF	RD%TANSP_P	immgliph	huang
CSARDQVWDSPLHF	RD%VWDSP_QR	immgliph	huang
CSSRDRVWDSPLHF	RD%VWDSP_QR	immgliph	huang
CIVRDGWGMNTEAFF	RD%WGMNTE_G	immgliph	huang
CSVRDGWGMNTEAFF	RD%WGMNTE_G	immgliph	huang
CSARDDKNIQYF	RDD%NI_K	immgliph	huang
CSARDDKNIKYF	RDD%NI_K	immgliph	huang
CSARDDKNIQYF	RDDK%I_N	immgliph	huang
CSARDDKNIKYF	RDDK%I_N	immgliph	huang
CSARDDKNIQYF	RDDKN%_I	immgliph	huang
CSARDDKNIKYF	RDDKN%_I	immgliph	huang
CSARDEDTYAKNMQYF	RDEDTYAKN%_IM	immgliph	huang
CSARDEDTYAKNIQYF	RDEDTYAKN%_IM	immgliph	huang
CSARDGQGAGELFF	RDG%GAGE_Q	immgliph	huang
CSARDGQGAGELLF	RDG%GAGE_Q	immgliph	huang
CRARDGGGDSYEQYF	RDG%GDSYE_G	immgliph	huang
CSARDGGGDSYEQYF	RDG%GDSYE_G	immgliph	huang
CSARDGRGGEKLFF	RDG%GGEK_R	immgliph	huang
CRARDGRGGEKLFF	RDG%GGEK_R	immgliph	huang
CIVRDGWGMNTEAFF	RDG%GMNTE_W	immgliph	huang
CSVRDGWGMNTEAFF	RDG%GMNTE_W	immgliph	huang
CRARDGGGVNEQFF	RDG%GVNE_G	immgliph	huang
CSARDGGGVNEQFF	RDG%GVNE_G	immgliph	huang
CSARDGKLKNIQYF	RDG%LKNI_K	immgliph	huang
CRARDGKLKNIQYF	RDG%LKNI_K	immgliph	huang
CRARDGGGDSYEQYF	RDGG%DSYE_G	immgliph	huang
CSARDGGGDSYEQYF	RDGG%DSYE_G	immgliph	huang
CSSRDGGHGLLGPQHF	RDGG%GLLGP_HQ	immgliph	huang
CSARDGGQGLLGPQHF	RDGG%GLLGP_HQ	immgliph	huang
CRARDGGGVNEQFF	RDGG%VNE_G	immgliph	huang
CSARDGGGVNEQFF	RDGG%VNE_G	immgliph	huang
CSARDGGAGGSYNSPLHF	RDGGAGGSY%SP_KN	immgliph	huang
CSARDGGAGGSYKSPLDF	RDGGAGGSY%SP_KN	immgliph	huang
CRARDGGGVNEQFF	RDGGG%NE_V	immgliph	huang
CSARDGGGVNEQFF	RDGGG%NE_V	immgliph	huang
CRARDGGGDSYEQYF	RDGGG%SYE_D	immgliph	huang
CSARDGGGDSYEQYF	RDGGG%SYE_D	immgliph	huang
CRARDGGGDSYEQYF	RDGGGD%YE_S	immgliph	huang
CSARDGGGDSYEQYF	RDGGGD%YE_S	immgliph	huang
CRARDGGGDSYEQYF	RDGGGDS%E_Y	immgliph	huang
CSARDGGGDSYEQYF	RDGGGDS%E_Y	immgliph	huang
CRARDGGGDSYEQYF	RDGGGDSY%_E	immgliph	huang
CSARDGGGDSYEQYF	RDGGGDSY%_E	immgliph	huang
CRARDGGGVNEQFF	RDGGGV%E_N	immgliph	huang
CSARDGGGVNEQFF	RDGGGV%E_N	immgliph	huang
CRARDGGGVNEQFF	RDGGGVN%_E	immgliph	huang
CSARDGGGVNEQFF	RDGGGVN%_E	immgliph	huang
CSARDGKLKNIQYF	RDGK%KNI_L	immgliph	huang
CRARDGKLKNIQYF	RDGK%KNI_L	immgliph	huang
CSARDGKLKNIQYF	RDGKL%NI_K	immgliph	huang
CRARDGKLKNIQYF	RDGKL%NI_K	immgliph	huang
CSARDGKLKNIQYF	RDGKLK%I_N	immgliph	huang
CRARDGKLKNIQYF	RDGKLK%I_N	immgliph	huang
CSARDGKLKNIQYF	RDGKLKN%_I	immgliph	huang
CRARDGKLKNIQYF	RDGKLKN%_I	immgliph	huang
CSARDGQGAGELFF	RDGQ%AGE_G	immgliph	huang
CSARDGQGAGELLF	RDGQ%AGE_G	immgliph	huang
CSARDGQGAGELFF	RDGQG%GE_A	immgliph	huang
CSARDGQGAGELLF	RDGQG%GE_A	immgliph	huang
CSARDGQGAGELFF	RDGQGA%E_G	immgliph	huang
CSARDGQGAGELLF	RDGQGA%E_G	immgliph	huang
CSARDGQGAGELFF	RDGQGAG%_E	immgliph	huang
CSARDGQGAGELLF	RDGQGAG%_E	immgliph	huang
CSARDGRGGEKLFF	RDGR%GEK_G	immgliph	huang
CRARDGRGGEKLFF	RDGR%GEK_G	immgliph	huang
CSARDGRGGEKLFF	RDGRG%EK_G	immgliph	huang
CRARDGRGGEKLFF	RDGRG%EK_G	immgliph	huang
CSARDGRGGEKLFF	RDGRGG%K_E	immgliph	huang
CRARDGRGGEKLFF	RDGRGG%K_E	immgliph	huang
CSARDGRGGEKLFF	RDGRGGE%_K	immgliph	huang
CRARDGRGGEKLFF	RDGRGGE%_K	immgliph	huang
CIVRDGWGMNTEAFF	RDGW%MNTE_G	immgliph	huang
CSVRDGWGMNTEAFF	RDGW%MNTE_G	immgliph	huang
CIVRDGWGMNTEAFF	RDGWG%NTE_M	immgliph	huang
CSVRDGWGMNTEAFF	RDGWG%NTE_M	immgliph	huang
CIVRDGWGMNTEAFF	RDGWGM%TE_N	immgliph	huang
CSVRDGWGMNTEAFF	RDGWGM%TE_N	immgliph	huang
CIVRDGWGMNTEAFF	RDGWGMN%E_T	immgliph	huang
CSVRDGWGMNTEAFF	RDGWGMN%E_T	immgliph	huang
CIVRDGWGMNTEAFF	RDGWGMNT%_E	immgliph	huang
CSVRDGWGMNTEAFF	RDGWGMNT%_E	immgliph	huang
CSARDHPSWAGTTEKLFF	RDHPSWAGT%EK_AT	immgliph	huang
CSARDHPSWAGTAEKLFF	RDHPSWAGT%EK_AT	immgliph	huang
CSARDIGQARKLFF	RDIG%ARK_HQ	immgliph	huang
CSARDIGHARKLFF	RDIG%ARK_HQ	immgliph	huang
CSARDIGQARKLFF	RDIGQAR%_KR	immgliph	huang
CTARDIGQARRLFF	RDIGQAR%_KR	immgliph	huang
CRARDLVAGATGELFF	RDL%AGATGE_LV	immgliph	huang
CSARDLLAGATGELFF	RDL%AGATGE_LV	immgliph	huang
CSARDLAGHNEQFF	RDL%GHNE_AT	immgliph	huang
CSARDLTGHNEQFF	RDL%GHNE_AT	immgliph	huang
CSARDMARHEQYF	RDM%RHE_A	immgliph	huang
CSARDMARHEKYF	RDM%RHE_A	immgliph	huang
CSARDMARHEQYF	RDMA%HE_R	immgliph	huang
CSARDMARHEKYF	RDMA%HE_R	immgliph	huang
CSARDMARHEQYF	RDMAR%E_H	immgliph	huang
CSARDMARHEKYF	RDMAR%E_H	immgliph	huang
CSARDMARHEQYF	RDMARH%_E	immgliph	huang
CSARDMARHEKYF	RDMARH%_E	immgliph	huang
CSARDNSGPTGTEAFF	RDN%GPTGTE_S	immgliph	huang
CSGRDNSGPTGTEAFF	RDN%GPTGTE_S	immgliph	huang
CRARDNRYEQYF	RDN%YE_R	immgliph	huang
CSARDNRYEQYF	RDN%YE_R	immgliph	huang
CRARDNRYEQYF	RDNR%E_Y	immgliph	huang
CSARDNRYEQYF	RDNR%E_Y	immgliph	huang
CRARDNRYEQYF	RDNRY%_E	immgliph	huang
CSARDNRYEQYF	RDNRY%_E	immgliph	huang
CSARDNSGPTGTEAFF	RDNS%PTGTE_G	immgliph	huang
CSGRDNSGPTGTEAFF	RDNS%PTGTE_G	immgliph	huang
CSARDNSGPTGTEAFF	RDNSG%TGTE_P	immgliph	huang
CSGRDNSGPTGTEAFF	RDNSG%TGTE_P	immgliph	huang
CSARDNSGPTGTEAFF	RDNSGP%GTE_T	immgliph	huang
CSGRDNSGPTGTEAFF	RDNSGP%GTE_T	immgliph	huang
CSARDNSGPTGTEAFF	RDNSGPT%TE_G	immgliph	huang
CSGRDNSGPTGTEAFF	RDNSGPT%TE_G	immgliph	huang
CSARDNSGPTGTEAFF	RDNSGPTG%E_T	immgliph	huang
CSGRDNSGPTGTEAFF	RDNSGPTG%E_T	immgliph	huang
CSARDNSGPTGTEAFF	RDNSGPTGT%_E	immgliph	huang
CSGRDNSGPTGTEAFF	RDNSGPTGT%_E	immgliph	huang
CSARDPTANSPLHF	RDP%ANSP_T	immgliph	huang
CSARDPTANSPLLF	RDP%ANSP_T	immgliph	huang
CRARDPRGDNEQLF	RDP%GDNE_R	immgliph	huang
CSARDPRGDNEQFF	RDP%GDNE_R	immgliph	huang
CSARDPSGNTIYF	RDP%GNT_S	immgliph	huang
CSARDPSGNTRYF	RDP%GNT_S	immgliph	huang
CSARDPSTGLRGELFF	RDP%TGLRGE_S	immgliph	huang
CSARDPSTGLRGELVF	RDP%TGLRGE_S	immgliph	huang
CSARDPIRGLAGGNYYNEQFF	RDPIRGLAGGNYYN%_EQ	immgliph	huang
CSARDPIRGLAGGNYYNQQFF	RDPIRGLAGGNYYN%_EQ	immgliph	huang
CRARDPRGDNEQLF	RDPR%DNE_G	immgliph	huang
CSARDPRGDNEQFF	RDPR%DNE_G	immgliph	huang
CRARDPRGDNEQLF	RDPRG%NE_D	immgliph	huang
CSARDPRGDNEQFF	RDPRG%NE_D	immgliph	huang
CRARDPRGDNEQLF	RDPRGD%E_N	immgliph	huang
CSARDPRGDNEQFF	RDPRGD%E_N	immgliph	huang
CRARDPRGDNEQLF	RDPRGDN%_E	immgliph	huang
CSARDPRGDNEQFF	RDPRGDN%_E	immgliph	huang
CSARDPSTGLRGELFF	RDPS%GLRGE_T	immgliph	huang
CSARDPSTGLRGELVF	RDPS%GLRGE_T	immgliph	huang
CSARDPSGNTIYF	RDPS%NT_G	immgliph	huang
CSARDPSGNTRYF	RDPS%NT_G	immgliph	huang
CSARDPSGDTIYF	RDPSG%T_DN	immgliph	huang
CSARDPSGNTIYF	RDPSG%T_DN	immgliph	huang
CSARDPSGNTRYF	RDPSG%T_DN	immgliph	huang
CSARDPSGNTIYF	RDPSGN%_T	immgliph	huang
CSARDPSGNTRYF	RDPSGN%_T	immgliph	huang
CSARDPSTGLRGELFF	RDPST%LRGE_G	immgliph	huang
CSARDPSTGLRGELVF	RDPST%LRGE_G	immgliph	huang
CSARDPSTGLRGELFF	RDPSTG%RGE_L	immgliph	huang
CSARDPSTGLRGELVF	RDPSTG%RGE_L	immgliph	huang
CSARDPSTGLRGELFF	RDPSTGL%GE_R	immgliph	huang
CSARDPSTGLRGELVF	RDPSTGL%GE_R	immgliph	huang
CSARDPSTGLRGELFF	RDPSTGLR%E_G	immgliph	huang
CSARDPSTGLRGELVF	RDPSTGLR%E_G	immgliph	huang
CSARDPSTGLRGELFF	RDPSTGLRG%_E	immgliph	huang
CSARDPSTGLRGELVF	RDPSTGLRG%_E	immgliph	huang
CSARDPTANSPLHF	RDPT%NSP_A	immgliph	huang
CSARDPTANSPLLF	RDPT%NSP_A	immgliph	huang
CSARDPTANSPLHF	RDPTA%SP_N	immgliph	huang
CSARDPTANSPLLF	RDPTA%SP_N	immgliph	huang
CSARDPTANSPLHF	RDPTAN%P_S	immgliph	huang
CSARDPTANSPLLF	RDPTAN%P_S	immgliph	huang
CSARDPTANSPLHF	RDPTANS%_P	immgliph	huang
CSARDPTANSPLLF	RDPTANS%_P	immgliph	huang
CARRDQGPYEQYF	RDQ%PYE_G	immgliph	huang
CASRDQGPYEQYF	RDQ%PYE_G	immgliph	huang
CARRDQGPYEQYF	RDQG%YE_P	immgliph	huang
CASRDQGPYEQYF	RDQG%YE_P	immgliph	huang
CARRDQGPYEQYF	RDQGP%E_Y	immgliph	huang
CASRDQGPYEQYF	RDQGP%E_Y	immgliph	huang
CARRDQGPYEQYF	RDQGPY%_E	immgliph	huang
CASRDQGPYEQYF	RDQGPY%_E	immgliph	huang
CSARDQQGGYGYTF	RDQQG%YG_GN	immgliph	huang
CSARDQQGNYGYTF	RDQQG%YG_GN	immgliph	huang
CSARDRSSYGDTF	RDR%SYG_S	immgliph	huang
CSARDRSSYGYTF	RDR%SYG_S	immgliph	huang
CSARDRATRELVF	RDR%TRE_A	immgliph	huang
CSARDRATRELFF	RDR%TRE_A	immgliph	huang
CSARDRATRELVF	RDRA%RE_T	immgliph	huang
CSARDRATRELFF	RDRA%RE_T	immgliph	huang
CSARDRATRELVF	RDRAT%E_R	immgliph	huang
CSARDRATRELFF	RDRAT%E_R	immgliph	huang
CSARDRATRELVF	RDRATR%_E	immgliph	huang
CSARDRATRELFF	RDRATR%_E	immgliph	huang
CASRDRGLSYEQYF	RDRG%SYE_LV	immgliph	huang
CASRDRGVSYEQYF	RDRG%SYE_LV	immgliph	huang
CSARDRSSYGDTF	RDRS%YG_S	immgliph	huang
CSARDRSSYGYTF	RDRS%YG_S	immgliph	huang
CSARDRSSYGDTF	RDRSS%G_Y	immgliph	huang
CSARDRSSYGYTF	RDRSS%G_Y	immgliph	huang
CSARDRSSYGDTF	RDRSSY%_G	immgliph	huang
CSARDRSSYGYTF	RDRSSY%_G	immgliph	huang
CSARDTGGNQPQHF	RDT%GNQP_G	immgliph	huang
CSARDTGGNQPLHF	RDT%GNQP_G	immgliph	huang
CSARDTGGNQPQHF	RDTG%NQP_G	immgliph	huang
CSARDTGGNQPLHF	RDTG%NQP_G	immgliph	huang
CSARDTGGNQPQHF	RDTGG%QP_N	immgliph	huang
CSARDTGGNQPLHF	RDTGG%QP_N	immgliph	huang
CSARDTGGNQPQHF	RDTGGN%P_Q	immgliph	huang
CSARDTGGNQPLHF	RDTGGN%P_Q	immgliph	huang
CSARDTGGNQPQHF	RDTGGNQ%_P	immgliph	huang
CSARDTGGNQPLHF	RDTGGNQ%_P	immgliph	huang
CRAREGARAMNTEAFF	RE%ARAMNTE_G	immgliph	huang
CSAREGARAMNTEAFF	RE%ARAMNTE_G	immgliph	huang
CRAREGGGANVLTF	RE%GGANV_G	immgliph	huang
CRCREGGGANVLTF	RE%GGANV_G	immgliph	huang
CSAREGGGANVLTF	RE%GGANV_G	immgliph	huang
CVAREGGGANVLTF	RE%GGANV_G	immgliph	huang
CGAREGGGANVLTF	RE%GGANV_G	immgliph	huang
CSAREQGNEQYF	RE%GNE_QST	immgliph	huang
CAIRESGNEQFF	RE%GNE_QST	immgliph	huang
CAIRETGNEQFF	RE%GNE_QST	immgliph	huang
CSAREQGNEQFF	RE%GNE_QST	immgliph	huang
CSARETPGTGDTGELCF	RE%PGTGDTGE_AT	immgliph	huang
CSARETPGTGDTGELFF	RE%PGTGDTGE_AT	immgliph	huang
CSAREAPGTGDTGELFF	RE%PGTGDTGE_AT	immgliph	huang
CSGREAPGTGDTGELFF	RE%PGTGDTGE_AT	immgliph	huang
CSAREERRGNQPHHF	RE%RRGNQP_E	immgliph	huang
CSAREERRGNQPQHF	RE%RRGNQP_E	immgliph	huang
CSAREAPGTGDTGELFF	REA%GTGDTGE_P	immgliph	huang
CSGREAPGTGDTGELFF	REA%GTGDTGE_P	immgliph	huang
CSAREAPGTGDTGELFF	REAP%TGDTGE_G	immgliph	huang
CSGREAPGTGDTGELFF	REAP%TGDTGE_G	immgliph	huang
CSAREAPGTGDTGELFF	REAPG%GDTGE_T	immgliph	huang
CSGREAPGTGDTGELFF	REAPG%GDTGE_T	immgliph	huang
CSAREAPGTGDTGELFF	REAPGT%DTGE_G	immgliph	huang
CSGREAPGTGDTGELFF	REAPGT%DTGE_G	immgliph	huang
CSAREAPGTGDTGELFF	REAPGTG%TGE_D	immgliph	huang
CSGREAPGTGDTGELFF	REAPGTG%TGE_D	immgliph	huang
CSAREAPGTGDTGELFF	REAPGTGD%GE_T	immgliph	huang
CSGREAPGTGDTGELFF	REAPGTGD%GE_T	immgliph	huang
CSAREAPGTGDTGELFF	REAPGTGDT%E_G	immgliph	huang
CSGREAPGTGDTGELFF	REAPGTGDT%E_G	immgliph	huang
CSAREAPGTGDTGELFF	REAPGTGDTG%_E	immgliph	huang
CSGREAPGTGDTGELFF	REAPGTGDTG%_E	immgliph	huang
CSAREERRGNQPHHF	REE%RGNQP_R	immgliph	huang
CSAREERRGNQPQHF	REE%RGNQP_R	immgliph	huang
CSAREERRGNQPHHF	REER%GNQP_R	immgliph	huang
CSAREERRGNQPQHF	REER%GNQP_R	immgliph	huang
CSAREERRGNQPHHF	REERR%NQP_G	immgliph	huang
CSAREERRGNQPQHF	REERR%NQP_G	immgliph	huang
CSAREERRGNQPHHF	REERRG%QP_N	immgliph	huang
CSAREERRGNQPQHF	REERRG%QP_N	immgliph	huang
CSAREERRGNQPHHF	REERRGN%P_Q	immgliph	huang
CSAREERRGNQPQHF	REERRGN%P_Q	immgliph	huang
CSAREERRGNQPHHF	REERRGNQ%_P	immgliph	huang
CSAREERRGNQPQHF	REERRGNQ%_P	immgliph	huang
CRAREGGGANVLTF	REG%GANV_G	immgliph	huang
CRCREGGGANVLTF	REG%GANV_G	immgliph	huang
CSAREGGGANVLTF	REG%GANV_G	immgliph	huang
CVAREGGGANVLTF	REG%GANV_G	immgliph	huang
CGAREGGGANVLTF	REG%GANV_G	immgliph	huang
CRAREGARAMNTEAFF	REG%RAMNTE_A	immgliph	huang
CSAREGARAMNTEAFF	REG%RAMNTE_A	immgliph	huang
CRAREGSVTEAFF	REG%VTE_AS	immgliph	huang
CSAREGAVTEAFF	REG%VTE_AS	immgliph	huang
CRAREGARAMNTEAFF	REGA%AMNTE_R	immgliph	huang
CSAREGARAMNTEAFF	REGA%AMNTE_R	immgliph	huang
CRAREGARAMNTEAFF	REGAR%MNTE_A	immgliph	huang
CSAREGARAMNTEAFF	REGAR%MNTE_A	immgliph	huang
CRAREGARAMNTEAFF	REGARA%NTE_MQ	immgliph	huang
CSAREGARAMNTEAFF	REGARA%NTE_MQ	immgliph	huang
CSAREGARAQNTEAFF	REGARA%NTE_MQ	immgliph	huang
CRAREGARAMNTEAFF	REGARAM%TE_KN	immgliph	huang
CSAREGARAMNTEAFF	REGARAM%TE_KN	immgliph	huang
CSTREGARAMKTEAFF	REGARAM%TE_KN	immgliph	huang
CRAREGARAMNTEAFF	REGARAMN%E_T	immgliph	huang
CSAREGARAMNTEAFF	REGARAMN%E_T	immgliph	huang
CRAREGARAMNTEAFF	REGARAMNT%_E	immgliph	huang
CSAREGARAMNTEAFF	REGARAMNT%_E	immgliph	huang
CRAREGGGANVLTF	REGG%ANV_G	immgliph	huang
CRCREGGGANVLTF	REGG%ANV_G	immgliph	huang
CSAREGGGANVLTF	REGG%ANV_G	immgliph	huang
CVAREGGGANVLTF	REGG%ANV_G	immgliph	huang
CGAREGGGANVLTF	REGG%ANV_G	immgliph	huang
CRAREGGGANVLTF	REGGG%NV_A	immgliph	huang
CRCREGGGANVLTF	REGGG%NV_A	immgliph	huang
CSAREGGGANVLTF	REGGG%NV_A	immgliph	huang
CVAREGGGANVLTF	REGGG%NV_A	immgliph	huang
CGAREGGGANVLTF	REGGG%NV_A	immgliph	huang
CRAREGGGANVLTF	REGGGA%V_N	immgliph	huang
CRCREGGGANVLTF	REGGGA%V_N	immgliph	huang
CSAREGGGANVLTF	REGGGA%V_N	immgliph	huang
CVAREGGGANVLTF	REGGGA%V_N	immgliph	huang
CGAREGGGANVLTF	REGGGA%V_N	immgliph	huang
CRAREGGGANVLTF	REGGGAN%_V	immgliph	huang
CRCREGGGANVLTF	REGGGAN%_V	immgliph	huang
CSAREGGGANVLTF	REGGGAN%_V	immgliph	huang
CVAREGGGANVLTF	REGGGAN%_V	immgliph	huang
CGAREGGGANVLTF	REGGGAN%_V	immgliph	huang
CSAREQGNEQYF	REQ%NE_G	immgliph	huang
CSAREQGNEQFF	REQ%NE_G	immgliph	huang
CSAREQGNEQYF	REQG%E_N	immgliph	huang
CSAREQGNEQFF	REQG%E_N	immgliph	huang
CSAREQGNEQYF	REQGN%_E	immgliph	huang
CSAREQGNEQFF	REQGN%_E	immgliph	huang
CSARETPGTGDTGELCF	RET%GTGDTGE_P	immgliph	huang
CSARETPGTGDTGELFF	RET%GTGDTGE_P	immgliph	huang
CSARETPGTGDTGELCF	RETP%TGDTGE_G	immgliph	huang
CSARETPGTGDTGELFF	RETP%TGDTGE_G	immgliph	huang
CSARETPGTGDTGELCF	RETPG%GDTGE_T	immgliph	huang
CSARETPGTGDTGELFF	RETPG%GDTGE_T	immgliph	huang
CSARETPGTGDTGELCF	RETPGT%DTGE_G	immgliph	huang
CSARETPGTGDTGELFF	RETPGT%DTGE_G	immgliph	huang
CSARETPGTGDTGELCF	RETPGTG%TGE_DE	immgliph	huang
CSARETPGTGDTGELFF	RETPGTG%TGE_DE	immgliph	huang
CRCRETPGTGETGELFF	RETPGTG%TGE_DE	immgliph	huang
CSARETPGTGDTGELCF	RETPGTGD%GE_T	immgliph	huang
CSARETPGTGDTGELFF	RETPGTGD%GE_T	immgliph	huang
CSARETPGTGDTGELCF	RETPGTGDT%E_G	immgliph	huang
CSARETPGTGDTGELFF	RETPGTGDT%E_G	immgliph	huang
CSARETPGTGDTGELCF	RETPGTGDTG%_E	immgliph	huang
CSARETPGTGDTGELFF	RETPGTGDTG%_E	immgliph	huang
CIARFGAAPYEQYF	RF%AAPYE_G	immgliph	huang
CSARFGAAPYEQYF	RF%AAPYE_G	immgliph	huang
CIARFGAAPYEQYF	RFG%APYE_A	immgliph	huang
CSARFGAAPYEQYF	RFG%APYE_A	immgliph	huang
CIARFGAAPYEQYF	RFGA%PYE_A	immgliph	huang
CSARFGAAPYEQYF	RFGA%PYE_A	immgliph	huang
CIARFGAAPYEQYF	RFGAA%YE_P	immgliph	huang
CSARFGAAPYEQYF	RFGAA%YE_P	immgliph	huang
CIARFGAAPYEQYF	RFGAAP%E_Y	immgliph	huang
CSARFGAAPYEQYF	RFGAAP%E_Y	immgliph	huang
CIARFGAAPYEQYF	RFGAAPY%_E	immgliph	huang
CSARFGAAPYEQYF	RFGAAPY%_E	immgliph	huang
CSSRGLASTYEQYF	RG%ASTYE_L	immgliph	huang
CSARGLASTYEQYF	RG%ASTYE_L	immgliph	huang
CSSRGGATDTQYF	RG%ATDT_AG	immgliph	huang
CSRRGAATDTQYF	RG%ATDT_AG	immgliph	huang
CSARGQGAHEKYF	RG%GAHE_Q	immgliph	huang
CSARGQGAHEQYF	RG%GAHE_Q	immgliph	huang
CARRGPGASYEQYF	RG%GASYE_P	immgliph	huang
CASRGPGASYEQYF	RG%GASYE_P	immgliph	huang
CASRGQGASYGYTF	RG%GASYG_Q	immgliph	huang
CSSRGQGASYGYTF	RG%GASYG_Q	immgliph	huang
CASRGRGTGDEQYF	RG%GTGDE_R	immgliph	huang
CAGRGRGTGDEQYF	RG%GTGDE_R	immgliph	huang
CASRGLKNTGELCF	RG%KNTGE_L	immgliph	huang
CASRGLKNTGELFF	RG%KNTGE_L	immgliph	huang
CSARGSLNTEAFF	RG%LNTE_S	immgliph	huang
CSARGSLNTEDFF	RG%LNTE_S	immgliph	huang
CAIRGGPGEAKNIQYF	RG%PGEAKNI_G	immgliph	huang
CALRGGPGEAKNIQYF	RG%PGEAKNI_G	immgliph	huang
CSARGDRGRTDTQYF	RG%RGRTDT_DE	immgliph	huang
CSARGERGRTDTQYF	RG%RGRTDT_DE	immgliph	huang
CGARGRVEYEEDF	RG%VEYE_R	immgliph	huang
CSARGRVEYEQYF	RG%VEYE_R	immgliph	huang
CRARGTVHEQYF	RG%VHE_T	immgliph	huang
CSARGTVHEQYF	RG%VHE_T	immgliph	huang
CSARGDSSLSAYNEQFF	RGDSSLS%YNE_AS	immgliph	huang
CSARGDSSLSSYNEQFF	RGDSSLS%YNE_AS	immgliph	huang
CAIRGGPGEAKNIQYF	RGG%GEAKNI_P	immgliph	huang
CALRGGPGEAKNIQYF	RGG%GEAKNI_P	immgliph	huang
CASRGGNTEAFF	RGG%TE_GN	immgliph	huang
CANRGGGTEAFF	RGG%TE_GN	immgliph	huang
CSARGGGTGIAGELFF	RGGGTG%AGE_IV	immgliph	huang
CSARGGGTGVAGELFF	RGGGTG%AGE_IV	immgliph	huang
CAIRGGPGEAKNIQYF	RGGP%EAKNI_G	immgliph	huang
CALRGGPGEAKNIQYF	RGGP%EAKNI_G	immgliph	huang
CAIRGGPGEAKNIQYF	RGGPG%AKNI_E	immgliph	huang
CALRGGPGEAKNIQYF	RGGPG%AKNI_E	immgliph	huang
CAIRGGPGEAKNIQYF	RGGPGE%KNI_A	immgliph	huang
CALRGGPGEAKNIQYF	RGGPGE%KNI_A	immgliph	huang
CAIRGGPGEAKNIQYF	RGGPGEA%NI_K	immgliph	huang
CALRGGPGEAKNIQYF	RGGPGEA%NI_K	immgliph	huang
CAIRGGPGEAKNIQYF	RGGPGEAK%I_N	immgliph	huang
CALRGGPGEAKNIQYF	RGGPGEAK%I_N	immgliph	huang
CAIRGGPGEAKNIQYF	RGGPGEAKN%_I	immgliph	huang
CALRGGPGEAKNIQYF	RGGPGEAKN%_I	immgliph	huang
CASRGLKNTGELCF	RGL%NTGE_K	immgliph	huang
CASRGLKNTGELFF	RGL%NTGE_K	immgliph	huang
CSSRGLASTYEQYF	RGL%STYE_A	immgliph	huang
CSARGLASTYEQYF	RGL%STYE_A	immgliph	huang
CSSRGLASTYEQYF	RGLA%TYE_S	immgliph	huang
CSARGLASTYEQYF	RGLA%TYE_S	immgliph	huang
CSSRGLASTYEQYF	RGLAS%YE_T	immgliph	huang
CSARGLASTYEQYF	RGLAS%YE_T	immgliph	huang
CSSRGLASTYEQYF	RGLAST%E_Y	immgliph	huang
CSARGLASTYEQYF	RGLAST%E_Y	immgliph	huang
CSSRGLASTYEQYF	RGLASTY%_E	immgliph	huang
CSARGLASTYEQYF	RGLASTY%_E	immgliph	huang
CGARGLIANEKLFF	RGLI%NEK_AT	immgliph	huang
CSARGLITNEKLFF	RGLI%NEK_AT	immgliph	huang
CASRGLKNTGELCF	RGLK%TGE_N	immgliph	huang
CASRGLKNTGELFF	RGLK%TGE_N	immgliph	huang
CASRGLKNTGELCF	RGLKN%GE_T	immgliph	huang
CASRGLKNTGELFF	RGLKN%GE_T	immgliph	huang
CASRGLKNTGELCF	RGLKNT%E_G	immgliph	huang
CASRGLKNTGELFF	RGLKNT%E_G	immgliph	huang
CASRGLKNTGELCF	RGLKNTG%_E	immgliph	huang
CASRGLKNTGELFF	RGLKNTG%_E	immgliph	huang
CSARGLSSYHSPLHF	RGLSSY%SP_HN	immgliph	huang
CSARGLSSYNSPLHF	RGLSSY%SP_HN	immgliph	huang
CARRGPGASYEQYF	RGP%ASYE_G	immgliph	huang
CASRGPGASYEQYF	RGP%ASYE_G	immgliph	huang
CSARGPGANYGYNF	RGPG%NYG_AS	immgliph	huang
CSARGPGSNYGYTF	RGPG%NYG_AS	immgliph	huang
CARRGPGASYEQYF	RGPG%SYE_A	immgliph	huang
CASRGPGASYEQYF	RGPG%SYE_A	immgliph	huang
CARRGPGASYEQYF	RGPGA%YE_S	immgliph	huang
CASRGPGASYEQYF	RGPGA%YE_S	immgliph	huang
CARRGPGASYEQYF	RGPGAS%E_Y	immgliph	huang
CASRGPGASYEQYF	RGPGAS%E_Y	immgliph	huang
CARRGPGASYEQYF	RGPGASY%_E	immgliph	huang
CASRGPGASYEQYF	RGPGASY%_E	immgliph	huang
CSARGQGAHEKYF	RGQ%AHE_G	immgliph	huang
CSARGQGAHEQYF	RGQ%AHE_G	immgliph	huang
CASRGQGASYGYTF	RGQ%ASYG_G	immgliph	huang
CSSRGQGASYGYTF	RGQ%ASYG_G	immgliph	huang
CSARGQGAHEKYF	RGQG%HE_A	immgliph	huang
CSARGQGAHEQYF	RGQG%HE_A	immgliph	huang
CASRGQGASYGYTF	RGQG%SYG_A	immgliph	huang
CSSRGQGASYGYTF	RGQG%SYG_A	immgliph	huang
CSARGQGAHEKYF	RGQGA%E_H	immgliph	huang
CSARGQGAHEQYF	RGQGA%E_H	immgliph	huang
CASRGQGASYGYTF	RGQGA%YG_S	immgliph	huang
CSSRGQGASYGYTF	RGQGA%YG_S	immgliph	huang
CSARGQGAHEKYF	RGQGAH%_E	immgliph	huang
CSARGQGAHEQYF	RGQGAH%_E	immgliph	huang
CASRGQGASYGYTF	RGQGAS%G_Y	immgliph	huang
CSSRGQGASYGYTF	RGQGAS%G_Y	immgliph	huang
CASRGQGASYGYTF	RGQGASY%_G	immgliph	huang
CSSRGQGASYGYTF	RGQGASY%_G	immgliph	huang
CGARGRVEYEEDF	RGR%EYE_V	immgliph	huang
CSARGRVEYEQYF	RGR%EYE_V	immgliph	huang
CASRGRGTGDEQYF	RGR%TGDE_G	immgliph	huang
CAGRGRGTGDEQYF	RGR%TGDE_G	immgliph	huang
CASRGRSVEGSPLPF	RGR%VEGSP_ST	immgliph	huang
CASRGRTVEGSPLHF	RGR%VEGSP_ST	immgliph	huang
CASRGRGTGDEQYF	RGRG%GDE_T	immgliph	huang
CAGRGRGTGDEQYF	RGRG%GDE_T	immgliph	huang
CASRGRGPYDQSF	RGRGPY%_DE	immgliph	huang
CASRGRGPYEQYF	RGRGPY%_DE	immgliph	huang
CASRGRGTGDEQYF	RGRGT%DE_G	immgliph	huang
CAGRGRGTGDEQYF	RGRGT%DE_G	immgliph	huang
CASRGRGTGDEQYF	RGRGTG%E_D	immgliph	huang
CAGRGRGTGDEQYF	RGRGTG%E_D	immgliph	huang
CASRGRGTGDEQYF	RGRGTGD%_E	immgliph	huang
CAGRGRGTGDEQYF	RGRGTGD%_E	immgliph	huang
CGARGRVEYEEDF	RGRV%YE_E	immgliph	huang
CSARGRVEYEQYF	RGRV%YE_E	immgliph	huang
CGARGRVEYEEDF	RGRVE%E_Y	immgliph	huang
CSARGRVEYEQYF	RGRVE%E_Y	immgliph	huang
CGARGRVEYEEDF	RGRVEY%_E	immgliph	huang
CSARGRVEYEQYF	RGRVEY%_E	immgliph	huang
CSARGSLNTEAFF	RGS%NTE_L	immgliph	huang
CSARGSLNTEDFF	RGS%NTE_L	immgliph	huang
CSARGSLNTEAFF	RGSL%TE_N	immgliph	huang
CSARGSLNTEDFF	RGSL%TE_N	immgliph	huang
CSARGSLNTEAFF	RGSLN%E_T	immgliph	huang
CSARGSLNTEDFF	RGSLN%E_T	immgliph	huang
CSARGSLNTEAFF	RGSLNT%_E	immgliph	huang
CSARGSLNTEDFF	RGSLNT%_E	immgliph	huang
CRARGTVHEQYF	RGT%HE_IV	immgliph	huang
CSARGTIHEQFF	RGT%HE_IV	immgliph	huang
CSARGTVHEQYF	RGT%HE_IV	immgliph	huang
CRARGTVHEQYF	RGTV%E_H	immgliph	huang
CSARGTVHEQYF	RGTV%E_H	immgliph	huang
CRARGTVHEQYF	RGTVH%_E	immgliph	huang
CSARGTVHEQYF	RGTVH%_E	immgliph	huang
CASRHRGVRDEQCF	RH%GVRDE_R	immgliph	huang
CASRHRGVRDEQFF	RH%GVRDE_R	immgliph	huang
CASRHRGVRDEQCF	RHR%VRDE_G	immgliph	huang
CASRHRGVRDEQFF	RHR%VRDE_G	immgliph	huang
CASRHRGVRDEQCF	RHRG%RDE_V	immgliph	huang
CASRHRGVRDEQFF	RHRG%RDE_V	immgliph	huang
CASRHRGVRDEQCF	RHRGV%DE_R	immgliph	huang
CASRHRGVRDEQFF	RHRGV%DE_R	immgliph	huang
CASRHRGVRDEQCF	RHRGVR%E_D	immgliph	huang
CASRHRGVRDEQFF	RHRGVR%E_D	immgliph	huang
CASRHRGVRDEQCF	RHRGVRD%_E	immgliph	huang
CASRHRGVRDEQFF	RHRGVRD%_E	immgliph	huang
CAWRITDGQPQQF	RI%DGQP_T	immgliph	huang
CAWRITDGQPQHF	RI%DGQP_T	immgliph	huang
CGARIRGGGGDTDTQYF	RI%GGGGDTDT_R	immgliph	huang
CRARIRGGGGDTDTQYF	RI%GGGGDTDT_R	immgliph	huang
CSARIRGGGGDTDTQYF	RI%GGGGDTDT_R	immgliph	huang
CSARIAGTNTGELFF	RI%GTNTGE_A	immgliph	huang
CSARIAGTNTGEMFF	RI%GTNTGE_A	immgliph	huang
CSARIAGTNTGELFF	RIA%TNTGE_G	immgliph	huang
CSARIAGTNTGEMFF	RIA%TNTGE_G	immgliph	huang
CSARIAGTNTGELFF	RIAG%NTGE_T	immgliph	huang
CSARIAGTNTGEMFF	RIAG%NTGE_T	immgliph	huang
CSARIAGTNTGELFF	RIAGT%TGE_N	immgliph	huang
CSARIAGTNTGEMFF	RIAGT%TGE_N	immgliph	huang
CSARIAGTNTGELFF	RIAGTN%GE_T	immgliph	huang
CSARIAGTNTGEMFF	RIAGTN%GE_T	immgliph	huang
CSARIAGTNTGELFF	RIAGTNT%E_G	immgliph	huang
CSARIAGTNTGEMFF	RIAGTNT%E_G	immgliph	huang
CSARIAGTNTGELFF	RIAGTNTG%_E	immgliph	huang
CSARIAGTNTGEMFF	RIAGTNTG%_E	immgliph	huang
CGARIRGGGGDTDTQYF	RIR%GGGDTDT_G	immgliph	huang
CRARIRGGGGDTDTQYF	RIR%GGGDTDT_G	immgliph	huang
CSARIRGGGGDTDTQYF	RIR%GGGDTDT_G	immgliph	huang
CGARIRGGGGDTDTQYF	RIRG%GGDTDT_G	immgliph	huang
CRARIRGGGGDTDTQYF	RIRG%GGDTDT_G	immgliph	huang
CSARIRGGGGDTDTQYF	RIRG%GGDTDT_G	immgliph	huang
CGARIRGGGGDTDTQYF	RIRGG%GDTDT_G	immgliph	huang
CRARIRGGGGDTDTQYF	RIRGG%GDTDT_G	immgliph	huang
CSARIRGGGGDTDTQYF	RIRGG%GDTDT_G	immgliph	huang
CGARIRGGGGDTDTQYF	RIRGGG%DTDT_G	immgliph	huang
CRARIRGGGGDTDTQYF	RIRGGG%DTDT_G	immgliph	huang
CSARIRGGGGDTDTQYF	RIRGGG%DTDT_G	immgliph	huang
CGARIRGGGGDTDTQYF	RIRGGGG%TDT_D	immgliph	huang
CRARIRGGGGDTDTQYF	RIRGGGG%TDT_D	immgliph	huang
CSARIRGGGGDTDTQYF	RIRGGGG%TDT_D	immgliph	huang
CGARIRGGGGDTDTQYF	RIRGGGGD%DT_T	immgliph	huang
CRARIRGGGGDTDTQYF	RIRGGGGD%DT_T	immgliph	huang
CSARIRGGGGDTDTQYF	RIRGGGGD%DT_T	immgliph	huang
CGARIRGGGGDTDTQYF	RIRGGGGDT%T_D	immgliph	huang
CRARIRGGGGDTDTQYF	RIRGGGGDT%T_D	immgliph	huang
CSARIRGGGGDTDTQYF	RIRGGGGDT%T_D	immgliph	huang
CGARIRGGGGDTDTQYF	RIRGGGGDTD%_T	immgliph	huang
CRARIRGGGGDTDTQYF	RIRGGGGDTD%_T	immgliph	huang
CSARIRGGGGDTDTQYF	RIRGGGGDTD%_T	immgliph	huang
CAWRITDGQPQQF	RIT%GQP_D	immgliph	huang
CAWRITDGQPQHF	RIT%GQP_D	immgliph	huang
CAWRITDGQPQQF	RITD%QP_G	immgliph	huang
CAWRITDGQPQHF	RITD%QP_G	immgliph	huang
CAWRITDGQPQQF	RITDG%P_Q	immgliph	huang
CAWRITDGQPQHF	RITDG%P_Q	immgliph	huang
CAWRITDGQPQQF	RITDGQ%_P	immgliph	huang
CAWRITDGQPQHF	RITDGQ%_P	immgliph	huang
CISRKQGALYNEQFF	RK%GALYNE_Q	immgliph	huang
CSARKQGALYNEQFF	RK%GALYNE_Q	immgliph	huang
CASRKLYNEQFF	RKLY%E_KN	immgliph	huang
CASRKLYKEQFF	RKLY%E_KN	immgliph	huang
CISRKQGALYNEQFF	RKQ%ALYNE_G	immgliph	huang
CSARKQGALYNEQFF	RKQ%ALYNE_G	immgliph	huang
CISRKQGALYNEQFF	RKQG%LYNE_A	immgliph	huang
CSARKQGALYNEQFF	RKQG%LYNE_A	immgliph	huang
CISRKQGALYNEQFF	RKQGA%YNE_L	immgliph	huang
CSARKQGALYNEQFF	RKQGA%YNE_L	immgliph	huang
CISRKQGALYNEQFF	RKQGAL%NE_Y	immgliph	huang
CSARKQGALYNEQFF	RKQGAL%NE_Y	immgliph	huang
CISRKQGALYNEQFF	RKQGALY%E_N	immgliph	huang
CSARKQGALYNEQFF	RKQGALY%E_N	immgliph	huang
CISRKQGALYNEQFF	RKQGALYN%_E	immgliph	huang
CSARKQGALYNEQFF	RKQGALYN%_E	immgliph	huang
CAIRLGGGTGTKYF	RL%GGTGT_G	immgliph	huang
CAIRLGGGTGTQYF	RL%GGTGT_G	immgliph	huang
CSARLGTENSPLHF	RL%TENSP_G	immgliph	huang
CSARLGTENSPRHF	RL%TENSP_G	immgliph	huang
CSFRLGTGPTKLFF	RL%TGPTK_G	immgliph	huang
CSVRLGTGPTKLFF	RL%TGPTK_G	immgliph	huang
CSARLGSEQYF	RLG%E_QS	immgliph	huang
CSARLGQEQYF	RLG%E_QS	immgliph	huang
CSARLGTENSPLHF	RLG%ENSP_T	immgliph	huang
CSARLGTENSPRHF	RLG%ENSP_T	immgliph	huang
CSFRLGTGPTKLFF	RLG%GPTK_T	immgliph	huang
CSVRLGTGPTKLFF	RLG%GPTK_T	immgliph	huang
CAIRLGGGTGTKYF	RLG%GTGT_G	immgliph	huang
CAIRLGGGTGTQYF	RLG%GTGT_G	immgliph	huang
CAIRLGGGTGTKYF	RLGG%TGT_G	immgliph	huang
CAIRLGGGTGTQYF	RLGG%TGT_G	immgliph	huang
CAIRLGGGTGTKYF	RLGGG%GT_T	immgliph	huang
CAIRLGGGTGTQYF	RLGGG%GT_T	immgliph	huang
CAIRLGGGTGTKYF	RLGGGT%T_G	immgliph	huang
CAIRLGGGTGTQYF	RLGGGT%T_G	immgliph	huang
CAIRLGGGTGTKYF	RLGGGTG%_T	immgliph	huang
CAIRLGGGTGTQYF	RLGGGTG%_T	immgliph	huang
CSARLGTENSPLHF	RLGT%NSP_E	immgliph	huang
CSARLGTENSPRHF	RLGT%NSP_E	immgliph	huang
CSFRLGTGPTKLFF	RLGT%PTK_G	immgliph	huang
CSVRLGTGPTKLFF	RLGT%PTK_G	immgliph	huang
CSARLGTENSPLHF	RLGTE%SP_N	immgliph	huang
CSARLGTENSPRHF	RLGTE%SP_N	immgliph	huang
CSARLGTENSPLHF	RLGTEN%P_S	immgliph	huang
CSARLGTENSPRHF	RLGTEN%P_S	immgliph	huang
CSARLGTENSPLHF	RLGTENS%_P	immgliph	huang
CSARLGTENSPRHF	RLGTENS%_P	immgliph	huang
CSFRLGTGPTKLFF	RLGTG%TK_P	immgliph	huang
CSVRLGTGPTKLFF	RLGTG%TK_P	immgliph	huang
CSFRLGTGPTKLFF	RLGTGP%K_T	immgliph	huang
CSVRLGTGPTKLFF	RLGTGP%K_T	immgliph	huang
CSFRLGTGPTKLFF	RLGTGPT%_K	immgliph	huang
CSVRLGTGPTKLFF	RLGTGPT%_K	immgliph	huang
CRARMASGDQETQYF	RM%SGDQET_A	immgliph	huang
CSARMASGDQETQYF	RM%SGDQET_A	immgliph	huang
CRARMASGDQETQYF	RMA%GDQET_S	immgliph	huang
CSARMASGDQETQYF	RMA%GDQET_S	immgliph	huang
CRARMASGDQETQYF	RMAS%DQET_G	immgliph	huang
CSARMASGDQETQYF	RMAS%DQET_G	immgliph	huang
CRARMASGDQETQYF	RMASG%QET_D	immgliph	huang
CSARMASGDQETQYF	RMASG%QET_D	immgliph	huang
CRARMASGDQETQYF	RMASGD%ET_Q	immgliph	huang
CSARMASGDQETQYF	RMASGD%ET_Q	immgliph	huang
CRARMASGDQETQYF	RMASGDQ%T_E	immgliph	huang
CSARMASGDQETQYF	RMASGDQ%T_E	immgliph	huang
CRARMASGDQETQYF	RMASGDQE%_T	immgliph	huang
CSARMASGDQETQYF	RMASGDQE%_T	immgliph	huang
CASRNGGGYNEQFF	RNGG%YNE_GS	immgliph	huang
CASRNGGSYNEQFF	RNGG%YNE_GS	immgliph	huang
CSARNPDSQYF	RNPD%_AS	immgliph	huang
CSARNPDAQYF	RNPD%_AS	immgliph	huang
CSARNSNQPQHF	RNSN%P_HQ	immgliph	huang
CSARNSNHPQHF	RNSN%P_HQ	immgliph	huang
CRARPAGAGGTQYF	RP%GAGGT_A	immgliph	huang
CSARPAGAGGTQYF	RP%GAGGT_A	immgliph	huang
CARRPGGNTEAFF	RP%GNTE_G	immgliph	huang
CASRPGGNTEAFF	RP%GNTE_G	immgliph	huang
CSARPQGREETQYF	RP%GREET_Q	immgliph	huang
CSARPQGREETKYF	RP%GREET_Q	immgliph	huang
CSARPSGRSDYGDTF	RP%GRSDYG_S	immgliph	huang
CSARPSGRSDYGYTF	RP%GRSDYG_S	immgliph	huang
CSARPPLGEKLCF	RP%LGEK_P	immgliph	huang
CSARPPLGEKLFF	RP%LGEK_P	immgliph	huang
CAGRPKLLVGYGYTF	RP%LLVGYG_K	immgliph	huang
CASRPKLLVGYGYTF	RP%LLVGYG_K	immgliph	huang
CSARPPTGRDNYGDTF	RP%TGRDNYG_P	immgliph	huang
CSARPPTGRDNYGYTF	RP%TGRDNYG_P	immgliph	huang
CRARPAGAGGTQYF	RPA%AGGT_G	immgliph	huang
CSARPAGAGGTQYF	RPA%AGGT_G	immgliph	huang
CRARPAGAGGTQYF	RPAG%GGT_A	immgliph	huang
CSARPAGAGGTQYF	RPAG%GGT_A	immgliph	huang
CRARPAGAGGTQYF	RPAGA%GT_G	immgliph	huang
CSARPAGAGGTQYF	RPAGA%GT_G	immgliph	huang
CRARPAGAGGTQYF	RPAGAG%T_G	immgliph	huang
CSARPAGAGGTQYF	RPAGAG%T_G	immgliph	huang
CRARPAGAGGTQYF	RPAGAGG%_T	immgliph	huang
CSARPAGAGGTQYF	RPAGAGG%_T	immgliph	huang
CSARPEKGWNTEACF	RPE%GWNTE_KQ	immgliph	huang
CSARPEQGWNTEAFF	RPE%GWNTE_KQ	immgliph	huang
CARRPGGNTEAFF	RPG%NTE_G	immgliph	huang
CASRPGGNTEAFF	RPG%NTE_G	immgliph	huang
CARRPGGNTEAFF	RPGG%TE_N	immgliph	huang
CASRPGGNTEAFF	RPGG%TE_N	immgliph	huang
CASRPGGANEKLFF	RPGGANE%_KN	immgliph	huang
CASRPGGANENLFF	RPGGANE%_KN	immgliph	huang
CARRPGGNTEAFF	RPGGN%E_T	immgliph	huang
CASRPGGNTEAFF	RPGGN%E_T	immgliph	huang
CARRPGGNTEAFF	RPGGNT%_E	immgliph	huang
CASRPGGNTEAFF	RPGGNT%_E	immgliph	huang
CAGRPKLLVGYGYTF	RPK%LVGYG_L	immgliph	huang
CASRPKLLVGYGYTF	RPK%LVGYG_L	immgliph	huang
CAGRPKLLVGYGYTF	RPKL%VGYG_L	immgliph	huang
CASRPKLLVGYGYTF	RPKL%VGYG_L	immgliph	huang
CAGRPKLLVGYGYTF	RPKLL%GYG_V	immgliph	huang
CASRPKLLVGYGYTF	RPKLL%GYG_V	immgliph	huang
CAGRPKLLVGYGYTF	RPKLLV%YG_G	immgliph	huang
CASRPKLLVGYGYTF	RPKLLV%YG_G	immgliph	huang
CAGRPKLLVGYGYTF	RPKLLVG%G_Y	immgliph	huang
CASRPKLLVGYGYTF	RPKLLVG%G_Y	immgliph	huang
CAGRPKLLVGYGYTF	RPKLLVGY%_G	immgliph	huang
CASRPKLLVGYGYTF	RPKLLVGY%_G	immgliph	huang
CSARPPLGEKLCF	RPP%GEK_L	immgliph	huang
CSARPPLGEKLFF	RPP%GEK_L	immgliph	huang
CSARPPTGRDNYGDTF	RPP%GRDNYG_T	immgliph	huang
CSARPPTGRDNYGYTF	RPP%GRDNYG_T	immgliph	huang
CASRPPENAGERFF	RPPEN%GE_AT	immgliph	huang
CASRPPENTGELFF	RPPEN%GE_AT	immgliph	huang
CSARPPLGEKLCF	RPPL%EK_G	immgliph	huang
CSARPPLGEKLFF	RPPL%EK_G	immgliph	huang
CSARPPLGEKLCF	RPPLG%K_E	immgliph	huang
CSARPPLGEKLFF	RPPLG%K_E	immgliph	huang
CSARPPLGEKLCF	RPPLGE%_KR	immgliph	huang
CSARPPLGEKLFF	RPPLGE%_KR	immgliph	huang
CSARPPLGERLFF	RPPLGE%_KR	immgliph	huang
CSARPPTGRDNYGDTF	RPPT%RDNYG_G	immgliph	huang
CSARPPTGRDNYGYTF	RPPT%RDNYG_G	immgliph	huang
CSARPPTGRDNYGDTF	RPPTG%DNYG_R	immgliph	huang
CSARPPTGRDNYGYTF	RPPTG%DNYG_R	immgliph	huang
CSARPPTGRDNYGDTF	RPPTGR%NYG_D	immgliph	huang
CSARPPTGRDNYGYTF	RPPTGR%NYG_D	immgliph	huang
CSARPPTGRDNYGDTF	RPPTGRD%YG_N	immgliph	huang
CSARPPTGRDNYGYTF	RPPTGRD%YG_N	immgliph	huang
CSARPPTGRDNYGDTF	RPPTGRDN%G_Y	immgliph	huang
CSARPPTGRDNYGYTF	RPPTGRDN%G_Y	immgliph	huang
CSARPPTGRDNYGDTF	RPPTGRDNY%_G	immgliph	huang
CSARPPTGRDNYGYTF	RPPTGRDNY%_G	immgliph	huang
CSARPQGREETQYF	RPQ%REET_G	immgliph	huang
CSARPQGREETKYF	RPQ%REET_G	immgliph	huang
CSARPQGREETQYF	RPQG%EET_R	immgliph	huang
CSARPQGREETKYF	RPQG%EET_R	immgliph	huang
CSARPQGREETQYF	RPQGR%ET_E	immgliph	huang
CSARPQGREETKYF	RPQGR%ET_E	immgliph	huang
CSARPQGREETQYF	RPQGRE%T_E	immgliph	huang
CSARPQGREETKYF	RPQGRE%T_E	immgliph	huang
CSARPQGREETQYF	RPQGREE%_T	immgliph	huang
CSARPQGREETKYF	RPQGREE%_T	immgliph	huang
CSARPSGRSDYGDTF	RPS%RSDYG_G	immgliph	huang
CSARPSGRSDYGYTF	RPS%RSDYG_G	immgliph	huang
CSARPSGRSDYGDTF	RPSG%SDYG_R	immgliph	huang
CSARPSGRSDYGYTF	RPSG%SDYG_R	immgliph	huang
CSARPSGRSDYGDTF	RPSGR%DYG_S	immgliph	huang
CSARPSGRSDYGYTF	RPSGR%DYG_S	immgliph	huang
CSARPSGRSDYGDTF	RPSGRS%YG_D	immgliph	huang
CSARPSGRSDYGYTF	RPSGRS%YG_D	immgliph	huang
CSARPSGRSDYGDTF	RPSGRSD%G_Y	immgliph	huang
CSARPSGRSDYGYTF	RPSGRSD%G_Y	immgliph	huang
CSARPSGRSDYGDTF	RPSGRSDY%_G	immgliph	huang
CSARPSGRSDYGYTF	RPSGRSDY%_G	immgliph	huang
CSARPVRRGKEQFF	RPVRRG%E_KN	immgliph	huang
CSARPVRRGNEQFF	RPVRRG%E_KN	immgliph	huang
CASRQSRQGYNEQFF	RQ%RQGYNE_S	immgliph	huang
CARRQSRQGYNEQYF	RQ%RQGYNE_S	immgliph	huang
CSVRQGWGMNTEAFF	RQ%WGMNTE_G	immgliph	huang
CSVRQGWGMNTEAVF	RQ%WGMNTE_G	immgliph	huang
CSVRQGWGMNTEAFF	RQG%GMNTE_W	immgliph	huang
CSVRQGWGMNTEAVF	RQG%GMNTE_W	immgliph	huang
CATRQGGLGKEQFF	RQGGLG%E_KN	immgliph	huang
CATRQGGLGNEQFF	RQGGLG%E_KN	immgliph	huang
CSVRQGWGMNTEAFF	RQGW%MNTE_G	immgliph	huang
CSVRQGWGMNTEAVF	RQGW%MNTE_G	immgliph	huang
CSVRQGWGMNTEAFF	RQGWG%NTE_M	immgliph	huang
CSVRQGWGMNTEAVF	RQGWG%NTE_M	immgliph	huang
CSVRQGWGMNTEAFF	RQGWGM%TE_N	immgliph	huang
CSVRQGWGMNTEAVF	RQGWGM%TE_N	immgliph	huang
CSVRQGWGMNTEAFF	RQGWGMN%E_T	immgliph	huang
CSVRQGWGMNTEAVF	RQGWGMN%E_T	immgliph	huang
CSVRQGWGMNTEAFF	RQGWGMNT%_E	immgliph	huang
CSVRQGWGMNTEAVF	RQGWGMNT%_E	immgliph	huang
CASRQSRQGYNEQFF	RQS%QGYNE_R	immgliph	huang
CARRQSRQGYNEQYF	RQS%QGYNE_R	immgliph	huang
CASRQSRQGYNEQFF	RQSR%GYNE_Q	immgliph	huang
CARRQSRQGYNEQYF	RQSR%GYNE_Q	immgliph	huang
CASRQSRQGYNEQFF	RQSRQ%YNE_G	immgliph	huang
CARRQSRQGYNEQYF	RQSRQ%YNE_G	immgliph	huang
CASRQSRQGYNEQFF	RQSRQG%NE_Y	immgliph	huang
CARRQSRQGYNEQYF	RQSRQG%NE_Y	immgliph	huang
CASRQSRQGYNEQFF	RQSRQGY%E_N	immgliph	huang
CARRQSRQGYNEQYF	RQSRQGY%E_N	immgliph	huang
CASRQSRQGYNEQFF	RQSRQGYN%_E	immgliph	huang
CARRQSRQGYNEQYF	RQSRQGYN%_E	immgliph	huang
CAGRRQGGDGDTF	RR%GGDG_Q	immgliph	huang
CASRRQGGDGYNF	RR%GGDG_Q	immgliph	huang
CASRRQGSDEQYF	RR%GSDE_Q	immgliph	huang
CASRRQGSDEQFF	RR%GSDE_Q	immgliph	huang
CSARRPGTGGGYPF	RR%GTGGG_P	immgliph	huang
CSARRPGTGGGYTF	RR%GTGGG_P	immgliph	huang
CARRRSPRGDGANVLTF	RR%PRGDGANV_S	immgliph	huang
CASRRSPRGDGANVLTF	RR%PRGDGANV_S	immgliph	huang
CSARRGSYNSPLHF	RRGSY%SP_KN	immgliph	huang
CSARRGSYKSPLHF	RRGSY%SP_KN	immgliph	huang
CSARRPGTGGGYPF	RRP%TGGG_G	immgliph	huang
CSARRPGTGGGYTF	RRP%TGGG_G	immgliph	huang
CSARRPGTGGGYPF	RRPG%GGG_T	immgliph	huang
CSARRPGTGGGYTF	RRPG%GGG_T	immgliph	huang
CSARRPGTGGGYPF	RRPGT%GG_G	immgliph	huang
CSARRPGTGGGYTF	RRPGT%GG_G	immgliph	huang
CSARRPGTGGGYPF	RRPGTG%G_G	immgliph	huang
CSARRPGTGGGYTF	RRPGTG%G_G	immgliph	huang
CSARRPGTGGGYPF	RRPGTGG%_G	immgliph	huang
CSARRPGTGGGYTF	RRPGTGG%_G	immgliph	huang
CAGRRQGGDGDTF	RRQ%GDG_G	immgliph	huang
CASRRQGGDGYNF	RRQ%GDG_G	immgliph	huang
CASRRQGSDEQYF	RRQ%SDE_G	immgliph	huang
CASRRQGSDEQFF	RRQ%SDE_G	immgliph	huang
CASRRQGSDEQYF	RRQG%DE_S	immgliph	huang
CASRRQGSDEQFF	RRQG%DE_S	immgliph	huang
CAGRRQGGDGDTF	RRQG%DG_G	immgliph	huang
CASRRQGGDGYNF	RRQG%DG_G	immgliph	huang
CAGRRQGGDGDTF	RRQGG%G_D	immgliph	huang
CASRRQGGDGYNF	RRQGG%G_D	immgliph	huang
CAGRRQGGDGDTF	RRQGGD%_G	immgliph	huang
CASRRQGGDGYNF	RRQGGD%_G	immgliph	huang
CASRRQGSDEQYF	RRQGS%E_D	immgliph	huang
CASRRQGSDEQFF	RRQGS%E_D	immgliph	huang
CASRRQGSDEQYF	RRQGSD%_E	immgliph	huang
CASRRQGSDEQFF	RRQGSD%_E	immgliph	huang
CASRRQPPDSDTQYF	RRQPP%SDT_DE	immgliph	huang
CASRRQPPESDTQYF	RRQPP%SDT_DE	immgliph	huang
CARRRSPRGDGANVLTF	RRS%RGDGANV_P	immgliph	huang
CASRRSPRGDGANVLTF	RRS%RGDGANV_P	immgliph	huang
CARRRSPRGDGANVLTF	RRSP%GDGANV_R	immgliph	huang
CASRRSPRGDGANVLTF	RRSP%GDGANV_R	immgliph	huang
CARRRSPRGDGANVLTF	RRSPR%DGANV_G	immgliph	huang
CASRRSPRGDGANVLTF	RRSPR%DGANV_G	immgliph	huang
CARRRSPRGDGANVLTF	RRSPRG%GANV_D	immgliph	huang
CASRRSPRGDGANVLTF	RRSPRG%GANV_D	immgliph	huang
CARRRSPRGDGANVLTF	RRSPRGD%ANV_G	immgliph	huang
CASRRSPRGDGANVLTF	RRSPRGD%ANV_G	immgliph	huang
CARRRSPRGDGANVLTF	RRSPRGDG%NV_A	immgliph	huang
CASRRSPRGDGANVLTF	RRSPRGDG%NV_A	immgliph	huang
CARRRSPRGDGANVLTF	RRSPRGDGA%V_N	immgliph	huang
CASRRSPRGDGANVLTF	RRSPRGDGA%V_N	immgliph	huang
CARRRSPRGDGANVLTF	RRSPRGDGAN%_V	immgliph	huang
CASRRSPRGDGANVLTF	RRSPRGDGAN%_V	immgliph	huang
CASRSQGDTQYF	RS%GDT_QR	immgliph	huang
CTSRSRGDTQYF	RS%GDT_QR	immgliph	huang
CSARSPGGAGANVLTF	RS%GGAGANV_P	immgliph	huang
CIARSPGGAGANVLTF	RS%GGAGANV_P	immgliph	huang
CRARSPGGGGDTDTQYF	RS%GGGGDTDT_P	immgliph	huang
CSGRSPGGGGDTDTQYF	RS%GGGGDTDT_P	immgliph	huang
CSARSPGLAGYNEQFF	RS%GLAGYNE_P	immgliph	huang
CRARSPGLAGYNEQFF	RS%GLAGYNE_P	immgliph	huang
CATRSAGQGPNYGYNF	RS%GQGPNYG_A	immgliph	huang
CATRSAGQGPNYGYTF	RS%GQGPNYG_A	immgliph	huang
CSARSTHAREDQPQHF	RS%HAREDQP_T	immgliph	huang
CSARSTHAREDQPKHF	RS%HAREDQP_T	immgliph	huang
CATRSAGQGPNYGYNF	RSA%QGPNYG_G	immgliph	huang
CATRSAGQGPNYGYTF	RSA%QGPNYG_G	immgliph	huang
CATRSAGQGPNYGYNF	RSAG%GPNYG_Q	immgliph	huang
CATRSAGQGPNYGYTF	RSAG%GPNYG_Q	immgliph	huang
CATRSAGQGPNYGYNF	RSAGQ%PNYG_G	immgliph	huang
CATRSAGQGPNYGYTF	RSAGQ%PNYG_G	immgliph	huang
CATRSAGQGPNYGYNF	RSAGQG%NYG_P	immgliph	huang
CATRSAGQGPNYGYTF	RSAGQG%NYG_P	immgliph	huang
CATRSAGQGPNYGYNF	RSAGQGP%YG_N	immgliph	huang
CATRSAGQGPNYGYTF	RSAGQGP%YG_N	immgliph	huang
CATRSAGQGPNYGYNF	RSAGQGPN%G_Y	immgliph	huang
CATRSAGQGPNYGYTF	RSAGQGPN%G_Y	immgliph	huang
CATRSAGQGPNYGYNF	RSAGQGPNY%_G	immgliph	huang
CATRSAGQGPNYGYTF	RSAGQGPNY%_G	immgliph	huang
CSARSPGGAGANVLTF	RSP%GAGANV_G	immgliph	huang
CIARSPGGAGANVLTF	RSP%GAGANV_G	immgliph	huang
CRARSPGGGGDTDTQYF	RSP%GGGDTDT_G	immgliph	huang
CSGRSPGGGGDTDTQYF	RSP%GGGDTDT_G	immgliph	huang
CSARSPGLAGYNEQFF	RSP%LAGYNE_G	immgliph	huang
CRARSPGLAGYNEQFF	RSP%LAGYNE_G	immgliph	huang
CSARSPGGAGANVLTF	RSPG%AGANV_G	immgliph	huang
CIARSPGGAGANVLTF	RSPG%AGANV_G	immgliph	huang
CSARSPGLAGYNEQFF	RSPG%AGYNE_L	immgliph	huang
CRARSPGLAGYNEQFF	RSPG%AGYNE_L	immgliph	huang
CRARSPGGGGDTDTQYF	RSPG%GGDTDT_G	immgliph	huang
CSGRSPGGGGDTDTQYF	RSPG%GGDTDT_G	immgliph	huang
CSARSPGGAGANVLTF	RSPGG%GANV_A	immgliph	huang
CIARSPGGAGANVLTF	RSPGG%GANV_A	immgliph	huang
CRARSPGGGGDTDTQYF	RSPGG%GDTDT_G	immgliph	huang
CSGRSPGGGGDTDTQYF	RSPGG%GDTDT_G	immgliph	huang
CSARSPGGAGANVLTF	RSPGGA%ANV_G	immgliph	huang
CIARSPGGAGANVLTF	RSPGGA%ANV_G	immgliph	huang
CSARSPGGAGANVLTF	RSPGGAG%NV_A	immgliph	huang
CIARSPGGAGANVLTF	RSPGGAG%NV_A	immgliph	huang
CSARSPGGAGANVLTF	RSPGGAGA%V_N	immgliph	huang
CIARSPGGAGANVLTF	RSPGGAGA%V_N	immgliph	huang
CSARSPGGAGANVLTF	RSPGGAGAN%_V	immgliph	huang
CIARSPGGAGANVLTF	RSPGGAGAN%_V	immgliph	huang
CRARSPGGGGDTDTQYF	RSPGGG%DTDT_G	immgliph	huang
CSGRSPGGGGDTDTQYF	RSPGGG%DTDT_G	immgliph	huang
CRARSPGGGGDTDTQYF	RSPGGGG%TDT_D	immgliph	huang
CSGRSPGGGGDTDTQYF	RSPGGGG%TDT_D	immgliph	huang
CRARSPGGGGDTDTQYF	RSPGGGGD%DT_T	immgliph	huang
CSGRSPGGGGDTDTQYF	RSPGGGGD%DT_T	immgliph	huang
CRARSPGGGGDTDTQYF	RSPGGGGDT%T_D	immgliph	huang
CSGRSPGGGGDTDTQYF	RSPGGGGDT%T_D	immgliph	huang
CRARSPGGGGDTDTQYF	RSPGGGGDTD%_T	immgliph	huang
CSGRSPGGGGDTDTQYF	RSPGGGGDTD%_T	immgliph	huang
CSARSPGLAGYNEQFF	RSPGL%GYNE_A	immgliph	huang
CRARSPGLAGYNEQFF	RSPGL%GYNE_A	immgliph	huang
CSARSPGLAGYNEQFF	RSPGLA%YNE_G	immgliph	huang
CRARSPGLAGYNEQFF	RSPGLA%YNE_G	immgliph	huang
CSARSPGLAGYNEQFF	RSPGLAG%NE_Y	immgliph	huang
CRARSPGLAGYNEQFF	RSPGLAG%NE_Y	immgliph	huang
CSARSPGLAGYNEQFF	RSPGLAGY%E_N	immgliph	huang
CRARSPGLAGYNEQFF	RSPGLAGY%E_N	immgliph	huang
CSARSPGLAGYNEQFF	RSPGLAGYN%_E	immgliph	huang
CRARSPGLAGYNEQFF	RSPGLAGYN%_E	immgliph	huang
CSARSTHAREDQPQHF	RST%AREDQP_H	immgliph	huang
CSARSTHAREDQPKHF	RST%AREDQP_H	immgliph	huang
CSARSTHAREDQPQHF	RSTH%REDQP_A	immgliph	huang
CSARSTHAREDQPKHF	RSTH%REDQP_A	immgliph	huang
CSARSTHAREDQPQHF	RSTHA%EDQP_R	immgliph	huang
CSARSTHAREDQPKHF	RSTHA%EDQP_R	immgliph	huang
CSARSTHAREDQPQHF	RSTHAR%DQP_E	immgliph	huang
CSARSTHAREDQPKHF	RSTHAR%DQP_E	immgliph	huang
CSARSTHAREDQPQHF	RSTHARE%QP_D	immgliph	huang
CSARSTHAREDQPKHF	RSTHARE%QP_D	immgliph	huang
CSARSTHAREDQPQHF	RSTHARED%P_Q	immgliph	huang
CSARSTHAREDQPKHF	RSTHARED%P_Q	immgliph	huang
CSARSTHAREDQPQHF	RSTHAREDQ%_P	immgliph	huang
CSARSTHAREDQPKHF	RSTHAREDQ%_P	immgliph	huang
CSARTGEGDTF	RT%EG_G	immgliph	huang
CSARTGEGYTF	RT%EG_G	immgliph	huang
CASRTSGGGTEAFF	RT%GGGTE_QS	immgliph	huang
CASRTQGGGTEAFF	RT%GGGTE_QS	immgliph	huang
CRARTGGYNEQFF	RT%GYNE_G	immgliph	huang
CSARTGGYNEQFF	RT%GYNE_G	immgliph	huang
CRARTGNQPQHF	RT%NQP_G	immgliph	huang
CSARTGNQPQHF	RT%NQP_G	immgliph	huang
CSARTANTEAFF	RT%NTE_A	immgliph	huang
CRARTANTEAFF	RT%NTE_A	immgliph	huang
CSARTANTEAFF	RTA%TE_N	immgliph	huang
CRARTANTEAFF	RTA%TE_N	immgliph	huang
CSARTANTEAFF	RTAN%E_T	immgliph	huang
CRARTANTEAFF	RTAN%E_T	immgliph	huang
CSARTANTEAFF	RTANT%_E	immgliph	huang
CRARTANTEAFF	RTANT%_E	immgliph	huang
CSARTGEGDTF	RTG%G_E	immgliph	huang
CSARTGEGYTF	RTG%G_E	immgliph	huang
CRARTGNQPQHF	RTG%QP_N	immgliph	huang
CSARTGNQPQHF	RTG%QP_N	immgliph	huang
CASRTGSRPYEQYF	RTG%RPYE_AS	immgliph	huang
CASRTGARPYEQYF	RTG%RPYE_AS	immgliph	huang
CRARTGGYNEQFF	RTG%YNE_G	immgliph	huang
CSARTGGYNEQFF	RTG%YNE_G	immgliph	huang
CSARTGEGDTF	RTGE%_G	immgliph	huang
CSARTGEGYTF	RTGE%_G	immgliph	huang
CSARTGEGEENQYF	RTGEGEE%_NT	immgliph	huang
CSARTGEGEETQYF	RTGEGEE%_NT	immgliph	huang
CRARTGGYNEQFF	RTGG%NE_Y	immgliph	huang
CSARTGGYNEQFF	RTGG%NE_Y	immgliph	huang
CRARTGGYNEQFF	RTGGY%E_N	immgliph	huang
CSARTGGYNEQFF	RTGGY%E_N	immgliph	huang
CRARTGGYNEQFF	RTGGYN%_E	immgliph	huang
CSARTGGYNEQFF	RTGGYN%_E	immgliph	huang
CRARTGNQPQHF	RTGN%P_Q	immgliph	huang
CSARTGNQPQHF	RTGN%P_Q	immgliph	huang
CRARTGNQPQHF	RTGNQ%_P	immgliph	huang
CSARTGNQPQHF	RTGNQ%_P	immgliph	huang
CSARTSGGGSYNEQFF	RTSGG%SYNE_GS	immgliph	huang
CSARTSGGSSYNEQFF	RTSGG%SYNE_GS	immgliph	huang
CSARVGLALETQYF	RV%LALET_G	immgliph	huang
CSARVGLALETQDF	RV%LALET_G	immgliph	huang
CRARVRLTSYEQYF	RV%LTSYE_R	immgliph	huang
CSARVRLTSYEQYF	RV%LTSYE_R	immgliph	huang
CRARVHPGHGSNYGYTF	RV%PGHGSNYG_H	immgliph	huang
CSARVHPGHGSNYGYTF	RV%PGHGSNYG_H	immgliph	huang
CSSRVDLSGGLDTQYF	RVDL%GGLDT_AS	immgliph	huang
CSARVDLAGGLDTQYF	RVDL%GGLDT_AS	immgliph	huang
CSARVGLALETQYF	RVG%ALET_L	immgliph	huang
CSARVGLALETQDF	RVG%ALET_L	immgliph	huang
CSARVGLALETQYF	RVGL%LET_A	immgliph	huang
CSARVGLALETQDF	RVGL%LET_A	immgliph	huang
CSARVGLALETQYF	RVGLA%ET_L	immgliph	huang
CSARVGLALETQDF	RVGLA%ET_L	immgliph	huang
CSARVGLALETQYF	RVGLAL%T_E	immgliph	huang
CSARVGLALETQDF	RVGLAL%T_E	immgliph	huang
CSARVGLALETQYF	RVGLALE%_T	immgliph	huang
CSARVGLALETQDF	RVGLALE%_T	immgliph	huang
CSARVGLELRYDEQFF	RVGLELRY%E_DN	immgliph	huang
CSARVGLELRYNEQFF	RVGLELRY%E_DN	immgliph	huang
CRARVHPGHGSNYGYTF	RVH%GHGSNYG_P	immgliph	huang
CSARVHPGHGSNYGYTF	RVH%GHGSNYG_P	immgliph	huang
CRARVHPGHGSNYGYTF	RVHP%HGSNYG_G	immgliph	huang
CSARVHPGHGSNYGYTF	RVHP%HGSNYG_G	immgliph	huang
CRARVHPGHGSNYGYTF	RVHPG%GSNYG_H	immgliph	huang
CSARVHPGHGSNYGYTF	RVHPG%GSNYG_H	immgliph	huang
CRARVHPGHGSNYGYTF	RVHPGH%SNYG_G	immgliph	huang
CSARVHPGHGSNYGYTF	RVHPGH%SNYG_G	immgliph	huang
CRARVHPGHGSNYGYTF	RVHPGHG%NYG_S	immgliph	huang
CSARVHPGHGSNYGYTF	RVHPGHG%NYG_S	immgliph	huang
CRARVHPGHGSNYGYTF	RVHPGHGS%YG_N	immgliph	huang
CSARVHPGHGSNYGYTF	RVHPGHGS%YG_N	immgliph	huang
CRARVHPGHGSNYGYTF	RVHPGHGSN%G_Y	immgliph	huang
CSARVHPGHGSNYGYTF	RVHPGHGSN%G_Y	immgliph	huang
CRARVHPGHGSNYGYTF	RVHPGHGSNY%_G	immgliph	huang
CSARVHPGHGSNYGYTF	RVHPGHGSNY%_G	immgliph	huang
CSARVPGTNTEAFF	RVPG%NTE_ST	immgliph	huang
CSARVPGSNTEAFF	RVPG%NTE_ST	immgliph	huang
CRARVRLTSYEQYF	RVR%TSYE_L	immgliph	huang
CSARVRLTSYEQYF	RVR%TSYE_L	immgliph	huang
CRARVRLTSYEQYF	RVRL%SYE_T	immgliph	huang
CSARVRLTSYEQYF	RVRL%SYE_T	immgliph	huang
CRARVRLTSYEQYF	RVRLT%YE_S	immgliph	huang
CSARVRLTSYEQYF	RVRLT%YE_S	immgliph	huang
CRARVRLTSYEQYF	RVRLTS%E_Y	immgliph	huang
CSARVRLTSYEQYF	RVRLTS%E_Y	immgliph	huang
CRARVRLTSYEQYF	RVRLTSY%_E	immgliph	huang
CSARVRLTSYEQYF	RVRLTSY%_E	immgliph	huang
CASRWDGDTQYF	RW%GDT_D	immgliph	huang
CASRWDGDTKYF	RW%GDT_D	immgliph	huang
CASRWDGDTQYF	RWD%DT_G	immgliph	huang
CASRWDGDTKYF	RWD%DT_G	immgliph	huang
CASRWDGDTQYF	RWDG%T_D	immgliph	huang
CASRWDGDTKYF	RWDG%T_D	immgliph	huang
CASRWDGDTQYF	RWDGD%_T	immgliph	huang
CASRWDGDTKYF	RWDGD%_T	immgliph	huang
CASRWGGGTGELFF	RWGG%TGE_GS	immgliph	huang
CASRWGGSTGELFF	RWGG%TGE_GS	immgliph	huang
CSARYLGGNYGYTF	RYLGG%YG_NS	immgliph	huang
CSARYLGGSYGYPF	RYLGG%YG_NS	immgliph	huang
CASSGAAANEKLFF	S%AAANEK_G	immgliph	huang
CASSGAAANEKMFF	S%AAANEK_G	immgliph	huang
CASSGAAANEKRFF	S%AAANEK_G	immgliph	huang
CARSEAAATTYEQYF	S%AAATTYE_E	immgliph	huang
CASSEAAATTYEQYF	S%AAATTYE_E	immgliph	huang
CARSVAAFIGDEQFF	S%AAFIGDE_V	immgliph	huang
CASSVAAFIGDEQFF	S%AAFIGDE_V	immgliph	huang
CARSVADRGYNEQFF	S%ADRGYNE_V	immgliph	huang
CASSVADRGYNEQFF	S%ADRGYNE_V	immgliph	huang
CASSEAGDNSPLHF	S%AGDNSP_E	immgliph	huang
CASSEAGDNSPLNF	S%AGDNSP_E	immgliph	huang
CASSHAGETYEQYF	S%AGETYE_HQ	immgliph	huang
CASSQAGETYEQYF	S%AGETYE_HQ	immgliph	huang
CAISDAGGTTGELFF	S%AGGTTGE_DE	immgliph	huang
CGISDAGGTTGELFF	S%AGGTTGE_DE	immgliph	huang
CAISEAGGTTGELFF	S%AGGTTGE_DE	immgliph	huang
CATSDAGQGTTGELFF	S%AGQGTTGE_D	immgliph	huang
CASSDAGQGTTGELFF	S%AGQGTTGE_D	immgliph	huang
CASSLAGWNTGELFF	S%AGWNTGE_L	immgliph	huang
CASSLAGWNTGEMFF	S%AGWNTGE_L	immgliph	huang
CSASRALDTRAYEHYF	S%ALDTRAYE_R	immgliph	huang
CSASRALDTRAYEQYF	S%ALDTRAYE_R	immgliph	huang
CASSQALVQVYGYTF	S%ALVQVYG_QR	immgliph	huang
CASSRALVQVYGYTF	S%ALVQVYG_QR	immgliph	huang
CASSLANRAGLMNTEAFF	S%ANRAGLMNTE_L	immgliph	huang
CSSSLANRAGLMNTEAFF	S%ANRAGLMNTE_L	immgliph	huang
CASSEARAKYF	S%ARA_E	immgliph	huang
CASSEARAQYF	S%ARA_E	immgliph	huang
CASSQARGGNEKFF	S%ARGGNE_Q	immgliph	huang
CASSQARGGNEQFF	S%ARGGNE_Q	immgliph	huang
CSRSQARGGNEQFF	S%ARGGNE_Q	immgliph	huang
CSASSARGTYNEQFF	S%ARGTYNE_S	immgliph	huang
CSASSARGTYNEKLF	S%ARGTYNE_S	immgliph	huang
CARSQARLNEQFF	S%ARLNE_Q	immgliph	huang
CASSQARLNEQFF	S%ARLNE_Q	immgliph	huang
CACSLASAGNYNEQFF	S%ASAGNYNE_L	immgliph	huang
CASSLASAGNYNEQFF	S%ASAGNYNE_L	immgliph	huang
CASSLAVAMENIQYF	S%AVAMENI_FL	immgliph	huang
CASSFAVAMENIQYF	S%AVAMENI_FL	immgliph	huang
CASSFAWDSPHSPLHF	S%AWDSPHSP_FL	immgliph	huang
CASSLAWDSPHSPLHF	S%AWDSPHSP_FL	immgliph	huang
CASSQAYEQYF	S%AYE_EQR	immgliph	huang
CGSSRAYEQYF	S%AYE_EQR	immgliph	huang
CAISEAYEQYF	S%AYE_EQR	immgliph	huang
CARSVCSGTQYF	S%CSGT_LV	immgliph	huang
CASSLCSGTQYF	S%CSGT_LV	immgliph	huang
CASSLDAGSYGYTF	S%DAGSYG_LV	immgliph	huang
CASSVDAGSYGYTF	S%DAGSYG_LV	immgliph	huang
CARSQDALAGGREQFF	S%DALAGGRE_Q	immgliph	huang
CASSQDALAGGREQFF	S%DALAGGRE_Q	immgliph	huang
CATSRDARGVNQPQHF	S%DARGVNQP_R	immgliph	huang
CVTSRDARGVNQPQHF	S%DARGVNQP_R	immgliph	huang
CASSLDEQRVSTDTQYF	S%DEQRVSTDT_LV	immgliph	huang
CASSVDEQRVSTDTQYF	S%DEQRVSTDT_LV	immgliph	huang
CASSKDFRGGGLWGANVLTF	S%DFRGGGLWGANV_KR	immgliph	huang
CATSRDFRGGGLWGANVLTF	S%DFRGGGLWGANV_KR	immgliph	huang
CASSGDGADTQYF	S%DGADT_G	immgliph	huang
CASSGDGADTRYF	S%DGADT_G	immgliph	huang
CASSLDGGASKTKYF	S%DGGASKT_L	immgliph	huang
CASSLDGGASKTQYF	S%DGGASKT_L	immgliph	huang
CASSLDGLTDTQDF	S%DGLTDT_L	immgliph	huang
CASSLDGLTDTQYF	S%DGLTDT_L	immgliph	huang
CANSRDKGFNQPQHF	S%DKGFNQP_R	immgliph	huang
CATSRDKGFNQPQHF	S%DKGFNQP_R	immgliph	huang
CSASQDLGGYTF	S%DLGG_Q	immgliph	huang
CRASQDLGGYTF	S%DLGG_Q	immgliph	huang
CASSQDLTNPGTNYGYTF	S%DLTNPGTNYG_Q	immgliph	huang
CTSSQDLTNPGTNYGYTF	S%DLTNPGTNYG_Q	immgliph	huang
CASSPDPNSGANVLNF	S%DPNSGANV_P	immgliph	huang
CASSPDPNSGANVLTF	S%DPNSGANV_P	immgliph	huang
CASSQDPRGGSGNTQYF	S%DPRGGSGNT_Q	immgliph	huang
CARSQDPRGGSGNTQYF	S%DPRGGSGNT_Q	immgliph	huang
CASSQDPVPDQPEHF	S%DPVPDQP_Q	immgliph	huang
CASSQDPVPDQPQHF	S%DPVPDQP_Q	immgliph	huang
CASSADRAKETQYF	S%DRAKET_A	immgliph	huang
CASSADRAKETKYF	S%DRAKET_A	immgliph	huang
CASSIDRGDYGYTF	S%DRGDYG_IM	immgliph	huang
CASSMDRGDYGYTF	S%DRGDYG_IM	immgliph	huang
CARSLDRGGRDPLHF	S%DRGGRDP_L	immgliph	huang
CASSLDRGGRDPLHF	S%DRGGRDP_L	immgliph	huang
CARSEDRGNTEAFF	S%DRGNTE_E	immgliph	huang
CASSEDRGNTEAFF	S%DRGNTE_E	immgliph	huang
CSASGDRGRDEKLFF	S%DRGRDEK_G	immgliph	huang
CSASGDRGRDEKMFF	S%DRGRDEK_G	immgliph	huang
CAGSADRGRGPPVF	S%DRGRGP_A	immgliph	huang
CAWSADRGRGPPVF	S%DRGRGP_A	immgliph	huang
CASSRDRRDTQYF	S%DRRDT_R	immgliph	huang
CTSSRDRRDTQYF	S%DRRDT_R	immgliph	huang
CATSRDRSGGNEKFF	S%DRSGGNE_R	immgliph	huang
CATSRDRSGGNEQFF	S%DRSGGNE_R	immgliph	huang
CARSLDRTGSGYTF	S%DRTGSG_L	immgliph	huang
CASSLDRTGSGYTF	S%DRTGSG_L	immgliph	huang
CASSLDSGGPYGYTF	S%DSGGPYG_LV	immgliph	huang
CASSVDSGGPYGYTF	S%DSGGPYG_LV	immgliph	huang
CASSVDSGWDTQYF	S%DSGWDT_LV	immgliph	huang
CASSLDSGWDTQYF	S%DSGWDT_LV	immgliph	huang
CASSQDSQGATEAFF	S%DSQGATE_QR	immgliph	huang
CAISQDSQGATEAFF	S%DSQGATE_QR	immgliph	huang
CASSRDSQGATEAFF	S%DSQGATE_QR	immgliph	huang
CASSLDSSSYNEQCF	S%DSSSYNE_L	immgliph	huang
CASSLDSSSYNEQFF	S%DSSSYNE_L	immgliph	huang
CSSSTDTQYF	S%DT_T	immgliph	huang
CSASTDTQYF	S%DT_T	immgliph	huang
CASSLDTGGSYNEQFF	S%DTGGSYNE_LV	immgliph	huang
CASSVDTGGSYNEQFF	S%DTGGSYNE_LV	immgliph	huang
CAISLDTGIQSTDTQYF	S%DTGIQSTDT_L	immgliph	huang
CASSLDTGIQSTDTQYF	S%DTGIQSTDT_L	immgliph	huang
CASSQDWAEETQYF	S%DWAEET_Q	immgliph	huang
CAGSQDWAEETQCF	S%DWAEET_Q	immgliph	huang
CASSQDWAPKGEKLLF	S%DWAPKGEK_Q	immgliph	huang
CASSQDWAPKGEKLFF	S%DWAPKGEK_Q	immgliph	huang
CGGSWEAGELFF	S%EAGE_W	immgliph	huang
CASSWEAGELFF	S%EAGE_W	immgliph	huang
CASSLEAGGPLFF	S%EAGGP_L	immgliph	huang
CASSLEAGGPQYF	S%EAGGP_L	immgliph	huang
CASSVEGGAREKLFF	S%EGGAREK_LV	immgliph	huang
CASSLEGGAREKLFF	S%EGGAREK_LV	immgliph	huang
CASSLEGGGVGGYTF	S%EGGGVGG_L	immgliph	huang
CVRSLEGGGVGGYTF	S%EGGGVGG_L	immgliph	huang
CASSLEGGTQYF	S%EGGT_LV	immgliph	huang
CASSVEGGTQYF	S%EGGT_LV	immgliph	huang
CASSPEGTARNYGYTF	S%EGTARNYG_P	immgliph	huang
CSSSPEGTARNYGYTF	S%EGTARNYG_P	immgliph	huang
CASSQEPSTNDFYGYTF	S%EPSTNDFYG_QR	immgliph	huang
CVSSREPSTNDFYGYPF	S%EPSTNDFYG_QR	immgliph	huang
CASSLERGPGTYEQCF	S%ERGPGTYE_L	immgliph	huang
CASSLERGPGTYEQYF	S%ERGPGTYE_L	immgliph	huang
CAGSLERRGPGETRYF	S%ERRGPGET_L	immgliph	huang
CASSLERRGPGETQYF	S%ERRGPGET_L	immgliph	huang
CASSLERTHGYPF	S%ERTHG_L	immgliph	huang
CASSLERTHGYTF	S%ERTHG_L	immgliph	huang
CASSQESPSSEQYF	S%ESPSSE_Q	immgliph	huang
CASSQESPSSEQCF	S%ESPSSE_Q	immgliph	huang
CASSLETGKEYQPQHF	S%ETGKEYQP_L	immgliph	huang
CSSSLETGKEYQPQHF	S%ETGKEYQP_L	immgliph	huang
CASSQFQGQGDEKYF	S%FQGQGDE_Q	immgliph	huang
CASSQFQGQGDEQYF	S%FQGQGDE_Q	immgliph	huang
CTRSQFQGQGDEQYF	S%FQGQGDE_Q	immgliph	huang
CASSQFQGQGDEQDF	S%FQGQGDE_Q	immgliph	huang
CASSPFRDRGTGELCF	S%FRDRGTGE_P	immgliph	huang
CASSPFRDRGTGELFF	S%FRDRGTGE_P	immgliph	huang
CASSLFSGTQYF	S%FSGT_L	immgliph	huang
CASSLFSGTKYF	S%FSGT_L	immgliph	huang
CDGSLFSGTQYF	S%FSGT_L	immgliph	huang
CASSLFTSATNEKLFF	S%FTSATNEK_LV	immgliph	huang
CASSVFTSATNEKLFF	S%FTSATNEK_LV	immgliph	huang
CATSCGADTQYF	S%GADT_AC	immgliph	huang
CSASAGADTQYF	S%GADT_AC	immgliph	huang
CASSEGAGANVLTF	S%GAGANV_EQ	immgliph	huang
CSASQGAGANVLTF	S%GAGANV_EQ	immgliph	huang
CRASQGAGANVLTF	S%GAGANV_EQ	immgliph	huang
CSASQGAGANVLIF	S%GAGANV_EQ	immgliph	huang
CDSSFGAGGGEQYF	S%GAGGGE_FLV	immgliph	huang
CAGSVGAGGGEQDF	S%GAGGGE_FLV	immgliph	huang
CARSFGAGGGEQYF	S%GAGGGE_FLV	immgliph	huang
CASSFGAGGGEQYF	S%GAGGGE_FLV	immgliph	huang
CASSLGAGGGEQYF	S%GAGGGE_FLV	immgliph	huang
CASSQGAGTGGLLGNQPQHF	S%GAGTGGLLGNQP_Q	immgliph	huang
CASSQGAGTGGLLGNQPKHF	S%GAGTGGLLGNQP_Q	immgliph	huang
CASSVGAGTYEQYF	S%GAGTYE_FLV	immgliph	huang
CASSFGAGTYEQYF	S%GAGTYE_FLV	immgliph	huang
CAISVGAGTYEQYF	S%GAGTYE_FLV	immgliph	huang
CASSLGAGTYEQYF	S%GAGTYE_FLV	immgliph	huang
CAASLGASNQPQHF	S%GASNQP_L	immgliph	huang
CASSLGASNQPQHF	S%GASNQP_L	immgliph	huang
CSASGGATSDEQCF	S%GATSDE_G	immgliph	huang
CSASGGATSDEQFF	S%GATSDE_G	immgliph	huang
CASSMGDEQFF	S%GDE_LM	immgliph	huang
CASSLGDEQFF	S%GDE_LM	immgliph	huang
CASSPGDEQDF	S%GDE_P	immgliph	huang
CASSPGDEQYF	S%GDE_P	immgliph	huang
CASSEGDQPQHF	S%GDQP_ER	immgliph	huang
CSASRGDQPQHF	S%GDQP_ER	immgliph	huang
CASSEGDRGHTEAFF	S%GDRGHTE_E	immgliph	huang
CAISEGDRGHTEAFF	S%GDRGHTE_E	immgliph	huang
CASSLGDRNLDTQYF	S%GDRNLDT_LV	immgliph	huang
CASSVGDRNLDTQYF	S%GDRNLDT_LV	immgliph	huang
CAGSWGDTQYF	S%GDT_W	immgliph	huang
CASSWGDTQYF	S%GDT_W	immgliph	huang
CASSHGERDNEQFF	S%GERDNE_H	immgliph	huang
CASSHGERDNEQCF	S%GERDNE_H	immgliph	huang
CATSRGETAFF	S%GET_ER	immgliph	huang
CASSEGETQYF	S%GET_ER	immgliph	huang
CASSRGFEQYF	S%GFE_R	immgliph	huang
CASSRGFEQFF	S%GFE_R	immgliph	huang
CASSLGFRGGTDTQDF	S%GFRGGTDT_L	immgliph	huang
CASSLGFRGGTDTQYF	S%GFRGGTDT_L	immgliph	huang
CASSLGGYNF	S%GG_L	immgliph	huang
CASSLGGYTF	S%GG_L	immgliph	huang
CRASPGGGGLEQYF	S%GGGGLE_P	immgliph	huang
CSASPGGGGLEQYF	S%GGGGLE_P	immgliph	huang
CASSLGGGQYGYTF	S%GGGQYG_L	immgliph	huang
CASSLGGGQYGYPF	S%GGGQYG_L	immgliph	huang
CASSVGGNQPQHF	S%GGNQP_LV	immgliph	huang
CASSLGGNQPQHF	S%GGNQP_LV	immgliph	huang
CASSLGGPSPLTQYF	S%GGPSPLT_L	immgliph	huang
CGSSLGGPSPLTQYF	S%GGPSPLT_L	immgliph	huang
CASSLGGQETQYF	S%GGQET_LV	immgliph	huang
CAWSVGGQETQYF	S%GGQET_LV	immgliph	huang
CASSQGGQYYEQYF	S%GGQYYE_KQR	immgliph	huang
CASSKGGQYYEQYF	S%GGQYYE_KQR	immgliph	huang
CASSRGGQYYEQYF	S%GGQYYE_KQR	immgliph	huang
CASSLGGRDTEAFF	S%GGRDTE_LV	immgliph	huang
CASSVGGRDTEAFF	S%GGRDTE_LV	immgliph	huang
CASSLGGRQYTDTQYF	S%GGRQYTDT_LV	immgliph	huang
CASSVGGRQYTDTQYF	S%GGRQYTDT_LV	immgliph	huang
CARSRGGTETQYF	S%GGTET_R	immgliph	huang
CASSRGGTETQYF	S%GGTET_R	immgliph	huang
CASSLGGTKSYNEQFF	S%GGTKSYNE_LV	immgliph	huang
CAGSLGGTKSYNEQFF	S%GGTKSYNE_LV	immgliph	huang
CASSVGGTKSYNEQFF	S%GGTKSYNE_LV	immgliph	huang
CASSPGGTVPQHF	S%GGTVP_P	immgliph	huang
CASSPGGTVPKHF	S%GGTVP_P	immgliph	huang
CASSQGGWETQYF	S%GGWET_QR	immgliph	huang
CASSRGGWETQYF	S%GGWET_QR	immgliph	huang
CARSRGLAGDEQYF	S%GLAGDE_R	immgliph	huang
CASSRGLAGDEQYF	S%GLAGDE_R	immgliph	huang
CASSVGLAGEQYF	S%GLAGE_LV	immgliph	huang
CASSLGLAGEQYF	S%GLAGE_LV	immgliph	huang
CASSLGLAGGYADTQYF	S%GLAGGYADT_L	immgliph	huang
CSSSLGLAGGYADTQYF	S%GLAGGYADT_L	immgliph	huang
CASSLGLAGTYEQYF	S%GLAGTYE_LV	immgliph	huang
CASSVGLAGTYEQYF	S%GLAGTYE_LV	immgliph	huang
CASSLGLALSNEQFF	S%GLALSNE_L	immgliph	huang
CASSLGLALSNEQLF	S%GLALSNE_L	immgliph	huang
CASSWGLGHPPYEQYF	S%GLGHPPYE_W	immgliph	huang
CASSWGLGHPPYERYF	S%GLGHPPYE_W	immgliph	huang
CASSLGLGNTGELFF	S%GLGNTGE_LV	immgliph	huang
CASSVGLGNTGELFF	S%GLGNTGE_LV	immgliph	huang
CASSSGLNTEAFF	S%GLNTE_QS	immgliph	huang
CASSQGLNTEAFF	S%GLNTE_QS	immgliph	huang
CSASDGNQPQHF	S%GNQP_D	immgliph	huang
CSVSDGNQPQHF	S%GNQP_D	immgliph	huang
CASSFGPGQGAEETQYF	S%GPGQGAEET_FLV	immgliph	huang
CASSLGPGQGAEETQYF	S%GPGQGAEET_FLV	immgliph	huang
CGSSVGPGQGAEETQYF	S%GPGQGAEET_FLV	immgliph	huang
CASSLGPGWVTQYF	S%GPGWVT_L	immgliph	huang
CVSSLGPGWVTQYF	S%GPGWVT_L	immgliph	huang
CASSSGPLAEQFF	S%GPLAE_S	immgliph	huang
CSSSSGPLAEQFF	S%GPLAE_S	immgliph	huang
CSASSGPLAKNIKYF	S%GPLAKNI_S	immgliph	huang
CSASSGPLAKNIQYF	S%GPLAKNI_S	immgliph	huang
CACSLGPPGLSSYNEHFF	S%GPPGLSSYNE_L	immgliph	huang
CASSLGPPGLSSYNEQFF	S%GPPGLSSYNE_L	immgliph	huang
CAISPGPRTNYGYTF	S%GPRTNYG_P	immgliph	huang
CSISPGPRTNYGYTF	S%GPRTNYG_P	immgliph	huang
CSSSQGQGNQPQHF	S%GQGNQP_Q	immgliph	huang
CASSQGQGNQPQHF	S%GQGNQP_Q	immgliph	huang
CASSQGQGNQPQQF	S%GQGNQP_Q	immgliph	huang
CASSQGQRPRDEQYF	S%GQRPRDE_Q	immgliph	huang
CASSQGQRPRDEKYF	S%GQRPRDE_Q	immgliph	huang
CASSFGRGEETQYF	S%GRGEET_F	immgliph	huang
CACSFGRGEETQYF	S%GRGEET_F	immgliph	huang
CASSLGRPANSPLHF	S%GRPANSP_L	immgliph	huang
CGSSLGRPANSPLHF	S%GRPANSP_L	immgliph	huang
CASSEGRRGVSIQYF	S%GRRGVSI_EQ	immgliph	huang
CASSQGRRGVSIQYF	S%GRRGVSI_EQ	immgliph	huang
CATSSGRSTDTQYF	S%GRSTDT_NST	immgliph	huang
CATSTGRSTDTQYF	S%GRSTDT_NST	immgliph	huang
CASSNGRSTDTQYF	S%GRSTDT_NST	immgliph	huang
CCSSTGRTRYEQYF	S%GRTRYE_T	immgliph	huang
CASSTGRTRYEQYF	S%GRTRYE_T	immgliph	huang
CASSTGSGANVLYF	S%GSGANV_T	immgliph	huang
CASSTGSGANVLTF	S%GSGANV_T	immgliph	huang
CASSVGSSYNEKFF	S%GSSYNE_V	immgliph	huang
CASSVGSSYNEQFF	S%GSSYNE_V	immgliph	huang
CASSVGTEETYGVTF	S%GTEETYG_V	immgliph	huang
CASSVGTEETYGYTF	S%GTEETYG_V	immgliph	huang
CASSFGTESNQPQHF	S%GTESNQP_FL	immgliph	huang
CASSLGTESNQPQHF	S%GTESNQP_FL	immgliph	huang
CASSPGTGAHYGYTF	S%GTGAHYG_P	immgliph	huang
CASSPGTGAHYGDTF	S%GTGAHYG_P	immgliph	huang
CASSSGTGEGEQYF	S%GTGEGE_S	immgliph	huang
CDSSSGTGEGEKYF	S%GTGEGE_S	immgliph	huang
CASSYGTGQETQYF	S%GTGQET_Y	immgliph	huang
CVSSYGTGQETQYF	S%GTGQET_Y	immgliph	huang
CSVSSGTGVTGELFF	S%GTGVTGE_S	immgliph	huang
CSVSSGTGVTGEMFF	S%GTGVTGE_S	immgliph	huang
CRASPGTHSNQPQHF	S%GTHSNQP_P	immgliph	huang
CSASPGTHSNQPQHF	S%GTHSNQP_P	immgliph	huang
CNASPGTHSNQPQHF	S%GTHSNQP_P	immgliph	huang
CASSVGTLYGYTF	S%GTLYG_V	immgliph	huang
CARSVGTLYGYTF	S%GTLYG_V	immgliph	huang
CASSVGTNTGELFF	S%GTNTGE_V	immgliph	huang
CASSVGTNTGEMFF	S%GTNTGE_V	immgliph	huang
CASSDGTSADTQDF	S%GTSADT_D	immgliph	huang
CASSDGTSADTQYF	S%GTSADT_D	immgliph	huang
CACSTGTSGSLDEQFF	S%GTSGSLDE_T	immgliph	huang
CASSTGTSGSLDEQFF	S%GTSGSLDE_T	immgliph	huang
CAGSEGTVISEQYF	S%GTVISE_E	immgliph	huang
CASSEGTVISEQYF	S%GTVISE_E	immgliph	huang
CASSAGVGETQYF	S%GVGET_AT	immgliph	huang
CASSTGVGETQYF	S%GVGET_AT	immgliph	huang
CASSLGVGSSYEQYF	S%GVGSSYE_LV	immgliph	huang
CASSVGVGSSYEQYF	S%GVGSSYE_LV	immgliph	huang
CASSLGVGVYGDNF	S%GVGVYG_L	immgliph	huang
CASSLGVGVYGYTF	S%GVGVYG_L	immgliph	huang
CARSQGVNSPLHF	S%GVNSP_EQ	immgliph	huang
CASSEGVNSPHHF	S%GVNSP_EQ	immgliph	huang
CASSQGVNSPLHF	S%GVNSP_EQ	immgliph	huang
CASSLGWTEAFF	S%GWTE_IL	immgliph	huang
CASSIGWTEAFF	S%GWTE_IL	immgliph	huang
CASSQGYADEKLFF	S%GYADEK_Q	immgliph	huang
CPSSQGYADEKLFF	S%GYADEK_Q	immgliph	huang
CASSLGYGGYYEQYF	S%GYGGYYE_LV	immgliph	huang
CASSVGYGGYYEQYF	S%GYGGYYE_LV	immgliph	huang
CASSSGYNEQFF	S%GYNE_S	immgliph	huang
CAGSSGYNEQFF	S%GYNE_S	immgliph	huang
CASSTHRGAAYNEQFF	S%HRGAAYNE_T	immgliph	huang
CANSTHRGAAYNEQFF	S%HRGAAYNE_T	immgliph	huang
CSASFHRGLGEQYF	S%HRGLGE_FL	immgliph	huang
CSASLHRGLGEQYF	S%HRGLGE_FL	immgliph	huang
CASSLIAGSHEQYF	S%IAGSHE_LV	immgliph	huang
CASSVIAGSHEQYF	S%IAGSHE_LV	immgliph	huang
CASSWIGGYGYTF	S%IGGYG_W	immgliph	huang
CGSSWIGGYGYTF	S%IGGYG_W	immgliph	huang
CAISLIKNTEAFF	S%IKNTE_L	immgliph	huang
CASSLIKNTEAFF	S%IKNTE_L	immgliph	huang
CATSRIQASNSPLHF	S%IQASNSP_R	immgliph	huang
CATSRIQASNSPLLF	S%IQASNSP_R	immgliph	huang
CAISPKGEGPMNTEALF	S%KGEGPMNTE_P	immgliph	huang
CASSPKGEGPMNTEAFF	S%KGEGPMNTE_P	immgliph	huang
CASSPKGGQGAHEQYF	S%KGGQGAHE_P	immgliph	huang
CASSPKGGQGAHEQCF	S%KGGQGAHE_P	immgliph	huang
CASSDKSSSLSVYNEQFF	S%KSSSLSVYNE_DE	immgliph	huang
CASSEKSSSLSVYNEQFF	S%KSSSLSVYNE_DE	immgliph	huang
CASSGLAGGTSTDTQYF	S%LAGGTSTDT_G	immgliph	huang
CARSGLAGGTSTDTQCF	S%LAGGTSTDT_G	immgliph	huang
CASSFLGAMGNGYTF	S%LGAMGNG_FL	immgliph	huang
CASSLLGAMGNGYTF	S%LGAMGNG_FL	immgliph	huang
CASSALGLAGARRNEQFF	S%LGLAGARRNE_AT	immgliph	huang
CASSTLGLAGARRNEQFF	S%LGLAGARRNE_AT	immgliph	huang
CASSDLGQIEAFF	S%LGQIE_D	immgliph	huang
CDRSDLGQIEAFF	S%LGQIE_D	immgliph	huang
CASSPLGSASYEKYF	S%LGSASYE_P	immgliph	huang
CASSPLGSASYEQYF	S%LGSASYE_P	immgliph	huang
CASSPLGSLGLYEGYTF	S%LGSLGLYEG_P	immgliph	huang
CGSSPLGSLGLYEGYTF	S%LGSLGLYEG_P	immgliph	huang
CASSFLGTGNNSPLHF	S%LGTGNNSP_F	immgliph	huang
CASSFLGTGNNSPRHF	S%LGTGNNSP_F	immgliph	huang
CAISALNRGHSGYTF	S%LNRGHSG_A	immgliph	huang
CAISALNRGHSGYNF	S%LNRGHSG_A	immgliph	huang
CARSSLQGAKDTQYF	S%LQGAKDT_S	immgliph	huang
CASSSLQGAKDTQYF	S%LQGAKDT_S	immgliph	huang
CASSRLQGNTGELFF	S%LQGNTGE_ER	immgliph	huang
CAISELQGNTGELFF	S%LQGNTGE_ER	immgliph	huang
CASSLLRGRVQNYNEEFF	S%LRGRVQNYNE_L	immgliph	huang
CASSLLRGRVQNYNEQFF	S%LRGRVQNYNE_L	immgliph	huang
CARSLLRTGWETQYF	S%LRTGWET_L	immgliph	huang
CASSLLRTGWETQYF	S%LRTGWET_L	immgliph	huang
CAGSRLTGAGGKQFF	S%LTGAGGK_R	immgliph	huang
CASSRLTGAGGKQFF	S%LTGAGGK_R	immgliph	huang
CASSVLTGRTDTQYF	S%LTGRTDT_V	immgliph	huang
CSSSVLTGRTDTQYF	S%LTGRTDT_V	immgliph	huang
CASSALTTAGEQYF	S%LTTAGE_AS	immgliph	huang
CASSSLTTAGEQYF	S%LTTAGE_AS	immgliph	huang
CASSVMAGGQETQYF	S%MAGGQET_LV	immgliph	huang
CASSLMAGGQETQYF	S%MAGGQET_LV	immgliph	huang
CASSSMRSNTGELFF	S%MRSNTGE_S	immgliph	huang
CACSSMRSNTGELFF	S%MRSNTGE_S	immgliph	huang
CATSAMTGNHNEHFF	S%MTGNHNE_A	immgliph	huang
CATSAMTGNHNEQFF	S%MTGNHNE_A	immgliph	huang
CASSLNGPGYGYTF	S%NGPGYG_LV	immgliph	huang
CASSVNGPGYGYTF	S%NGPGYG_LV	immgliph	huang
CAGSPNINSPLHF	S%NINSP_P	immgliph	huang
CASSPNINSPLPF	S%NINSP_P	immgliph	huang
CASSLNQIAGGYEQYF	S%NQIAGGYE_LV	immgliph	huang
CASSVNQIAGGYEQYF	S%NQIAGGYE_LV	immgliph	huang
CASSTNRGGETQYF	S%NRGGET_ST	immgliph	huang
CASSSNRGGETQYF	S%NRGGET_ST	immgliph	huang
CASSLNSNQPQHF	S%NSNQP_LV	immgliph	huang
CAWSVNSNQPQHF	S%NSNQP_LV	immgliph	huang
CASSFNYGYTF	S%NYG_FL	immgliph	huang
CASSLNYGYTF	S%NYG_FL	immgliph	huang
CASSVPAGGGSNEQFF	S%PAGGGSNE_V	immgliph	huang
CASSVPAGGGSNEHFF	S%PAGGGSNE_V	immgliph	huang
CSASDPARTGELFF	S%PARTGE_D	immgliph	huang
CSASDPARTGEMFF	S%PARTGE_D	immgliph	huang
CASSLPGAEDTQYF	S%PGAEDT_LV	immgliph	huang
CASSVPGAEDTQYF	S%PGAEDT_LV	immgliph	huang
CASSTPGGQNGQFF	S%PGGQNG_AT	immgliph	huang
CGGSAPGGQNGQFF	S%PGGQNG_AT	immgliph	huang
CASSVPGGTGGISNQPQHF	S%PGGTGGISNQP_V	immgliph	huang
CARSVPGGTGGISNQPQHF	S%PGGTGGISNQP_V	immgliph	huang
CSASAPGLAGMHEQYF	S%PGLAGMHE_A	immgliph	huang
CGASAPGLAGMHEQYF	S%PGLAGMHE_A	immgliph	huang
CSASSPGLAGYQETQYF	S%PGLAGYQET_S	immgliph	huang
CRASSPGLAGYQETQYF	S%PGLAGYQET_S	immgliph	huang
CASSHPGNEQYF	S%PGNE_HQ	immgliph	huang
CASSQPGNEQFF	S%PGNE_HQ	immgliph	huang
CASSHPGQGRGGTEAFF	S%PGQGRGGTE_H	immgliph	huang
CASSHPGQGRGGTESFF	S%PGQGRGGTE_H	immgliph	huang
CATSAPGQGSTGELFF	S%PGQGSTGE_AS	immgliph	huang
CATSSPGQGSTGELFF	S%PGQGSTGE_AS	immgliph	huang
CASSLPGTGKAQYF	S%PGTGKA_L	immgliph	huang
CDSSLPGTGKAQYF	S%PGTGKA_L	immgliph	huang
CASSGPLAGGNTGELFF	S%PLAGGNTGE_G	immgliph	huang
CASSGPLAGGNTGEMFF	S%PLAGGNTGE_G	immgliph	huang
CASSFPLMRQGYGNQPKHF	S%PLMRQGYGNQP_F	immgliph	huang
CASSFPLMRQGYGNQPQHF	S%PLMRQGYGNQP_F	immgliph	huang
CSASNPPALYGYTF	S%PPALYG_KN	immgliph	huang
CSASKPPALYGYPF	S%PPALYG_KN	immgliph	huang
CSASPPQGAWGYTF	S%PQGAWG_P	immgliph	huang
CWASPPQGAWGYTF	S%PQGAWG_P	immgliph	huang
CASSTPQGPNEKLFF	S%PQGPNEK_T	immgliph	huang
CASSTPQGPNEKLCF	S%PQGPNEK_T	immgliph	huang
CASSQPRTSGLQFTLTDTQYF	S%PRTSGLQFTLTDT_Q	immgliph	huang
CASSQPRTSGLQFTLTDTQDF	S%PRTSGLQFTLTDT_Q	immgliph	huang
CASSLPSTGAATEAFF	S%PSTGAATE_LV	immgliph	huang
CASSVPSTGAATEAFF	S%PSTGAATE_LV	immgliph	huang
CSASLPTGELFF	S%PTGE_L	immgliph	huang
CSASLPTGEQFF	S%PTGE_L	immgliph	huang
CATSRQDNTEAFF	S%QDNTE_R	immgliph	huang
CATSRQDNTEDFF	S%QDNTE_R	immgliph	huang
CTGSRQETQDF	S%QET_HR	immgliph	huang
CAISHQETQYF	S%QET_HR	immgliph	huang
CASSRQETQYF	S%QET_HR	immgliph	huang
CASSLQGASTEACF	S%QGASTE_L	immgliph	huang
CASSLQGASTEAFF	S%QGASTE_L	immgliph	huang
CASSDQGDSYEQYF	S%QGDSYE_DE	immgliph	huang
CASSEQGDSYEQYF	S%QGDSYE_DE	immgliph	huang
CASSRQGGDTEAFF	S%QGGDTE_QR	immgliph	huang
CASSQQGGDTEAFF	S%QGGDTE_QR	immgliph	huang
CASSSQGHGELFF	S%QGHGE_S	immgliph	huang
CAGSSQGHGELFF	S%QGHGE_S	immgliph	huang
CAWSVQGKASYGYTF	S%QGKASYG_V	immgliph	huang
CACSVQGKASYGYSF	S%QGKASYG_V	immgliph	huang
CASSLQGRIYGYTF	S%QGRIYG_L	immgliph	huang
CASSLQGRIYGDTF	S%QGRIYG_L	immgliph	huang
CASSLQGSSDTQYF	S%QGSSDT_LV	immgliph	huang
CASSVQGSSDTQYF	S%QGSSDT_LV	immgliph	huang
CASSNQGTEAFF	S%QGTE_GN	immgliph	huang
CASSGQGTEAFF	S%QGTE_GN	immgliph	huang
CASSEQGYEQYF	S%QGYE_ER	immgliph	huang
CSASRQGYEQYF	S%QGYE_ER	immgliph	huang
CACSRQPSYEQYF	S%QPSYE_R	immgliph	huang
CAWSRQPSYEQYF	S%QPSYE_R	immgliph	huang
CASSFQRGGGETQYF	S%QRGGGET_FY	immgliph	huang
CASSYQRGGGETQYF	S%QRGGGET_FY	immgliph	huang
CSASNQRGGRELFF	S%QRGGRE_N	immgliph	huang
CSASNQRGGREVFF	S%QRGGRE_N	immgliph	huang
CASSPQTGEGYGYAF	S%QTGEGYG_P	immgliph	huang
CASSPQTGEGYGYTF	S%QTGEGYG_P	immgliph	huang
CASSPRAGGGNEQFF	S%RAGGGNE_P	immgliph	huang
CASSPRAGGGNEQYF	S%RAGGGNE_P	immgliph	huang
CASSYRDRGRRGYAF	S%RDRGRRG_Y	immgliph	huang
CASSYRDRGRRGYTF	S%RDRGRRG_Y	immgliph	huang
CRASNRDYDYTF	S%RDYD_N	immgliph	huang
CSASNRDYDYTF	S%RDYD_N	immgliph	huang
CSLSDRDYGYTF	S%RDYG_DN	immgliph	huang
CSASNRDYGYTF	S%RDYG_DN	immgliph	huang
CAISSRGETTDTQYF	S%RGETTDT_S	immgliph	huang
CGSSSRGETTDTQYF	S%RGETTDT_S	immgliph	huang
CASSLRGGDEKLCF	S%RGGDEK_L	immgliph	huang
CASSLRGGDEKLFF	S%RGGDEK_L	immgliph	huang
CAWSARGGDETQYF	S%RGGDET_AS	immgliph	huang
CAWSSRGGDETQYF	S%RGGDET_AS	immgliph	huang
CGSSNRGGGAVDEQFF	S%RGGGAVDE_N	immgliph	huang
CASSNRGGGAVDEQFF	S%RGGGAVDE_N	immgliph	huang
CASSDRGNTGELFF	S%RGNTGE_DE	immgliph	huang
CASSERGNTGELFF	S%RGNTGE_DE	immgliph	huang
CASSFRGQGIDSYNEQFF	S%RGQGIDSYNE_FL	immgliph	huang
CASSLRGQGIDSYNEQFF	S%RGQGIDSYNE_FL	immgliph	huang
CASSLRGRSPRHF	S%RGRSP_L	immgliph	huang
CASSLRGRSPLHF	S%RGRSP_L	immgliph	huang
CASSARGVGGTGELFF	S%RGVGGTGE_AS	immgliph	huang
CASSSRGVGGTGELFF	S%RGVGGTGE_AS	immgliph	huang
CSASHRGVGTEAFF	S%RGVGTE_HR	immgliph	huang
CSASHRGVGTESFF	S%RGVGTE_HR	immgliph	huang
CSASRRGVGTEAFF	S%RGVGTE_HR	immgliph	huang
CASSPRLAGQETKYF	S%RLAGQET_P	immgliph	huang
CASSPRLAGQETQYF	S%RLAGQET_P	immgliph	huang
CARSTRLAGTLSYNEQFF	S%RLAGTLSYNE_T	immgliph	huang
CASSTRLAGTLSYNEQFF	S%RLAGTLSYNE_T	immgliph	huang
CASSKRLRQGITEAFF	S%RLRQGITE_K	immgliph	huang
CTSSKRLRQGITEAFF	S%RLRQGITE_K	immgliph	huang
CAGSLRPNTQYF	S%RPNT_LV	immgliph	huang
CASSLRPNTQYF	S%RPNT_LV	immgliph	huang
CASSVRPNTQYF	S%RPNT_LV	immgliph	huang
CASSYRPSGSSYNEQFF	S%RPSGSSYNE_Y	immgliph	huang
CDSSYRPSGSSYNEQFF	S%RPSGSSYNE_Y	immgliph	huang
CASSTRQGVFVGYTF	S%RQGVFVG_T	immgliph	huang
CGSSTRQGVFVGYTF	S%RQGVFVG_T	immgliph	huang
CARSARRKEKLFF	S%RRKEK_A	immgliph	huang
CASSARRKEKLFF	S%RRKEK_A	immgliph	huang
CASSLRTANTEAFF	S%RTANTE_L	immgliph	huang
CTSSLRTANTEAFF	S%RTANTE_L	immgliph	huang
CASSQRTESSYNSPIHF	S%RTESSYNSP_Q	immgliph	huang
CASSQRTESSYNSPLHF	S%RTESSYNSP_Q	immgliph	huang
CASSARTGEIHEQYF	S%RTGEIHE_A	immgliph	huang
CAVSARTGEIHEQYF	S%RTGEIHE_A	immgliph	huang
CASSPRTSGGFGDTKYF	S%RTSGGFGDT_P	immgliph	huang
CASSPRTSGGFGDTHYF	S%RTSGGFGDT_P	immgliph	huang
CASSPRTSGGFGDTQYF	S%RTSGGFGDT_P	immgliph	huang
CATSERTSGGNTDTQYF	S%RTSGGNTDT_E	immgliph	huang
CSTSERTSGGNTDTQYF	S%RTSGGNTDT_E	immgliph	huang
CASSLRYGNGYTF	S%RYGNG_IL	immgliph	huang
CASSIRYGNGYTF	S%RYGNG_IL	immgliph	huang
CAISDSDSSYEQYF	S%SDSSYE_DE	immgliph	huang
CAISESDSSYEQYF	S%SDSSYE_DE	immgliph	huang
CASSLSGAGTDTQYF	S%SGAGTDT_L	immgliph	huang
CPSSLSGAGTDTQYF	S%SGAGTDT_L	immgliph	huang
CASSFSGGEQFF	S%SGGE_F	immgliph	huang
CASSFSGGEQYF	S%SGGE_F	immgliph	huang
CASSPSGGTFNEQFF	S%SGGTFNE_P	immgliph	huang
CAGSPSGGTFNEQCF	S%SGGTFNE_P	immgliph	huang
CASSNSGGVNTEAFF	S%SGGVNTE_NS	immgliph	huang
CASSSSGGVNTEAFF	S%SGGVNTE_NS	immgliph	huang
CAISESGSEGTDTKYF	S%SGSEGTDT_E	immgliph	huang
CAISESGSEGTDTQYF	S%SGSEGTDT_E	immgliph	huang
CASSESGSEGTDTQDF	S%SGSEGTDT_E	immgliph	huang
CASSESGSSYEQYF	S%SGSSYE_ES	immgliph	huang
CASSSSGSSYEQYF	S%SGSSYE_ES	immgliph	huang
CASSLSHRSNQPQHF	S%SHRSNQP_L	immgliph	huang
CASSLSHRSNQPRHF	S%SHRSNQP_L	immgliph	huang
CASSPSIQGNGNTIYF	S%SIQGNGNT_P	immgliph	huang
CASSPSIQGNGNTKYF	S%SIQGNGNT_P	immgliph	huang
CASSYSPGPTYEQYF	S%SPGPTYE_Y	immgliph	huang
CAGSYSPGPTYEQYF	S%SPGPTYE_Y	immgliph	huang
CASSRSPSGGGNEKFF	S%SPSGGGNE_R	immgliph	huang
CASSRSPSGGGNEQFF	S%SPSGGGNE_R	immgliph	huang
CASSRSRGTEAFF	S%SRGTE_ER	immgliph	huang
CATSESRGTEAFF	S%SRGTE_ER	immgliph	huang
CASSVSRTTYEKYF	S%SRTTYE_LV	immgliph	huang
CASSLSRTTYEQYF	S%SRTTYE_LV	immgliph	huang
CASSFSSGGHNEQFF	S%SSGGHNE_FL	immgliph	huang
CASSLSSGGHNEQFF	S%SSGGHNE_FL	immgliph	huang
CVSSYSSGRGGETQYF	S%SSGRGGET_Y	immgliph	huang
CASSYSSGRGGETQYF	S%SSGRGGET_Y	immgliph	huang
CAISRSSVGETQYF	S%SSVGET_R	immgliph	huang
CASSRSSVGETQYF	S%SSVGET_R	immgliph	huang
CAISESTEQFF	S%STE_DE	immgliph	huang
CAISDSTEQFF	S%STE_DE	immgliph	huang
CASSSSVLETEAFF	S%SVLETE_ST	immgliph	huang
CASSTSVLETEAFF	S%SVLETE_ST	immgliph	huang
CASSLSYEQYF	S%SYE_FLV	immgliph	huang
CASSFSYEQYF	S%SYE_FLV	immgliph	huang
CAWSVSYEQYF	S%SYE_FLV	immgliph	huang
CSASDSYEQYF	S%SYE_DS	immgliph	huang
CSASSSYEHYF	S%SYE_DS	immgliph	huang
CSASSSYEQYF	S%SYE_DS	immgliph	huang
CASSETAGLEQYF	S%TAGLE_ES	immgliph	huang
CASSSTAGLEQYF	S%TAGLE_ES	immgliph	huang
CGSSSTAGLEQYF	S%TAGLE_ES	immgliph	huang
CSASLTANTEAFF	S%TANTE_FL	immgliph	huang
CASSFTANTEAFF	S%TANTE_FL	immgliph	huang
CASSFTANYGYTF	S%TANYG_FL	immgliph	huang
CASSLTANYGYTF	S%TANYG_FL	immgliph	huang
CASSLTGEQFF	S%TGE_L	immgliph	huang
CASSLTGELFF	S%TGE_L	immgliph	huang
CASSLTGERFF	S%TGE_L	immgliph	huang
CASSVTGFRDEKLFF	S%TGFRDEK_LV	immgliph	huang
CASSLTGFRDEKLFF	S%TGFRDEK_LV	immgliph	huang
CSASLTGGAQPQHF	S%TGGAQP_L	immgliph	huang
CVGSLTGGAQPLHF	S%TGGAQP_L	immgliph	huang
CASSLTGGGTEAFF	S%TGGGTE_L	immgliph	huang
CASSLTGGGTEAYF	S%TGGGTE_L	immgliph	huang
CASSLTGGTDTQYF	S%TGGTDT_IL	immgliph	huang
CARSITGGTDTQYF	S%TGGTDT_IL	immgliph	huang
CASSITGGTDTQYF	S%TGGTDT_IL	immgliph	huang
CDSSITGGTDTQYF	S%TGGTDT_IL	immgliph	huang
CSISITGGTDTQYF	S%TGGTDT_IL	immgliph	huang
CASSNTGGTEAFF	S%TGGTE_GN	immgliph	huang
CASSGTGGTEAFF	S%TGGTE_GN	immgliph	huang
CASSLTGQGPLAYSNQPHHF	S%TGQGPLAYSNQP_L	immgliph	huang
CASSLTGQGPLAYSNQPQHF	S%TGQGPLAYSNQP_L	immgliph	huang
CASSRTGSNEQFF	S%TGSNE_R	immgliph	huang
CAGSRTGSNEQFF	S%TGSNE_R	immgliph	huang
CASSDTGTGLNEQNF	S%TGTGLNE_D	immgliph	huang
CASSDTGTGLNEQYF	S%TGTGLNE_D	immgliph	huang
CASSTTGYSGNTIYF	S%TGYSGNT_T	immgliph	huang
CASSTTGYSGNTIDF	S%TGYSGNT_T	immgliph	huang
CAISGTNYEKYF	S%TNYE_G	immgliph	huang
CAISGTNYEQYF	S%TNYE_G	immgliph	huang
CSASSTPGRPTSGASTDTQYF	S%TPGRPTSGASTDT_S	immgliph	huang
CSDSSTPGRPTSGASTDTQYF	S%TPGRPTSGASTDT_S	immgliph	huang
CDSSVTPGVGTEAFF	S%TPGVGTE_LV	immgliph	huang
CSSSLTPGVGTEDYF	S%TPGVGTE_LV	immgliph	huang
CATSETSGGADTQYF	S%TSGGADT_ER	immgliph	huang
CATSRTSGGADTQYF	S%TSGGADT_ER	immgliph	huang
CAGSETSGRGNEQFF	S%TSGRGNE_E	immgliph	huang
CASSETSGRGNEQFF	S%TSGRGNE_E	immgliph	huang
CAWSRTSTGANVLTF	S%TSTGANV_R	immgliph	huang
CVWSRTSTGANVLTF	S%TSTGANV_R	immgliph	huang
CASSETTEAFF	S%TTE_E	immgliph	huang
CTSSETTEAFF	S%TTE_E	immgliph	huang
CASSQTTGVAQGQETQYF	S%TTGVAQGQET_Q	immgliph	huang
CVSSQTTGVAQGQETQYF	S%TTGVAQGQET_Q	immgliph	huang
CASSVTTNTGELFF	S%TTNTGE_V	immgliph	huang
CASSVTTNTGERFF	S%TTNTGE_V	immgliph	huang
CASSLVATTRGTEAFF	S%VATTRGTE_L	immgliph	huang
CAGSLVATTRGTEAFF	S%VATTRGTE_L	immgliph	huang
CSSSLVATTRGTEAFF	S%VATTRGTE_L	immgliph	huang
CASSLVDRAGNTEAFF	S%VDRAGNTE_L	immgliph	huang
CVSSLVDRAGNTEACF	S%VDRAGNTE_L	immgliph	huang
CASSEVENTEAFF	S%VENTE_E	immgliph	huang
CASSEVENTEDFF	S%VENTE_E	immgliph	huang
CSASGVGASYERYF	S%VGASYE_G	immgliph	huang
CSASGVGASYEQYF	S%VGASYE_G	immgliph	huang
CARSLVGPGDANEQFF	S%VGPGDANE_L	immgliph	huang
CASSLVGPGDANEQFF	S%VGPGDANE_L	immgliph	huang
CASSQVGRGQETQSF	S%VGRGQET_Q	immgliph	huang
CASSQVGRGQETQYF	S%VGRGQET_Q	immgliph	huang
CANSQVGTGNTIYF	S%VGTGNT_Q	immgliph	huang
CASSQVGTGNTIYF	S%VGTGNT_Q	immgliph	huang
CASSLVGTSGSPTYEQYF	S%VGTSGSPTYE_LV	immgliph	huang
CASSVVGTSGSPTYEQYF	S%VGTSGSPTYE_LV	immgliph	huang
CASSEVHEQYF	S%VHE_EQ	immgliph	huang
CASSQVHEQFF	S%VHE_EQ	immgliph	huang
CAGSEVPGRGGYTF	S%VPGRGG_EQ	immgliph	huang
CASSQVPGRGGYTF	S%VPGRGG_EQ	immgliph	huang
CASSLVQGEQYF	S%VQGE_L	immgliph	huang
CVSSLVQGEQYF	S%VQGE_L	immgliph	huang
CASSLVRGQYFPYEQYF	S%VRGQYFPYE_LV	immgliph	huang
CASSVVRGQYFPYEQYF	S%VRGQYFPYE_LV	immgliph	huang
CASSKVRKVIPRGYTF	S%VRKVIPRG_K	immgliph	huang
CSSSKVRKVIPRGYTF	S%VRKVIPRG_K	immgliph	huang
CASSFVTESNQPQHF	S%VTESNQP_F	immgliph	huang
CAISFVTESNQPQHF	S%VTESNQP_F	immgliph	huang
CASSLYGDTNQPQHF	S%YGDTNQP_L	immgliph	huang
CASSLYGDTNQPQNF	S%YGDTNQP_L	immgliph	huang
CASSLYGQGAETQYF	S%YGQGAET_LV	immgliph	huang
CASSVYGQGAETQYF	S%YGQGAET_LV	immgliph	huang
CASSLYQETQYF	S%YQET_LV	immgliph	huang
CASSVYQETQYF	S%YQET_LV	immgliph	huang
CSASTYSGANVLTF	S%YSGANV_TV	immgliph	huang
CSASVYSGANVLTF	S%YSGANV_TV	immgliph	huang
CSASAPGLAGMHEQYF	SA%GLAGMHE_P	immgliph	huang
CGASAPGLAGMHEQYF	SA%GLAGMHE_P	immgliph	huang
CAWSARGSNQPQHF	SA%GSNQP_QR	immgliph	huang
CASSAQGSNQPQHF	SA%GSNQP_QR	immgliph	huang
CAISALNRGHSGYTF	SA%NRGHSG_L	immgliph	huang
CAISALNRGHSGYNF	SA%NRGHSG_L	immgliph	huang
CASSADRAKETQYF	SA%RAKET_D	immgliph	huang
CASSADRAKETKYF	SA%RAKET_D	immgliph	huang
CAGSADRGRGPPVF	SA%RGRGP_D	immgliph	huang
CAWSADRGRGPPVF	SA%RGRGP_D	immgliph	huang
CARSARRKEKLFF	SA%RKEK_R	immgliph	huang
CASSARRKEKLFF	SA%RKEK_R	immgliph	huang
CASSARTGEIHEQYF	SA%TGEIHE_R	immgliph	huang
CAVSARTGEIHEQYF	SA%TGEIHE_R	immgliph	huang
CATSAMTGNHNEHFF	SA%TGNHNE_M	immgliph	huang
CATSAMTGNHNEQFF	SA%TGNHNE_M	immgliph	huang
CASSADRAKETQYF	SAD%AKET_R	immgliph	huang
CASSADRAKETKYF	SAD%AKET_R	immgliph	huang
CAGSADRGRGPPVF	SAD%GRGP_R	immgliph	huang
CAWSADRGRGPPVF	SAD%GRGP_R	immgliph	huang
CASSADRAKETQYF	SADR%KET_A	immgliph	huang
CASSADRAKETKYF	SADR%KET_A	immgliph	huang
CAGSADRGRGPPVF	SADR%RGP_G	immgliph	huang
CAWSADRGRGPPVF	SADR%RGP_G	immgliph	huang
CASSADRAKETQYF	SADRA%ET_K	immgliph	huang
CASSADRAKETKYF	SADRA%ET_K	immgliph	huang
CASSADRAKETQYF	SADRAK%T_E	immgliph	huang
CASSADRAKETKYF	SADRAK%T_E	immgliph	huang
CASSADRAKETQYF	SADRAKE%_T	immgliph	huang
CASSADRAKETKYF	SADRAKE%_T	immgliph	huang
CAGSADRGRGPPVF	SADRG%GP_R	immgliph	huang
CAWSADRGRGPPVF	SADRG%GP_R	immgliph	huang
CAGSADRGRGPPVF	SADRGR%P_G	immgliph	huang
CAWSADRGRGPPVF	SADRGR%P_G	immgliph	huang
CAGSADRGRGPPVF	SADRGRG%_P	immgliph	huang
CAWSADRGRGPPVF	SADRGRG%_P	immgliph	huang
CASSAGRNTEAFF	SAG%NTE_ER	immgliph	huang
CASSAGENTEAFF	SAG%NTE_ER	immgliph	huang
CASSAGTSAVAEQFF	SAGTSA%AE_LV	immgliph	huang
CASSAGTSALAEQFF	SAGTSA%AE_LV	immgliph	huang
CASSAKRGGRENQYF	SAKRGGRE%_NT	immgliph	huang
CASSAKRGGRETQYF	SAKRGGRE%_NT	immgliph	huang
CAISALNRGHSGYTF	SAL%RGHSG_N	immgliph	huang
CAISALNRGHSGYNF	SAL%RGHSG_N	immgliph	huang
CARSALSTAGEQYF	SAL%TAGE_ST	immgliph	huang
CASSALTTAGEQYF	SAL%TAGE_ST	immgliph	huang
CAISALNRGHSGYTF	SALN%GHSG_R	immgliph	huang
CAISALNRGHSGYNF	SALN%GHSG_R	immgliph	huang
CAISALNRGHSGYTF	SALNR%HSG_G	immgliph	huang
CAISALNRGHSGYNF	SALNR%HSG_G	immgliph	huang
CAISALNRGHSGYTF	SALNRG%SG_H	immgliph	huang
CAISALNRGHSGYNF	SALNRG%SG_H	immgliph	huang
CAISALNRGHSGYTF	SALNRGH%G_S	immgliph	huang
CAISALNRGHSGYNF	SALNRGH%G_S	immgliph	huang
CAISALNRGHSGYTF	SALNRGHS%_G	immgliph	huang
CAISALNRGHSGYNF	SALNRGHS%_G	immgliph	huang
CATSAMTGNHNEHFF	SAM%GNHNE_T	immgliph	huang
CATSAMTGNHNEQFF	SAM%GNHNE_T	immgliph	huang
CATSAMTGNHNEHFF	SAMT%NHNE_G	immgliph	huang
CATSAMTGNHNEQFF	SAMT%NHNE_G	immgliph	huang
CATSAMTGNHNEHFF	SAMTG%HNE_N	immgliph	huang
CATSAMTGNHNEQFF	SAMTG%HNE_N	immgliph	huang
CATSAMTGNHNEHFF	SAMTGN%NE_H	immgliph	huang
CATSAMTGNHNEQFF	SAMTGN%NE_H	immgliph	huang
CATSAMTGNHNEHFF	SAMTGNH%E_N	immgliph	huang
CATSAMTGNHNEQFF	SAMTGNH%E_N	immgliph	huang
CATSAMTGNHNEHFF	SAMTGNHN%_E	immgliph	huang
CATSAMTGNHNEQFF	SAMTGNHN%_E	immgliph	huang
CSASAPGLAGMHEQYF	SAP%LAGMHE_G	immgliph	huang
CGASAPGLAGMHEQYF	SAP%LAGMHE_G	immgliph	huang
CSASAPGLAGMHEQYF	SAPG%AGMHE_L	immgliph	huang
CGASAPGLAGMHEQYF	SAPG%AGMHE_L	immgliph	huang
CSASAPGLAGMHEQYF	SAPGL%GMHE_A	immgliph	huang
CGASAPGLAGMHEQYF	SAPGL%GMHE_A	immgliph	huang
CSASAPGLAGMHEQYF	SAPGLA%MHE_G	immgliph	huang
CGASAPGLAGMHEQYF	SAPGLA%MHE_G	immgliph	huang
CSASAPGLAGMHEQYF	SAPGLAG%HE_M	immgliph	huang
CGASAPGLAGMHEQYF	SAPGLAG%HE_M	immgliph	huang
CSASAPGLAGMHEQYF	SAPGLAGM%E_H	immgliph	huang
CGASAPGLAGMHEQYF	SAPGLAGM%E_H	immgliph	huang
CSASAPGLAGMHEQYF	SAPGLAGMH%_E	immgliph	huang
CGASAPGLAGMHEQYF	SAPGLAGMH%_E	immgliph	huang
CASSAPGNAPLHF	SAPGN%P_AS	immgliph	huang
CASSAPGNSPLHF	SAPGN%P_AS	immgliph	huang
CASSARTGEIHEQYF	SAR%GEIHE_T	immgliph	huang
CAVSARTGEIHEQYF	SAR%GEIHE_T	immgliph	huang
CARSARRKEKLFF	SAR%KEK_R	immgliph	huang
CASSARRKEKLFF	SAR%KEK_R	immgliph	huang
CASSARGGLNGYTF	SARGG%NG_LV	immgliph	huang
CASSARGGVNGYTF	SARGG%NG_LV	immgliph	huang
CASSARQGRTYNEQFF	SARQGRTYN%_DE	immgliph	huang
CASSARQGRTYNDQFF	SARQGRTYN%_DE	immgliph	huang
CARSARRKEKLFF	SARR%EK_K	immgliph	huang
CASSARRKEKLFF	SARR%EK_K	immgliph	huang
CARSARRKEKLFF	SARRK%K_E	immgliph	huang
CASSARRKEKLFF	SARRK%K_E	immgliph	huang
CARSARRKEKLFF	SARRKE%_K	immgliph	huang
CASSARRKEKLFF	SARRKE%_K	immgliph	huang
CASSARTGEIHEQYF	SART%EIHE_G	immgliph	huang
CAVSARTGEIHEQYF	SART%EIHE_G	immgliph	huang
CASSARTGEIHEQYF	SARTG%IHE_E	immgliph	huang
CAVSARTGEIHEQYF	SARTG%IHE_E	immgliph	huang
CASSARTGEIHEQYF	SARTGE%HE_I	immgliph	huang
CAVSARTGEIHEQYF	SARTGE%HE_I	immgliph	huang
CASSARTGEIHEQYF	SARTGEI%E_H	immgliph	huang
CAVSARTGEIHEQYF	SARTGEI%E_H	immgliph	huang
CASSARTGEIHEQYF	SARTGEIH%_E	immgliph	huang
CAVSARTGEIHEQYF	SARTGEIH%_E	immgliph	huang
CAISASGDQYF	SASG%_DE	immgliph	huang
CASSASGEQFF	SASG%_DE	immgliph	huang
CSASDPARTGELFF	SD%ARTGE_P	immgliph	huang
CSASDPARTGEMFF	SD%ARTGE_P	immgliph	huang
CASSDEGEPQHF	SD%GEP_DE	immgliph	huang
CASSDDGEPQHF	SD%GEP_DE	immgliph	huang
CAISDAGGTTGELFF	SD%GGTTGE_A	immgliph	huang
CGISDAGGTTGELFF	SD%GGTTGE_A	immgliph	huang
CATSDAGQGTTGELFF	SD%GQGTTGE_A	immgliph	huang
CASSDAGQGTTGELFF	SD%GQGTTGE_A	immgliph	huang
CASSDLGQIEAFF	SD%GQIE_L	immgliph	huang
CDRSDLGQIEAFF	SD%GQIE_L	immgliph	huang
CASSDTGTGLNEQNF	SD%GTGLNE_T	immgliph	huang
CASSDTGTGLNEQYF	SD%GTGLNE_T	immgliph	huang
CSASDGNQPQHF	SD%NQP_G	immgliph	huang
CSVSDGNQPQHF	SD%NQP_G	immgliph	huang
CASSDAPYSAEYNEQFF	SD%PYSAEYNE_AS	immgliph	huang
CASSDSPYSAEYNEQFF	SD%PYSAEYNE_AS	immgliph	huang
CSVSDRRPYEQYF	SD%RPYE_QR	immgliph	huang
CASSDQRPYEQYF	SD%RPYE_QR	immgliph	huang
CASSDGTSADTQDF	SD%TSADT_G	immgliph	huang
CASSDGTSADTQYF	SD%TSADT_G	immgliph	huang
CAISDAGGTTGELFF	SDA%GTTGE_G	immgliph	huang
CGISDAGGTTGELFF	SDA%GTTGE_G	immgliph	huang
CATSDAGQGTTGELFF	SDA%QGTTGE_G	immgliph	huang
CASSDAGQGTTGELFF	SDA%QGTTGE_G	immgliph	huang
CATSDAGQGTTGELFF	SDAG%GTTGE_Q	immgliph	huang
CASSDAGQGTTGELFF	SDAG%GTTGE_Q	immgliph	huang
CAISDAGGTTGELFF	SDAG%TTGE_G	immgliph	huang
CGISDAGGTTGELFF	SDAG%TTGE_G	immgliph	huang
CAISDAGGTTGELFF	SDAGG%TGE_T	immgliph	huang
CGISDAGGTTGELFF	SDAGG%TGE_T	immgliph	huang
CAISDAGGTTGELFF	SDAGGT%GE_T	immgliph	huang
CGISDAGGTTGELFF	SDAGGT%GE_T	immgliph	huang
CAISDAGGTTGELFF	SDAGGTT%E_G	immgliph	huang
CGISDAGGTTGELFF	SDAGGTT%E_G	immgliph	huang
CAISDAGGTTGELFF	SDAGGTTG%_E	immgliph	huang
CGISDAGGTTGELFF	SDAGGTTG%_E	immgliph	huang
CATSDAGQGTTGELFF	SDAGQ%TTGE_G	immgliph	huang
CASSDAGQGTTGELFF	SDAGQ%TTGE_G	immgliph	huang
CATSDAGQGTTGELFF	SDAGQG%TGE_T	immgliph	huang
CASSDAGQGTTGELFF	SDAGQG%TGE_T	immgliph	huang
CATSDAGQGTTGELFF	SDAGQGT%GE_T	immgliph	huang
CASSDAGQGTTGELFF	SDAGQGT%GE_T	immgliph	huang
CATSDAGQGTTGELFF	SDAGQGTT%E_G	immgliph	huang
CASSDAGQGTTGELFF	SDAGQGTT%E_G	immgliph	huang
CATSDAGQGTTGELFF	SDAGQGTTG%_E	immgliph	huang
CASSDAGQGTTGELFF	SDAGQGTTG%_E	immgliph	huang
CSASDGNQPQHF	SDG%QP_N	immgliph	huang
CSVSDGNQPQHF	SDG%QP_N	immgliph	huang
CASSDGTSADTQDF	SDG%SADT_T	immgliph	huang
CASSDGTSADTQYF	SDG%SADT_T	immgliph	huang
CSASDGNQPQHF	SDGN%P_Q	immgliph	huang
CSVSDGNQPQHF	SDGN%P_Q	immgliph	huang
CSASDGNQPQHF	SDGNQ%_P	immgliph	huang
CSVSDGNQPQHF	SDGNQ%_P	immgliph	huang
CASSDGTSADTQDF	SDGT%ADT_S	immgliph	huang
CASSDGTSADTQYF	SDGT%ADT_S	immgliph	huang
CASSDGTSADTQDF	SDGTS%DT_A	immgliph	huang
CASSDGTSADTQYF	SDGTS%DT_A	immgliph	huang
CASSDGTSADTQDF	SDGTSA%T_D	immgliph	huang
CASSDGTSADTQYF	SDGTSA%T_D	immgliph	huang
CASSDGTSADTQDF	SDGTSAD%_T	immgliph	huang
CASSDGTSADTQYF	SDGTSAD%_T	immgliph	huang
CASSDKSSALSVYNEQFF	SDKSS%LSVYNE_AS	immgliph	huang
CASSDKSSSLSVYNEQFF	SDKSS%LSVYNE_AS	immgliph	huang
CAISDKSSSLSVYNDLFF	SDKSSSLSVYN%_DE	immgliph	huang
CASSDKSSSLSVYNEQFF	SDKSSSLSVYN%_DE	immgliph	huang
CASSDLGQIEAFF	SDL%QIE_G	immgliph	huang
CDRSDLGQIEAFF	SDL%QIE_G	immgliph	huang
CASSDLGQIEAFF	SDLG%IE_Q	immgliph	huang
CDRSDLGQIEAFF	SDLG%IE_Q	immgliph	huang
CASSDLGQIEAFF	SDLGQ%E_I	immgliph	huang
CDRSDLGQIEAFF	SDLGQ%E_I	immgliph	huang
CASSDLGQIEAFF	SDLGQI%_E	immgliph	huang
CDRSDLGQIEAFF	SDLGQI%_E	immgliph	huang
CSASDPARTGELFF	SDP%RTGE_A	immgliph	huang
CSASDPARTGEMFF	SDP%RTGE_A	immgliph	huang
CSASDPARTGELFF	SDPA%TGE_R	immgliph	huang
CSASDPARTGEMFF	SDPA%TGE_R	immgliph	huang
CSASDPARTGELFF	SDPAR%GE_T	immgliph	huang
CSASDPARTGEMFF	SDPAR%GE_T	immgliph	huang
CSASDPARTGELFF	SDPART%E_G	immgliph	huang
CSASDPARTGEMFF	SDPART%E_G	immgliph	huang
CSASDPARTGELFF	SDPARTG%_E	immgliph	huang
CSASDPARTGEMFF	SDPARTG%_E	immgliph	huang
CASSDPELAGGNEQFF	SDPEL%GGNE_AG	immgliph	huang
CASSDPELGGGNEQFF	SDPEL%GGNE_AG	immgliph	huang
CASSDRGNTGELFF	SDR%NTGE_AG	immgliph	huang
CSASDRANTGELFF	SDR%NTGE_AG	immgliph	huang
CAWSDRGANYGYTF	SDRG%NYG_AS	immgliph	huang
CASSDRGSNYGYTF	SDRG%NYG_AS	immgliph	huang
CATSDRGTARGETQYF	SDRGT%RGET_AS	immgliph	huang
CATSDRGTSRGETQYF	SDRGT%RGET_AS	immgliph	huang
CASSDTGTGLNEQNF	SDT%TGLNE_G	immgliph	huang
CASSDTGTGLNEQYF	SDT%TGLNE_G	immgliph	huang
CASSDTGTGLNEQNF	SDTG%GLNE_T	immgliph	huang
CASSDTGTGLNEQYF	SDTG%GLNE_T	immgliph	huang
CASSDTGTGLNEQNF	SDTGT%LNE_G	immgliph	huang
CASSDTGTGLNEQYF	SDTGT%LNE_G	immgliph	huang
CASSDTGTGLNEQNF	SDTGTG%NE_L	immgliph	huang
CASSDTGTGLNEQYF	SDTGTG%NE_L	immgliph	huang
CASSDTGTGLNEQNF	SDTGTGL%E_N	immgliph	huang
CASSDTGTGLNEQYF	SDTGTGL%E_N	immgliph	huang
CASSDTGTGLNEQNF	SDTGTGLN%_E	immgliph	huang
CASSDTGTGLNEQYF	SDTGTGLN%_E	immgliph	huang
CASSEVAANEKLFF	SE%AANEK_AV	immgliph	huang
CASSEAAANEKLFF	SE%AANEK_AV	immgliph	huang
CARSEAAATTYEQYF	SE%AATTYE_A	immgliph	huang
CASSEAAATTYEQYF	SE%AATTYE_A	immgliph	huang
CASSEGDRGHTEAFF	SE%DRGHTE_G	immgliph	huang
CAISEGDRGHTEAFF	SE%DRGHTE_G	immgliph	huang
CASSEVENTEAFF	SE%ENTE_V	immgliph	huang
CASSEVENTEDFF	SE%ENTE_V	immgliph	huang
CASSEVGDNSPLHF	SE%GDNSP_AV	immgliph	huang
CASSEAGDNSPLHF	SE%GDNSP_AV	immgliph	huang
CASSEAGDNSPLNF	SE%GDNSP_AV	immgliph	huang
CAISESGSEGTDTKYF	SE%GSEGTDT_S	immgliph	huang
CAISESGSEGTDTQYF	SE%GSEGTDT_S	immgliph	huang
CASSESGSEGTDTQDF	SE%GSEGTDT_S	immgliph	huang
CASSEVHEQYF	SE%HE_LV	immgliph	huang
CASSELHEQYF	SE%HE_LV	immgliph	huang
CASSEARAKYF	SE%RA_A	immgliph	huang
CASSEARAQYF	SE%RA_A	immgliph	huang
CARSEDRGNTEAFF	SE%RGNTE_D	immgliph	huang
CASSEDRGNTEAFF	SE%RGNTE_D	immgliph	huang
CAGSETSGRGNEQFF	SE%SGRGNE_T	immgliph	huang
CASSETSGRGNEQFF	SE%SGRGNE_T	immgliph	huang
CAISESTEQFF	SE%TE_ST	immgliph	huang
CASSETTEAFF	SE%TE_ST	immgliph	huang
CTSSETTEAFF	SE%TE_ST	immgliph	huang
CATSERTSGGNTDTQYF	SE%TSGGNTDT_R	immgliph	huang
CSTSERTSGGNTDTQYF	SE%TSGGNTDT_R	immgliph	huang
CAGSEGTVISEQYF	SE%TVISE_G	immgliph	huang
CASSEGTVISEQYF	SE%TVISE_G	immgliph	huang
CASSEARAKYF	SEA%A_R	immgliph	huang
CASSEARAQYF	SEA%A_R	immgliph	huang
CARSEAAATTYEQYF	SEA%ATTYE_A	immgliph	huang
CASSEAAATTYEQYF	SEA%ATTYE_A	immgliph	huang
CASSEAGDNSPLHF	SEA%DNSP_G	immgliph	huang
CASSEAGDNSPLNF	SEA%DNSP_G	immgliph	huang
CARSEAAATTYEQYF	SEAA%TTYE_A	immgliph	huang
CASSEAAATTYEQYF	SEAA%TTYE_A	immgliph	huang
CARSEAAATTYEQYF	SEAAA%TYE_T	immgliph	huang
CASSEAAATTYEQYF	SEAAA%TYE_T	immgliph	huang
CARSEAAATTYEQYF	SEAAAT%YE_T	immgliph	huang
CASSEAAATTYEQYF	SEAAAT%YE_T	immgliph	huang
CARSEAAATTYEQYF	SEAAATT%E_Y	immgliph	huang
CASSEAAATTYEQYF	SEAAATT%E_Y	immgliph	huang
CARSEAAATTYEQYF	SEAAATTY%_E	immgliph	huang
CASSEAAATTYEQYF	SEAAATTY%_E	immgliph	huang
CASSEAGDNSPLHF	SEAG%NSP_D	immgliph	huang
CASSEAGDNSPLNF	SEAG%NSP_D	immgliph	huang
CASSEAGDNSPLHF	SEAGD%SP_N	immgliph	huang
CASSEAGDNSPLNF	SEAGD%SP_N	immgliph	huang
CASSEAGDNSPLHF	SEAGDN%P_S	immgliph	huang
CASSEAGDNSPLNF	SEAGDN%P_S	immgliph	huang
CASSEAGDNSPLHF	SEAGDNS%_P	immgliph	huang
CASSEAGDNSPLNF	SEAGDNS%_P	immgliph	huang
CASSEARAKYF	SEAR%_AV	immgliph	huang
CASSEARAQYF	SEAR%_AV	immgliph	huang
CASSEARVAFF	SEAR%_AV	immgliph	huang
CARSEDRGNTEAFF	SED%GNTE_R	immgliph	huang
CASSEDRGNTEAFF	SED%GNTE_R	immgliph	huang
CARSEDRGNTEAFF	SEDR%NTE_G	immgliph	huang
CASSEDRGNTEAFF	SEDR%NTE_G	immgliph	huang
CARSEDRGNTEAFF	SEDRG%TE_DN	immgliph	huang
CASSEDRGNTEAFF	SEDRG%TE_DN	immgliph	huang
CSSSEDRGDTEAFF	SEDRG%TE_DN	immgliph	huang
CARSEDRGNTEAFF	SEDRGN%E_T	immgliph	huang
CASSEDRGNTEAFF	SEDRGN%E_T	immgliph	huang
CARSEDRGNTEAFF	SEDRGNT%_E	immgliph	huang
CASSEDRGNTEAFF	SEDRGNT%_E	immgliph	huang
CASSEGDRGHTEAFF	SEG%RGHTE_D	immgliph	huang
CAISEGDRGHTEAFF	SEG%RGHTE_D	immgliph	huang
CAGSEGTVISEQYF	SEG%VISE_T	immgliph	huang
CASSEGTVISEQYF	SEG%VISE_T	immgliph	huang
CASSEGDRGHTEAFF	SEGD%GHTE_R	immgliph	huang
CAISEGDRGHTEAFF	SEGD%GHTE_R	immgliph	huang
CASSEGDRGHTEAFF	SEGDR%HTE_G	immgliph	huang
CAISEGDRGHTEAFF	SEGDR%HTE_G	immgliph	huang
CASSEGDRGHTEAFF	SEGDRG%TE_H	immgliph	huang
CAISEGDRGHTEAFF	SEGDRG%TE_H	immgliph	huang
CASSEGDRGHTEAFF	SEGDRGH%E_T	immgliph	huang
CAISEGDRGHTEAFF	SEGDRGH%E_T	immgliph	huang
CASSEGDRGHTEAFF	SEGDRGHT%_E	immgliph	huang
CAISEGDRGHTEAFF	SEGDRGHT%_E	immgliph	huang
CAGSEGTVISEQYF	SEGT%ISE_V	immgliph	huang
CASSEGTVISEQYF	SEGT%ISE_V	immgliph	huang
CAGSEGTVISEQYF	SEGTV%SE_I	immgliph	huang
CASSEGTVISEQYF	SEGTV%SE_I	immgliph	huang
CAGSEGTVISEQYF	SEGTVI%E_S	immgliph	huang
CASSEGTVISEQYF	SEGTVI%E_S	immgliph	huang
CAGSEGTVISEQYF	SEGTVIS%_E	immgliph	huang
CASSEGTVISEQYF	SEGTVIS%_E	immgliph	huang
CASSELYEQYF	SEL%E_HY	immgliph	huang
CASSELHEQYF	SEL%E_HY	immgliph	huang
CASSELANHREKLFF	SELA%HREK_DN	immgliph	huang
CASSELADHREKLFF	SELA%HREK_DN	immgliph	huang
CAISEQSNQPQHF	SEQ%NQP_NS	immgliph	huang
CAISEQNNQPQHF	SEQ%NQP_NS	immgliph	huang
CASSEQARGENQYF	SEQARGE%_NT	immgliph	huang
CASSEQARGETQYF	SEQARGE%_NT	immgliph	huang
CATSERTSGGNTDTQYF	SER%SGGNTDT_T	immgliph	huang
CSTSERTSGGNTDTQYF	SER%SGGNTDT_T	immgliph	huang
CATSERTSGGNTDTQYF	SERT%GGNTDT_S	immgliph	huang
CSTSERTSGGNTDTQYF	SERT%GGNTDT_S	immgliph	huang
CATSERTSGGNTDTQYF	SERTS%GNTDT_G	immgliph	huang
CSTSERTSGGNTDTQYF	SERTS%GNTDT_G	immgliph	huang
CATSERTSGGNTDTQYF	SERTSG%NTDT_G	immgliph	huang
CSTSERTSGGNTDTQYF	SERTSG%NTDT_G	immgliph	huang
CATSERTSGGNTDTQYF	SERTSGG%TDT_N	immgliph	huang
CSTSERTSGGNTDTQYF	SERTSGG%TDT_N	immgliph	huang
CATSERTSGGNTDTQYF	SERTSGGN%DT_T	immgliph	huang
CSTSERTSGGNTDTQYF	SERTSGGN%DT_T	immgliph	huang
CATSERTSGGNTDTQYF	SERTSGGNT%T_D	immgliph	huang
CSTSERTSGGNTDTQYF	SERTSGGNT%T_D	immgliph	huang
CATSERTSGGNTDTQYF	SERTSGGNTD%_T	immgliph	huang
CSTSERTSGGNTDTQYF	SERTSGGNTD%_T	immgliph	huang
CAISESTEQFF	SES%E_NT	immgliph	huang
CAISESNEQFF	SES%E_NT	immgliph	huang
CAISESGSEGTDTKYF	SES%SEGTDT_G	immgliph	huang
CAISESGSEGTDTQYF	SES%SEGTDT_G	immgliph	huang
CASSESGSEGTDTQDF	SES%SEGTDT_G	immgliph	huang
CAISESGSEGTDTKYF	SESG%EGTDT_S	immgliph	huang
CAISESGSEGTDTQYF	SESG%EGTDT_S	immgliph	huang
CASSESGSEGTDTQDF	SESG%EGTDT_S	immgliph	huang
CAISESGSEGTDTKYF	SESGS%GTDT_E	immgliph	huang
CAISESGSEGTDTQYF	SESGS%GTDT_E	immgliph	huang
CASSESGSEGTDTQDF	SESGS%GTDT_E	immgliph	huang
CAISESGSEGTDTKYF	SESGSE%TDT_G	immgliph	huang
CAISESGSEGTDTQYF	SESGSE%TDT_G	immgliph	huang
CASSESGSEGTDTQDF	SESGSE%TDT_G	immgliph	huang
CAISESGSEGTDTKYF	SESGSEG%DT_T	immgliph	huang
CAISESGSEGTDTQYF	SESGSEG%DT_T	immgliph	huang
CASSESGSEGTDTQDF	SESGSEG%DT_T	immgliph	huang
CAISESGSEGTDTKYF	SESGSEGT%T_D	immgliph	huang
CAISESGSEGTDTQYF	SESGSEGT%T_D	immgliph	huang
CASSESGSEGTDTQDF	SESGSEGT%T_D	immgliph	huang
CAISESGSEGTDTKYF	SESGSEGTD%_T	immgliph	huang
CAISESGSEGTDTQYF	SESGSEGTD%_T	immgliph	huang
CASSESGSEGTDTQDF	SESGSEGTD%_T	immgliph	huang
CASSETTEAFF	SET%E_T	immgliph	huang
CTSSETTEAFF	SET%E_T	immgliph	huang
CAGSETSGRGNEQFF	SET%GRGNE_S	immgliph	huang
CASSETSGRGNEQFF	SET%GRGNE_S	immgliph	huang
CAGSETSGRGNEQFF	SETS%RGNE_G	immgliph	huang
CASSETSGRGNEQFF	SETS%RGNE_G	immgliph	huang
CAGSETSGRGNEQFF	SETSG%GNE_R	immgliph	huang
CASSETSGRGNEQFF	SETSG%GNE_R	immgliph	huang
CAGSETSGRGNEQFF	SETSGR%NE_G	immgliph	huang
CASSETSGRGNEQFF	SETSGR%NE_G	immgliph	huang
CAGSETSGRGNEQFF	SETSGRG%E_N	immgliph	huang
CASSETSGRGNEQFF	SETSGRG%E_N	immgliph	huang
CAGSETSGRGNEQFF	SETSGRGN%_E	immgliph	huang
CASSETSGRGNEQFF	SETSGRGN%_E	immgliph	huang
CASSETTEAFF	SETT%_E	immgliph	huang
CTSSETTEAFF	SETT%_E	immgliph	huang
CASSEVGDNSPLHF	SEV%DNSP_AG	immgliph	huang
CASSEVADNSPLHF	SEV%DNSP_AG	immgliph	huang
CASSEVENTEAFF	SEV%NTE_E	immgliph	huang
CASSEVENTEDFF	SEV%NTE_E	immgliph	huang
CASSEVENTEAFF	SEVE%TE_N	immgliph	huang
CASSEVENTEDFF	SEVE%TE_N	immgliph	huang
CASSEVENTEAFF	SEVEN%E_T	immgliph	huang
CASSEVENTEDFF	SEVEN%E_T	immgliph	huang
CASSEVENTEAFF	SEVENT%_E	immgliph	huang
CASSEVENTEDFF	SEVENT%_E	immgliph	huang
CASSFRAGETYEQYF	SF%AGETYE_QR	immgliph	huang
CASSFQAGETYEQYF	SF%AGETYE_QR	immgliph	huang
CDSSFGAGGGEQYF	SF%AGGGE_G	immgliph	huang
CARSFGAGGGEQYF	SF%AGGGE_G	immgliph	huang
CASSFGAGGGEQYF	SF%AGGGE_G	immgliph	huang
CASSFSGGEQFF	SF%GGE_S	immgliph	huang
CASSFSGGEQYF	SF%GGE_S	immgliph	huang
CASSFLGTGNNSPLHF	SF%GTGNNSP_L	immgliph	huang
CASSFLGTGNNSPRHF	SF%GTGNNSP_L	immgliph	huang
CASSFPLMRQGYGNQPKHF	SF%LMRQGYGNQP_P	immgliph	huang
CASSFPLMRQGYGNQPQHF	SF%LMRQGYGNQP_P	immgliph	huang
CASSFRRAGGSTDTQYF	SF%RAGGSTDT_QR	immgliph	huang
CASSFQRAGGSTDTQYF	SF%RAGGSTDT_QR	immgliph	huang
CASSFGRGEETQYF	SF%RGEET_G	immgliph	huang
CACSFGRGEETQYF	SF%RGEET_G	immgliph	huang
CASSFVTESNQPQHF	SF%TESNQP_V	immgliph	huang
CAISFVTESNQPQHF	SF%TESNQP_V	immgliph	huang
CASSFGRGEETQYF	SFG%GEET_R	immgliph	huang
CACSFGRGEETQYF	SFG%GEET_R	immgliph	huang
CDSSFGAGGGEQYF	SFG%GGGE_A	immgliph	huang
CARSFGAGGGEQYF	SFG%GGGE_A	immgliph	huang
CASSFGAGGGEQYF	SFG%GGGE_A	immgliph	huang
CASSFGEGGGNTEAFF	SFG%GGGNTE_EQ	immgliph	huang
CASSFGQGGGNTEAFF	SFG%GGGNTE_EQ	immgliph	huang
CASSFGNGGNTQYF	SFG%GGNT_GN	immgliph	huang
CASSFGGGGNTQYF	SFG%GGNT_GN	immgliph	huang
CDSSFGAGGGEQYF	SFGA%GGE_G	immgliph	huang
CARSFGAGGGEQYF	SFGA%GGE_G	immgliph	huang
CASSFGAGGGEQYF	SFGA%GGE_G	immgliph	huang
CDSSFGAGGGEQYF	SFGAG%GE_G	immgliph	huang
CARSFGAGGGEQYF	SFGAG%GE_G	immgliph	huang
CASSFGAGGGEQYF	SFGAG%GE_G	immgliph	huang
CDSSFGAGGGEQYF	SFGAGG%E_G	immgliph	huang
CARSFGAGGGEQYF	SFGAGG%E_G	immgliph	huang
CASSFGAGGGEQYF	SFGAGG%E_G	immgliph	huang
CDSSFGAGGGEQYF	SFGAGGG%_E	immgliph	huang
CARSFGAGGGEQYF	SFGAGGG%_E	immgliph	huang
CASSFGAGGGEQYF	SFGAGGG%_E	immgliph	huang
CASSFGRGEETQYF	SFGR%EET_G	immgliph	huang
CACSFGRGEETQYF	SFGR%EET_G	immgliph	huang
CASSFGRGEETQYF	SFGRG%ET_E	immgliph	huang
CACSFGRGEETQYF	SFGRG%ET_E	immgliph	huang
CASSFGRGEETQYF	SFGRGE%T_E	immgliph	huang
CACSFGRGEETQYF	SFGRGE%T_E	immgliph	huang
CASSFGRGEETQYF	SFGRGEE%_T	immgliph	huang
CACSFGRGEETQYF	SFGRGEE%_T	immgliph	huang
CASSFGSNYEQYF	SFGS%YE_NS	immgliph	huang
CASSFGSSYEQYF	SFGS%YE_NS	immgliph	huang
CASSFLGTGNNSPLHF	SFL%TGNNSP_G	immgliph	huang
CASSFLGTGNNSPRHF	SFL%TGNNSP_G	immgliph	huang
CASSFLGTGNNSPLHF	SFLG%GNNSP_T	immgliph	huang
CASSFLGTGNNSPRHF	SFLG%GNNSP_T	immgliph	huang
CASSFLGTGNNSPLHF	SFLGT%NNSP_G	immgliph	huang
CASSFLGTGNNSPRHF	SFLGT%NNSP_G	immgliph	huang
CASSFLGTGNNSPLHF	SFLGTG%NSP_N	immgliph	huang
CASSFLGTGNNSPRHF	SFLGTG%NSP_N	immgliph	huang
CASSFLGTGNNSPLHF	SFLGTGN%SP_KN	immgliph	huang
CASSFLGTGNKSPLHF	SFLGTGN%SP_KN	immgliph	huang
CASSFLGTGNNSPRHF	SFLGTGN%SP_KN	immgliph	huang
CASSFLGTGNNSPLHF	SFLGTGNN%P_S	immgliph	huang
CASSFLGTGNNSPRHF	SFLGTGNN%P_S	immgliph	huang
CASSFLGTGNNSPLHF	SFLGTGNNS%_P	immgliph	huang
CASSFLGTGNNSPRHF	SFLGTGNNS%_P	immgliph	huang
CASSFPLMRQGYGNQPKHF	SFP%MRQGYGNQP_L	immgliph	huang
CASSFPLMRQGYGNQPQHF	SFP%MRQGYGNQP_L	immgliph	huang
CASSFPLMRQGYGNQPKHF	SFPL%RQGYGNQP_M	immgliph	huang
CASSFPLMRQGYGNQPQHF	SFPL%RQGYGNQP_M	immgliph	huang
CASSFPLMRQGYGNQPKHF	SFPLM%QGYGNQP_R	immgliph	huang
CASSFPLMRQGYGNQPQHF	SFPLM%QGYGNQP_R	immgliph	huang
CASSFPLMRQGYGNQPKHF	SFPLMR%GYGNQP_Q	immgliph	huang
CASSFPLMRQGYGNQPQHF	SFPLMR%GYGNQP_Q	immgliph	huang
CASSFPLMRQGYGNQPKHF	SFPLMRQ%YGNQP_G	immgliph	huang
CASSFPLMRQGYGNQPQHF	SFPLMRQ%YGNQP_G	immgliph	huang
CASSFPLMRQGYGNQPKHF	SFPLMRQG%GNQP_Y	immgliph	huang
CASSFPLMRQGYGNQPQHF	SFPLMRQG%GNQP_Y	immgliph	huang
CASSFPLMRQGYGNQPKHF	SFPLMRQGY%NQP_G	immgliph	huang
CASSFPLMRQGYGNQPQHF	SFPLMRQGY%NQP_G	immgliph	huang
CASSFPLMRQGYGNQPKHF	SFPLMRQGYG%QP_N	immgliph	huang
CASSFPLMRQGYGNQPQHF	SFPLMRQGYG%QP_N	immgliph	huang
CASSFPLMRQGYGNQPKHF	SFPLMRQGYGN%P_Q	immgliph	huang
CASSFPLMRQGYGNQPQHF	SFPLMRQGYGN%P_Q	immgliph	huang
CASSFPLMRQGYGNQPKHF	SFPLMRQGYGNQ%_P	immgliph	huang
CASSFPLMRQGYGNQPQHF	SFPLMRQGYGNQ%_P	immgliph	huang
CASSFSGGEQFF	SFS%GE_G	immgliph	huang
CASSFSGGEQYF	SFS%GE_G	immgliph	huang
CASSFSSGEYEQYF	SFS%GEYE_GS	immgliph	huang
CASSFSGGEYEQYF	SFS%GEYE_GS	immgliph	huang
CASSFSGGEQFF	SFSG%E_G	immgliph	huang
CASSFSGGEQYF	SFSG%E_G	immgliph	huang
CASSFSGGEQFF	SFSGG%_E	immgliph	huang
CASSFSGGEQYF	SFSGG%_E	immgliph	huang
CASSFSPPGLAEAKNIQYF	SFSPPGLAEAK%I_HN	immgliph	huang
CASSFSPPGLAEAKHIQYF	SFSPPGLAEAK%I_HN	immgliph	huang
CASSFTGLAAYNEQFF	SFTGLA%YNE_AG	immgliph	huang
CTSSFTGLAGYNEQIF	SFTGLA%YNE_AG	immgliph	huang
CASSFVTESNQPQHF	SFV%ESNQP_T	immgliph	huang
CAISFVTESNQPQHF	SFV%ESNQP_T	immgliph	huang
CASSFVTESNQPQHF	SFVT%SNQP_E	immgliph	huang
CAISFVTESNQPQHF	SFVT%SNQP_E	immgliph	huang
CASSFVTESNQPQHF	SFVTE%NQP_S	immgliph	huang
CAISFVTESNQPQHF	SFVTE%NQP_S	immgliph	huang
CASSFVTESNQPQHF	SFVTES%QP_N	immgliph	huang
CAISFVTESNQPQHF	SFVTES%QP_N	immgliph	huang
CASSFVTESNQPQHF	SFVTESN%P_Q	immgliph	huang
CAISFVTESNQPQHF	SFVTESN%P_Q	immgliph	huang
CASSFVTESNQPQHF	SFVTESNQ%_P	immgliph	huang
CAISFVTESNQPQHF	SFVTESNQ%_P	immgliph	huang
CASSGAAANEKLFF	SG%AANEK_A	immgliph	huang
CASSGAAANEKMFF	SG%AANEK_A	immgliph	huang
CASSGAAANEKRFF	SG%AANEK_A	immgliph	huang
CASSGLAGGTSTDTQYF	SG%AGGTSTDT_L	immgliph	huang
CARSGLAGGTSTDTQCF	SG%AGGTSTDT_L	immgliph	huang
CSASGGATSDEQCF	SG%ATSDE_G	immgliph	huang
CSASGGATSDEQFF	SG%ATSDE_G	immgliph	huang
CASSGDGADTQYF	SG%GADT_D	immgliph	huang
CASSGDGADTRYF	SG%GADT_D	immgliph	huang
CSASGVGASYERYF	SG%GASYE_V	immgliph	huang
CSASGVGASYEQYF	SG%GASYE_V	immgliph	huang
CAWSGQGSQPQHF	SG%GSQP_EQ	immgliph	huang
CASSGEGSQPQHF	SG%GSQP_EQ	immgliph	huang
CASSGPLAGGNTGELFF	SG%LAGGNTGE_P	immgliph	huang
CASSGPLAGGNTGEMFF	SG%LAGGNTGE_P	immgliph	huang
CASSGHLNTEAFF	SG%LNTE_HQ	immgliph	huang
CASSGQLNTEAFF	SG%LNTE_HQ	immgliph	huang
CAISGTNYEKYF	SG%NYE_T	immgliph	huang
CAISGTNYEQYF	SG%NYE_T	immgliph	huang
CSASGDRGRDEKLFF	SG%RGRDEK_D	immgliph	huang
CSASGDRGRDEKMFF	SG%RGRDEK_D	immgliph	huang
CSASGETNTEAFF	SG%TNTE_DE	immgliph	huang
CSASGDTNTEAFF	SG%TNTE_DE	immgliph	huang
CASSGDVGTAEQYF	SG%VGTAE_DE	immgliph	huang
CASSGEVGTAEQYF	SG%VGTAE_DE	immgliph	huang
CASSGAAANEKLFF	SGA%ANEK_A	immgliph	huang
CASSGAAANEKMFF	SGA%ANEK_A	immgliph	huang
CASSGAAANEKRFF	SGA%ANEK_A	immgliph	huang
CASSGAAANEKLFF	SGAA%NEK_A	immgliph	huang
CASSGAAANEKMFF	SGAA%NEK_A	immgliph	huang
CASSGAAANEKRFF	SGAA%NEK_A	immgliph	huang
CASSGAAANEKLFF	SGAAA%EK_N	immgliph	huang
CASSGAAANEKMFF	SGAAA%EK_N	immgliph	huang
CASSGAAANEKRFF	SGAAA%EK_N	immgliph	huang
CASSGAAANEKLFF	SGAAAN%K_E	immgliph	huang
CASSGAAANEKMFF	SGAAAN%K_E	immgliph	huang
CASSGAAANEKRFF	SGAAAN%K_E	immgliph	huang
CASSGAAANEKLFF	SGAAANE%_K	immgliph	huang
CASSGAAANEKMFF	SGAAANE%_K	immgliph	huang
CASSGAAANEKRFF	SGAAANE%_K	immgliph	huang
CAISGASGTYKEQFF	SGASGTY%E_KN	immgliph	huang
CAISGASGTYNEQFF	SGASGTY%E_KN	immgliph	huang
CASSGDGADTQYF	SGD%ADT_G	immgliph	huang
CASSGDGADTRYF	SGD%ADT_G	immgliph	huang
CSASGDRGRDEKLFF	SGD%GRDEK_R	immgliph	huang
CSASGDRGRDEKMFF	SGD%GRDEK_R	immgliph	huang
CASSGDGADTQYF	SGDG%DT_A	immgliph	huang
CASSGDGADTRYF	SGDG%DT_A	immgliph	huang
CASSGDGADTQYF	SGDGA%T_D	immgliph	huang
CASSGDGADTRYF	SGDGA%T_D	immgliph	huang
CASSGDGADTQYF	SGDGAD%_T	immgliph	huang
CASSGDGADTRYF	SGDGAD%_T	immgliph	huang
CSASGDRGRDEKLFF	SGDR%RDEK_G	immgliph	huang
CSASGDRGRDEKMFF	SGDR%RDEK_G	immgliph	huang
CSASGDRGRDEKLFF	SGDRG%DEK_R	immgliph	huang
CSASGDRGRDEKMFF	SGDRG%DEK_R	immgliph	huang
CSASGDRGRDEKLFF	SGDRGR%EK_D	immgliph	huang
CSASGDRGRDEKMFF	SGDRGR%EK_D	immgliph	huang
CSASGDRGRDEKLFF	SGDRGRD%K_E	immgliph	huang
CSASGDRGRDEKMFF	SGDRGRD%K_E	immgliph	huang
CSASGDRGRDEKLFF	SGDRGRDE%_K	immgliph	huang
CSASGDRGRDEKMFF	SGDRGRDE%_K	immgliph	huang
CSASGGATSDEQCF	SGG%TSDE_A	immgliph	huang
CSASGGATSDEQFF	SGG%TSDE_A	immgliph	huang
CSASGGATSDEQCF	SGGA%SDE_T	immgliph	huang
CSASGGATSDEQFF	SGGA%SDE_T	immgliph	huang
CSASGGATSDEQCF	SGGAT%DE_S	immgliph	huang
CSASGGATSDEQFF	SGGAT%DE_S	immgliph	huang
CSASGGATSDEQCF	SGGATS%E_D	immgliph	huang
CSASGGATSDEQFF	SGGATS%E_D	immgliph	huang
CSASGGATSDEQCF	SGGATSD%_E	immgliph	huang
CSASGGATSDEQFF	SGGATSD%_E	immgliph	huang
CASSGHLNTEAFF	SGH%NTE_LV	immgliph	huang
CASSGHVNTEAFF	SGH%NTE_LV	immgliph	huang
CASSGIRRRLRLAGGHDEQFF	SGIRRRLRLAGGH%E_DE	immgliph	huang
CASSGIRRRLRLAGGHEEQFF	SGIRRRLRLAGGH%E_DE	immgliph	huang
CASSGLAGGTSTDTQYF	SGL%GGTSTDT_A	immgliph	huang
CARSGLAGGTSTDTQCF	SGL%GGTSTDT_A	immgliph	huang
CASSGLAGGTSTDTQYF	SGLA%GTSTDT_G	immgliph	huang
CARSGLAGGTSTDTQCF	SGLA%GTSTDT_G	immgliph	huang
CASSGLAGGTSTDTQYF	SGLAG%TSTDT_G	immgliph	huang
CARSGLAGGTSTDTQCF	SGLAG%TSTDT_G	immgliph	huang
CASSGLAGGTSTDTQYF	SGLAGG%STDT_AT	immgliph	huang
CARSGLAGGTSTDTQCF	SGLAGG%STDT_AT	immgliph	huang
CVSSGLAGGASTDTQYF	SGLAGG%STDT_AT	immgliph	huang
CASSGLAGGTSTDTQYF	SGLAGGT%TDT_S	immgliph	huang
CARSGLAGGTSTDTQCF	SGLAGGT%TDT_S	immgliph	huang
CASSGLAGGTSTDTQYF	SGLAGGTS%DT_T	immgliph	huang
CARSGLAGGTSTDTQCF	SGLAGGTS%DT_T	immgliph	huang
CASSGLAGGTSTDTQYF	SGLAGGTST%T_D	immgliph	huang
CARSGLAGGTSTDTQCF	SGLAGGTST%T_D	immgliph	huang
CASSGLAGGTSTDTQYF	SGLAGGTSTD%_T	immgliph	huang
CARSGLAGGTSTDTQCF	SGLAGGTSTD%_T	immgliph	huang
CSASGLDNPATGELFF	SGLDNP%TGE_AS	immgliph	huang
CSASGLDNPSTGELFF	SGLDNP%TGE_AS	immgliph	huang
CASSGPLAGGNTGELFF	SGP%AGGNTGE_L	immgliph	huang
CASSGPLAGGNTGEMFF	SGP%AGGNTGE_L	immgliph	huang
CASSGPLAGGNTGELFF	SGPL%GGNTGE_A	immgliph	huang
CASSGPLAGGNTGEMFF	SGPL%GGNTGE_A	immgliph	huang
CASSGPLAGGNTGELFF	SGPLA%GNTGE_G	immgliph	huang
CASSGPLAGGNTGEMFF	SGPLA%GNTGE_G	immgliph	huang
CASSGPLAGGNTGELFF	SGPLAG%NTGE_G	immgliph	huang
CASSGPLAGGNTGEMFF	SGPLAG%NTGE_G	immgliph	huang
CASSGPLAGGNTGELFF	SGPLAGG%TGE_N	immgliph	huang
CASSGPLAGGNTGEMFF	SGPLAGG%TGE_N	immgliph	huang
CASSGPLAGGNTGELFF	SGPLAGGN%GE_T	immgliph	huang
CASSGPLAGGNTGEMFF	SGPLAGGN%GE_T	immgliph	huang
CASSGPLAGGNTGELFF	SGPLAGGNT%E_G	immgliph	huang
CASSGPLAGGNTGEMFF	SGPLAGGNT%E_G	immgliph	huang
CASSGPLAGGNTGELFF	SGPLAGGNTG%_E	immgliph	huang
CASSGPLAGGNTGEMFF	SGPLAGGNTG%_E	immgliph	huang
CAGSGRGGGETQYF	SGR%GGET_AG	immgliph	huang
CAWSGRAGGETQYF	SGR%GGET_AG	immgliph	huang
CASSGRSSTDTQYF	SGRSST%T_DE	immgliph	huang
CASSGRSSTETQYF	SGRSST%T_DE	immgliph	huang
CAISGTNDEQYF	SGT%DE_NS	immgliph	huang
CSASGTSDEQYF	SGT%DE_NS	immgliph	huang
CAISGTNYEKYF	SGT%YE_NS	immgliph	huang
CAISGTNYEQYF	SGT%YE_NS	immgliph	huang
CSASGTSYEQYF	SGT%YE_NS	immgliph	huang
CASSGTGGTEAFF	SGTG%TE_GS	immgliph	huang
CASSGTGSTEAFF	SGTG%TE_GS	immgliph	huang
CASSGTGGTEAFF	SGTGG%E_NT	immgliph	huang
CASSGTGGNEQFF	SGTGG%E_NT	immgliph	huang
CAISGTNYEKYF	SGTN%E_Y	immgliph	huang
CAISGTNYEQYF	SGTN%E_Y	immgliph	huang
CAISGTNYEKYF	SGTNY%_E	immgliph	huang
CAISGTNYEQYF	SGTNY%_E	immgliph	huang
CSASGVGASYERYF	SGV%ASYE_G	immgliph	huang
CSASGVGASYEQYF	SGV%ASYE_G	immgliph	huang
CSASGVGASYERYF	SGVG%SYE_A	immgliph	huang
CSASGVGASYEQYF	SGVG%SYE_A	immgliph	huang
CSASGVGASYERYF	SGVGA%YE_S	immgliph	huang
CSASGVGASYEQYF	SGVGA%YE_S	immgliph	huang
CSASGVGASYERYF	SGVGAS%E_Y	immgliph	huang
CSASGVGASYEQYF	SGVGAS%E_Y	immgliph	huang
CSASGVGASYERYF	SGVGASY%_E	immgliph	huang
CSASGVGASYEQYF	SGVGASY%_E	immgliph	huang
CASSHLAGGLNEQYF	SH%AGGLNE_LV	immgliph	huang
CASSHVAGGLNEQDF	SH%AGGLNE_LV	immgliph	huang
CASSHGERDNEQFF	SH%ERDNE_G	immgliph	huang
CASSHGERDNEQCF	SH%ERDNE_G	immgliph	huang
CASSHPGQGRGGTEAFF	SH%GQGRGGTE_P	immgliph	huang
CASSHPGQGRGGTESFF	SH%GQGRGGTE_P	immgliph	huang
CSASHRGVGTEAFF	SH%GVGTE_R	immgliph	huang
CSASHRGVGTESFF	SH%GVGTE_R	immgliph	huang
CASSHGERDNEQFF	SHG%RDNE_E	immgliph	huang
CASSHGERDNEQCF	SHG%RDNE_E	immgliph	huang
CASSHGERDNEQFF	SHGE%DNE_R	immgliph	huang
CASSHGERDNEQCF	SHGE%DNE_R	immgliph	huang
CASSHGERDNEQFF	SHGER%NE_DE	immgliph	huang
CASSHGERDNEQCF	SHGER%NE_DE	immgliph	huang
CASSHGERENEKFF	SHGER%NE_DE	immgliph	huang
CASSHGERDNEQFF	SHGERD%E_N	immgliph	huang
CASSHGERDNEQCF	SHGERD%E_N	immgliph	huang
CASSHGERDNEQFF	SHGERDN%_E	immgliph	huang
CASSHGERDNEQCF	SHGERDN%_E	immgliph	huang
CASSHPGQGRGGTEAFF	SHP%QGRGGTE_G	immgliph	huang
CASSHPGQGRGGTESFF	SHP%QGRGGTE_G	immgliph	huang
CASSHPGQGRGGTEAFF	SHPG%GRGGTE_Q	immgliph	huang
CASSHPGQGRGGTESFF	SHPG%GRGGTE_Q	immgliph	huang
CASSHPGQGRGGTEAFF	SHPGQ%RGGTE_G	immgliph	huang
CASSHPGQGRGGTESFF	SHPGQ%RGGTE_G	immgliph	huang
CASSHPGQGRGGTEAFF	SHPGQG%GGTE_R	immgliph	huang
CASSHPGQGRGGTESFF	SHPGQG%GGTE_R	immgliph	huang
CASSHPGQGRGGTEAFF	SHPGQGR%GTE_G	immgliph	huang
CASSHPGQGRGGTESFF	SHPGQGR%GTE_G	immgliph	huang
CASSHPGQGRGGTEAFF	SHPGQGRG%TE_G	immgliph	huang
CASSHPGQGRGGTESFF	SHPGQGRG%TE_G	immgliph	huang
CASSHPGQGRGGTEAFF	SHPGQGRGG%E_T	immgliph	huang
CASSHPGQGRGGTESFF	SHPGQGRGG%E_T	immgliph	huang
CASSHPGQGRGGTEAFF	SHPGQGRGGT%_E	immgliph	huang
CASSHPGQGRGGTESFF	SHPGQGRGGT%_E	immgliph	huang
CASSHQGSNYGYTF	SHQGSNY%_GS	immgliph	huang
CPSSHQGSNYSYTF	SHQGSNY%_GS	immgliph	huang
CSASHRGVGTEAFF	SHR%VGTE_G	immgliph	huang
CSASHRGVGTESFF	SHR%VGTE_G	immgliph	huang
CSASHRGVGTEAFF	SHRG%GTE_V	immgliph	huang
CSASHRGVGTESFF	SHRG%GTE_V	immgliph	huang
CSASHRGVGTEAFF	SHRGV%TE_G	immgliph	huang
CSASHRGVGTESFF	SHRGV%TE_G	immgliph	huang
CSASHRGVGTEAFF	SHRGVG%E_T	immgliph	huang
CSASHRGVGTESFF	SHRGVG%E_T	immgliph	huang
CSASHRGVGTEAFF	SHRGVGT%_E	immgliph	huang
CSASHRGVGTESFF	SHRGVGT%_E	immgliph	huang
CSASHRTGTGDLFF	SHRTGTG%_DE	immgliph	huang
CSASHRTGTGELFF	SHRTGTG%_DE	immgliph	huang
CARSITGGTDTQYF	SI%GGTDT_T	immgliph	huang
CASSITGGTDTQYF	SI%GGTDT_T	immgliph	huang
CDSSITGGTDTQYF	SI%GGTDT_T	immgliph	huang
CSISITGGTDTQYF	SI%GGTDT_T	immgliph	huang
CASSIGGSSYNEQFF	SI%GSSYNE_AG	immgliph	huang
CASSIAGSSYNEQFF	SI%GSSYNE_AG	immgliph	huang
CASSIGGPGLAGEENQYF	SIGGPGLAGEE%_NT	immgliph	huang
CASSIGGPGLAGEETQYF	SIGGPGLAGEE%_NT	immgliph	huang
CASSILGEATDTQYF	SILG%ATDT_EQ	immgliph	huang
CASSILGQATDTQYF	SILG%ATDT_EQ	immgliph	huang
CARSITGGTDTQYF	SIT%GTDT_G	immgliph	huang
CASSITGGTDTQYF	SIT%GTDT_G	immgliph	huang
CDSSITGGTDTQYF	SIT%GTDT_G	immgliph	huang
CSISITGGTDTQYF	SIT%GTDT_G	immgliph	huang
CARSITGGTDTQYF	SITG%TDT_G	immgliph	huang
CASSITGGTDTQYF	SITG%TDT_G	immgliph	huang
CDSSITGGTDTQYF	SITG%TDT_G	immgliph	huang
CSISITGGTDTQYF	SITG%TDT_G	immgliph	huang
CARSITGGTDTQYF	SITGG%DT_T	immgliph	huang
CASSITGGTDTQYF	SITGG%DT_T	immgliph	huang
CDSSITGGTDTQYF	SITGG%DT_T	immgliph	huang
CSISITGGTDTQYF	SITGG%DT_T	immgliph	huang
CARSITGGTDTQYF	SITGGT%T_D	immgliph	huang
CASSITGGTDTQYF	SITGGT%T_D	immgliph	huang
CDSSITGGTDTQYF	SITGGT%T_D	immgliph	huang
CSISITGGTDTQYF	SITGGT%T_D	immgliph	huang
CARSITGGTDTQYF	SITGGTD%_T	immgliph	huang
CASSITGGTDTQYF	SITGGTD%_T	immgliph	huang
CDSSITGGTDTQYF	SITGGTD%_T	immgliph	huang
CSISITGGTDTQYF	SITGGTD%_T	immgliph	huang
CASSKRLRQGITEAFF	SK%LRQGITE_R	immgliph	huang
CTSSKRLRQGITEAFF	SK%LRQGITE_R	immgliph	huang
CASSKDPGPEQYF	SK%PGPE_DE	immgliph	huang
CASSKEPGPEQYF	SK%PGPE_DE	immgliph	huang
CASSKVRKVIPRGYTF	SK%RKVIPRG_V	immgliph	huang
CSSSKVRKVIPRGYTF	SK%RKVIPRG_V	immgliph	huang
CASSKMGTLPGSNQPQHF	SKMGTLPGS%QP_KN	immgliph	huang
CASSKMGTLPGSKQPQHF	SKMGTLPGS%QP_KN	immgliph	huang
CASSKRLRQGITEAFF	SKR%RQGITE_L	immgliph	huang
CTSSKRLRQGITEAFF	SKR%RQGITE_L	immgliph	huang
CASSKRLRQGITEAFF	SKRL%QGITE_R	immgliph	huang
CTSSKRLRQGITEAFF	SKRL%QGITE_R	immgliph	huang
CASSKRLRQGITEAFF	SKRLR%GITE_Q	immgliph	huang
CTSSKRLRQGITEAFF	SKRLR%GITE_Q	immgliph	huang
CASSKRLRQGITEAFF	SKRLRQ%ITE_G	immgliph	huang
CTSSKRLRQGITEAFF	SKRLRQ%ITE_G	immgliph	huang
CASSKRLRQGITEAFF	SKRLRQG%TE_I	immgliph	huang
CTSSKRLRQGITEAFF	SKRLRQG%TE_I	immgliph	huang
CASSKRLRQGITEAFF	SKRLRQGI%E_T	immgliph	huang
CTSSKRLRQGITEAFF	SKRLRQGI%E_T	immgliph	huang
CASSKRLRQGITEAFF	SKRLRQGIT%_E	immgliph	huang
CTSSKRLRQGITEAFF	SKRLRQGIT%_E	immgliph	huang
CASSKVRKVIPRGYTF	SKV%KVIPRG_R	immgliph	huang
CSSSKVRKVIPRGYTF	SKV%KVIPRG_R	immgliph	huang
CASSKVRKVIPRGYTF	SKVR%VIPRG_K	immgliph	huang
CSSSKVRKVIPRGYTF	SKVR%VIPRG_K	immgliph	huang
CASSKVRKVIPRGYTF	SKVRK%IPRG_V	immgliph	huang
CSSSKVRKVIPRGYTF	SKVRK%IPRG_V	immgliph	huang
CASSKVRKVIPRGYTF	SKVRKV%PRG_I	immgliph	huang
CSSSKVRKVIPRGYTF	SKVRKV%PRG_I	immgliph	huang
CASSKVRKVIPRGYTF	SKVRKVI%RG_P	immgliph	huang
CSSSKVRKVIPRGYTF	SKVRKVI%RG_P	immgliph	huang
CASSKVRKVIPRGYTF	SKVRKVIP%G_R	immgliph	huang
CSSSKVRKVIPRGYTF	SKVRKVIP%G_R	immgliph	huang
CASSKVRKVIPRGYTF	SKVRKVIPR%_G	immgliph	huang
CSSSKVRKVIPRGYTF	SKVRKVIPR%_G	immgliph	huang
CASSLEAGGPLFF	SL%AGGP_E	immgliph	huang
CASSLEAGGPQYF	SL%AGGP_E	immgliph	huang
CASSLDAGYGYTF	SL%AGYG_DE	immgliph	huang
CASSLEAGYGYTF	SL%AGYG_DE	immgliph	huang
CAASLGASNQPQHF	SL%ASNQP_G	immgliph	huang
CASSLGASNQPQHF	SL%ASNQP_G	immgliph	huang
CASSLVATTRGTEAFF	SL%ATTRGTE_V	immgliph	huang
CAGSLVATTRGTEAFF	SL%ATTRGTE_V	immgliph	huang
CSSSLVATTRGTEAFF	SL%ATTRGTE_V	immgliph	huang
CASSLVAYNEQFF	SL%AYNE_LV	immgliph	huang
CASSLLAYNEQFF	SL%AYNE_LV	immgliph	huang
CASSLVDRAGNTEAFF	SL%DRAGNTE_V	immgliph	huang
CVSSLVDRAGNTEACF	SL%DRAGNTE_V	immgliph	huang
CASSLGFRGGTDTQDF	SL%FRGGTDT_G	immgliph	huang
CASSLGFRGGTDTQYF	SL%FRGGTDT_G	immgliph	huang
CASSLGGYNF	SL%G_G	immgliph	huang
CASSLGGYTF	SL%G_G	immgliph	huang
CASSLSGAGTDTQYF	SL%GAGTDT_S	immgliph	huang
CPSSLSGAGTDTQYF	SL%GAGTDT_S	immgliph	huang
CASSLQGASTEACF	SL%GASTE_KQ	immgliph	huang
CASSLQGASTEAFF	SL%GASTE_KQ	immgliph	huang
CDSSLKGASTEAFF	SL%GASTE_KQ	immgliph	huang
CASSLYGDTNQPQHF	SL%GDTNQP_Y	immgliph	huang
CASSLYGDTNQPQNF	SL%GDTNQP_Y	immgliph	huang
CASSLTGEQFF	SL%GE_T	immgliph	huang
CASSLTGELFF	SL%GE_T	immgliph	huang
CASSLTGERFF	SL%GE_T	immgliph	huang
CASSLTGFRDEKLFF	SL%GFRDEK_AT	immgliph	huang
CASSLAGFRDEKLFF	SL%GFRDEK_AT	immgliph	huang
CSASLTGGAQPQHF	SL%GGAQP_T	immgliph	huang
CVGSLTGGAQPLHF	SL%GGAQP_T	immgliph	huang
CASSLDGGASKTKYF	SL%GGASKT_D	immgliph	huang
CASSLDGGASKTQYF	SL%GGASKT_D	immgliph	huang
CASSLRGGDEKLCF	SL%GGDEK_R	immgliph	huang
CASSLRGGDEKLFF	SL%GGDEK_R	immgliph	huang
CASSLAGGGTEAFF	SL%GGGTE_AT	immgliph	huang
CASSLTGGGTEAFF	SL%GGGTE_AT	immgliph	huang
CASSLTGGGTEAYF	SL%GGGTE_AT	immgliph	huang
CASSLEGGGVGGYTF	SL%GGGVGG_E	immgliph	huang
CVRSLEGGGVGGYTF	SL%GGGVGG_E	immgliph	huang
CASSLTGGHGNQPQHF	SL%GGHGNQP_TV	immgliph	huang
CASSLVGGHGNQPQHF	SL%GGHGNQP_TV	immgliph	huang
CASSLMGGKETQYF	SL%GGKET_MV	immgliph	huang
CASSLVGGKETPYF	SL%GGKET_MV	immgliph	huang
CASSLGGGQYGYTF	SL%GGQYG_G	immgliph	huang
CASSLGGGQYGYPF	SL%GGQYG_G	immgliph	huang
CASSLAGLTDTQYF	SL%GLTDT_AG	immgliph	huang
CASSLGGLTDTQYF	SL%GLTDT_AG	immgliph	huang
CASSLDGLTDTQDF	SL%GLTDT_D	immgliph	huang
CASSLDGLTDTQYF	SL%GLTDT_D	immgliph	huang
CARSLVGPGDANEQFF	SL%GPGDANE_V	immgliph	huang
CASSLVGPGDANEQFF	SL%GPGDANE_V	immgliph	huang
CASSLGGPSPLTQYF	SL%GPSPLT_G	immgliph	huang
CGSSLGGPSPLTQYF	SL%GPSPLT_G	immgliph	huang
CASSLQGQETQYF	SL%GQET_GQS	immgliph	huang
CASSLGGQETQYF	SL%GQET_GQS	immgliph	huang
CASSLSGQETQYF	SL%GQET_GQS	immgliph	huang
CASSLTGQGPLAYSNQPHHF	SL%GQGPLAYSNQP_T	immgliph	huang
CASSLTGQGPLAYSNQPQHF	SL%GQGPLAYSNQP_T	immgliph	huang
CASSLQGRIYGYTF	SL%GRIYG_Q	immgliph	huang
CASSLQGRIYGDTF	SL%GRIYG_Q	immgliph	huang
CASSLRGRSPRHF	SL%GRSP_R	immgliph	huang
CASSLRGRSPLHF	SL%GRSP_R	immgliph	huang
CASSLAGSSYEQYF	SL%GSSYE_AG	immgliph	huang
CASSLGGSSYEQYF	SL%GSSYE_AG	immgliph	huang
CASSLVGTDTQYF	SL%GTDT_IV	immgliph	huang
CASSLIGTDTQYF	SL%GTDT_IV	immgliph	huang
CASSLPGTGKAQYF	SL%GTGKA_P	immgliph	huang
CDSSLPGTGKAQYF	SL%GTGKA_P	immgliph	huang
CASSLGGTKSYNEQFF	SL%GTKSYNE_G	immgliph	huang
CAGSLGGTKSYNEQFF	SL%GTKSYNE_G	immgliph	huang
CAGSLEGTSGVYEQYF	SL%GTSGVYE_DE	immgliph	huang
CASSLDGTSGVYEQYF	SL%GTSGVYE_DE	immgliph	huang
CASSLGGVETQYF	SL%GVET_AG	immgliph	huang
CASSLAGVETQYF	SL%GVET_AG	immgliph	huang
CASSLAGWNTGELFF	SL%GWNTGE_A	immgliph	huang
CASSLAGWNTGEMFF	SL%GWNTGE_A	immgliph	huang
CASSLAGYGYTF	SL%GYG_AV	immgliph	huang
CASSLVGYGYTF	SL%GYG_AV	immgliph	huang
CASSLSHRSNQPQHF	SL%HRSNQP_S	immgliph	huang
CASSLSHRSNQPRHF	SL%HRSNQP_S	immgliph	huang
CAISLIKNTEAFF	SL%KNTE_I	immgliph	huang
CASSLIKNTEAFF	SL%KNTE_I	immgliph	huang
CASSLGLAGGYADTQYF	SL%LAGGYADT_G	immgliph	huang
CSSSLGLAGGYADTQYF	SL%LAGGYADT_G	immgliph	huang
CASSLGLALSNEQFF	SL%LALSNE_G	immgliph	huang
CASSLGLALSNEQLF	SL%LALSNE_G	immgliph	huang
CASSLALVGTTNEKLFF	SL%LVGTTNEK_AT	immgliph	huang
CASSLTLVGTTNEKLFF	SL%LVGTTNEK_AT	immgliph	huang
CASSLAMNTEAFF	SL%MNTE_AV	immgliph	huang
CASSLVMNTEAFF	SL%MNTE_AV	immgliph	huang
CASSLHMVDYGYTF	SL%MVDYG_HQ	immgliph	huang
CASSLQMVDYGYTF	SL%MVDYG_HQ	immgliph	huang
CASSLDNGELFF	SL%NGE_DE	immgliph	huang
CASSLENGEMFF	SL%NGE_DE	immgliph	huang
CASSLANRAGLMNTEAFF	SL%NRAGLMNTE_A	immgliph	huang
CSSSLANRAGLMNTEAFF	SL%NRAGLMNTE_A	immgliph	huang
CASSLTNTEAFF	SL%NTE_AT	immgliph	huang
CASSLANTEAFF	SL%NTE_AT	immgliph	huang
CASSLEPEETQYF	SL%PEET_ER	immgliph	huang
CASSLRPEETQYF	SL%PEET_ER	immgliph	huang
CASSLAPGLGTEAFF	SL%PGLGTE_AT	immgliph	huang
CASSLTPGLGTEAFF	SL%PGLGTE_AT	immgliph	huang
CASSLGPGWVTQYF	SL%PGWVT_G	immgliph	huang
CVSSLGPGWVTQYF	SL%PGWVT_G	immgliph	huang
CAGSLRPNTQYF	SL%PNT_R	immgliph	huang
CASSLRPNTQYF	SL%PNT_R	immgliph	huang
CACSLGPPGLSSYNEHFF	SL%PPGLSSYNE_G	immgliph	huang
CASSLGPPGLSSYNEQFF	SL%PPGLSSYNE_G	immgliph	huang
CASSLVQGEQYF	SL%QGE_V	immgliph	huang
CVSSLVQGEQYF	SL%QGE_V	immgliph	huang
CASSLEQGNEQFF	SL%QGNE_ES	immgliph	huang
CASSLSQGNEQFF	SL%QGNE_ES	immgliph	huang
CARSLDRGGRDPLHF	SL%RGGRDP_D	immgliph	huang
CASSLDRGGRDPLHF	SL%RGGRDP_D	immgliph	huang
CASSLERGPGTYEQCF	SL%RGPGTYE_E	immgliph	huang
CASSLERGPGTYEQYF	SL%RGPGTYE_E	immgliph	huang
CASSLLRGRVQNYNEEFF	SL%RGRVQNYNE_L	immgliph	huang
CASSLLRGRVQNYNEQFF	SL%RGRVQNYNE_L	immgliph	huang
CASSLGRPANSPLHF	SL%RPANSP_G	immgliph	huang
CGSSLGRPANSPLHF	SL%RPANSP_G	immgliph	huang
CAGSLERRGPGETRYF	SL%RRGPGET_E	immgliph	huang
CASSLERRGPGETQYF	SL%RRGPGET_E	immgliph	huang
CARSLDRTGSGYTF	SL%RTGSG_D	immgliph	huang
CASSLDRTGSGYTF	SL%RTGSG_D	immgliph	huang
CARSLLRTGWETQYF	SL%RTGWET_L	immgliph	huang
CASSLLRTGWETQYF	SL%RTGWET_L	immgliph	huang
CASSLERTHGYPF	SL%RTHG_E	immgliph	huang
CASSLERTHGYTF	SL%RTHG_E	immgliph	huang
CACSLASAGNYNEQFF	SL%SAGNYNE_A	immgliph	huang
CASSLASAGNYNEQFF	SL%SAGNYNE_A	immgliph	huang
CASSLDSGGYTDTQYF	SL%SGGYTDT_DS	immgliph	huang
CASSLSSGGYTDTQYF	SL%SGGYTDT_DS	immgliph	huang
CASSLASGRVQETQYF	SL%SGRVQET_AG	immgliph	huang
CASSLGSGRVQETQYF	SL%SGRVQET_AG	immgliph	huang
CASSLFSGTQYF	SL%SGT_F	immgliph	huang
CASSLFSGTKYF	SL%SGT_F	immgliph	huang
CDGSLFSGTQYF	SL%SGT_F	immgliph	huang
CASSLNSNQPQHF	SL%SNQP_NQ	immgliph	huang
CASSLQSNQPQHF	SL%SNQP_NQ	immgliph	huang
CASSLASQSRETQYF	SL%SQSRET_AT	immgliph	huang
CASSLTSQSRETQYF	SL%SQSRET_AT	immgliph	huang
CASSLDSSSYNEQCF	SL%SSSYNE_D	immgliph	huang
CASSLDSSSYNEQFF	SL%SSSYNE_D	immgliph	huang
CASSLRTANTEAFF	SL%TANTE_R	immgliph	huang
CTSSLRTANTEAFF	SL%TANTE_R	immgliph	huang
CSASLPTGELFF	SL%TGE_P	immgliph	huang
CSASLPTGEQFF	SL%TGE_P	immgliph	huang
CAISLDTGIQSTDTQYF	SL%TGIQSTDT_D	immgliph	huang
CASSLDTGIQSTDTQYF	SL%TGIQSTDT_D	immgliph	huang
CASSLETGKEYQPQHF	SL%TGKEYQP_E	immgliph	huang
CSSSLETGKEYQPQHF	SL%TGKEYQP_E	immgliph	huang
CASSLSTGNYGYTF	SL%TGNYG_DS	immgliph	huang
CASSLDTGNYGYTF	SL%TGNYG_DS	immgliph	huang
CASSLVTGTDTQYF	SL%TGTDT_LV	immgliph	huang
CASSLLTGTDTQYF	SL%TGTDT_LV	immgliph	huang
CASSLSTGVNTEAFF	SL%TGVNTE_ST	immgliph	huang
CASSLTTGVNTEAFF	SL%TGVNTE_ST	immgliph	huang
CASSLGVGVYGDNF	SL%VGVYG_G	immgliph	huang
CASSLGVGVYGYTF	SL%VGVYG_G	immgliph	huang
CASSLSYEQYF	SL%YE_EGST	immgliph	huang
CASSLEYEQFF	SL%YE_EGST	immgliph	huang
CASSLTYEQYF	SL%YE_EGST	immgliph	huang
CASSLGYEQYF	SL%YE_EGST	immgliph	huang
CACSLASAGNYNEQFF	SLA%AGNYNE_S	immgliph	huang
CASSLASAGNYNEQFF	SLA%AGNYNE_S	immgliph	huang
CASSLALNTEAFF	SLA%NTE_LM	immgliph	huang
CASSLAMNTEAFF	SLA%NTE_LM	immgliph	huang
CASSLANRAGLMNTEAFF	SLA%RAGLMNTE_N	immgliph	huang
CSSSLANRAGLMNTEAFF	SLA%RAGLMNTE_N	immgliph	huang
CASSLAGWNTGELFF	SLA%WNTGE_G	immgliph	huang
CASSLAGWNTGEMFF	SLA%WNTGE_G	immgliph	huang
CASSLAGTETQYF	SLAG%ET_TV	immgliph	huang
CASSLAGVETQYF	SLAG%ET_TV	immgliph	huang
CASSLAGWNTGELFF	SLAG%NTGE_W	immgliph	huang
CASSLAGWNTGEMFF	SLAG%NTGE_W	immgliph	huang
CASSLAGGGTEAFF	SLAGGG%E_NT	immgliph	huang
CASSLAGGGNEQFF	SLAGGG%E_NT	immgliph	huang
CASSLAGTMNTEAFF	SLAGT%NTE_MV	immgliph	huang
CASSLAGTVNTEAFF	SLAGT%NTE_MV	immgliph	huang
CASSLAGTMNTEAFF	SLAGTM%TE_DN	immgliph	huang
CASSLAGTMDTEAFF	SLAGTM%TE_DN	immgliph	huang
CASSLAGTVTEELFF	SLAGTVTE%_EK	immgliph	huang
CASSLAGTVTEKLFF	SLAGTVTE%_EK	immgliph	huang
CASSLAGWNTGELFF	SLAGW%TGE_N	immgliph	huang
CASSLAGWNTGEMFF	SLAGW%TGE_N	immgliph	huang
CASSLAGWNTGELFF	SLAGWN%GE_T	immgliph	huang
CASSLAGWNTGEMFF	SLAGWN%GE_T	immgliph	huang
CASSLAGWNTGELFF	SLAGWNT%E_G	immgliph	huang
CASSLAGWNTGEMFF	SLAGWNT%E_G	immgliph	huang
CASSLAGWNTGELFF	SLAGWNTG%_E	immgliph	huang
CASSLAGWNTGEMFF	SLAGWNTG%_E	immgliph	huang
CASSLALAGAGEQFF	SLALAG%GE_AT	immgliph	huang
CASSLALAGTGELFF	SLALAG%GE_AT	immgliph	huang
CASSLANRAGLMNTEAFF	SLAN%AGLMNTE_R	immgliph	huang
CSSSLANRAGLMNTEAFF	SLAN%AGLMNTE_R	immgliph	huang
CASSLANRAGLMNTEAFF	SLANR%GLMNTE_A	immgliph	huang
CSSSLANRAGLMNTEAFF	SLANR%GLMNTE_A	immgliph	huang
CASSLANRAGLMNTEAFF	SLANRA%LMNTE_G	immgliph	huang
CSSSLANRAGLMNTEAFF	SLANRA%LMNTE_G	immgliph	huang
CASSLANRAGLMNTEAFF	SLANRAG%MNTE_L	immgliph	huang
CSSSLANRAGLMNTEAFF	SLANRAG%MNTE_L	immgliph	huang
CASSLANRAGLMNTEAFF	SLANRAGL%NTE_M	immgliph	huang
CSSSLANRAGLMNTEAFF	SLANRAGL%NTE_M	immgliph	huang
CASSLANRAGLMNTEAFF	SLANRAGLM%TE_N	immgliph	huang
CSSSLANRAGLMNTEAFF	SLANRAGLM%TE_N	immgliph	huang
CASSLANRAGLMNTEAFF	SLANRAGLMN%E_ST	immgliph	huang
CSSSLANRAGLMNTEAFF	SLANRAGLMN%E_ST	immgliph	huang
CVSSLANRAGLMNSEAFF	SLANRAGLMN%E_ST	immgliph	huang
CASSLANRAGLMNTEAFF	SLANRAGLMNT%_E	immgliph	huang
CSSSLANRAGLMNTEAFF	SLANRAGLMNT%_E	immgliph	huang
CACSLASAGNYNEQFF	SLAS%GNYNE_A	immgliph	huang
CASSLASAGNYNEQFF	SLAS%GNYNE_A	immgliph	huang
CACSLASAGNYNEQFF	SLASA%NYNE_G	immgliph	huang
CASSLASAGNYNEQFF	SLASA%NYNE_G	immgliph	huang
CACSLASAGNYNEQFF	SLASAG%YNE_N	immgliph	huang
CASSLASAGNYNEQFF	SLASAG%YNE_N	immgliph	huang
CACSLASAGNYNEQFF	SLASAGN%NE_Y	immgliph	huang
CASSLASAGNYNEQFF	SLASAGN%NE_Y	immgliph	huang
CACSLASAGNYNEQFF	SLASAGNY%E_N	immgliph	huang
CASSLASAGNYNEQFF	SLASAGNY%E_N	immgliph	huang
CACSLASAGNYNEQFF	SLASAGNYN%_E	immgliph	huang
CASSLASAGNYNEQFF	SLASAGNYN%_E	immgliph	huang
CASSLAYKGTVAYEQYF	SLAYKGTV%YE_AS	immgliph	huang
CASSLAYKGTVSYEQYF	SLAYKGTV%YE_AS	immgliph	huang
CASSLDGGASKTKYF	SLD%GASKT_G	immgliph	huang
CASSLDGGASKTQYF	SLD%GASKT_G	immgliph	huang
CARSLDRGGRDPLHF	SLD%GGRDP_R	immgliph	huang
CASSLDRGGRDPLHF	SLD%GGRDP_R	immgliph	huang
CAISLDTGIQSTDTQYF	SLD%GIQSTDT_T	immgliph	huang
CASSLDTGIQSTDTQYF	SLD%GIQSTDT_T	immgliph	huang
CASSLDGLTDTQDF	SLD%LTDT_G	immgliph	huang
CASSLDGLTDTQYF	SLD%LTDT_G	immgliph	huang
CASSLDANTEAFF	SLD%NTE_AG	immgliph	huang
CASSLDGNTEAFF	SLD%NTE_AG	immgliph	huang
CASSLDSSSYNEQCF	SLD%SSYNE_S	immgliph	huang
CASSLDSSSYNEQFF	SLD%SSYNE_S	immgliph	huang
CASSLDQSTDTQYF	SLD%STDT_EQ	immgliph	huang
CASSLDESTDTQYF	SLD%STDT_EQ	immgliph	huang
CARSLDRTGSGYTF	SLD%TGSG_R	immgliph	huang
CASSLDRTGSGYTF	SLD%TGSG_R	immgliph	huang
CASSLDGGASKTKYF	SLDG%ASKT_G	immgliph	huang
CASSLDGGASKTQYF	SLDG%ASKT_G	immgliph	huang
CASSLDGLTDTQDF	SLDG%TDT_LV	immgliph	huang
CASSLDGLTDTQYF	SLDG%TDT_LV	immgliph	huang
CASSLDGVTDTQYF	SLDG%TDT_LV	immgliph	huang
CASSLDGDTNQPQHF	SLDGDT%QP_NS	immgliph	huang
CASSLDGDTSQPQHF	SLDGDT%QP_NS	immgliph	huang
CASSLDGGASKTKYF	SLDGG%SKT_A	immgliph	huang
CASSLDGGASKTQYF	SLDGG%SKT_A	immgliph	huang
CASSLDGGASKTKYF	SLDGGA%KT_S	immgliph	huang
CASSLDGGASKTQYF	SLDGGA%KT_S	immgliph	huang
CASSLDGGASKTKYF	SLDGGAS%T_K	immgliph	huang
CASSLDGGASKTQYF	SLDGGAS%T_K	immgliph	huang
CASSLDGGASKTKYF	SLDGGASK%_T	immgliph	huang
CASSLDGGASKTQYF	SLDGGASK%_T	immgliph	huang
CASSLDGLTDTQDF	SLDGL%DT_T	immgliph	huang
CASSLDGLTDTQYF	SLDGL%DT_T	immgliph	huang
CASSLDGLTDTQDF	SLDGLT%T_D	immgliph	huang
CASSLDGLTDTQYF	SLDGLT%T_D	immgliph	huang
CASSLDGLTDTQDF	SLDGLTD%_T	immgliph	huang
CASSLDGLTDTQYF	SLDGLTD%_T	immgliph	huang
CARSLDRGGRDPLHF	SLDR%GRDP_G	immgliph	huang
CASSLDRGGRDPLHF	SLDR%GRDP_G	immgliph	huang
CARSLDRTGSGYTF	SLDR%GSG_T	immgliph	huang
CASSLDRTGSGYTF	SLDR%GSG_T	immgliph	huang
CARSLDRGGRDPLHF	SLDRG%RDP_G	immgliph	huang
CASSLDRGGRDPLHF	SLDRG%RDP_G	immgliph	huang
CARSLDRGGRDPLHF	SLDRGG%DP_R	immgliph	huang
CASSLDRGGRDPLHF	SLDRGG%DP_R	immgliph	huang
CARSLDRGGRDPLHF	SLDRGGR%P_D	immgliph	huang
CASSLDRGGRDPLHF	SLDRGGR%P_D	immgliph	huang
CARSLDRGGRDPLHF	SLDRGGRD%_P	immgliph	huang
CASSLDRGGRDPLHF	SLDRGGRD%_P	immgliph	huang
CARSLDRTGSGYTF	SLDRT%SG_G	immgliph	huang
CASSLDRTGSGYTF	SLDRT%SG_G	immgliph	huang
CARSLDRTGSGYTF	SLDRTG%G_S	immgliph	huang
CASSLDRTGSGYTF	SLDRTG%G_S	immgliph	huang
CARSLDRTGSGYTF	SLDRTGS%_G	immgliph	huang
CASSLDRTGSGYTF	SLDRTGS%_G	immgliph	huang
CASSLDSSSYNEQCF	SLDS%SYNE_S	immgliph	huang
CASSLDSSSYNEQFF	SLDS%SYNE_S	immgliph	huang
CASSLDSSSYNEQCF	SLDSS%YNE_S	immgliph	huang
CASSLDSSSYNEQFF	SLDSS%YNE_S	immgliph	huang
CASSLDSSSYNEQCF	SLDSSS%NE_Y	immgliph	huang
CASSLDSSSYNEQFF	SLDSSS%NE_Y	immgliph	huang
CASSLDSSSYNEQCF	SLDSSSY%E_N	immgliph	huang
CASSLDSSSYNEQFF	SLDSSSY%E_N	immgliph	huang
CASSLDSSSYNEQCF	SLDSSSYN%_E	immgliph	huang
CASSLDSSSYNEQFF	SLDSSSYN%_E	immgliph	huang
CAISLDTGIQSTDTQYF	SLDT%IQSTDT_G	immgliph	huang
CASSLDTGIQSTDTQYF	SLDT%IQSTDT_G	immgliph	huang
CAISLDTGIQSTDTQYF	SLDTG%QSTDT_I	immgliph	huang
CASSLDTGIQSTDTQYF	SLDTG%QSTDT_I	immgliph	huang
CAISLDTGIQSTDTQYF	SLDTGI%STDT_Q	immgliph	huang
CASSLDTGIQSTDTQYF	SLDTGI%STDT_Q	immgliph	huang
CAISLDTGIQSTDTQYF	SLDTGIQ%TDT_S	immgliph	huang
CASSLDTGIQSTDTQYF	SLDTGIQ%TDT_S	immgliph	huang
CAISLDTGIQSTDTQYF	SLDTGIQS%DT_T	immgliph	huang
CASSLDTGIQSTDTQYF	SLDTGIQS%DT_T	immgliph	huang
CAISLDTGIQSTDTQYF	SLDTGIQST%T_D	immgliph	huang
CASSLDTGIQSTDTQYF	SLDTGIQST%T_D	immgliph	huang
CAISLDTGIQSTDTQYF	SLDTGIQSTD%_T	immgliph	huang
CASSLDTGIQSTDTQYF	SLDTGIQSTD%_T	immgliph	huang
CASSLEAGGPLFF	SLE%GGP_A	immgliph	huang
CASSLEAGGPQYF	SLE%GGP_A	immgliph	huang
CASSLEGGGVGGYTF	SLE%GGVGG_G	immgliph	huang
CVRSLEGGGVGGYTF	SLE%GGVGG_G	immgliph	huang
CASSLETGKEYQPQHF	SLE%GKEYQP_T	immgliph	huang
CSSSLETGKEYQPQHF	SLE%GKEYQP_T	immgliph	huang
CASSLERGPGTYEQCF	SLE%GPGTYE_R	immgliph	huang
CASSLERGPGTYEQYF	SLE%GPGTYE_R	immgliph	huang
CAGSLERRGPGETRYF	SLE%RGPGET_R	immgliph	huang
CASSLERRGPGETQYF	SLE%RGPGET_R	immgliph	huang
CASSLERTHGYPF	SLE%THG_R	immgliph	huang
CASSLERTHGYTF	SLE%THG_R	immgliph	huang
CASSLEAGGPLFF	SLEA%GP_G	immgliph	huang
CASSLEAGGPQYF	SLEA%GP_G	immgliph	huang
CARSLEAAGQPQHF	SLEA%GQP_AS	immgliph	huang
CASSLEASGQPQHF	SLEA%GQP_AS	immgliph	huang
CASSLEAGGPLFF	SLEAG%P_G	immgliph	huang
CASSLEAGGPQYF	SLEAG%P_G	immgliph	huang
CASSLEAGGPLFF	SLEAGG%_P	immgliph	huang
CASSLEAGGPQYF	SLEAGG%_P	immgliph	huang
CANSLEFGEKMGFNTEHFF	SLEFGEKMG%NTE_FL	immgliph	huang
CASSLEFGEKMGLNTEAFF	SLEFGEKMG%NTE_FL	immgliph	huang
CASSLEGGGVGGYTF	SLEG%GVGG_G	immgliph	huang
CVRSLEGGGVGGYTF	SLEG%GVGG_G	immgliph	huang
CASSLEGGTQYF	SLEGG%_AT	immgliph	huang
CASSLEGGAQYF	SLEGG%_AT	immgliph	huang
CASSLEGGAREKLFF	SLEGG%REK_AG	immgliph	huang
CASSLEGGGREKLFF	SLEGG%REK_AG	immgliph	huang
CASSLEGGGVGGYTF	SLEGG%VGG_G	immgliph	huang
CVRSLEGGGVGGYTF	SLEGG%VGG_G	immgliph	huang
CASSLEGGGVGGYTF	SLEGGG%GG_V	immgliph	huang
CVRSLEGGGVGGYTF	SLEGGG%GG_V	immgliph	huang
CASSLEGGGVGGYTF	SLEGGGV%G_G	immgliph	huang
CVRSLEGGGVGGYTF	SLEGGGV%G_G	immgliph	huang
CASSLEGGGVGGYTF	SLEGGGVG%_G	immgliph	huang
CVRSLEGGGVGGYTF	SLEGGGVG%_G	immgliph	huang
CASSLEQKQPQHF	SLEQ%QP_KN	immgliph	huang
CASSLEQNQPQHF	SLEQ%QP_KN	immgliph	huang
CAGSLERRGPGETRYF	SLER%GPGET_R	immgliph	huang
CASSLERRGPGETQYF	SLER%GPGET_R	immgliph	huang
CASSLERTHGYPF	SLER%HG_T	immgliph	huang
CASSLERTHGYTF	SLER%HG_T	immgliph	huang
CASSLERGPGTYEQCF	SLER%PGTYE_G	immgliph	huang
CASSLERGPGTYEQYF	SLER%PGTYE_G	immgliph	huang
CASSLERGPGTYEQCF	SLERG%GTYE_P	immgliph	huang
CASSLERGPGTYEQYF	SLERG%GTYE_P	immgliph	huang
CASSLERGPGTYEQCF	SLERGP%TYE_G	immgliph	huang
CASSLERGPGTYEQYF	SLERGP%TYE_G	immgliph	huang
CASSLERGPGTYEQCF	SLERGPG%YE_T	immgliph	huang
CASSLERGPGTYEQYF	SLERGPG%YE_T	immgliph	huang
CASSLERGPGTYEQCF	SLERGPGT%E_Y	immgliph	huang
CASSLERGPGTYEQYF	SLERGPGT%E_Y	immgliph	huang
CASSLERGPGTYEQCF	SLERGPGTY%_E	immgliph	huang
CASSLERGPGTYEQYF	SLERGPGTY%_E	immgliph	huang
CAGSLERRGPGETRYF	SLERR%PGET_G	immgliph	huang
CASSLERRGPGETQYF	SLERR%PGET_G	immgliph	huang
CAGSLERRGPGETRYF	SLERRG%GET_P	immgliph	huang
CASSLERRGPGETQYF	SLERRG%GET_P	immgliph	huang
CAGSLERRGPGETRYF	SLERRGP%ET_G	immgliph	huang
CASSLERRGPGETQYF	SLERRGP%ET_G	immgliph	huang
CAGSLERRGPGETRYF	SLERRGPG%T_E	immgliph	huang
CASSLERRGPGETQYF	SLERRGPG%T_E	immgliph	huang
CAGSLERRGPGETRYF	SLERRGPGE%_T	immgliph	huang
CASSLERRGPGETQYF	SLERRGPGE%_T	immgliph	huang
CASSLERTHGYPF	SLERT%G_H	immgliph	huang
CASSLERTHGYTF	SLERT%G_H	immgliph	huang
CASSLERTHGYPF	SLERTH%_G	immgliph	huang
CASSLERTHGYTF	SLERTH%_G	immgliph	huang
CASSLETGKEYQPQHF	SLET%KEYQP_G	immgliph	huang
CSSSLETGKEYQPQHF	SLET%KEYQP_G	immgliph	huang
CASSLETGKEYQPQHF	SLETG%EYQP_K	immgliph	huang
CSSSLETGKEYQPQHF	SLETG%EYQP_K	immgliph	huang
CASSLETGKEYQPQHF	SLETGK%YQP_E	immgliph	huang
CSSSLETGKEYQPQHF	SLETGK%YQP_E	immgliph	huang
CASSLETGKEYQPQHF	SLETGKE%QP_Y	immgliph	huang
CSSSLETGKEYQPQHF	SLETGKE%QP_Y	immgliph	huang
CASSLETGKEYQPQHF	SLETGKEY%P_Q	immgliph	huang
CSSSLETGKEYQPQHF	SLETGKEY%P_Q	immgliph	huang
CASSLETGKEYQPQHF	SLETGKEYQ%_P	immgliph	huang
CSSSLETGKEYQPQHF	SLETGKEYQ%_P	immgliph	huang
CASSLEVRGGGQYF	SLEVRG%G_GS	immgliph	huang
CASSLEVRGSGQYF	SLEVRG%G_GS	immgliph	huang
CASSLFSGTQYF	SLF%GT_S	immgliph	huang
CASSLFSGTKYF	SLF%GT_S	immgliph	huang
CDGSLFSGTQYF	SLF%GT_S	immgliph	huang
CASSLFSGTQYF	SLFS%T_G	immgliph	huang
CASSLFSGTKYF	SLFS%T_G	immgliph	huang
CDGSLFSGTQYF	SLFS%T_G	immgliph	huang
CASSLFSGTQYF	SLFSG%_T	immgliph	huang
CASSLFSGTKYF	SLFSG%_T	immgliph	huang
CDGSLFSGTQYF	SLFSG%_T	immgliph	huang
CASSLGGYNF	SLG%_G	immgliph	huang
CASSLGGYTF	SLG%_G	immgliph	huang
CASSLGLAGGYADTQYF	SLG%AGGYADT_L	immgliph	huang
CSSSLGLAGGYADTQYF	SLG%AGGYADT_L	immgliph	huang
CASSLGLALSNEQFF	SLG%ALSNE_L	immgliph	huang
CASSLGLALSNEQLF	SLG%ALSNE_L	immgliph	huang
CASSLGGGQYGYTF	SLG%GQYG_G	immgliph	huang
CASSLGGGQYGYPF	SLG%GQYG_G	immgliph	huang
CASSLGVGVYGDNF	SLG%GVYG_V	immgliph	huang
CASSLGVGVYGYTF	SLG%GVYG_V	immgliph	huang
CASSLGPGWVTQYF	SLG%GWVT_P	immgliph	huang
CVSSLGPGWVTQYF	SLG%GWVT_P	immgliph	huang
CASSLGRPANSPLHF	SLG%PANSP_R	immgliph	huang
CGSSLGRPANSPLHF	SLG%PANSP_R	immgliph	huang
CACSLGPPGLSSYNEHFF	SLG%PGLSSYNE_P	immgliph	huang
CASSLGPPGLSSYNEQFF	SLG%PGLSSYNE_P	immgliph	huang
CASSLGGPSPLTQYF	SLG%PSPLT_G	immgliph	huang
CGSSLGGPSPLTQYF	SLG%PSPLT_G	immgliph	huang
CASSLGFRGGTDTQDF	SLG%RGGTDT_F	immgliph	huang
CASSLGFRGGTDTQYF	SLG%RGGTDT_F	immgliph	huang
CAASLGASNQPQHF	SLG%SNQP_AT	immgliph	huang
CASSLGASNQPQHF	SLG%SNQP_AT	immgliph	huang
CASSLGTSNQPQHF	SLG%SNQP_AT	immgliph	huang
CASSLGGTKSYNEQFF	SLG%TKSYNE_G	immgliph	huang
CAGSLGGTKSYNEQFF	SLG%TKSYNE_G	immgliph	huang
CAASLGASNQPQHF	SLGA%NQP_S	immgliph	huang
CASSLGASNQPQHF	SLGA%NQP_S	immgliph	huang
CASSLGAGTADSTDTKYF	SLGAGTA%STDT_DS	immgliph	huang
CASSLGAGTASSTDTQYF	SLGAGTA%STDT_DS	immgliph	huang
CAASLGASNQPQHF	SLGAS%QP_N	immgliph	huang
CASSLGASNQPQHF	SLGAS%QP_N	immgliph	huang
CAASLGASNQPQHF	SLGASN%P_Q	immgliph	huang
CASSLGASNQPQHF	SLGASN%P_Q	immgliph	huang
CAASLGASNQPQHF	SLGASNQ%_P	immgliph	huang
CASSLGASNQPQHF	SLGASNQ%_P	immgliph	huang
CASSLGDRGDIQYF	SLGDRGD%_IM	immgliph	huang
CASSLGDRGDMQYF	SLGDRGD%_IM	immgliph	huang
CASSLGFRGGTDTQDF	SLGF%GGTDT_R	immgliph	huang
CASSLGFRGGTDTQYF	SLGF%GGTDT_R	immgliph	huang
CASSLGFRGGTDTQDF	SLGFR%GTDT_G	immgliph	huang
CASSLGFRGGTDTQYF	SLGFR%GTDT_G	immgliph	huang
CASSLGFRGGTDTQDF	SLGFRG%TDT_G	immgliph	huang
CASSLGFRGGTDTQYF	SLGFRG%TDT_G	immgliph	huang
CASSLGFRGGTDTQDF	SLGFRGG%DT_T	immgliph	huang
CASSLGFRGGTDTQYF	SLGFRGG%DT_T	immgliph	huang
CASSLGFRGGTDTQDF	SLGFRGGT%T_D	immgliph	huang
CASSLGFRGGTDTQYF	SLGFRGGT%T_D	immgliph	huang
CASSLGFRGGTDTQDF	SLGFRGGTD%_T	immgliph	huang
CASSLGFRGGTDTQYF	SLGFRGGTD%_T	immgliph	huang
CASSLGGSAKNIQYF	SLGG%AKNI_GS	immgliph	huang
CASSLGGGAKNIQYF	SLGG%AKNI_GS	immgliph	huang
CASSLGGTKSYNEQFF	SLGG%KSYNE_T	immgliph	huang
CAGSLGGTKSYNEQFF	SLGG%KSYNE_T	immgliph	huang
CASSLGGSLGEQYF	SLGG%LGE_ST	immgliph	huang
CASSLGGTLGEQFF	SLGG%LGE_ST	immgliph	huang
CASSLGGGQPQHF	SLGG%QP_GNS	immgliph	huang
CAWSLGGSQPQHF	SLGG%QP_GNS	immgliph	huang
CASSLGGNQPQHF	SLGG%QP_GNS	immgliph	huang
CASSLGGGQYGYTF	SLGG%QYG_G	immgliph	huang
CASSLGGGQYGYPF	SLGG%QYG_G	immgliph	huang
CASSLGGPSPLTQYF	SLGG%SPLT_P	immgliph	huang
CGSSLGGPSPLTQYF	SLGG%SPLT_P	immgliph	huang
CASSLGGGQYGYTF	SLGGG%YG_Q	immgliph	huang
CASSLGGGQYGYPF	SLGGG%YG_Q	immgliph	huang
CASSLGGGQYGYTF	SLGGGQ%G_Y	immgliph	huang
CASSLGGGQYGYPF	SLGGGQ%G_Y	immgliph	huang
CASSLGGGQYGYTF	SLGGGQY%_G	immgliph	huang
CASSLGGGQYGYPF	SLGGGQY%_G	immgliph	huang
CASSLGGPALGETQYF	SLGGP%LGET_AS	immgliph	huang
CASSLGGPSLGETQYF	SLGGP%LGET_AS	immgliph	huang
CASSLGGPSPLTQYF	SLGGP%PLT_S	immgliph	huang
CGSSLGGPSPLTQYF	SLGGP%PLT_S	immgliph	huang
CASSLGGPSPLTQYF	SLGGPS%LT_P	immgliph	huang
CGSSLGGPSPLTQYF	SLGGPS%LT_P	immgliph	huang
CASSLGGPSPLTQYF	SLGGPSP%T_L	immgliph	huang
CGSSLGGPSPLTQYF	SLGGPSP%T_L	immgliph	huang
CASSLGGPSPLTQYF	SLGGPSPL%_T	immgliph	huang
CGSSLGGPSPLTQYF	SLGGPSPL%_T	immgliph	huang
CASSLGGSTYEQYF	SLGGS%YE_ST	immgliph	huang
CASSLGGSSYEQYF	SLGGS%YE_ST	immgliph	huang
CASSLGGTKSYNEQFF	SLGGT%SYNE_KR	immgliph	huang
CAGSLGGTKSYNEQFF	SLGGT%SYNE_KR	immgliph	huang
CASSLGGTRSYNEQFF	SLGGT%SYNE_KR	immgliph	huang
CASSLGGTKSYNEQFF	SLGGTK%YNE_S	immgliph	huang
CAGSLGGTKSYNEQFF	SLGGTK%YNE_S	immgliph	huang
CASSLGGTKSYNEQFF	SLGGTKS%NE_Y	immgliph	huang
CAGSLGGTKSYNEQFF	SLGGTKS%NE_Y	immgliph	huang
CASSLGGTKSYNEQFF	SLGGTKSY%E_N	immgliph	huang
CAGSLGGTKSYNEQFF	SLGGTKSY%E_N	immgliph	huang
CASSLGGTKSYNEQFF	SLGGTKSYN%_E	immgliph	huang
CAGSLGGTKSYNEQFF	SLGGTKSYN%_E	immgliph	huang
CASSLGLAGGYADTQYF	SLGL%GGYADT_A	immgliph	huang
CSSSLGLAGGYADTQYF	SLGL%GGYADT_A	immgliph	huang
CASSLGLALSNEQFF	SLGL%LSNE_AG	immgliph	huang
CASSLGLALSNEQLF	SLGL%LSNE_AG	immgliph	huang
CCSSLGLGLSNEQFF	SLGL%LSNE_AG	immgliph	huang
CASSLGLAGGYADTQYF	SLGLA%GYADT_G	immgliph	huang
CSSSLGLAGGYADTQYF	SLGLA%GYADT_G	immgliph	huang
CASSLGLALSNEQFF	SLGLA%SNE_L	immgliph	huang
CASSLGLALSNEQLF	SLGLA%SNE_L	immgliph	huang
CASSLGLAGGYADTQYF	SLGLAG%YADT_G	immgliph	huang
CSSSLGLAGGYADTQYF	SLGLAG%YADT_G	immgliph	huang
CASSLGLAGGYADTQYF	SLGLAGG%ADT_Y	immgliph	huang
CSSSLGLAGGYADTQYF	SLGLAGG%ADT_Y	immgliph	huang
CASSLGLAGGYADTQYF	SLGLAGGY%DT_A	immgliph	huang
CSSSLGLAGGYADTQYF	SLGLAGGY%DT_A	immgliph	huang
CASSLGLAGGYADTQYF	SLGLAGGYA%T_D	immgliph	huang
CSSSLGLAGGYADTQYF	SLGLAGGYA%T_D	immgliph	huang
CASSLGLAGGYADTQYF	SLGLAGGYAD%_T	immgliph	huang
CSSSLGLAGGYADTQYF	SLGLAGGYAD%_T	immgliph	huang
CASSLGLALSNEQFF	SLGLAL%NE_S	immgliph	huang
CASSLGLALSNEQLF	SLGLAL%NE_S	immgliph	huang
CASSLGLALSNEQFF	SLGLALS%E_N	immgliph	huang
CASSLGLALSNEQLF	SLGLALS%E_N	immgliph	huang
CASSLGLALSNEQFF	SLGLALSN%_E	immgliph	huang
CASSLGLALSNEQLF	SLGLALSN%_E	immgliph	huang
CASSLGPADTQYF	SLGP%DT_AG	immgliph	huang
CASSLGPGDTQYF	SLGP%DT_AG	immgliph	huang
CACSLGPPGLSSYNEHFF	SLGP%GLSSYNE_P	immgliph	huang
CASSLGPPGLSSYNEQFF	SLGP%GLSSYNE_P	immgliph	huang
CASSLGPGWVTQYF	SLGP%WVT_G	immgliph	huang
CVSSLGPGWVTQYF	SLGP%WVT_G	immgliph	huang
CASSLGPGWVTQYF	SLGPG%VT_W	immgliph	huang
CVSSLGPGWVTQYF	SLGPG%VT_W	immgliph	huang
CASSLGPGWVTQYF	SLGPGW%T_V	immgliph	huang
CVSSLGPGWVTQYF	SLGPGW%T_V	immgliph	huang
CASSLGPGWVTQYF	SLGPGWV%_T	immgliph	huang
CVSSLGPGWVTQYF	SLGPGWV%_T	immgliph	huang
CACSLGPPGLSSYNEHFF	SLGPP%LSSYNE_G	immgliph	huang
CASSLGPPGLSSYNEQFF	SLGPP%LSSYNE_G	immgliph	huang
CACSLGPPGLSSYNEHFF	SLGPPG%SSYNE_L	immgliph	huang
CASSLGPPGLSSYNEQFF	SLGPPG%SSYNE_L	immgliph	huang
CACSLGPPGLSSYNEHFF	SLGPPGL%SYNE_S	immgliph	huang
CASSLGPPGLSSYNEQFF	SLGPPGL%SYNE_S	immgliph	huang
CACSLGPPGLSSYNEHFF	SLGPPGLS%YNE_S	immgliph	huang
CASSLGPPGLSSYNEQFF	SLGPPGLS%YNE_S	immgliph	huang
CACSLGPPGLSSYNEHFF	SLGPPGLSS%NE_Y	immgliph	huang
CASSLGPPGLSSYNEQFF	SLGPPGLSS%NE_Y	immgliph	huang
CACSLGPPGLSSYNEHFF	SLGPPGLSSY%E_N	immgliph	huang
CASSLGPPGLSSYNEQFF	SLGPPGLSSY%E_N	immgliph	huang
CACSLGPPGLSSYNEHFF	SLGPPGLSSYN%_E	immgliph	huang
CASSLGPPGLSSYNEQFF	SLGPPGLSSYN%_E	immgliph	huang
CASSLGQGGSRHQPQHF	SLGQGGSR%QP_HQ	immgliph	huang
CASSLGQGGSRQQPQHF	SLGQGGSR%QP_HQ	immgliph	huang
CASSLGQGVNGYTF	SLGQGV%G_NT	immgliph	huang
CASSLGQGVTGYTF	SLGQGV%G_NT	immgliph	huang
CASSLGRPANSPLHF	SLGR%ANSP_P	immgliph	huang
CGSSLGRPANSPLHF	SLGR%ANSP_P	immgliph	huang
CASSLGRPANSPLHF	SLGRP%NSP_A	immgliph	huang
CGSSLGRPANSPLHF	SLGRP%NSP_A	immgliph	huang
CASSLGRPANSPLHF	SLGRPA%SP_N	immgliph	huang
CGSSLGRPANSPLHF	SLGRPA%SP_N	immgliph	huang
CASSLGRPANSPLHF	SLGRPAN%P_S	immgliph	huang
CGSSLGRPANSPLHF	SLGRPAN%P_S	immgliph	huang
CASSLGRPANSPLHF	SLGRPANS%_P	immgliph	huang
CGSSLGRPANSPLHF	SLGRPANS%_P	immgliph	huang
CASSLGRRLAGVFNEQFF	SLGRRLAGV%NE_FL	immgliph	huang
CASSLGRRLAGVLNEQFF	SLGRRLAGV%NE_FL	immgliph	huang
CASSLGTESNQPQHF	SLGT%SNQP_DE	immgliph	huang
CASSLGTDSNQPQHF	SLGT%SNQP_DE	immgliph	huang
CASSLGTAYEQYF	SLGT%YE_AV	immgliph	huang
CASSLGTVYEQYF	SLGT%YE_AV	immgliph	huang
CANSLGTGGYNKQFF	SLGTGGYN%_EK	immgliph	huang
CASSLGTGGYNEQFF	SLGTGGYN%_EK	immgliph	huang
CASSLGVGVYGDNF	SLGV%VYG_G	immgliph	huang
CASSLGVGVYGYTF	SLGV%VYG_G	immgliph	huang
CASSLGVGVYGDNF	SLGVG%YG_V	immgliph	huang
CASSLGVGVYGYTF	SLGVG%YG_V	immgliph	huang
CASSLGVGVYGDNF	SLGVGV%G_Y	immgliph	huang
CASSLGVGVYGYTF	SLGVGV%G_Y	immgliph	huang
CASSLGVGVYGDNF	SLGVGVY%_G	immgliph	huang
CASSLGVGVYGYTF	SLGVGVY%_G	immgliph	huang
CASSLGWNTGELFF	SLGW%TGE_NT	immgliph	huang
CASSLGWTTGELFF	SLGW%TGE_NT	immgliph	huang
CAISLIKNTEAFF	SLI%NTE_K	immgliph	huang
CASSLIKNTEAFF	SLI%NTE_K	immgliph	huang
CAISLIKNTEAFF	SLIK%TE_N	immgliph	huang
CASSLIKNTEAFF	SLIK%TE_N	immgliph	huang
CAISLIKNTEAFF	SLIKN%E_T	immgliph	huang
CASSLIKNTEAFF	SLIKN%E_T	immgliph	huang
CAISLIKNTEAFF	SLIKNT%_E	immgliph	huang
CASSLIKNTEAFF	SLIKNT%_E	immgliph	huang
CASSLKRGGYDQYF	SLKRGGY%_DE	immgliph	huang
CASSLKRGGYEQYF	SLKRGGY%_DE	immgliph	huang
CASSLLRGRVQNYNEEFF	SLL%GRVQNYNE_R	immgliph	huang
CASSLLRGRVQNYNEQFF	SLL%GRVQNYNE_R	immgliph	huang
CARSLLRTGWETQYF	SLL%TGWET_R	immgliph	huang
CASSLLRTGWETQYF	SLL%TGWET_R	immgliph	huang
CASSLLAYNEQFF	SLL%YNE_AS	immgliph	huang
CASSLLSYNEQFF	SLL%YNE_AS	immgliph	huang
CASSLLGGMATDTQYF	SLLGGM%TDT_AG	immgliph	huang
CASSLLGGMGTDTQYF	SLLGGM%TDT_AG	immgliph	huang
CARSLLRTGWETQYF	SLLR%GWET_T	immgliph	huang
CASSLLRTGWETQYF	SLLR%GWET_T	immgliph	huang
CASSLLRGRVQNYNEEFF	SLLR%RVQNYNE_G	immgliph	huang
CASSLLRGRVQNYNEQFF	SLLR%RVQNYNE_G	immgliph	huang
CASSLLRGRVQNYNEEFF	SLLRG%VQNYNE_R	immgliph	huang
CASSLLRGRVQNYNEQFF	SLLRG%VQNYNE_R	immgliph	huang
CASSLLRGRVQNYNEEFF	SLLRGR%QNYNE_V	immgliph	huang
CASSLLRGRVQNYNEQFF	SLLRGR%QNYNE_V	immgliph	huang
CASSLLRGRVQNYNEEFF	SLLRGRV%NYNE_Q	immgliph	huang
CASSLLRGRVQNYNEQFF	SLLRGRV%NYNE_Q	immgliph	huang
CASSLLRGRVQNYNEEFF	SLLRGRVQ%YNE_N	immgliph	huang
CASSLLRGRVQNYNEQFF	SLLRGRVQ%YNE_N	immgliph	huang
CASSLLRGRVQNYNEEFF	SLLRGRVQN%NE_Y	immgliph	huang
CASSLLRGRVQNYNEQFF	SLLRGRVQN%NE_Y	immgliph	huang
CASSLLRGRVQNYNEEFF	SLLRGRVQNY%E_N	immgliph	huang
CASSLLRGRVQNYNEQFF	SLLRGRVQNY%E_N	immgliph	huang
CASSLLRGRVQNYNEEFF	SLLRGRVQNYN%_E	immgliph	huang
CASSLLRGRVQNYNEQFF	SLLRGRVQNYN%_E	immgliph	huang
CARSLLRTGWETQYF	SLLRT%WET_G	immgliph	huang
CASSLLRTGWETQYF	SLLRT%WET_G	immgliph	huang
CARSLLRTGWETQYF	SLLRTG%ET_W	immgliph	huang
CASSLLRTGWETQYF	SLLRTG%ET_W	immgliph	huang
CARSLLRTGWETQYF	SLLRTGW%T_E	immgliph	huang
CASSLLRTGWETQYF	SLLRTGW%T_E	immgliph	huang
CARSLLRTGWETQYF	SLLRTGWE%_NT	immgliph	huang
CASSLLRTGWENEYF	SLLRTGWE%_NT	immgliph	huang
CASSLLRTGWETQYF	SLLRTGWE%_NT	immgliph	huang
CASSLMRGGTDTQYF	SLMRGGT%T_DE	immgliph	huang
CASSLMRGGTETQYF	SLMRGGT%T_DE	immgliph	huang
CASSLNPGQPQHF	SLNP%QP_GN	immgliph	huang
CASSLNPNQPQHF	SLNP%QP_GN	immgliph	huang
CSASLPTGELFF	SLP%GE_T	immgliph	huang
CSASLPTGEQFF	SLP%GE_T	immgliph	huang
CASSLPATGAATEAFF	SLP%TGAATE_AS	immgliph	huang
CASSLPSTGAATEAFF	SLP%TGAATE_AS	immgliph	huang
CASSLPGTGKAQYF	SLP%TGKA_G	immgliph	huang
CDSSLPGTGKAQYF	SLP%TGKA_G	immgliph	huang
CASSLPGTGKAQYF	SLPG%GKA_T	immgliph	huang
CDSSLPGTGKAQYF	SLPG%GKA_T	immgliph	huang
CASSLPGTGKAQYF	SLPGT%KA_G	immgliph	huang
CDSSLPGTGKAQYF	SLPGT%KA_G	immgliph	huang
CASSLPGTGKAQYF	SLPGTG%A_K	immgliph	huang
CDSSLPGTGKAQYF	SLPGTG%A_K	immgliph	huang
CASSLPGTGKAQYF	SLPGTGK%_A	immgliph	huang
CDSSLPGTGKAQYF	SLPGTGK%_A	immgliph	huang
CSASLPTGELFF	SLPT%E_G	immgliph	huang
CSASLPTGEQFF	SLPT%E_G	immgliph	huang
CSASLPTGELFF	SLPTG%_E	immgliph	huang
CSASLPTGEQFF	SLPTG%_E	immgliph	huang
CASSLQGASTEACF	SLQ%ASTE_G	immgliph	huang
CASSLQGASTEAFF	SLQ%ASTE_G	immgliph	huang
CASSLQGRIYGYTF	SLQ%RIYG_G	immgliph	huang
CASSLQGRIYGDTF	SLQ%RIYG_G	immgliph	huang
CASSLQGRIYGYTF	SLQG%IYG_R	immgliph	huang
CASSLQGRIYGDTF	SLQG%IYG_R	immgliph	huang
CASSLQGASTEACF	SLQG%STE_A	immgliph	huang
CASSLQGASTEAFF	SLQG%STE_A	immgliph	huang
CASSLQGASEKLFF	SLQGA%EK_AS	immgliph	huang
CASSLQGAAEKLFF	SLQGA%EK_AS	immgliph	huang
CASSLQGASTEACF	SLQGA%TE_S	immgliph	huang
CASSLQGASTEAFF	SLQGA%TE_S	immgliph	huang
CASSLQGASTEACF	SLQGAS%E_T	immgliph	huang
CASSLQGASTEAFF	SLQGAS%E_T	immgliph	huang
CASSLQGASTEACF	SLQGAST%_E	immgliph	huang
CASSLQGASTEAFF	SLQGAST%_E	immgliph	huang
CASSLQGETYEQYF	SLQGE%YE_AT	immgliph	huang
CASSLQGEAYEQYF	SLQGE%YE_AT	immgliph	huang
CASSLQGRIYGYTF	SLQGR%YG_I	immgliph	huang
CASSLQGRIYGDTF	SLQGR%YG_I	immgliph	huang
CASSLQGRIYGYTF	SLQGRI%G_Y	immgliph	huang
CASSLQGRIYGDTF	SLQGRI%G_Y	immgliph	huang
CASSLQGRIYGYTF	SLQGRIY%_G	immgliph	huang
CASSLQGRIYGDTF	SLQGRIY%_G	immgliph	huang
CASSLRTANTEAFF	SLR%ANTE_T	immgliph	huang
CTSSLRTANTEAFF	SLR%ANTE_T	immgliph	huang
CASSLRKGAYNEQFF	SLR%GAYNE_KQ	immgliph	huang
CASSLRQGAYNEQFF	SLR%GAYNE_KQ	immgliph	huang
CASSLRGGDEKLCF	SLR%GDEK_G	immgliph	huang
CASSLRGGDEKLFF	SLR%GDEK_G	immgliph	huang
CAGSLRPNTQYF	SLR%NT_P	immgliph	huang
CASSLRPNTQYF	SLR%NT_P	immgliph	huang
CASSLRGRSPRHF	SLR%RSP_G	immgliph	huang
CASSLRGRSPLHF	SLR%RSP_G	immgliph	huang
CASSLRGGDEKLCF	SLRG%DEK_G	immgliph	huang
CASSLRGGDEKLFF	SLRG%DEK_G	immgliph	huang
CASSLRGRSPRHF	SLRG%SP_R	immgliph	huang
CASSLRGRSPLHF	SLRG%SP_R	immgliph	huang
CASSLRGDTEAFF	SLRG%TE_DN	immgliph	huang
CASSLRGNTEAFF	SLRG%TE_DN	immgliph	huang
CASSLRGGDEKLCF	SLRGG%EK_D	immgliph	huang
CASSLRGGDEKLFF	SLRGG%EK_D	immgliph	huang
CASSLRGGDEKLCF	SLRGGD%K_E	immgliph	huang
CASSLRGGDEKLFF	SLRGGD%K_E	immgliph	huang
CASSLRGGDEKLCF	SLRGGDE%_K	immgliph	huang
CASSLRGGDEKLFF	SLRGGDE%_K	immgliph	huang
CASSLRGRSPRHF	SLRGR%P_S	immgliph	huang
CASSLRGRSPLHF	SLRGR%P_S	immgliph	huang
CASSLRGRKETQYF	SLRGRKE%_NT	immgliph	huang
CDSSLRGRKENKYF	SLRGRKE%_NT	immgliph	huang
CASSLRGRSPRHF	SLRGRS%_P	immgliph	huang
CASSLRGRSPLHF	SLRGRS%_P	immgliph	huang
CAGSLRPNTQYF	SLRP%T_N	immgliph	huang
CASSLRPNTQYF	SLRP%T_N	immgliph	huang
CAGSLRPNTQYF	SLRPN%_T	immgliph	huang
CASSLRPNTQYF	SLRPN%_T	immgliph	huang
CASSLRQGANTEAFF	SLRQG%NTE_AG	immgliph	huang
CASSLRQGGNTEAFF	SLRQG%NTE_AG	immgliph	huang
CASSLRTANTEAFF	SLRT%NTE_A	immgliph	huang
CTSSLRTANTEAFF	SLRT%NTE_A	immgliph	huang
CASSLRTANTEAFF	SLRTA%TE_N	immgliph	huang
CTSSLRTANTEAFF	SLRTA%TE_N	immgliph	huang
CASSLRTANTEAFF	SLRTAN%E_T	immgliph	huang
CTSSLRTANTEAFF	SLRTAN%E_T	immgliph	huang
CASSLRTANTEAFF	SLRTANT%_E	immgliph	huang
CTSSLRTANTEAFF	SLRTANT%_E	immgliph	huang
CASSLSGAGTDTQYF	SLS%AGTDT_G	immgliph	huang
CPSSLSGAGTDTQYF	SLS%AGTDT_G	immgliph	huang
CASSLSNEKLFF	SLS%EK_KN	immgliph	huang
CASSLSKEKLFF	SLS%EK_KN	immgliph	huang
CASSLSHGNEAFF	SLS%GNE_HQ	immgliph	huang
CASSLSQGNEQFF	SLS%GNE_HQ	immgliph	huang
CASSLSHRSNQPQHF	SLS%RSNQP_H	immgliph	huang
CASSLSHRSNQPRHF	SLS%RSNQP_H	immgliph	huang
CASSLSMTDTQYF	SLS%TDT_IM	immgliph	huang
CASSLSITDTQYF	SLS%TDT_IM	immgliph	huang
CASSLSGAGTDTQYF	SLSG%GTDT_A	immgliph	huang
CPSSLSGAGTDTQYF	SLSG%GTDT_A	immgliph	huang
CASSLSGAGTDTQYF	SLSGA%TDT_G	immgliph	huang
CPSSLSGAGTDTQYF	SLSGA%TDT_G	immgliph	huang
CASSLSGAGTDTQYF	SLSGAG%DT_T	immgliph	huang
CPSSLSGAGTDTQYF	SLSGAG%DT_T	immgliph	huang
CASSLSGAGTDTQYF	SLSGAGT%T_D	immgliph	huang
CPSSLSGAGTDTQYF	SLSGAGT%T_D	immgliph	huang
CASSLSGAGTDTQYF	SLSGAGTD%_T	immgliph	huang
CPSSLSGAGTDTQYF	SLSGAGTD%_T	immgliph	huang
CASSLSGGRTEAFF	SLSGGR%E_NT	immgliph	huang
CASSLSGGRNEQFF	SLSGGR%E_NT	immgliph	huang
CASSLSHRSNQPQHF	SLSH%SNQP_R	immgliph	huang
CASSLSHRSNQPRHF	SLSH%SNQP_R	immgliph	huang
CASSLSHRSNQPQHF	SLSHR%NQP_S	immgliph	huang
CASSLSHRSNQPRHF	SLSHR%NQP_S	immgliph	huang
CASSLSHRSNQPQHF	SLSHRS%QP_N	immgliph	huang
CASSLSHRSNQPRHF	SLSHRS%QP_N	immgliph	huang
CASSLSHRSNQPQHF	SLSHRSN%P_Q	immgliph	huang
CASSLSHRSNQPRHF	SLSHRSN%P_Q	immgliph	huang
CASSLSHRSNQPQHF	SLSHRSNQ%_P	immgliph	huang
CASSLSHRSNQPRHF	SLSHRSNQ%_P	immgliph	huang
CASSLSIAFEAFF	SLSI%FE_AG	immgliph	huang
CASSLSIGFEAFF	SLSI%FE_AG	immgliph	huang
CASSLSLGNYGYTF	SLSLG%YG_GN	immgliph	huang
CASSLSLGGYGYTF	SLSLG%YG_GN	immgliph	huang
CASSLSTGVNTEAFF	SLSTG%NTE_AV	immgliph	huang
CASSLSTGANTEAFF	SLSTG%NTE_AV	immgliph	huang
CASSLTGEQFF	SLT%E_G	immgliph	huang
CASSLTGELFF	SLT%E_G	immgliph	huang
CASSLTGERFF	SLT%E_G	immgliph	huang
CSASLTGGAQPQHF	SLT%GAQP_G	immgliph	huang
CVGSLTGGAQPLHF	SLT%GAQP_G	immgliph	huang
CASSLTGGGTEAFF	SLT%GGTE_G	immgliph	huang
CASSLTGGGTEAYF	SLT%GGTE_G	immgliph	huang
CSASLTANTEAFF	SLT%NTE_AG	immgliph	huang
CASSLTGNTEAFF	SLT%NTE_AG	immgliph	huang
CASSLTGQGPLAYSNQPHHF	SLT%QGPLAYSNQP_G	immgliph	huang
CASSLTGQGPLAYSNQPQHF	SLT%QGPLAYSNQP_G	immgliph	huang
CASSLTADTEAFF	SLTA%TE_DN	immgliph	huang
CSASLTANTEAFF	SLTA%TE_DN	immgliph	huang
CASSLTGEQFF	SLTG%_E	immgliph	huang
CASSLTGELFF	SLTG%_E	immgliph	huang
CASSLTGERFF	SLTG%_E	immgliph	huang
CSASLTGGAQPQHF	SLTG%AQP_G	immgliph	huang
CVGSLTGGAQPLHF	SLTG%AQP_G	immgliph	huang
CASSLTGQGPLAYSNQPHHF	SLTG%GPLAYSNQP_Q	immgliph	huang
CASSLTGQGPLAYSNQPQHF	SLTG%GPLAYSNQP_Q	immgliph	huang
CASSLTGGGTEAFF	SLTG%GTE_G	immgliph	huang
CASSLTGGGTEAYF	SLTG%GTE_G	immgliph	huang
CSASLTGGAQPQHF	SLTGG%QP_A	immgliph	huang
CVGSLTGGAQPLHF	SLTGG%QP_A	immgliph	huang
CASSLTGGGTEAFF	SLTGG%TE_G	immgliph	huang
CASSLTGGGTEAYF	SLTGG%TE_G	immgliph	huang
CSASLTGGAQPQHF	SLTGGA%P_Q	immgliph	huang
CVGSLTGGAQPLHF	SLTGGA%P_Q	immgliph	huang
CSASLTGGAQPQHF	SLTGGAQ%_P	immgliph	huang
CVGSLTGGAQPLHF	SLTGGAQ%_P	immgliph	huang
CASSLTGGGTEAFF	SLTGGG%E_T	immgliph	huang
CASSLTGGGTEAYF	SLTGGG%E_T	immgliph	huang
CASSLTGGGTEAFF	SLTGGGT%_E	immgliph	huang
CASSLTGGGTEAYF	SLTGGGT%_E	immgliph	huang
CASSLTGQGPLAYSNQPHHF	SLTGQ%PLAYSNQP_G	immgliph	huang
CASSLTGQGPLAYSNQPQHF	SLTGQ%PLAYSNQP_G	immgliph	huang
CASSLTGQGPLAYSNQPHHF	SLTGQG%LAYSNQP_P	immgliph	huang
CASSLTGQGPLAYSNQPQHF	SLTGQG%LAYSNQP_P	immgliph	huang
CASSLTGQGPLAYSNQPHHF	SLTGQGP%AYSNQP_L	immgliph	huang
CASSLTGQGPLAYSNQPQHF	SLTGQGP%AYSNQP_L	immgliph	huang
CASSLTGQGPLAYSNQPHHF	SLTGQGPL%YSNQP_A	immgliph	huang
CASSLTGQGPLAYSNQPQHF	SLTGQGPL%YSNQP_A	immgliph	huang
CASSLTGQGPLAYSNQPHHF	SLTGQGPLA%SNQP_Y	immgliph	huang
CASSLTGQGPLAYSNQPQHF	SLTGQGPLA%SNQP_Y	immgliph	huang
CASSLTGQGPLAYSNQPHHF	SLTGQGPLAY%NQP_S	immgliph	huang
CASSLTGQGPLAYSNQPQHF	SLTGQGPLAY%NQP_S	immgliph	huang
CASSLTGQGPLAYSNQPHHF	SLTGQGPLAYS%QP_N	immgliph	huang
CASSLTGQGPLAYSNQPQHF	SLTGQGPLAYS%QP_N	immgliph	huang
CASSLTGQGPLAYSNQPHHF	SLTGQGPLAYSN%P_Q	immgliph	huang
CASSLTGQGPLAYSNQPQHF	SLTGQGPLAYSN%P_Q	immgliph	huang
CASSLTGQGPLAYSNQPHHF	SLTGQGPLAYSNQ%_P	immgliph	huang
CASSLTGQGPLAYSNQPQHF	SLTGQGPLAYSNQ%_P	immgliph	huang
CASSLTPATYEQYF	SLTP%TYE_AS	immgliph	huang
CASSLTPSTYEQYF	SLTP%TYE_AS	immgliph	huang
CASSLTPGLGTEAFF	SLTPG%GTE_LV	immgliph	huang
CSSSLTPGVGTEDYF	SLTPG%GTE_LV	immgliph	huang
CASSLVQGEQYF	SLV%GE_Q	immgliph	huang
CVSSLVQGEQYF	SLV%GE_Q	immgliph	huang
CASSLVAGGGDTQYF	SLV%GGGDT_AG	immgliph	huang
CASSLVGGGGDTQYF	SLV%GGGDT_AG	immgliph	huang
CARSLVGPGDANEQFF	SLV%PGDANE_G	immgliph	huang
CASSLVGPGDANEQFF	SLV%PGDANE_G	immgliph	huang
CASSLVDRAGNTEAFF	SLV%RAGNTE_D	immgliph	huang
CVSSLVDRAGNTEACF	SLV%RAGNTE_D	immgliph	huang
CASSLVATTRGTEAFF	SLV%TTRGTE_A	immgliph	huang
CAGSLVATTRGTEAFF	SLV%TTRGTE_A	immgliph	huang
CSSSLVATTRGTEAFF	SLV%TTRGTE_A	immgliph	huang
CASSLVAYNEQFF	SLV%YNE_AT	immgliph	huang
CASSLVTYNEQFF	SLV%YNE_AT	immgliph	huang
CASSLVATTRGTEAFF	SLVA%TRGTE_T	immgliph	huang
CAGSLVATTRGTEAFF	SLVA%TRGTE_T	immgliph	huang
CSSSLVATTRGTEAFF	SLVA%TRGTE_T	immgliph	huang
CASSLVATTRGTEAFF	SLVAT%RGTE_T	immgliph	huang
CAGSLVATTRGTEAFF	SLVAT%RGTE_T	immgliph	huang
CSSSLVATTRGTEAFF	SLVAT%RGTE_T	immgliph	huang
CASSLVATTRGTEAFF	SLVATT%GTE_R	immgliph	huang
CAGSLVATTRGTEAFF	SLVATT%GTE_R	immgliph	huang
CSSSLVATTRGTEAFF	SLVATT%GTE_R	immgliph	huang
CASSLVATTRGTEAFF	SLVATTR%TE_G	immgliph	huang
CAGSLVATTRGTEAFF	SLVATTR%TE_G	immgliph	huang
CSSSLVATTRGTEAFF	SLVATTR%TE_G	immgliph	huang
CASSLVATTRGTEAFF	SLVATTRG%E_T	immgliph	huang
CAGSLVATTRGTEAFF	SLVATTRG%E_T	immgliph	huang
CSSSLVATTRGTEAFF	SLVATTRG%E_T	immgliph	huang
CASSLVATTRGTEAFF	SLVATTRGT%_E	immgliph	huang
CAGSLVATTRGTEAFF	SLVATTRGT%_E	immgliph	huang
CSSSLVATTRGTEAFF	SLVATTRGT%_E	immgliph	huang
CASSLVDRAGNTEAFF	SLVD%AGNTE_R	immgliph	huang
CVSSLVDRAGNTEACF	SLVD%AGNTE_R	immgliph	huang
CASSLVDRAGNTEAFF	SLVDR%GNTE_A	immgliph	huang
CVSSLVDRAGNTEACF	SLVDR%GNTE_A	immgliph	huang
CASSLVDRAGNTEAFF	SLVDRA%NTE_G	immgliph	huang
CVSSLVDRAGNTEACF	SLVDRA%NTE_G	immgliph	huang
CASSLVDRAGNTEAFF	SLVDRAG%TE_N	immgliph	huang
CVSSLVDRAGNTEACF	SLVDRAG%TE_N	immgliph	huang
CASSLVDRAGNTEAFF	SLVDRAGN%E_T	immgliph	huang
CVSSLVDRAGNTEACF	SLVDRAGN%E_T	immgliph	huang
CASSLVDRAGNTEAFF	SLVDRAGNT%_E	immgliph	huang
CVSSLVDRAGNTEACF	SLVDRAGNT%_E	immgliph	huang
CARSLVGPGDANEQFF	SLVG%GDANE_P	immgliph	huang
CASSLVGPGDANEQFF	SLVG%GDANE_P	immgliph	huang
CASSLVGTTDTQYF	SLVG%TDT_ST	immgliph	huang
CASSLVGSTDTQYF	SLVG%TDT_ST	immgliph	huang
CARSLVGPGDANEQFF	SLVGP%DANE_G	immgliph	huang
CASSLVGPGDANEQFF	SLVGP%DANE_G	immgliph	huang
CARSLVGPGDANEQFF	SLVGPG%ANE_D	immgliph	huang
CASSLVGPGDANEQFF	SLVGPG%ANE_D	immgliph	huang
CARSLVGPGDANEQFF	SLVGPGD%NE_A	immgliph	huang
CASSLVGPGDANEQFF	SLVGPGD%NE_A	immgliph	huang
CARSLVGPGDANEQFF	SLVGPGDA%E_N	immgliph	huang
CASSLVGPGDANEQFF	SLVGPGDA%E_N	immgliph	huang
CARSLVGPGDANEQFF	SLVGPGDAN%_E	immgliph	huang
CASSLVGPGDANEQFF	SLVGPGDAN%_E	immgliph	huang
CASSLVPIRSGGAQETQYF	SLVP%RSGGAQET_IL	immgliph	huang
CASSLVPLRSGGAQETQYF	SLVP%RSGGAQET_IL	immgliph	huang
CASSLVPGLGYEQYF	SLVPG%GYE_LV	immgliph	huang
CASSLVPGVGYEQYF	SLVPG%GYE_LV	immgliph	huang
CASSLVPLRSGGAQETQYF	SLVPLRSGG%QET_AS	immgliph	huang
CASSLVPLRSGGSQETQYF	SLVPLRSGG%QET_AS	immgliph	huang
CASSLVQGEQYF	SLVQ%E_G	immgliph	huang
CVSSLVQGEQYF	SLVQ%E_G	immgliph	huang
CASSLVQGEQYF	SLVQG%_E	immgliph	huang
CVSSLVQGEQYF	SLVQG%_E	immgliph	huang
CASSLYGDTNQPQHF	SLY%DTNQP_G	immgliph	huang
CASSLYGDTNQPQNF	SLY%DTNQP_G	immgliph	huang
CASSLYGDTNQPQHF	SLYG%TNQP_D	immgliph	huang
CASSLYGDTNQPQNF	SLYG%TNQP_D	immgliph	huang
CASSLYGDTNQPQHF	SLYGD%NQP_T	immgliph	huang
CASSLYGDTNQPQNF	SLYGD%NQP_T	immgliph	huang
CASSLYGDTNQPQHF	SLYGDT%QP_N	immgliph	huang
CASSLYGDTNQPQNF	SLYGDT%QP_N	immgliph	huang
CASSLYGDTNQPQHF	SLYGDTN%P_Q	immgliph	huang
CASSLYGDTNQPQNF	SLYGDTN%P_Q	immgliph	huang
CASSLYGDTNQPQHF	SLYGDTNQ%_P	immgliph	huang
CASSLYGDTNQPQNF	SLYGDTNQ%_P	immgliph	huang
CRASNRDYDYTF	SN%DYD_R	immgliph	huang
CSASNRDYDYTF	SN%DYD_R	immgliph	huang
CGSSNRGGGAVDEQFF	SN%GGGAVDE_R	immgliph	huang
CASSNRGGGAVDEQFF	SN%GGGAVDE_R	immgliph	huang
CSASNQRGGRELFF	SN%RGGRE_Q	immgliph	huang
CSASNQRGGREVFF	SN%RGGRE_Q	immgliph	huang
CSASNQRGGRELFF	SNQ%GGRE_R	immgliph	huang
CSASNQRGGREVFF	SNQ%GGRE_R	immgliph	huang
CSASNQRGGRELFF	SNQR%GRE_G	immgliph	huang
CSASNQRGGREVFF	SNQR%GRE_G	immgliph	huang
CSASNQRGGRELFF	SNQRG%RE_G	immgliph	huang
CSASNQRGGREVFF	SNQRG%RE_G	immgliph	huang
CSASNQRGGRELFF	SNQRGG%E_R	immgliph	huang
CSASNQRGGREVFF	SNQRGG%E_R	immgliph	huang
CSASNQRGGRELFF	SNQRGGR%_E	immgliph	huang
CSASNQRGGREVFF	SNQRGGR%_E	immgliph	huang
CGSSNRGGGAVDEQFF	SNR%GGAVDE_G	immgliph	huang
CASSNRGGGAVDEQFF	SNR%GGAVDE_G	immgliph	huang
CRASNRDYDYTF	SNR%YD_D	immgliph	huang
CSASNRDYDYTF	SNR%YD_D	immgliph	huang
CRASNRDYDYTF	SNRD%D_Y	immgliph	huang
CSASNRDYDYTF	SNRD%D_Y	immgliph	huang
CRASNRDYDYTF	SNRDY%_D	immgliph	huang
CSASNRDYDYTF	SNRDY%_D	immgliph	huang
CGSSNRGGGAVDEQFF	SNRG%GAVDE_G	immgliph	huang
CASSNRGGGAVDEQFF	SNRG%GAVDE_G	immgliph	huang
CGSSNRGGGAVDEQFF	SNRGG%AVDE_G	immgliph	huang
CASSNRGGGAVDEQFF	SNRGG%AVDE_G	immgliph	huang
CGSSNRGGGAVDEQFF	SNRGGG%VDE_A	immgliph	huang
CASSNRGGGAVDEQFF	SNRGGG%VDE_A	immgliph	huang
CGSSNRGGGAVDEQFF	SNRGGGA%DE_V	immgliph	huang
CASSNRGGGAVDEQFF	SNRGGGA%DE_V	immgliph	huang
CGSSNRGGGAVDEQFF	SNRGGGAV%E_D	immgliph	huang
CASSNRGGGAVDEQFF	SNRGGGAV%E_D	immgliph	huang
CGSSNRGGGAVDEQFF	SNRGGGAVD%_E	immgliph	huang
CASSNRGGGAVDEQFF	SNRGGGAVD%_E	immgliph	huang
CASSPRAGGGNEQFF	SP%AGGGNE_R	immgliph	huang
CASSPRAGGGNEQYF	SP%AGGGNE_R	immgliph	huang
CASSPGDEQDF	SP%DE_G	immgliph	huang
CASSPGDEQYF	SP%DE_G	immgliph	huang
CAISPKGEGPMNTEALF	SP%GEGPMNTE_K	immgliph	huang
CASSPKGEGPMNTEAFF	SP%GEGPMNTE_K	immgliph	huang
CRASPGGGGLEQYF	SP%GGGLE_G	immgliph	huang
CSASPGGGGLEQYF	SP%GGGLE_G	immgliph	huang
CASSPKGGQGAHEQYF	SP%GGQGAHE_K	immgliph	huang
CASSPKGGQGAHEQCF	SP%GGQGAHE_K	immgliph	huang
CASSPSGGTFNEQFF	SP%GGTFNE_S	immgliph	huang
CAGSPSGGTFNEQCF	SP%GGTFNE_S	immgliph	huang
CASSPLGSASYEKYF	SP%GSASYE_L	immgliph	huang
CASSPLGSASYEQYF	SP%GSASYE_L	immgliph	huang
CASSPAGSGNTIYF	SP%GSGNT_AG	immgliph	huang
CASSPGGSGNTIYF	SP%GSGNT_AG	immgliph	huang
CASSPLGSLGLYEGYTF	SP%GSLGLYEG_L	immgliph	huang
CGSSPLGSLGLYEGYTF	SP%GSLGLYEG_L	immgliph	huang
CASSPEGTARNYGYTF	SP%GTARNYG_E	immgliph	huang
CSSSPEGTARNYGYTF	SP%GTARNYG_E	immgliph	huang
CASSPGGTVPQHF	SP%GTVP_G	immgliph	huang
CASSPGGTVPKHF	SP%GTVP_G	immgliph	huang
CAGSPNINSPLHF	SP%INSP_N	immgliph	huang
CASSPNINSPLPF	SP%INSP_N	immgliph	huang
CASSPSIQGNGNTIYF	SP%IQGNGNT_S	immgliph	huang
CASSPSIQGNGNTKYF	SP%IQGNGNT_S	immgliph	huang
CASSPRLAGQETKYF	SP%LAGQET_R	immgliph	huang
CASSPRLAGQETQYF	SP%LAGQET_R	immgliph	huang
CASSPQLTGELFF	SP%LTGE_QR	immgliph	huang
CASSPRLTGELFF	SP%LTGE_QR	immgliph	huang
CASSPKMEGVSPLHF	SP%MEGVSP_KN	immgliph	huang
CASSPNMEGVSPLHF	SP%MEGVSP_KN	immgliph	huang
CASSPNNEQFF	SP%NE_NR	immgliph	huang
CASSPRNEQFF	SP%NE_NR	immgliph	huang
CASSPDPNSGANVLNF	SP%PNSGANV_D	immgliph	huang
CASSPDPNSGANVLTF	SP%PNSGANV_D	immgliph	huang
CAISPGPRTNYGYTF	SP%PRTNYG_G	immgliph	huang
CSISPGPRTNYGYTF	SP%PRTNYG_G	immgliph	huang
CSASPPQGAWGYTF	SP%QGAWG_P	immgliph	huang
CWASPPQGAWGYTF	SP%QGAWG_P	immgliph	huang
CASSPFRDRGTGELCF	SP%RDRGTGE_F	immgliph	huang
CASSPFRDRGTGELFF	SP%RDRGTGE_F	immgliph	huang
CASSPKRGGTDTQYF	SP%RGGTDT_KR	immgliph	huang
CASSPRRGGTDTQYF	SP%RGGTDT_KR	immgliph	huang
CASSPSTDTQYF	SP%TDT_NS	immgliph	huang
CASSPNTDTQYF	SP%TDT_NS	immgliph	huang
CASSPGTGAHYGYTF	SP%TGAHYG_G	immgliph	huang
CASSPGTGAHYGDTF	SP%TGAHYG_G	immgliph	huang
CASSPETGEGYGYTF	SP%TGEGYG_EQ	immgliph	huang
CASSPQTGEGYGYAF	SP%TGEGYG_EQ	immgliph	huang
CASSPQTGEGYGYTF	SP%TGEGYG_EQ	immgliph	huang
CRASPGTHSNQPQHF	SP%THSNQP_G	immgliph	huang
CSASPGTHSNQPQHF	SP%THSNQP_G	immgliph	huang
CNASPGTHSNQPQHF	SP%THSNQP_G	immgliph	huang
CASSPRTSGGFGDTKYF	SP%TSGGFGDT_R	immgliph	huang
CASSPRTSGGFGDTHYF	SP%TSGGFGDT_R	immgliph	huang
CASSPRTSGGFGDTQYF	SP%TSGGFGDT_R	immgliph	huang
CAISPALSSPEQYF	SPA%SSPE_IL	immgliph	huang
CASSPAISSPEQYF	SPA%SSPE_IL	immgliph	huang
CASSPAETVHEQYF	SPAET%HE_AV	immgliph	huang
CASSPAETAHEQYF	SPAET%HE_AV	immgliph	huang
CASSPAGLGYGYTF	SPAGL%YG_GS	immgliph	huang
CASSPAGLSYGYTF	SPAGL%YG_GS	immgliph	huang
CASSPDPNSGANVLNF	SPD%NSGANV_P	immgliph	huang
CASSPDPNSGANVLTF	SPD%NSGANV_P	immgliph	huang
CASSPDPNSGANVLNF	SPDP%SGANV_N	immgliph	huang
CASSPDPNSGANVLTF	SPDP%SGANV_N	immgliph	huang
CASSPDPNSGANVLNF	SPDPN%GANV_S	immgliph	huang
CASSPDPNSGANVLTF	SPDPN%GANV_S	immgliph	huang
CASSPDPNSGANVLNF	SPDPNS%ANV_G	immgliph	huang
CASSPDPNSGANVLTF	SPDPNS%ANV_G	immgliph	huang
CASSPDPNSGANVLNF	SPDPNSG%NV_A	immgliph	huang
CASSPDPNSGANVLTF	SPDPNSG%NV_A	immgliph	huang
CASSPDPNSGANVLNF	SPDPNSGA%V_N	immgliph	huang
CASSPDPNSGANVLTF	SPDPNSGA%V_N	immgliph	huang
CASSPDPNSGANVLNF	SPDPNSGAN%_V	immgliph	huang
CASSPDPNSGANVLTF	SPDPNSGAN%_V	immgliph	huang
CASSPDRVGEQYF	SPDR%GE_AV	immgliph	huang
CASSPDRAGELFF	SPDR%GE_AV	immgliph	huang
CASSPDRAQAGNSLYF	SPDRAQAGN%_ST	immgliph	huang
CASSPDRAQAGNTIYF	SPDRAQAGN%_ST	immgliph	huang
CASSPDSGSYGQYF	SPDSG%YG_ST	immgliph	huang
CASSPDSGTYGQYF	SPDSG%YG_ST	immgliph	huang
CASSPEGTARNYGYTF	SPE%TARNYG_G	immgliph	huang
CSSSPEGTARNYGYTF	SPE%TARNYG_G	immgliph	huang
CASSPEGTARNYGYTF	SPEG%ARNYG_T	immgliph	huang
CSSSPEGTARNYGYTF	SPEG%ARNYG_T	immgliph	huang
CASSPEGTARNYGYTF	SPEGT%RNYG_A	immgliph	huang
CSSSPEGTARNYGYTF	SPEGT%RNYG_A	immgliph	huang
CASSPEGTARNYGYTF	SPEGTA%NYG_R	immgliph	huang
CSSSPEGTARNYGYTF	SPEGTA%NYG_R	immgliph	huang
CASSPEGTARNYGYTF	SPEGTAR%YG_N	immgliph	huang
CSSSPEGTARNYGYTF	SPEGTAR%YG_N	immgliph	huang
CASSPEGTARNYGYTF	SPEGTARN%G_Y	immgliph	huang
CSSSPEGTARNYGYTF	SPEGTARN%G_Y	immgliph	huang
CASSPEGTARNYGYTF	SPEGTARNY%_G	immgliph	huang
CSSSPEGTARNYGYTF	SPEGTARNY%_G	immgliph	huang
CASSPFRDRGTGELCF	SPF%DRGTGE_R	immgliph	huang
CASSPFRDRGTGELFF	SPF%DRGTGE_R	immgliph	huang
CASSPFRDRGTGELCF	SPFR%RGTGE_D	immgliph	huang
CASSPFRDRGTGELFF	SPFR%RGTGE_D	immgliph	huang
CASSPFRDRGTGELCF	SPFRD%GTGE_R	immgliph	huang
CASSPFRDRGTGELFF	SPFRD%GTGE_R	immgliph	huang
CASSPFRDRGTGELCF	SPFRDR%TGE_G	immgliph	huang
CASSPFRDRGTGELFF	SPFRDR%TGE_G	immgliph	huang
CASSPFRDRGTGELCF	SPFRDRG%GE_T	immgliph	huang
CASSPFRDRGTGELFF	SPFRDRG%GE_T	immgliph	huang
CASSPFRDRGTGELCF	SPFRDRGT%E_G	immgliph	huang
CASSPFRDRGTGELFF	SPFRDRGT%E_G	immgliph	huang
CASSPFRDRGTGELCF	SPFRDRGTG%_E	immgliph	huang
CASSPFRDRGTGELFF	SPFRDRGTG%_E	immgliph	huang
CASSPFYSRGATLGTQYF	SPFY%RGATLGT_AS	immgliph	huang
CASSPFYARGATLGTQYF	SPFY%RGATLGT_AS	immgliph	huang
CASSPGDEQDF	SPG%E_D	immgliph	huang
CASSPGDEQYF	SPG%E_D	immgliph	huang
CASSPGTGAHYGYTF	SPG%GAHYG_T	immgliph	huang
CASSPGTGAHYGDTF	SPG%GAHYG_T	immgliph	huang
CRASPGGGGLEQYF	SPG%GGLE_G	immgliph	huang
CSASPGGGGLEQYF	SPG%GGLE_G	immgliph	huang
CASSPGDGNTEAFF	SPG%GNTE_DQR	immgliph	huang
CATSPGRGNTEAFF	SPG%GNTE_DQR	immgliph	huang
CASSPGQGNTEAFF	SPG%GNTE_DQR	immgliph	huang
CRASPGTHSNQPQHF	SPG%HSNQP_T	immgliph	huang
CSASPGTHSNQPQHF	SPG%HSNQP_T	immgliph	huang
CNASPGTHSNQPQHF	SPG%HSNQP_T	immgliph	huang
CASSPGVNTEAFF	SPG%NTE_MV	immgliph	huang
CASSPGMNTEAFF	SPG%NTE_MV	immgliph	huang
CAISPGPRTNYGYTF	SPG%RTNYG_P	immgliph	huang
CSISPGPRTNYGYTF	SPG%RTNYG_P	immgliph	huang
CASSPGTSYEQYF	SPG%SYE_TV	immgliph	huang
CASSPGVSYEQYF	SPG%SYE_TV	immgliph	huang
CASSPGGTVPQHF	SPG%TVP_G	immgliph	huang
CASSPGGTVPKHF	SPG%TVP_G	immgliph	huang
CASSPGAVKDNNQPQHF	SPGAV%DNNQP_KN	immgliph	huang
CASSPGAVNDNNQPQHF	SPGAV%DNNQP_KN	immgliph	huang
CASSPGDEQDF	SPGD%_E	immgliph	huang
CASSPGDEQYF	SPGD%_E	immgliph	huang
CRASPGGGGLEQYF	SPGG%GLE_G	immgliph	huang
CSASPGGGGLEQYF	SPGG%GLE_G	immgliph	huang
CASSPGGTVPQHF	SPGG%VP_T	immgliph	huang
CASSPGGTVPKHF	SPGG%VP_T	immgliph	huang
CRASPGGGGLEQYF	SPGGG%LE_G	immgliph	huang
CSASPGGGGLEQYF	SPGGG%LE_G	immgliph	huang
CRASPGGGGLEQYF	SPGGGG%E_L	immgliph	huang
CSASPGGGGLEQYF	SPGGGG%E_L	immgliph	huang
CRASPGGGGLEQYF	SPGGGGL%_E	immgliph	huang
CSASPGGGGLEQYF	SPGGGGL%_E	immgliph	huang
CASSPGGTVPQHF	SPGGT%P_V	immgliph	huang
CASSPGGTVPKHF	SPGGT%P_V	immgliph	huang
CASSPGGTVPQHF	SPGGTV%_P	immgliph	huang
CASSPGGTVPKHF	SPGGTV%_P	immgliph	huang
CAISPGPRTNYGYTF	SPGP%TNYG_R	immgliph	huang
CSISPGPRTNYGYTF	SPGP%TNYG_R	immgliph	huang
CAISPGPRTNYGYTF	SPGPR%NYG_T	immgliph	huang
CSISPGPRTNYGYTF	SPGPR%NYG_T	immgliph	huang
CAISPGPRTNYGYTF	SPGPRT%YG_N	immgliph	huang
CSISPGPRTNYGYTF	SPGPRT%YG_N	immgliph	huang
CAISPGPRTNYGYTF	SPGPRTN%G_Y	immgliph	huang
CSISPGPRTNYGYTF	SPGPRTN%G_Y	immgliph	huang
CAISPGPRTNYGYTF	SPGPRTNY%_G	immgliph	huang
CSISPGPRTNYGYTF	SPGPRTNY%_G	immgliph	huang
CASSPGTGAHYGYTF	SPGT%AHYG_G	immgliph	huang
CASSPGTGAHYGDTF	SPGT%AHYG_G	immgliph	huang
CRASPGTHSNQPQHF	SPGT%SNQP_HQ	immgliph	huang
CSASPGTHSNQPQHF	SPGT%SNQP_HQ	immgliph	huang
CNASPGTHSNQPQHF	SPGT%SNQP_HQ	immgliph	huang
CSASPGTQSNQPQHF	SPGT%SNQP_HQ	immgliph	huang
CASSPGTGAHYGYTF	SPGTG%HYG_A	immgliph	huang
CASSPGTGAHYGDTF	SPGTG%HYG_A	immgliph	huang
CASSPGTGAHYGYTF	SPGTGA%YG_H	immgliph	huang
CASSPGTGAHYGDTF	SPGTGA%YG_H	immgliph	huang
CASSPGTGAHYGYTF	SPGTGAH%G_Y	immgliph	huang
CASSPGTGAHYGDTF	SPGTGAH%G_Y	immgliph	huang
CASSPGTGAHYGYTF	SPGTGAHY%_G	immgliph	huang
CASSPGTGAHYGDTF	SPGTGAHY%_G	immgliph	huang
CRASPGTHSNQPQHF	SPGTH%NQP_S	immgliph	huang
CSASPGTHSNQPQHF	SPGTH%NQP_S	immgliph	huang
CNASPGTHSNQPQHF	SPGTH%NQP_S	immgliph	huang
CRASPGTHSNQPQHF	SPGTHS%QP_N	immgliph	huang
CSASPGTHSNQPQHF	SPGTHS%QP_N	immgliph	huang
CNASPGTHSNQPQHF	SPGTHS%QP_N	immgliph	huang
CRASPGTHSNQPQHF	SPGTHSN%P_Q	immgliph	huang
CSASPGTHSNQPQHF	SPGTHSN%P_Q	immgliph	huang
CNASPGTHSNQPQHF	SPGTHSN%P_Q	immgliph	huang
CRASPGTHSNQPQHF	SPGTHSNQ%_P	immgliph	huang
CSASPGTHSNQPQHF	SPGTHSNQ%_P	immgliph	huang
CNASPGTHSNQPQHF	SPGTHSNQ%_P	immgliph	huang
CASSPGVGPQENQYF	SPGVGPQE%_NT	immgliph	huang
CASSPGVGPQETQYF	SPGVGPQE%_NT	immgliph	huang
CSASPGWGMDTEAFF	SPGWGM%TE_DN	immgliph	huang
CSASPGWGMNTEAFF	SPGWGM%TE_DN	immgliph	huang
CAISPKGEGPMNTEALF	SPK%EGPMNTE_G	immgliph	huang
CASSPKGEGPMNTEAFF	SPK%EGPMNTE_G	immgliph	huang
CASSPKGGQGAHEQYF	SPK%GQGAHE_G	immgliph	huang
CASSPKGGQGAHEQCF	SPK%GQGAHE_G	immgliph	huang
CAISPKGEGPMNTEALF	SPKG%GPMNTE_E	immgliph	huang
CASSPKGEGPMNTEAFF	SPKG%GPMNTE_E	immgliph	huang
CASSPKGGQGAHEQYF	SPKG%QGAHE_G	immgliph	huang
CASSPKGGQGAHEQCF	SPKG%QGAHE_G	immgliph	huang
CAISPKGEGPMNTEALF	SPKGE%PMNTE_G	immgliph	huang
CASSPKGEGPMNTEAFF	SPKGE%PMNTE_G	immgliph	huang
CAISPKGEGPMNTEALF	SPKGEG%MNTE_P	immgliph	huang
CASSPKGEGPMNTEAFF	SPKGEG%MNTE_P	immgliph	huang
CAISPKGEGPMNTEALF	SPKGEGP%NTE_M	immgliph	huang
CASSPKGEGPMNTEAFF	SPKGEGP%NTE_M	immgliph	huang
CAISPKGEGPMNTEALF	SPKGEGPM%TE_N	immgliph	huang
CASSPKGEGPMNTEAFF	SPKGEGPM%TE_N	immgliph	huang
CAISPKGEGPMNTEALF	SPKGEGPMN%E_T	immgliph	huang
CASSPKGEGPMNTEAFF	SPKGEGPMN%E_T	immgliph	huang
CAISPKGEGPMNTEALF	SPKGEGPMNT%_E	immgliph	huang
CASSPKGEGPMNTEAFF	SPKGEGPMNT%_E	immgliph	huang
CASSPKGGQGAHEQYF	SPKGG%GAHE_Q	immgliph	huang
CASSPKGGQGAHEQCF	SPKGG%GAHE_Q	immgliph	huang
CASSPKGGQGAHEQYF	SPKGGQ%AHE_G	immgliph	huang
CASSPKGGQGAHEQCF	SPKGGQ%AHE_G	immgliph	huang
CASSPKGGQGAHEQYF	SPKGGQG%HE_A	immgliph	huang
CASSPKGGQGAHEQCF	SPKGGQG%HE_A	immgliph	huang
CASSPKGGQGAHEQYF	SPKGGQGA%E_H	immgliph	huang
CASSPKGGQGAHEQCF	SPKGGQGA%E_H	immgliph	huang
CASSPKGGQGAHEQYF	SPKGGQGAH%_E	immgliph	huang
CASSPKGGQGAHEQCF	SPKGGQGAH%_E	immgliph	huang
CASSPLAGRTEKLFF	SPL%GRTEK_AT	immgliph	huang
CASSPLTGRTEKLFF	SPL%GRTEK_AT	immgliph	huang
CASSPLANEKLFF	SPL%NEK_AS	immgliph	huang
CASSPLSNEKLFF	SPL%NEK_AS	immgliph	huang
CASSPLGSASYEKYF	SPL%SASYE_G	immgliph	huang
CASSPLGSASYEQYF	SPL%SASYE_G	immgliph	huang
CASSPLVSGEAFF	SPL%SGE_LV	immgliph	huang
CASSPLLSGEAFF	SPL%SGE_LV	immgliph	huang
CASSPLGSLGLYEGYTF	SPL%SLGLYEG_G	immgliph	huang
CGSSPLGSLGLYEGYTF	SPL%SLGLYEG_G	immgliph	huang
CASSPLGSASYEKYF	SPLG%ASYE_S	immgliph	huang
CASSPLGSASYEQYF	SPLG%ASYE_S	immgliph	huang
CASSPLGSLGLYEGYTF	SPLG%LGLYEG_S	immgliph	huang
CGSSPLGSLGLYEGYTF	SPLG%LGLYEG_S	immgliph	huang
CASSPLGSLGLYEGYTF	SPLGS%GLYEG_L	immgliph	huang
CGSSPLGSLGLYEGYTF	SPLGS%GLYEG_L	immgliph	huang
CASSPLGSASYEKYF	SPLGS%SYE_A	immgliph	huang
CASSPLGSASYEQYF	SPLGS%SYE_A	immgliph	huang
CASSPLGSASYEKYF	SPLGSA%YE_S	immgliph	huang
CASSPLGSASYEQYF	SPLGSA%YE_S	immgliph	huang
CASSPLGSASYEKYF	SPLGSAS%E_Y	immgliph	huang
CASSPLGSASYEQYF	SPLGSAS%E_Y	immgliph	huang
CASSPLGSASYEKYF	SPLGSASY%_E	immgliph	huang
CASSPLGSASYEQYF	SPLGSASY%_E	immgliph	huang
CASSPLGSLGLYEGYTF	SPLGSL%LYEG_G	immgliph	huang
CGSSPLGSLGLYEGYTF	SPLGSL%LYEG_G	immgliph	huang
CASSPLGSLGLYEGYTF	SPLGSLG%YEG_L	immgliph	huang
CGSSPLGSLGLYEGYTF	SPLGSLG%YEG_L	immgliph	huang
CASSPLGSLGLYEGYTF	SPLGSLGL%EG_Y	immgliph	huang
CGSSPLGSLGLYEGYTF	SPLGSLGL%EG_Y	immgliph	huang
CASSPLGSLGLYEGYTF	SPLGSLGLY%G_E	immgliph	huang
CGSSPLGSLGLYEGYTF	SPLGSLGLY%G_E	immgliph	huang
CASSPLGSLGLYEGYTF	SPLGSLGLYE%_G	immgliph	huang
CGSSPLGSLGLYEGYTF	SPLGSLGLYE%_G	immgliph	huang
CASSPLRTDTQYF	SPLRTD%_AT	immgliph	huang
CASSPLRTDAQYF	SPLRTD%_AT	immgliph	huang
CAGSPNINSPLHF	SPN%NSP_I	immgliph	huang
CASSPNINSPLPF	SPN%NSP_I	immgliph	huang
CAGSPNINSPLHF	SPNI%SP_N	immgliph	huang
CASSPNINSPLPF	SPNI%SP_N	immgliph	huang
CAGSPNINSPLHF	SPNIN%P_S	immgliph	huang
CASSPNINSPLPF	SPNIN%P_S	immgliph	huang
CAGSPNINSPLHF	SPNINS%_P	immgliph	huang
CASSPNINSPLPF	SPNINS%_P	immgliph	huang
CARSPNRVGHQPPDF	SPNRVG%QP_HN	immgliph	huang
CASSPNRVGNQPQHF	SPNRVG%QP_HN	immgliph	huang
CSASPPQGAWGYTF	SPP%GAWG_Q	immgliph	huang
CWASPPQGAWGYTF	SPP%GAWG_Q	immgliph	huang
CASSPPGKTIYF	SPPG%T_KQ	immgliph	huang
CASSPPGQTIYF	SPPG%T_KQ	immgliph	huang
CSASPPQGAWGYTF	SPPQ%AWG_G	immgliph	huang
CWASPPQGAWGYTF	SPPQ%AWG_G	immgliph	huang
CSASPPQGAWGYTF	SPPQG%WG_A	immgliph	huang
CWASPPQGAWGYTF	SPPQG%WG_A	immgliph	huang
CSASPPQGAWGYTF	SPPQGA%G_W	immgliph	huang
CWASPPQGAWGYTF	SPPQGA%G_W	immgliph	huang
CSASPPQGAWGYTF	SPPQGAW%_G	immgliph	huang
CWASPPQGAWGYTF	SPPQGAW%_G	immgliph	huang
CASSPPRGTETQYF	SPPRGT%T_DE	immgliph	huang
CASSPPRGTDTQYF	SPPRGT%T_DE	immgliph	huang
CASSPQTGEGYGYAF	SPQ%GEGYG_T	immgliph	huang
CASSPQTGEGYGYTF	SPQ%GEGYG_T	immgliph	huang
CSASPQRDTIYF	SPQR%T_DE	immgliph	huang
CSASPQRETIYF	SPQR%T_DE	immgliph	huang
CASSPQTGEGYGYAF	SPQT%EGYG_G	immgliph	huang
CASSPQTGEGYGYTF	SPQT%EGYG_G	immgliph	huang
CASSPQTGEGYGYAF	SPQTG%GYG_E	immgliph	huang
CASSPQTGEGYGYTF	SPQTG%GYG_E	immgliph	huang
CASSPQTGEGYGYAF	SPQTGE%YG_G	immgliph	huang
CASSPQTGEGYGYTF	SPQTGE%YG_G	immgliph	huang
CASSPQTGEGYGYAF	SPQTGEG%G_Y	immgliph	huang
CASSPQTGEGYGYTF	SPQTGEG%G_Y	immgliph	huang
CASSPQTGEGYGYAF	SPQTGEGY%_G	immgliph	huang
CASSPQTGEGYGYTF	SPQTGEGY%_G	immgliph	huang
CASSPRLAGQETKYF	SPR%AGQET_L	immgliph	huang
CASSPRLAGQETQYF	SPR%AGQET_L	immgliph	huang
CASSPRNEQFF	SPR%E_DN	immgliph	huang
CSASPRDEQYF	SPR%E_DN	immgliph	huang
CASSPRAGGGNEQFF	SPR%GGGNE_A	immgliph	huang
CASSPRAGGGNEQYF	SPR%GGGNE_A	immgliph	huang
CASSPRTSGGFGDTKYF	SPR%SGGFGDT_T	immgliph	huang
CASSPRTSGGFGDTHYF	SPR%SGGFGDT_T	immgliph	huang
CASSPRTSGGFGDTQYF	SPR%SGGFGDT_T	immgliph	huang
CASSPRAGGGNEQFF	SPRA%GGNE_G	immgliph	huang
CASSPRAGGGNEQYF	SPRA%GGNE_G	immgliph	huang
CASSPRAGGGNEQFF	SPRAG%GNE_G	immgliph	huang
CASSPRAGGGNEQYF	SPRAG%GNE_G	immgliph	huang
CASSPRAGGGNEQFF	SPRAGG%NE_G	immgliph	huang
CASSPRAGGGNEQYF	SPRAGG%NE_G	immgliph	huang
CASSPRAGGGNEQFF	SPRAGGG%E_N	immgliph	huang
CASSPRAGGGNEQYF	SPRAGGG%E_N	immgliph	huang
CASSPRAGGGNEQFF	SPRAGGGN%_E	immgliph	huang
CASSPRAGGGNEQYF	SPRAGGGN%_E	immgliph	huang
CASSPRGGSNQPQHF	SPRG%SNQP_GN	immgliph	huang
CASSPRGNSNQPQHF	SPRG%SNQP_GN	immgliph	huang
CASSPRLAGQETKYF	SPRL%GQET_A	immgliph	huang
CASSPRLAGQETQYF	SPRL%GQET_A	immgliph	huang
CASSPRLAGQETKYF	SPRLA%QET_G	immgliph	huang
CASSPRLAGQETQYF	SPRLA%QET_G	immgliph	huang
CASSPRLAGQETKYF	SPRLAG%ET_EQ	immgliph	huang
CASSPRLAGQETQYF	SPRLAG%ET_EQ	immgliph	huang
CASSPRLAGEETQYF	SPRLAG%ET_EQ	immgliph	huang
CASSPRLAGQETKYF	SPRLAGQ%T_E	immgliph	huang
CASSPRLAGQETQYF	SPRLAGQ%T_E	immgliph	huang
CASSPRLAGQETKYF	SPRLAGQE%_T	immgliph	huang
CASSPRLAGQETQYF	SPRLAGQE%_T	immgliph	huang
CASSPRTSGGFGDTKYF	SPRT%GGFGDT_S	immgliph	huang
CASSPRTSGGFGDTHYF	SPRT%GGFGDT_S	immgliph	huang
CASSPRTSGGFGDTQYF	SPRT%GGFGDT_S	immgliph	huang
CASSPRTSGGFGDTKYF	SPRTS%GFGDT_G	immgliph	huang
CASSPRTSGGFGDTHYF	SPRTS%GFGDT_G	immgliph	huang
CASSPRTSGGFGDTQYF	SPRTS%GFGDT_G	immgliph	huang
CASSPRTSGGFGDTKYF	SPRTSG%FGDT_G	immgliph	huang
CASSPRTSGGFGDTHYF	SPRTSG%FGDT_G	immgliph	huang
CASSPRTSGGFGDTQYF	SPRTSG%FGDT_G	immgliph	huang
CASSPRTSGGFGDTKYF	SPRTSGG%GDT_F	immgliph	huang
CASSPRTSGGFGDTHYF	SPRTSGG%GDT_F	immgliph	huang
CASSPRTSGGFGDTQYF	SPRTSGG%GDT_F	immgliph	huang
CASSPRTSGGFGDTKYF	SPRTSGGF%DT_G	immgliph	huang
CASSPRTSGGFGDTHYF	SPRTSGGF%DT_G	immgliph	huang
CASSPRTSGGFGDTQYF	SPRTSGGF%DT_G	immgliph	huang
CASSPRTSGGFGDTKYF	SPRTSGGFG%T_D	immgliph	huang
CASSPRTSGGFGDTHYF	SPRTSGGFG%T_D	immgliph	huang
CASSPRTSGGFGDTQYF	SPRTSGGFG%T_D	immgliph	huang
CASSPRTSGGFGDTKYF	SPRTSGGFGD%_T	immgliph	huang
CASSPRTSGGFGDTHYF	SPRTSGGFGD%_T	immgliph	huang
CASSPRTSGGFGDTQYF	SPRTSGGFGD%_T	immgliph	huang
CASSPSGGTFNEQFF	SPS%GTFNE_G	immgliph	huang
CAGSPSGGTFNEQCF	SPS%GTFNE_G	immgliph	huang
CASSPSIQGNGNTIYF	SPS%QGNGNT_I	immgliph	huang
CASSPSIQGNGNTKYF	SPS%QGNGNT_I	immgliph	huang
CASSPSGGTFNEQFF	SPSG%TFNE_G	immgliph	huang
CAGSPSGGTFNEQCF	SPSG%TFNE_G	immgliph	huang
CASSPSGGTFNEQFF	SPSGG%FNE_T	immgliph	huang
CAGSPSGGTFNEQCF	SPSGG%FNE_T	immgliph	huang
CASSPSGGTFNEQFF	SPSGGT%NE_FL	immgliph	huang
CAGSPSGGTFNEQCF	SPSGGT%NE_FL	immgliph	huang
CASSPSGGTLNEQFF	SPSGGT%NE_FL	immgliph	huang
CASSPSGGTFNEQFF	SPSGGTF%E_N	immgliph	huang
CAGSPSGGTFNEQCF	SPSGGTF%E_N	immgliph	huang
CASSPSGGTFNEQFF	SPSGGTFN%_E	immgliph	huang
CAGSPSGGTFNEQCF	SPSGGTFN%_E	immgliph	huang
CASSPSIQGNGNTIYF	SPSI%GNGNT_Q	immgliph	huang
CASSPSIQGNGNTKYF	SPSI%GNGNT_Q	immgliph	huang
CASSPSIQGNGNTIYF	SPSIQ%NGNT_G	immgliph	huang
CASSPSIQGNGNTKYF	SPSIQ%NGNT_G	immgliph	huang
CASSPSIQGNGNTIYF	SPSIQG%GNT_N	immgliph	huang
CASSPSIQGNGNTKYF	SPSIQG%GNT_N	immgliph	huang
CASSPSIQGNGNTIYF	SPSIQGN%NT_G	immgliph	huang
CASSPSIQGNGNTKYF	SPSIQGN%NT_G	immgliph	huang
CASSPSIQGNGNTIYF	SPSIQGNG%T_N	immgliph	huang
CASSPSIQGNGNTKYF	SPSIQGNG%T_N	immgliph	huang
CASSPSIQGNGNTIYF	SPSIQGNGN%_T	immgliph	huang
CASSPSIQGNGNTKYF	SPSIQGNGN%_T	immgliph	huang
CASSPTAGIEQYF	SPTAG%E_IL	immgliph	huang
CASSPTAGLEQYF	SPTAG%E_IL	immgliph	huang
CASSPVSGGAYEQYF	SPVSGG%YE_AG	immgliph	huang
CASSPVSGGGYEQYF	SPVSGG%YE_AG	immgliph	huang
CSASQGAGANVLTF	SQ%AGANV_G	immgliph	huang
CRASQGAGANVLTF	SQ%AGANV_G	immgliph	huang
CSASQGAGANVLIF	SQ%AGANV_G	immgliph	huang
CASSQGAGTGGLLGNQPQHF	SQ%AGTGGLLGNQP_G	immgliph	huang
CASSQGAGTGGLLGNQPKHF	SQ%AGTGGLLGNQP_G	immgliph	huang
CARSQDALAGGREQFF	SQ%ALAGGRE_D	immgliph	huang
CASSQDALAGGREQFF	SQ%ALAGGRE_D	immgliph	huang
CASSQKDPLAGTQYF	SQ%DPLAGT_KQ	immgliph	huang
CASSQQDPLAGTQYF	SQ%DPLAGT_KQ	immgliph	huang
CASSQDGLAGGYNEQFF	SQ%GLAGGYNE_DE	immgliph	huang
CASSQEGLAGGYNEQFF	SQ%GLAGGYNE_DE	immgliph	huang
CSASQGGNTIYF	SQ%GNT_AG	immgliph	huang
CASSQAGNTIYF	SQ%GNT_AG	immgliph	huang
CASSQVGRGQETQSF	SQ%GRGQET_V	immgliph	huang
CASSQVGRGQETQYF	SQ%GRGQET_V	immgliph	huang
CANSQVGTGNTIYF	SQ%GTGNT_V	immgliph	huang
CASSQVGTGNTIYF	SQ%GTGNT_V	immgliph	huang
CASSQELAGGRNQETQYF	SQ%LAGGRNQET_DE	immgliph	huang
CASSQDLAGGRNQETQYF	SQ%LAGGRNQET_DE	immgliph	huang
CSASQDLGGYTF	SQ%LGG_DE	immgliph	huang
CIASQELGGYTF	SQ%LGG_DE	immgliph	huang
CRASQDLGGYTF	SQ%LGG_DE	immgliph	huang
CASSQDLTNPGTNYGYTF	SQ%LTNPGTNYG_D	immgliph	huang
CTSSQDLTNPGTNYGYTF	SQ%LTNPGTNYG_D	immgliph	huang
CASSQDPRGGSGNTQYF	SQ%PRGGSGNT_D	immgliph	huang
CARSQDPRGGSGNTQYF	SQ%PRGGSGNT_D	immgliph	huang
CASSQDPVPDQPEHF	SQ%PVPDQP_D	immgliph	huang
CASSQDPVPDQPQHF	SQ%PVPDQP_D	immgliph	huang
CASSQDQGGYTF	SQ%QGG_DE	immgliph	huang
CASSQEQGGYTF	SQ%QGG_DE	immgliph	huang
CSSSQGQGNQPQHF	SQ%QGNQP_G	immgliph	huang
CASSQGQGNQPQHF	SQ%QGNQP_G	immgliph	huang
CASSQGQGNQPQQF	SQ%QGNQP_G	immgliph	huang
CASSQFQGQGDEKYF	SQ%QGQGDE_F	immgliph	huang
CASSQFQGQGDEQYF	SQ%QGQGDE_F	immgliph	huang
CTRSQFQGQGDEQYF	SQ%QGQGDE_F	immgliph	huang
CASSQFQGQGDEQDF	SQ%QGQGDE_F	immgliph	huang
CASSQGQRPRDEQYF	SQ%QRPRDE_G	immgliph	huang
CASSQGQRPRDEKYF	SQ%QRPRDE_G	immgliph	huang
CASSQARGGNEKFF	SQ%RGGNE_A	immgliph	huang
CASSQARGGNEQFF	SQ%RGGNE_A	immgliph	huang
CSRSQARGGNEQFF	SQ%RGGNE_A	immgliph	huang
CARSQARLNEQFF	SQ%RLNE_A	immgliph	huang
CASSQARLNEQFF	SQ%RLNE_A	immgliph	huang
CASSQERRAGDTQYF	SQ%RRAGDT_DE	immgliph	huang
CASSQDRRAGDTQYF	SQ%RRAGDT_DE	immgliph	huang
CASSQPRTSGLQFTLTDTQYF	SQ%RTSGLQFTLTDT_P	immgliph	huang
CASSQPRTSGLQFTLTDTQDF	SQ%RTSGLQFTLTDT_P	immgliph	huang
CASSQESPSSEQYF	SQ%SPSSE_E	immgliph	huang
CASSQESPSSEQCF	SQ%SPSSE_E	immgliph	huang
CASSQDSQGATEAFF	SQ%SQGATE_D	immgliph	huang
CAISQDSQGATEAFF	SQ%SQGATE_D	immgliph	huang
CASSQRTESSYNSPIHF	SQ%TESSYNSP_R	immgliph	huang
CASSQRTESSYNSPLHF	SQ%TESSYNSP_R	immgliph	huang
CASSQTTGVAQGQETQYF	SQ%TGVAQGQET_T	immgliph	huang
CVSSQTTGVAQGQETQYF	SQ%TGVAQGQET_T	immgliph	huang
CASSQDTRLADTQYF	SQ%TRLADT_DE	immgliph	huang
CASSQETRLADTQYF	SQ%TRLADT_DE	immgliph	huang
CARSQGVNSPLHF	SQ%VNSP_G	immgliph	huang
CASSQGVNSPLHF	SQ%VNSP_G	immgliph	huang
CASSQDWAEETQYF	SQ%WAEET_D	immgliph	huang
CAGSQDWAEETQCF	SQ%WAEET_D	immgliph	huang
CASSQDWAPKGEKLLF	SQ%WAPKGEK_D	immgliph	huang
CASSQDWAPKGEKLFF	SQ%WAPKGEK_D	immgliph	huang
CASSQGYADEKLFF	SQ%YADEK_G	immgliph	huang
CPSSQGYADEKLFF	SQ%YADEK_G	immgliph	huang
CASSQARGGNEKFF	SQA%GGNE_R	immgliph	huang
CASSQARGGNEQFF	SQA%GGNE_R	immgliph	huang
CSRSQARGGNEQFF	SQA%GGNE_R	immgliph	huang
CARSQARLNEQFF	SQA%LNE_R	immgliph	huang
CASSQARLNEQFF	SQA%LNE_R	immgliph	huang
CASSQAAGAANSPLHF	SQAAG%ANSP_AG	immgliph	huang
CASSQAAGGANSPLPF	SQAAG%ANSP_AG	immgliph	huang
CAGSQAAGAAKSPLHF	SQAAGAA%SP_KN	immgliph	huang
CASSQAAGAANSPLHF	SQAAGAA%SP_KN	immgliph	huang
CASSQARGGNEKFF	SQAR%GNE_G	immgliph	huang
CASSQARGGNEQFF	SQAR%GNE_G	immgliph	huang
CSRSQARGGNEQFF	SQAR%GNE_G	immgliph	huang
CARSQARLNEQFF	SQAR%NE_L	immgliph	huang
CASSQARLNEQFF	SQAR%NE_L	immgliph	huang
CASSQARGGNEKFF	SQARG%NE_G	immgliph	huang
CASSQARGGNEQFF	SQARG%NE_G	immgliph	huang
CSRSQARGGNEQFF	SQARG%NE_G	immgliph	huang
CASSQARGGNEKFF	SQARGG%E_N	immgliph	huang
CASSQARGGNEQFF	SQARGG%E_N	immgliph	huang
CSRSQARGGNEQFF	SQARGG%E_N	immgliph	huang
CASSQARGGNEKFF	SQARGGN%_E	immgliph	huang
CASSQARGGNEQFF	SQARGGN%_E	immgliph	huang
CSRSQARGGNEQFF	SQARGGN%_E	immgliph	huang
CARSQARLNEQFF	SQARL%E_N	immgliph	huang
CASSQARLNEQFF	SQARL%E_N	immgliph	huang
CARSQARLNEQFF	SQARLN%_E	immgliph	huang
CASSQARLNEQFF	SQARLN%_E	immgliph	huang
CASSQDWAEETQYF	SQD%AEET_W	immgliph	huang
CAGSQDWAEETQCF	SQD%AEET_W	immgliph	huang
CASSQDWAPKGEKLLF	SQD%APKGEK_W	immgliph	huang
CASSQDWAPKGEKLFF	SQD%APKGEK_W	immgliph	huang
CSASQDLGGYTF	SQD%GG_L	immgliph	huang
CRASQDLGGYTF	SQD%GG_L	immgliph	huang
CARSQDALAGGREQFF	SQD%LAGGRE_A	immgliph	huang
CASSQDALAGGREQFF	SQD%LAGGRE_A	immgliph	huang
CASSQDSQGATEAFF	SQD%QGATE_S	immgliph	huang
CAISQDSQGATEAFF	SQD%QGATE_S	immgliph	huang
CASSQDPRGGSGNTQYF	SQD%RGGSGNT_P	immgliph	huang
CARSQDPRGGSGNTQYF	SQD%RGGSGNT_P	immgliph	huang
CASSQDSRGRGNEQFF	SQD%RGRGNE_AS	immgliph	huang
CASSQDARGRGNEQFF	SQD%RGRGNE_AS	immgliph	huang
CASSQDLTNPGTNYGYTF	SQD%TNPGTNYG_LV	immgliph	huang
CASSQDVTNPGTNYGYTF	SQD%TNPGTNYG_LV	immgliph	huang
CTSSQDLTNPGTNYGYTF	SQD%TNPGTNYG_LV	immgliph	huang
CASSQDPVPDQPEHF	SQD%VPDQP_P	immgliph	huang
CASSQDPVPDQPQHF	SQD%VPDQP_P	immgliph	huang
CARSQDALAGGREQFF	SQDA%AGGRE_L	immgliph	huang
CASSQDALAGGREQFF	SQDA%AGGRE_L	immgliph	huang
CARSQDALAGGREQFF	SQDAL%GGRE_A	immgliph	huang
CASSQDALAGGREQFF	SQDAL%GGRE_A	immgliph	huang
CARSQDALAGGREQFF	SQDALA%GRE_G	immgliph	huang
CASSQDALAGGREQFF	SQDALA%GRE_G	immgliph	huang
CARSQDALAGGREQFF	SQDALAG%RE_G	immgliph	huang
CASSQDALAGGREQFF	SQDALAG%RE_G	immgliph	huang
CARSQDALAGGREQFF	SQDALAGG%E_R	immgliph	huang
CASSQDALAGGREQFF	SQDALAGG%E_R	immgliph	huang
CARSQDALAGGREQFF	SQDALAGGR%_E	immgliph	huang
CASSQDALAGGREQFF	SQDALAGGR%_E	immgliph	huang
CASSQDDRNQPQHF	SQDDR%QP_NS	immgliph	huang
CASSQDDRSQPQHF	SQDDR%QP_NS	immgliph	huang
CASSQDGGKGYGYTF	SQDGGK%YG_GS	immgliph	huang
CASSQDGGKSYGYTF	SQDGGK%YG_GS	immgliph	huang
CSASQDLGGYTF	SQDL%G_G	immgliph	huang
CRASQDLGGYTF	SQDL%G_G	immgliph	huang
CASSQDLTNPGTNYGYTF	SQDL%NPGTNYG_T	immgliph	huang
CTSSQDLTNPGTNYGYTF	SQDL%NPGTNYG_T	immgliph	huang
CSASQDLGGYTF	SQDLG%_G	immgliph	huang
CRASQDLGGYTF	SQDLG%_G	immgliph	huang
CASSQDLGESGVF	SQDLGE%_AS	immgliph	huang
CASSQDLGEAGVF	SQDLGE%_AS	immgliph	huang
CASSQDLTNPGTNYGYTF	SQDLT%PGTNYG_N	immgliph	huang
CTSSQDLTNPGTNYGYTF	SQDLT%PGTNYG_N	immgliph	huang
CASSQDLTNPGTNYGYTF	SQDLTN%GTNYG_P	immgliph	huang
CTSSQDLTNPGTNYGYTF	SQDLTN%GTNYG_P	immgliph	huang
CASSQDLTNPGTNYGYTF	SQDLTNP%TNYG_G	immgliph	huang
CTSSQDLTNPGTNYGYTF	SQDLTNP%TNYG_G	immgliph	huang
CASSQDLTNPGTNYGYTF	SQDLTNPG%NYG_T	immgliph	huang
CTSSQDLTNPGTNYGYTF	SQDLTNPG%NYG_T	immgliph	huang
CASSQDLTNPGTNYGYTF	SQDLTNPGT%YG_N	immgliph	huang
CTSSQDLTNPGTNYGYTF	SQDLTNPGT%YG_N	immgliph	huang
CASSQDLTNPGTNYGYTF	SQDLTNPGTN%G_Y	immgliph	huang
CTSSQDLTNPGTNYGYTF	SQDLTNPGTN%G_Y	immgliph	huang
CASSQDLTNPGTNYGYTF	SQDLTNPGTNY%_G	immgliph	huang
CTSSQDLTNPGTNYGYTF	SQDLTNPGTNY%_G	immgliph	huang
CASSQDPRGGSGNTQYF	SQDP%GGSGNT_R	immgliph	huang
CARSQDPRGGSGNTQYF	SQDP%GGSGNT_R	immgliph	huang
CASSQDPVPDQPEHF	SQDP%PDQP_V	immgliph	huang
CASSQDPVPDQPQHF	SQDP%PDQP_V	immgliph	huang
CASSQDPRGGSGNTQYF	SQDPR%GSGNT_G	immgliph	huang
CARSQDPRGGSGNTQYF	SQDPR%GSGNT_G	immgliph	huang
CASSQDPRGGSGNTQYF	SQDPRG%SGNT_G	immgliph	huang
CARSQDPRGGSGNTQYF	SQDPRG%SGNT_G	immgliph	huang
CASSQDPRGGSGNTQYF	SQDPRGG%GNT_S	immgliph	huang
CARSQDPRGGSGNTQYF	SQDPRGG%GNT_S	immgliph	huang
CASSQDPRGGSGNTQYF	SQDPRGGS%NT_G	immgliph	huang
CARSQDPRGGSGNTQYF	SQDPRGGS%NT_G	immgliph	huang
CASSQDPRGGSGNTQYF	SQDPRGGSG%T_N	immgliph	huang
CARSQDPRGGSGNTQYF	SQDPRGGSG%T_N	immgliph	huang
CASSQDPRGGSGNTQYF	SQDPRGGSGN%_T	immgliph	huang
CARSQDPRGGSGNTQYF	SQDPRGGSGN%_T	immgliph	huang
CASSQDPVPDQPEHF	SQDPV%DQP_P	immgliph	huang
CASSQDPVPDQPQHF	SQDPV%DQP_P	immgliph	huang
CASSQDPVPDQPEHF	SQDPVP%QP_D	immgliph	huang
CASSQDPVPDQPQHF	SQDPVP%QP_D	immgliph	huang
CASSQDPVPDQPEHF	SQDPVPD%P_Q	immgliph	huang
CASSQDPVPDQPQHF	SQDPVPD%P_Q	immgliph	huang
CASSQDPVPDQPEHF	SQDPVPDQ%_P	immgliph	huang
CASSQDPVPDQPQHF	SQDPVPDQ%_P	immgliph	huang
CASSQDRDQPQHF	SQDR%QP_DN	immgliph	huang
CASSQDRNQPQHF	SQDR%QP_DN	immgliph	huang
CASSQDSQGATEAFF	SQDS%GATE_Q	immgliph	huang
CAISQDSQGATEAFF	SQDS%GATE_Q	immgliph	huang
CASSQDSQGATEAFF	SQDSQ%ATE_G	immgliph	huang
CAISQDSQGATEAFF	SQDSQ%ATE_G	immgliph	huang
CASSQDSQGATEAFF	SQDSQG%TE_A	immgliph	huang
CAISQDSQGATEAFF	SQDSQG%TE_A	immgliph	huang
CASSQDSQGATEAFF	SQDSQGA%E_T	immgliph	huang
CAISQDSQGATEAFF	SQDSQGA%E_T	immgliph	huang
CASSQDSQGATEAFF	SQDSQGAT%_E	immgliph	huang
CAISQDSQGATEAFF	SQDSQGAT%_E	immgliph	huang
CASSQDTALAGGTDTQYF	SQDTAL%GGTDT_AG	immgliph	huang
CASSQDTALGGGTDTQYF	SQDTAL%GGTDT_AG	immgliph	huang
CASSQDVAGANVLTF	SQDV%GANV_AS	immgliph	huang
CASSQDVSGANVLTF	SQDV%GANV_AS	immgliph	huang
CASSQDWAEETQYF	SQDW%EET_A	immgliph	huang
CAGSQDWAEETQCF	SQDW%EET_A	immgliph	huang
CASSQDWAPKGEKLLF	SQDW%PKGEK_A	immgliph	huang
CASSQDWAPKGEKLFF	SQDW%PKGEK_A	immgliph	huang
CASSQDWAEETQYF	SQDWA%ET_E	immgliph	huang
CAGSQDWAEETQCF	SQDWA%ET_E	immgliph	huang
CASSQDWAPKGEKLLF	SQDWA%KGEK_P	immgliph	huang
CASSQDWAPKGEKLFF	SQDWA%KGEK_P	immgliph	huang
CASSQDWAEETQYF	SQDWAE%T_E	immgliph	huang
CAGSQDWAEETQCF	SQDWAE%T_E	immgliph	huang
CASSQDWAEETQYF	SQDWAEE%_T	immgliph	huang
CAGSQDWAEETQCF	SQDWAEE%_T	immgliph	huang
CASSQDWAPKGEKLLF	SQDWAP%GEK_K	immgliph	huang
CASSQDWAPKGEKLFF	SQDWAP%GEK_K	immgliph	huang
CASSQDWAPKGEKLLF	SQDWAPK%EK_G	immgliph	huang
CASSQDWAPKGEKLFF	SQDWAPK%EK_G	immgliph	huang
CASSQDWAPKGEKLLF	SQDWAPKG%K_E	immgliph	huang
CASSQDWAPKGEKLFF	SQDWAPKG%K_E	immgliph	huang
CASSQDWAPKGEKLLF	SQDWAPKGE%_K	immgliph	huang
CASSQDWAPKGEKLFF	SQDWAPKGE%_K	immgliph	huang
CASSQEAIAGGAHNEQFF	SQE%IAGGAHNE_AS	immgliph	huang
CASSQESIAGGAHNEQFF	SQE%IAGGAHNE_AS	immgliph	huang
CASSQESPSSEQYF	SQE%PSSE_S	immgliph	huang
CASSQESPSSEQCF	SQE%PSSE_S	immgliph	huang
CASSQESPSSEQYF	SQES%SSE_P	immgliph	huang
CASSQESPSSEQCF	SQES%SSE_P	immgliph	huang
CASSQESPSSEQYF	SQESP%SE_S	immgliph	huang
CASSQESPSSEQCF	SQESP%SE_S	immgliph	huang
CASSQESPSSEQYF	SQESPS%E_S	immgliph	huang
CASSQESPSSEQCF	SQESPS%E_S	immgliph	huang
CASSQESPSSEQYF	SQESPSS%_E	immgliph	huang
CASSQESPSSEQCF	SQESPSS%_E	immgliph	huang
CASSQFQGQGDEKYF	SQF%GQGDE_Q	immgliph	huang
CASSQFQGQGDEQYF	SQF%GQGDE_Q	immgliph	huang
CTRSQFQGQGDEQYF	SQF%GQGDE_Q	immgliph	huang
CASSQFQGQGDEQDF	SQF%GQGDE_Q	immgliph	huang
CASSQFQGQGDEKYF	SQFQ%QGDE_G	immgliph	huang
CASSQFQGQGDEQYF	SQFQ%QGDE_G	immgliph	huang
CTRSQFQGQGDEQYF	SQFQ%QGDE_G	immgliph	huang
CASSQFQGQGDEQDF	SQFQ%QGDE_G	immgliph	huang
CASSQFQGQGDEKYF	SQFQG%GDE_Q	immgliph	huang
CASSQFQGQGDEQYF	SQFQG%GDE_Q	immgliph	huang
CTRSQFQGQGDEQYF	SQFQG%GDE_Q	immgliph	huang
CASSQFQGQGDEQDF	SQFQG%GDE_Q	immgliph	huang
CASSQFQGQGDEKYF	SQFQGQ%DE_G	immgliph	huang
CASSQFQGQGDEQYF	SQFQGQ%DE_G	immgliph	huang
CTRSQFQGQGDEQYF	SQFQGQ%DE_G	immgliph	huang
CASSQFQGQGDEQDF	SQFQGQ%DE_G	immgliph	huang
CASSQFQGQGDEKYF	SQFQGQG%E_D	immgliph	huang
CASSQFQGQGDEQYF	SQFQGQG%E_D	immgliph	huang
CTRSQFQGQGDEQYF	SQFQGQG%E_D	immgliph	huang
CASSQFQGQGDEQDF	SQFQGQG%E_D	immgliph	huang
CASSQFQGQGDEKYF	SQFQGQGD%_E	immgliph	huang
CASSQFQGQGDEQYF	SQFQGQGD%_E	immgliph	huang
CTRSQFQGQGDEQYF	SQFQGQGD%_E	immgliph	huang
CASSQFQGQGDEQDF	SQFQGQGD%_E	immgliph	huang
CASSQGYADEKLFF	SQG%ADEK_Y	immgliph	huang
CPSSQGYADEKLFF	SQG%ADEK_Y	immgliph	huang
CSASQGAGANVLTF	SQG%GANV_A	immgliph	huang
CRASQGAGANVLTF	SQG%GANV_A	immgliph	huang
CSASQGAGANVLIF	SQG%GANV_A	immgliph	huang
CSSSQGQGNQPQHF	SQG%GNQP_HQ	immgliph	huang
CASSQGHGNQPQPF	SQG%GNQP_HQ	immgliph	huang
CASSQGQGNQPQHF	SQG%GNQP_HQ	immgliph	huang
CASSQGQGNQPQQF	SQG%GNQP_HQ	immgliph	huang
CASSQGAGTGGLLGNQPQHF	SQG%GTGGLLGNQP_A	immgliph	huang
CASSQGAGTGGLLGNQPKHF	SQG%GTGGLLGNQP_A	immgliph	huang
CARSQGVNSPLHF	SQG%NSP_V	immgliph	huang
CASSQGVNSPLHF	SQG%NSP_V	immgliph	huang
CASSQGMNTEAFF	SQG%NTE_LM	immgliph	huang
CASSQGLNTEAFF	SQG%NTE_LM	immgliph	huang
CASSQGQRPRDEQYF	SQG%RPRDE_Q	immgliph	huang
CASSQGQRPRDEKYF	SQG%RPRDE_Q	immgliph	huang
CASSQGLSGNTIYF	SQG%SGNT_IL	immgliph	huang
CSASQGISGNTIYF	SQG%SGNT_IL	immgliph	huang
CASSQGDYTEAFF	SQG%YTE_DE	immgliph	huang
CASSQGEYTEAFF	SQG%YTE_DE	immgliph	huang
CSASQGAGANVLTF	SQGA%ANV_G	immgliph	huang
CRASQGAGANVLTF	SQGA%ANV_G	immgliph	huang
CSASQGAGANVLIF	SQGA%ANV_G	immgliph	huang
CASSQGAGTGGLLGNQPQHF	SQGA%TGGLLGNQP_G	immgliph	huang
CASSQGAGTGGLLGNQPKHF	SQGA%TGGLLGNQP_G	immgliph	huang
CASSQGAGTGGLLGNQPQHF	SQGAG%GGLLGNQP_T	immgliph	huang
CASSQGAGTGGLLGNQPKHF	SQGAG%GGLLGNQP_T	immgliph	huang
CSASQGAGANVLTF	SQGAG%NV_A	immgliph	huang
CRASQGAGANVLTF	SQGAG%NV_A	immgliph	huang
CSASQGAGANVLIF	SQGAG%NV_A	immgliph	huang
CSASQGAGANVLTF	SQGAGA%V_N	immgliph	huang
CRASQGAGANVLTF	SQGAGA%V_N	immgliph	huang
CSASQGAGANVLIF	SQGAGA%V_N	immgliph	huang
CSASQGAGANVLTF	SQGAGAN%_V	immgliph	huang
CRASQGAGANVLTF	SQGAGAN%_V	immgliph	huang
CSASQGAGANVLIF	SQGAGAN%_V	immgliph	huang
CASSQGAGTGGLLGNQPQHF	SQGAGT%GLLGNQP_AG	immgliph	huang
CAISQGAGTAGLLGNQPQHF	SQGAGT%GLLGNQP_AG	immgliph	huang
CASSQGAGTGGLLGNQPKHF	SQGAGT%GLLGNQP_AG	immgliph	huang
CASSQGAGTGGLLGNQPQHF	SQGAGTG%LLGNQP_G	immgliph	huang
CASSQGAGTGGLLGNQPKHF	SQGAGTG%LLGNQP_G	immgliph	huang
CASSQGAGTGGLLGNQPQHF	SQGAGTGG%LGNQP_L	immgliph	huang
CASSQGAGTGGLLGNQPKHF	SQGAGTGG%LGNQP_L	immgliph	huang
CASSQGAGTGGLLGNQPQHF	SQGAGTGGL%GNQP_L	immgliph	huang
CASSQGAGTGGLLGNQPKHF	SQGAGTGGL%GNQP_L	immgliph	huang
CASSQGAGTGGLLGNQPQHF	SQGAGTGGLL%NQP_G	immgliph	huang
CASSQGAGTGGLLGNQPKHF	SQGAGTGGLL%NQP_G	immgliph	huang
CASSQGAGTGGLLGNQPQHF	SQGAGTGGLLG%QP_NS	immgliph	huang
CASSQGAGTGGLLGNQPKHF	SQGAGTGGLLG%QP_NS	immgliph	huang
CASSQGAGTGGLLGSQPQHF	SQGAGTGGLLG%QP_NS	immgliph	huang
CASSQGAGTGGLLGNQPQHF	SQGAGTGGLLGN%P_Q	immgliph	huang
CASSQGAGTGGLLGNQPKHF	SQGAGTGGLLGN%P_Q	immgliph	huang
CASSQGAGTGGLLGNQPQHF	SQGAGTGGLLGNQ%_P	immgliph	huang
CASSQGAGTGGLLGNQPKHF	SQGAGTGGLLGNQ%_P	immgliph	huang
CASSQGDTGEAFF	SQGD%GE_AT	immgliph	huang
CASSQGDAGELFF	SQGD%GE_AT	immgliph	huang
CASSQGLGGNTIYF	SQGL%GNT_GS	immgliph	huang
CASSQGLSGNTIYF	SQGL%GNT_GS	immgliph	huang
CASSQGLGQPQHF	SQGL%QP_GN	immgliph	huang
CASSQGLNQPQHF	SQGL%QP_GN	immgliph	huang
CSSSQGQGNQPQHF	SQGQ%NQP_G	immgliph	huang
CASSQGQGNQPQHF	SQGQ%NQP_G	immgliph	huang
CASSQGQGNQPQQF	SQGQ%NQP_G	immgliph	huang
CASSQGQRPRDEQYF	SQGQ%PRDE_R	immgliph	huang
CASSQGQRPRDEKYF	SQGQ%PRDE_R	immgliph	huang
CSSSQGQGNQPQHF	SQGQG%QP_KN	immgliph	huang
CASSQGQGKQPQHF	SQGQG%QP_KN	immgliph	huang
CASSQGQGNQPQHF	SQGQG%QP_KN	immgliph	huang
CASSQGQGNQPQQF	SQGQG%QP_KN	immgliph	huang
CSSSQGQGNQPQHF	SQGQGN%P_Q	immgliph	huang
CASSQGQGNQPQHF	SQGQGN%P_Q	immgliph	huang
CASSQGQGNQPQQF	SQGQGN%P_Q	immgliph	huang
CSSSQGQGNQPQHF	SQGQGNQ%_P	immgliph	huang
CASSQGQGNQPQHF	SQGQGNQ%_P	immgliph	huang
CASSQGQGNQPQQF	SQGQGNQ%_P	immgliph	huang
CASSQGQRPRDEQYF	SQGQR%RDE_P	immgliph	huang
CASSQGQRPRDEKYF	SQGQR%RDE_P	immgliph	huang
CASSQGQRPRDEQYF	SQGQRP%DE_R	immgliph	huang
CASSQGQRPRDEKYF	SQGQRP%DE_R	immgliph	huang
CASSQGQRPRDEQYF	SQGQRPR%E_D	immgliph	huang
CASSQGQRPRDEKYF	SQGQRPR%E_D	immgliph	huang
CASSQGQRPRDEQYF	SQGQRPRD%_E	immgliph	huang
CASSQGQRPRDEKYF	SQGQRPRD%_E	immgliph	huang
CARSQGVNSPLHF	SQGV%SP_KN	immgliph	huang
CASSQGVKSPLHF	SQGV%SP_KN	immgliph	huang
CASSQGVNSPLHF	SQGV%SP_KN	immgliph	huang
CARSQGVNSPLHF	SQGVN%P_S	immgliph	huang
CASSQGVNSPLHF	SQGVN%P_S	immgliph	huang
CARSQGVNSPLHF	SQGVNS%_P	immgliph	huang
CASSQGVNSPLHF	SQGVNS%_P	immgliph	huang
CASSQGYADEKLFF	SQGY%DEK_A	immgliph	huang
CPSSQGYADEKLFF	SQGY%DEK_A	immgliph	huang
CASSQGYADEKLFF	SQGYA%EK_D	immgliph	huang
CPSSQGYADEKLFF	SQGYA%EK_D	immgliph	huang
CASSQGYADEKLFF	SQGYAD%K_E	immgliph	huang
CPSSQGYADEKLFF	SQGYAD%K_E	immgliph	huang
CASSQGYADEKLFF	SQGYADE%_K	immgliph	huang
CPSSQGYADEKLFF	SQGYADE%_K	immgliph	huang
CARSQHEITYSSGYAF	SQHE%TYSSG_IM	immgliph	huang
CASSQHEMTYSSGYTF	SQHE%TYSSG_IM	immgliph	huang
CASSQPRTSGLQFTLTDTQYF	SQP%TSGLQFTLTDT_R	immgliph	huang
CASSQPRTSGLQFTLTDTQDF	SQP%TSGLQFTLTDT_R	immgliph	huang
CASSQPRTSGLQFTLTDTQYF	SQPR%SGLQFTLTDT_T	immgliph	huang
CASSQPRTSGLQFTLTDTQDF	SQPR%SGLQFTLTDT_T	immgliph	huang
CASSQPRTSGLQFTLTDTQYF	SQPRT%GLQFTLTDT_S	immgliph	huang
CASSQPRTSGLQFTLTDTQDF	SQPRT%GLQFTLTDT_S	immgliph	huang
CASSQPRTSGLQFTLTDTQYF	SQPRTS%LQFTLTDT_G	immgliph	huang
CASSQPRTSGLQFTLTDTQDF	SQPRTS%LQFTLTDT_G	immgliph	huang
CASSQPRTSGLQFTLTDTQYF	SQPRTSG%QFTLTDT_L	immgliph	huang
CASSQPRTSGLQFTLTDTQDF	SQPRTSG%QFTLTDT_L	immgliph	huang
CASSQPRTSGLQFTLTDTQYF	SQPRTSGL%FTLTDT_Q	immgliph	huang
CASSQPRTSGLQFTLTDTQDF	SQPRTSGL%FTLTDT_Q	immgliph	huang
CASSQPRTSGLQFTLTDTQYF	SQPRTSGLQ%TLTDT_F	immgliph	huang
CASSQPRTSGLQFTLTDTQDF	SQPRTSGLQ%TLTDT_F	immgliph	huang
CASSQPRTSGLQFTLTDTQYF	SQPRTSGLQF%LTDT_T	immgliph	huang
CASSQPRTSGLQFTLTDTQDF	SQPRTSGLQF%LTDT_T	immgliph	huang
CASSQPRTSGLQFTLTDTQYF	SQPRTSGLQFT%TDT_L	immgliph	huang
CASSQPRTSGLQFTLTDTQDF	SQPRTSGLQFT%TDT_L	immgliph	huang
CASSQPRTSGLQFTLTDTQYF	SQPRTSGLQFTL%DT_T	immgliph	huang
CASSQPRTSGLQFTLTDTQDF	SQPRTSGLQFTL%DT_T	immgliph	huang
CASSQPRTSGLQFTLTDTQYF	SQPRTSGLQFTLT%T_D	immgliph	huang
CASSQPRTSGLQFTLTDTQDF	SQPRTSGLQFTLT%T_D	immgliph	huang
CASSQPRTSGLQFTLTDTQYF	SQPRTSGLQFTLTD%_T	immgliph	huang
CASSQPRTSGLQFTLTDTQDF	SQPRTSGLQFTLTD%_T	immgliph	huang
CASSQRTESSYNSPIHF	SQR%ESSYNSP_T	immgliph	huang
CASSQRTESSYNSPLHF	SQR%ESSYNSP_T	immgliph	huang
CASSQRGTEAFF	SQR%TE_GN	immgliph	huang
CSASQRNTEAFF	SQR%TE_GN	immgliph	huang
CASSQRTESSYNSPIHF	SQRT%SSYNSP_E	immgliph	huang
CASSQRTESSYNSPLHF	SQRT%SSYNSP_E	immgliph	huang
CASSQRTESSYNSPIHF	SQRTE%SYNSP_S	immgliph	huang
CASSQRTESSYNSPLHF	SQRTE%SYNSP_S	immgliph	huang
CASSQRTESSYNSPIHF	SQRTES%YNSP_S	immgliph	huang
CASSQRTESSYNSPLHF	SQRTES%YNSP_S	immgliph	huang
CASSQRTESSYNSPIHF	SQRTESS%NSP_Y	immgliph	huang
CASSQRTESSYNSPLHF	SQRTESS%NSP_Y	immgliph	huang
CASSQRTESSYNSPIHF	SQRTESSY%SP_N	immgliph	huang
CASSQRTESSYNSPLHF	SQRTESSY%SP_N	immgliph	huang
CASSQRTESSYNSPIHF	SQRTESSYN%P_S	immgliph	huang
CASSQRTESSYNSPLHF	SQRTESSYN%P_S	immgliph	huang
CASSQRTESSYNSPIHF	SQRTESSYNS%_P	immgliph	huang
CASSQRTESSYNSPLHF	SQRTESSYNS%_P	immgliph	huang
CASSQSRGETQYF	SQSR%ET_GS	immgliph	huang
CASSQSRSETQYF	SQSR%ET_GS	immgliph	huang
CASSQTTGVAQGQETQYF	SQT%GVAQGQET_T	immgliph	huang
CVSSQTTGVAQGQETQYF	SQT%GVAQGQET_T	immgliph	huang
CASSQTTGVAQGQETQYF	SQTT%VAQGQET_G	immgliph	huang
CVSSQTTGVAQGQETQYF	SQTT%VAQGQET_G	immgliph	huang
CASSQTTGVAQGQETQYF	SQTTG%AQGQET_V	immgliph	huang
CVSSQTTGVAQGQETQYF	SQTTG%AQGQET_V	immgliph	huang
CASSQTTGVAQGQETQYF	SQTTGV%QGQET_A	immgliph	huang
CVSSQTTGVAQGQETQYF	SQTTGV%QGQET_A	immgliph	huang
CASSQTTGVAQGQETQYF	SQTTGVA%GQET_Q	immgliph	huang
CVSSQTTGVAQGQETQYF	SQTTGVA%GQET_Q	immgliph	huang
CASSQTTGVAQGQETQYF	SQTTGVAQ%QET_G	immgliph	huang
CVSSQTTGVAQGQETQYF	SQTTGVAQ%QET_G	immgliph	huang
CASSQTTGVAQGQETQYF	SQTTGVAQG%ET_Q	immgliph	huang
CVSSQTTGVAQGQETQYF	SQTTGVAQG%ET_Q	immgliph	huang
CASSQTTGVAQGQETQYF	SQTTGVAQGQ%T_E	immgliph	huang
CVSSQTTGVAQGQETQYF	SQTTGVAQGQ%T_E	immgliph	huang
CASSQTTGVAQGQENQYF	SQTTGVAQGQE%_NT	immgliph	huang
CASSQTTGVAQGQETQYF	SQTTGVAQGQE%_NT	immgliph	huang
CVSSQTTGVAQGQETQYF	SQTTGVAQGQE%_NT	immgliph	huang
CASSQVGRGQETQSF	SQV%RGQET_G	immgliph	huang
CASSQVGRGQETQYF	SQV%RGQET_G	immgliph	huang
CANSQVGTGNTIYF	SQV%TGNT_G	immgliph	huang
CASSQVGTGNTIYF	SQV%TGNT_G	immgliph	huang
CASSQVAWGGNTEAFF	SQVAW%GNTE_GS	immgliph	huang
CASSQVAWSGNTEAFF	SQVAW%GNTE_GS	immgliph	huang
CASSQVAWSGKTEAFF	SQVAWSG%TE_KN	immgliph	huang
CASSQVAWSGNTEAFF	SQVAWSG%TE_KN	immgliph	huang
CANSQVGTGNTIYF	SQVG%GNT_T	immgliph	huang
CASSQVGTGNTIYF	SQVG%GNT_T	immgliph	huang
CASSQVGRGQETQSF	SQVG%GQET_R	immgliph	huang
CASSQVGRGQETQYF	SQVG%GQET_R	immgliph	huang
CASSQVGADYNEQFF	SQVGA%YNE_DE	immgliph	huang
CASSQVGAEYNEQFF	SQVGA%YNE_DE	immgliph	huang
CASSQVGRGQETQSF	SQVGR%QET_G	immgliph	huang
CASSQVGRGQETQYF	SQVGR%QET_G	immgliph	huang
CASSQVGRGQETQSF	SQVGRG%ET_Q	immgliph	huang
CASSQVGRGQETQYF	SQVGRG%ET_Q	immgliph	huang
CASSQVGRGQETQSF	SQVGRGQ%T_E	immgliph	huang
CASSQVGRGQETQYF	SQVGRGQ%T_E	immgliph	huang
CASSQVGRGQETQSF	SQVGRGQE%_T	immgliph	huang
CASSQVGRGQETQYF	SQVGRGQE%_T	immgliph	huang
CANSQVGTGNTIYF	SQVGT%NT_G	immgliph	huang
CASSQVGTGNTIYF	SQVGT%NT_G	immgliph	huang
CANSQVGTGNTIYF	SQVGTG%T_NS	immgliph	huang
CASSQVGTGNTIYF	SQVGTG%T_NS	immgliph	huang
CASSQVGTGSTIYF	SQVGTG%T_NS	immgliph	huang
CANSQVGTGNTIYF	SQVGTGN%_T	immgliph	huang
CASSQVGTGNTIYF	SQVGTGN%_T	immgliph	huang
CATSRDARGVNQPQHF	SR%ARGVNQP_D	immgliph	huang
CVTSRDARGVNQPQHF	SR%ARGVNQP_D	immgliph	huang
CATSRQDNTEAFF	SR%DNTE_Q	immgliph	huang
CATSRQDNTEDFF	SR%DNTE_Q	immgliph	huang
CASSRADSVYSPLHF	SR%DSVYSP_AS	immgliph	huang
CASSRSDSVYSPLHF	SR%DSVYSP_AS	immgliph	huang
CTGSRQETQDF	SR%ET_Q	immgliph	huang
CASSRQETQYF	SR%ET_Q	immgliph	huang
CASSRGFEQYF	SR%FE_G	immgliph	huang
CASSRGFEQFF	SR%FE_G	immgliph	huang
CASSRAGSANTGELFF	SR%GSANTGE_AT	immgliph	huang
CASSRTGSANTGELFF	SR%GSANTGE_AT	immgliph	huang
CASSRTGSNEQFF	SR%GSNE_T	immgliph	huang
CAGSRTGSNEQFF	SR%GSNE_T	immgliph	huang
CASSRRGSTDTQYF	SR%GSTDT_QR	immgliph	huang
CASSRQGSTDTQYF	SR%GSTDT_QR	immgliph	huang
CARSRGGTETQYF	SR%GTET_G	immgliph	huang
CASSRGGTETQYF	SR%GTET_G	immgliph	huang
CANSRDKGFNQPQHF	SR%KGFNQP_D	immgliph	huang
CATSRDKGFNQPQHF	SR%KGFNQP_D	immgliph	huang
CARSRGLAGDEQYF	SR%LAGDE_G	immgliph	huang
CASSRGLAGDEQYF	SR%LAGDE_G	immgliph	huang
CSASRALDTRAYEHYF	SR%LDTRAYE_A	immgliph	huang
CSASRALDTRAYEQYF	SR%LDTRAYE_A	immgliph	huang
CATSRDPNRAGELFF	SR%PNRAGE_DE	immgliph	huang
CATSREPNRAGELFF	SR%PNRAGE_DE	immgliph	huang
CASSRSPSGGGNEKFF	SR%PSGGGNE_S	immgliph	huang
CASSRSPSGGGNEQFF	SR%PSGGGNE_S	immgliph	huang
CACSRQPSYEQYF	SR%PSYE_Q	immgliph	huang
CAWSRQPSYEQYF	SR%PSYE_Q	immgliph	huang
CATSRIQASNSPLHF	SR%QASNSP_I	immgliph	huang
CATSRIQASNSPLLF	SR%QASNSP_I	immgliph	huang
CAASRNQIGHAF	SR%QIG_DN	immgliph	huang
CATSRDQIGHSF	SR%QIG_DN	immgliph	huang
CASSRDRRDTQYF	SR%RRDT_D	immgliph	huang
CTSSRDRRDTQYF	SR%RRDT_D	immgliph	huang
CATSRDRRGATNEKLFF	SR%RRGATNEK_DE	immgliph	huang
CETSRERRGATNEKLSF	SR%RRGATNEK_DE	immgliph	huang
CATSRDRSGGNEKFF	SR%RSGGNE_D	immgliph	huang
CATSRDRSGGNEQFF	SR%RSGGNE_D	immgliph	huang
CATSRDRSGTDTQYF	SR%RSGTDT_DE	immgliph	huang
CATSRERSGTDTQYF	SR%RSGTDT_DE	immgliph	huang
CAWSRTSTGANVLTF	SR%STGANV_T	immgliph	huang
CVWSRTSTGANVLTF	SR%STGANV_T	immgliph	huang
CAISRSSVGETQYF	SR%SVGET_S	immgliph	huang
CASSRSSVGETQYF	SR%SVGET_S	immgliph	huang
CAGSRLTGAGGKQFF	SR%TGAGGK_L	immgliph	huang
CASSRLTGAGGKQFF	SR%TGAGGK_L	immgliph	huang
CGSSRAYEQYF	SR%YE_AS	immgliph	huang
CASSRSYEQYF	SR%YE_AS	immgliph	huang
CSASRALDTRAYEHYF	SRA%DTRAYE_L	immgliph	huang
CSASRALDTRAYEQYF	SRA%DTRAYE_L	immgliph	huang
CSASRALDTRAYEHYF	SRAL%TRAYE_D	immgliph	huang
CSASRALDTRAYEQYF	SRAL%TRAYE_D	immgliph	huang
CSASRALDTRAYEHYF	SRALD%RAYE_T	immgliph	huang
CSASRALDTRAYEQYF	SRALD%RAYE_T	immgliph	huang
CSASRALDTRAYEHYF	SRALDT%AYE_R	immgliph	huang
CSASRALDTRAYEQYF	SRALDT%AYE_R	immgliph	huang
CSASRALDTRAYEHYF	SRALDTR%YE_A	immgliph	huang
CSASRALDTRAYEQYF	SRALDTR%YE_A	immgliph	huang
CSASRALDTRAYEHYF	SRALDTRA%E_Y	immgliph	huang
CSASRALDTRAYEQYF	SRALDTRA%E_Y	immgliph	huang
CSASRALDTRAYEHYF	SRALDTRAY%_E	immgliph	huang
CSASRALDTRAYEQYF	SRALDTRAY%_E	immgliph	huang
CANSRDKGFNQPQHF	SRD%GFNQP_K	immgliph	huang
CATSRDKGFNQPQHF	SRD%GFNQP_K	immgliph	huang
CASSRDRRDTQYF	SRD%RDT_R	immgliph	huang
CTSSRDRRDTQYF	SRD%RDT_R	immgliph	huang
CATSRDARGVNQPQHF	SRD%RGVNQP_A	immgliph	huang
CVTSRDARGVNQPQHF	SRD%RGVNQP_A	immgliph	huang
CATSRDRSGGNEKFF	SRD%SGGNE_R	immgliph	huang
CATSRDRSGGNEQFF	SRD%SGGNE_R	immgliph	huang
CATSRDARGVNQPQHF	SRDA%GVNQP_R	immgliph	huang
CVTSRDARGVNQPQHF	SRDA%GVNQP_R	immgliph	huang
CATSRDARGVNQPQHF	SRDAR%VNQP_G	immgliph	huang
CVTSRDARGVNQPQHF	SRDAR%VNQP_G	immgliph	huang
CATSRDARGVNQPQHF	SRDARG%NQP_V	immgliph	huang
CVTSRDARGVNQPQHF	SRDARG%NQP_V	immgliph	huang
CATSRDARGVNQPQHF	SRDARGV%QP_N	immgliph	huang
CVTSRDARGVNQPQHF	SRDARGV%QP_N	immgliph	huang
CATSRDARGVNQPQHF	SRDARGVN%P_Q	immgliph	huang
CVTSRDARGVNQPQHF	SRDARGVN%P_Q	immgliph	huang
CATSRDARGVNQPQHF	SRDARGVNQ%_P	immgliph	huang
CVTSRDARGVNQPQHF	SRDARGVNQ%_P	immgliph	huang
CANSRDKGFNQPQHF	SRDK%FNQP_G	immgliph	huang
CATSRDKGFNQPQHF	SRDK%FNQP_G	immgliph	huang
CANSRDKGFNQPQHF	SRDKG%NQP_F	immgliph	huang
CATSRDKGFNQPQHF	SRDKG%NQP_F	immgliph	huang
CANSRDKGFNQPQHF	SRDKGF%QP_N	immgliph	huang
CATSRDKGFNQPQHF	SRDKGF%QP_N	immgliph	huang
CANSRDKGFNQPQHF	SRDKGFN%P_Q	immgliph	huang
CATSRDKGFNQPQHF	SRDKGFN%P_Q	immgliph	huang
CANSRDKGFNQPQHF	SRDKGFNQ%_P	immgliph	huang
CATSRDKGFNQPQHF	SRDKGFNQ%_P	immgliph	huang
CATSRDNQPQHF	SRDN%P_QS	immgliph	huang
CATSRDNSPLHF	SRDN%P_QS	immgliph	huang
CATSRDQNEQFF	SRDQ%E_NR	immgliph	huang
CASSRDQRELFF	SRDQ%E_NR	immgliph	huang
CASSRDRRDTQYF	SRDR%DT_R	immgliph	huang
CTSSRDRRDTQYF	SRDR%DT_R	immgliph	huang
CATSRDRSGGNEKFF	SRDR%GGNE_S	immgliph	huang
CATSRDRSGGNEQFF	SRDR%GGNE_S	immgliph	huang
CASSRDRGVDVGKLFF	SRDRGV%VGK_DN	immgliph	huang
CASSRDRGVNVGKLFF	SRDRGV%VGK_DN	immgliph	huang
CAISRDRKSEAFF	SRDRK%E_ST	immgliph	huang
CASSRDRKTEAFF	SRDRK%E_ST	immgliph	huang
CASSRDRRDTQYF	SRDRR%T_D	immgliph	huang
CTSSRDRRDTQYF	SRDRR%T_D	immgliph	huang
CASSRDRRDTQYF	SRDRRD%_T	immgliph	huang
CTSSRDRRDTQYF	SRDRRD%_T	immgliph	huang
CATSRDRSGGNEKFF	SRDRS%GNE_G	immgliph	huang
CATSRDRSGGNEQFF	SRDRS%GNE_G	immgliph	huang
CATSRDRSGGNEKFF	SRDRSG%NE_G	immgliph	huang
CATSRDRSGGNEQFF	SRDRSG%NE_G	immgliph	huang
CATSRDRSGGNEKFF	SRDRSGG%E_N	immgliph	huang
CATSRDRSGGNEQFF	SRDRSGG%E_N	immgliph	huang
CATSRDRSGGNEKFF	SRDRSGGN%_E	immgliph	huang
CATSRDRSGGNEQFF	SRDRSGGN%_E	immgliph	huang
CASSRERGPDTQYF	SRERGP%T_DE	immgliph	huang
CASSRERGPETKYF	SRERGP%T_DE	immgliph	huang
CARSRGLAGDEQYF	SRG%AGDE_L	immgliph	huang
CASSRGLAGDEQYF	SRG%AGDE_L	immgliph	huang
CATSRGTAGQETQYF	SRG%AGQET_AT	immgliph	huang
CATSRGAAGQETQYF	SRG%AGQET_AT	immgliph	huang
CASSRGFEQYF	SRG%E_F	immgliph	huang
CASSRGFEQFF	SRG%E_F	immgliph	huang
CASSRGSLNTEAFF	SRG%LNTE_DS	immgliph	huang
CAWSRGDLNTEAFF	SRG%LNTE_DS	immgliph	huang
CARSRGGTETQYF	SRG%TET_G	immgliph	huang
CASSRGGTETQYF	SRG%TET_G	immgliph	huang
CASSRGAGETQYF	SRGAGE%_NT	immgliph	huang
CSASRGAGENLFF	SRGAGE%_NT	immgliph	huang
CASSRGFEQYF	SRGF%_E	immgliph	huang
CASSRGFEQFF	SRGF%_E	immgliph	huang
CARSRGGTETQYF	SRGG%ET_T	immgliph	huang
CASSRGGTETQYF	SRGG%ET_T	immgliph	huang
CASSRGGQHYEQYF	SRGGQ%YE_HY	immgliph	huang
CASSRGGQYYEQYF	SRGGQ%YE_HY	immgliph	huang
CARSRGGTETQYF	SRGGT%T_E	immgliph	huang
CASSRGGTETQYF	SRGGT%T_E	immgliph	huang
CARSRGGTETQYF	SRGGTE%_T	immgliph	huang
CASSRGGTETQYF	SRGGTE%_T	immgliph	huang
CATSRGHMISYKEEFF	SRGHMISY%E_KN	immgliph	huang
CATSRGHMISYNEQFF	SRGHMISY%E_KN	immgliph	huang
CATSRGKGLDNEQFF	SRGKGLDN%_EK	immgliph	huang
CATSRGKGLDNKQFF	SRGKGLDN%_EK	immgliph	huang
CARSRGLAGDEQYF	SRGL%GDE_A	immgliph	huang
CASSRGLAGDEQYF	SRGL%GDE_A	immgliph	huang
CARSRGLAGDEQYF	SRGLA%DE_G	immgliph	huang
CASSRGLAGDEQYF	SRGLA%DE_G	immgliph	huang
CARSRGLAGDEQYF	SRGLAG%E_D	immgliph	huang
CASSRGLAGDEQYF	SRGLAG%E_D	immgliph	huang
CARSRGLAGDEQYF	SRGLAGD%_E	immgliph	huang
CASSRGLAGDEQYF	SRGLAGD%_E	immgliph	huang
CATSRGQEGMNTEAFF	SRGQEG%NTE_LM	immgliph	huang
CATSRGQEGLNTEAFF	SRGQEG%NTE_LM	immgliph	huang
CSASRGRGNTEAFF	SRGRG%TE_NS	immgliph	huang
CSASRGRGSTEAFF	SRGRG%TE_NS	immgliph	huang
CASSRGVGYNSPLHF	SRGVGY%SP_KN	immgliph	huang
CASSRGVGYKSPLHF	SRGVGY%SP_KN	immgliph	huang
CATSRHPGVGLDTQYF	SRHPGVGL%T_DN	immgliph	huang
CAHSRHPGVGLNTQYF	SRHPGVGL%T_DN	immgliph	huang
CATSRIQASNSPLHF	SRI%ASNSP_Q	immgliph	huang
CATSRIQASNSPLLF	SRI%ASNSP_Q	immgliph	huang
CATSRIQASNSPLHF	SRIQ%SNSP_A	immgliph	huang
CATSRIQASNSPLLF	SRIQ%SNSP_A	immgliph	huang
CATSRIQASNSPLHF	SRIQA%NSP_S	immgliph	huang
CATSRIQASNSPLLF	SRIQA%NSP_S	immgliph	huang
CATSRIQASNSPLHF	SRIQAS%SP_N	immgliph	huang
CATSRIQASNSPLLF	SRIQAS%SP_N	immgliph	huang
CATSRIQASNSPLHF	SRIQASN%P_S	immgliph	huang
CATSRIQASNSPLLF	SRIQASN%P_S	immgliph	huang
CATSRIQASNSPLHF	SRIQASNS%_P	immgliph	huang
CATSRIQASNSPLLF	SRIQASNS%_P	immgliph	huang
CSASRLLAGYNEQFF	SRL%AGYNE_IL	immgliph	huang
CASSRLIAGYNEQFF	SRL%AGYNE_IL	immgliph	huang
CAGSRLTGAGGKQFF	SRL%GAGGK_T	immgliph	huang
CASSRLTGAGGKQFF	SRL%GAGGK_T	immgliph	huang
CAGSRLTGAGGKQFF	SRLT%AGGK_G	immgliph	huang
CASSRLTGAGGKQFF	SRLT%AGGK_G	immgliph	huang
CAGSRLTGAGGKQFF	SRLTG%GGK_A	immgliph	huang
CASSRLTGAGGKQFF	SRLTG%GGK_A	immgliph	huang
CAGSRLTGAGGKQFF	SRLTGA%GK_G	immgliph	huang
CASSRLTGAGGKQFF	SRLTGA%GK_G	immgliph	huang
CAGSRLTGAGGKQFF	SRLTGAG%K_G	immgliph	huang
CASSRLTGAGGKQFF	SRLTGAG%K_G	immgliph	huang
CAGSRLTGAGGKQFF	SRLTGAGG%_K	immgliph	huang
CASSRLTGAGGKQFF	SRLTGAGG%_K	immgliph	huang
CATSRQDNTEAFF	SRQ%NTE_D	immgliph	huang
CATSRQDNTEDFF	SRQ%NTE_D	immgliph	huang
CACSRQPSYEQYF	SRQ%SYE_P	immgliph	huang
CAWSRQPSYEQYF	SRQ%SYE_P	immgliph	huang
CTGSRQETQDF	SRQ%T_E	immgliph	huang
CASSRQETQYF	SRQ%T_E	immgliph	huang
CATSRQDNTEAFF	SRQD%TE_N	immgliph	huang
CATSRQDNTEDFF	SRQD%TE_N	immgliph	huang
CATSRQDNTEAFF	SRQDN%E_T	immgliph	huang
CATSRQDNTEDFF	SRQDN%E_T	immgliph	huang
CATSRQDNTEAFF	SRQDNT%_E	immgliph	huang
CATSRQDNTEDFF	SRQDNT%_E	immgliph	huang
CTGSRQETQDF	SRQE%_T	immgliph	huang
CASSRQETQYF	SRQE%_T	immgliph	huang
CASSRQEENQYF	SRQEE%_NT	immgliph	huang
CASSRQEETQYF	SRQEE%_NT	immgliph	huang
CASSRQGATETQYF	SRQG%TET_AV	immgliph	huang
CASSRQGVTETQYF	SRQG%TET_AV	immgliph	huang
CSASRQGKGTGELFF	SRQGKG%GE_TV	immgliph	huang
CSASRQGKGVGEQYF	SRQGKG%GE_TV	immgliph	huang
CATSRQGTSEAFF	SRQGT%E_ST	immgliph	huang
CATSRQGTTEAFF	SRQGT%E_ST	immgliph	huang
CACSRQPSYEQYF	SRQP%YE_S	immgliph	huang
CAWSRQPSYEQYF	SRQP%YE_S	immgliph	huang
CACSRQPSYEQYF	SRQPS%E_Y	immgliph	huang
CAWSRQPSYEQYF	SRQPS%E_Y	immgliph	huang
CACSRQPSYEQYF	SRQPSY%_ER	immgliph	huang
CAWSRQPSYEQYF	SRQPSY%_ER	immgliph	huang
CAWSRQPSYRQYF	SRQPSY%_ER	immgliph	huang
CASSRRGRADQFF	SRRGRA%_DE	immgliph	huang
CASSRRGRAEQFF	SRRGRA%_DE	immgliph	huang
CASSRRSGDTEAFF	SRRSG%TE_DN	immgliph	huang
CASSRRSGNTEAFF	SRRSG%TE_DN	immgliph	huang
CASSRSPSGGGNEKFF	SRS%SGGGNE_P	immgliph	huang
CASSRSPSGGGNEQFF	SRS%SGGGNE_P	immgliph	huang
CAISRSSVGETQYF	SRS%VGET_S	immgliph	huang
CASSRSSVGETQYF	SRS%VGET_S	immgliph	huang
CASSRSPSGGGNEKFF	SRSP%GGGNE_S	immgliph	huang
CASSRSPSGGGNEQFF	SRSP%GGGNE_S	immgliph	huang
CASSRSPSGGGNEKFF	SRSPS%GGNE_G	immgliph	huang
CASSRSPSGGGNEQFF	SRSPS%GGNE_G	immgliph	huang
CASSRSPSGGGNEKFF	SRSPSG%GNE_G	immgliph	huang
CASSRSPSGGGNEQFF	SRSPSG%GNE_G	immgliph	huang
CASSRSPSGGGNEKFF	SRSPSGG%NE_G	immgliph	huang
CASSRSPSGGGNEQFF	SRSPSGG%NE_G	immgliph	huang
CASSRSPSGGGNEKFF	SRSPSGGG%E_N	immgliph	huang
CASSRSPSGGGNEQFF	SRSPSGGG%E_N	immgliph	huang
CASSRSPSGGGNEKFF	SRSPSGGGN%_E	immgliph	huang
CASSRSPSGGGNEQFF	SRSPSGGGN%_E	immgliph	huang
CAISRSSVGETQYF	SRSS%GET_V	immgliph	huang
CASSRSSVGETQYF	SRSS%GET_V	immgliph	huang
CAISRSSVGETQYF	SRSSV%ET_G	immgliph	huang
CASSRSSVGETQYF	SRSSV%ET_G	immgliph	huang
CAISRSSVGETQYF	SRSSVG%T_E	immgliph	huang
CASSRSSVGETQYF	SRSSVG%T_E	immgliph	huang
CAISRSSVGETQYF	SRSSVGE%_T	immgliph	huang
CASSRSSVGETQYF	SRSSVGE%_T	immgliph	huang
CASSRTGSNEQFF	SRT%SNE_G	immgliph	huang
CAGSRTGSNEQFF	SRT%SNE_G	immgliph	huang
CAWSRTSTGANVLTF	SRT%TGANV_S	immgliph	huang
CVWSRTSTGANVLTF	SRT%TGANV_S	immgliph	huang
CSASRTAPATGPGTGELFF	SRTAPATGP%TGE_GS	immgliph	huang
CSASRTAPATGPSTGELFF	SRTAPATGP%TGE_GS	immgliph	huang
CASSRTGSNEQFF	SRTG%NE_S	immgliph	huang
CAGSRTGSNEQFF	SRTG%NE_S	immgliph	huang
CASSRTGGMGTEAFF	SRTGG%GTE_MV	immgliph	huang
CASSRTGGVGTEAFF	SRTGG%GTE_MV	immgliph	huang
CASSRTGSKEQFF	SRTGS%E_DKN	immgliph	huang
CASSRTGSNEQFF	SRTGS%E_DKN	immgliph	huang
CAGSRTGSNEQFF	SRTGS%E_DKN	immgliph	huang
CASSRTGSDEQYF	SRTGS%E_DKN	immgliph	huang
CASSRTGSNEQFF	SRTGSN%_E	immgliph	huang
CAGSRTGSNEQFF	SRTGSN%_E	immgliph	huang
CAWSRTSTGANVLTF	SRTS%GANV_T	immgliph	huang
CVWSRTSTGANVLTF	SRTS%GANV_T	immgliph	huang
CAWSRTSTGANVLTF	SRTST%ANV_G	immgliph	huang
CVWSRTSTGANVLTF	SRTST%ANV_G	immgliph	huang
CAWSRTSTGANVLTF	SRTSTG%NV_A	immgliph	huang
CVWSRTSTGANVLTF	SRTSTG%NV_A	immgliph	huang
CAWSRTSTGANVLTF	SRTSTGA%V_N	immgliph	huang
CVWSRTSTGANVLTF	SRTSTGA%V_N	immgliph	huang
CAWSRTSTGANVLTF	SRTSTGAN%_V	immgliph	huang
CVWSRTSTGANVLTF	SRTSTGAN%_V	immgliph	huang
CATSRWDNQPQHF	SRWD%QP_NS	immgliph	huang
CATSRWDSQPQYF	SRWD%QP_NS	immgliph	huang
CASSSTAGLEQYF	SS%AGLE_T	immgliph	huang
CGSSSTAGLEQYF	SS%AGLE_T	immgliph	huang
CAISSRGETTDTQYF	SS%GETTDT_R	immgliph	huang
CGSSSRGETTDTQYF	SS%GETTDT_R	immgliph	huang
CASSSRGGTDTQYF	SS%GGTDT_QR	immgliph	huang
CASSSQGGTDTQYF	SS%GGTDT_QR	immgliph	huang
CASSSQGHGELFF	SS%GHGE_Q	immgliph	huang
CAGSSQGHGELFF	SS%GHGE_Q	immgliph	huang
CSASSPGLAGYQETQYF	SS%GLAGYQET_P	immgliph	huang
CRASSPGLAGYQETQYF	SS%GLAGYQET_P	immgliph	huang
CGSSSVNRADGYTF	SS%NRADG_LV	immgliph	huang
CASSSLNRADGYTF	SS%NRADG_LV	immgliph	huang
CSASSTPGRPTSGASTDTQYF	SS%PGRPTSGASTDT_T	immgliph	huang
CSDSSTPGRPTSGASTDTQYF	SS%PGRPTSGASTDT_T	immgliph	huang
CASSSGPLAEQFF	SS%PLAE_G	immgliph	huang
CSSSSGPLAEQFF	SS%PLAE_G	immgliph	huang
CSASSGPLAKNIKYF	SS%PLAKNI_G	immgliph	huang
CSASSGPLAKNIQYF	SS%PLAKNI_G	immgliph	huang
CARSSLQGAKDTQYF	SS%QGAKDT_L	immgliph	huang
CASSSLQGAKDTQYF	SS%QGAKDT_L	immgliph	huang
CSASSARGTYNEQFF	SS%RGTYNE_A	immgliph	huang
CSASSARGTYNEKLF	SS%RGTYNE_A	immgliph	huang
CASSSMRSNTGELFF	SS%RSNTGE_M	immgliph	huang
CACSSMRSNTGELFF	SS%RSNTGE_M	immgliph	huang
CASSSDTEQFF	SS%TE_DE	immgliph	huang
CASSSETEQYF	SS%TE_DE	immgliph	huang
CASSSGTGEGEQYF	SS%TGEGE_G	immgliph	huang
CDSSSGTGEGEKYF	SS%TGEGE_G	immgliph	huang
CSVSSGTGVTGELFF	SS%TGVTGE_G	immgliph	huang
CSVSSGTGVTGEMFF	SS%TGVTGE_G	immgliph	huang
CSASSSYEHYF	SS%YE_S	immgliph	huang
CSASSSYEQYF	SS%YE_S	immgliph	huang
CASSSHYKEAWVETQYF	SS%YKEAWVET_HR	immgliph	huang
CASSSRYKEAWVETQYF	SS%YKEAWVET_HR	immgliph	huang
CASSSGYNEQFF	SS%YNE_G	immgliph	huang
CAGSSGYNEQFF	SS%YNE_G	immgliph	huang
CSASSARGTYNEQFF	SSA%GTYNE_R	immgliph	huang
CSASSARGTYNEKLF	SSA%GTYNE_R	immgliph	huang
CATSSAGARGTQYF	SSAG%RGT_AT	immgliph	huang
CATSSAGTRGTQYF	SSAG%RGT_AT	immgliph	huang
CASSSAGGIDEQFF	SSAGGI%E_DE	immgliph	huang
CASSSAGGIEEQFF	SSAGGI%E_DE	immgliph	huang
CAGSSAGTESGNLHF	SSAGTESG%_NT	immgliph	huang
CASSSAGTESGTLHF	SSAGTESG%_NT	immgliph	huang
CSASSARGTYNEQFF	SSAR%TYNE_G	immgliph	huang
CSASSARGTYNEKLF	SSAR%TYNE_G	immgliph	huang
CSASSARGTYNEQFF	SSARG%YNE_T	immgliph	huang
CSASSARGTYNEKLF	SSARG%YNE_T	immgliph	huang
CSASSARGTYNEQFF	SSARGT%NE_Y	immgliph	huang
CSASSARGTYNEKLF	SSARGT%NE_Y	immgliph	huang
CSASSARGTYNEQFF	SSARGTY%E_N	immgliph	huang
CSASSARGTYNEKLF	SSARGTY%E_N	immgliph	huang
CSASSARGTYNEQFF	SSARGTYN%_E	immgliph	huang
CSASSARGTYNEKLF	SSARGTYN%_E	immgliph	huang
CASSSEVEAFF	SSE%E_TV	immgliph	huang
CASSSETEQYF	SSE%E_TV	immgliph	huang
CASSSGTGEGEQYF	SSG%GEGE_T	immgliph	huang
CDSSSGTGEGEKYF	SSG%GEGE_T	immgliph	huang
CASSSGQGSQPQHF	SSG%GSQP_HQ	immgliph	huang
CVISSGHGSQPPHF	SSG%GSQP_HQ	immgliph	huang
CSVSSGTGVTGELFF	SSG%GVTGE_T	immgliph	huang
CSVSSGTGVTGEMFF	SSG%GVTGE_T	immgliph	huang
CASSSGPLAEQFF	SSG%LAE_P	immgliph	huang
CSSSSGPLAEQFF	SSG%LAE_P	immgliph	huang
CSASSGPLAKNIKYF	SSG%LAKNI_P	immgliph	huang
CSASSGPLAKNIQYF	SSG%LAKNI_P	immgliph	huang
CASSSGYNEQFF	SSG%NE_Y	immgliph	huang
CAGSSGYNEQFF	SSG%NE_Y	immgliph	huang
CSASSGGADTQYF	SSGG%DT_AT	immgliph	huang
CSKSSGGTDTQYF	SSGG%DT_AT	immgliph	huang
CASSSGLAGGPAKNIQYF	SSGLAGGP%KNI_AG	immgliph	huang
CASSSGLAGGPGKNIQYF	SSGLAGGP%KNI_AG	immgliph	huang
CASSSGLAGGPAKNIQYF	SSGLAGGPAK%I_NT	immgliph	huang
CASSSGLAGGPAKTIQYF	SSGLAGGPAK%I_NT	immgliph	huang
CASSSGPLAEQFF	SSGP%AE_L	immgliph	huang
CSSSSGPLAEQFF	SSGP%AE_L	immgliph	huang
CSASSGPLAKNIKYF	SSGP%AKNI_L	immgliph	huang
CSASSGPLAKNIQYF	SSGP%AKNI_L	immgliph	huang
CASSSGPLAEQFF	SSGPL%E_A	immgliph	huang
CSSSSGPLAEQFF	SSGPL%E_A	immgliph	huang
CSASSGPLAKNIKYF	SSGPL%KNI_A	immgliph	huang
CSASSGPLAKNIQYF	SSGPL%KNI_A	immgliph	huang
CASSSGPLAEQFF	SSGPLA%_E	immgliph	huang
CSSSSGPLAEQFF	SSGPLA%_E	immgliph	huang
CSASSGPLAKNIKYF	SSGPLA%NI_K	immgliph	huang
CSASSGPLAKNIQYF	SSGPLA%NI_K	immgliph	huang
CSASSGPLAKEIQYF	SSGPLAK%I_EN	immgliph	huang
CSASSGPLAKNIKYF	SSGPLAK%I_EN	immgliph	huang
CSASSGPLAKNIQYF	SSGPLAK%I_EN	immgliph	huang
CSASSGPLAKNIKYF	SSGPLAKN%_I	immgliph	huang
CSASSGPLAKNIQYF	SSGPLAKN%_I	immgliph	huang
CASSSGTGEGEQYF	SSGT%EGE_G	immgliph	huang
CDSSSGTGEGEKYF	SSGT%EGE_G	immgliph	huang
CSVSSGTGVTGELFF	SSGT%VTGE_G	immgliph	huang
CSVSSGTGVTGEMFF	SSGT%VTGE_G	immgliph	huang
CASSSGTGEGEQYF	SSGTG%GE_E	immgliph	huang
CDSSSGTGEGEKYF	SSGTG%GE_E	immgliph	huang
CSVSSGTGVTGELFF	SSGTG%TGE_V	immgliph	huang
CSVSSGTGVTGEMFF	SSGTG%TGE_V	immgliph	huang
CASSSGTGEGEQYF	SSGTGE%E_G	immgliph	huang
CDSSSGTGEGEKYF	SSGTGE%E_G	immgliph	huang
CASSSGTGEGEQYF	SSGTGEG%_E	immgliph	huang
CDSSSGTGEGEKYF	SSGTGEG%_E	immgliph	huang
CSVSSGTGVTGELFF	SSGTGV%GE_T	immgliph	huang
CSVSSGTGVTGEMFF	SSGTGV%GE_T	immgliph	huang
CSVSSGTGVTGELFF	SSGTGVT%E_G	immgliph	huang
CSVSSGTGVTGEMFF	SSGTGVT%E_G	immgliph	huang
CSVSSGTGVTGELFF	SSGTGVTG%_E	immgliph	huang
CSVSSGTGVTGEMFF	SSGTGVTG%_E	immgliph	huang
CSVSSGWGMNTEAFF	SSGW%MNTE_AG	immgliph	huang
CSVSSGWAMNTEAFF	SSGW%MNTE_AG	immgliph	huang
CASSSGYNEQFF	SSGY%E_N	immgliph	huang
CAGSSGYNEQFF	SSGY%E_N	immgliph	huang
CASSSGYNEQFF	SSGYN%_E	immgliph	huang
CAGSSGYNEQFF	SSGYN%_E	immgliph	huang
CARSSKDRGKEQVF	SSKDRG%E_KN	immgliph	huang
CASSSKDRGNEQFF	SSKDRG%E_KN	immgliph	huang
CARSSLQGAKDTQYF	SSL%GAKDT_Q	immgliph	huang
CASSSLQGAKDTQYF	SSL%GAKDT_Q	immgliph	huang
CARSSLQGAKDTQYF	SSLQ%AKDT_G	immgliph	huang
CASSSLQGAKDTQYF	SSLQ%AKDT_G	immgliph	huang
CARSSLQGAKDTQYF	SSLQG%KDT_A	immgliph	huang
CASSSLQGAKDTQYF	SSLQG%KDT_A	immgliph	huang
CARSSLQGAKDTQYF	SSLQGA%DT_K	immgliph	huang
CASSSLQGAKDTQYF	SSLQGA%DT_K	immgliph	huang
CARSSLQGAKDTQYF	SSLQGAK%T_D	immgliph	huang
CASSSLQGAKDTQYF	SSLQGAK%T_D	immgliph	huang
CARSSLQGAKDTQYF	SSLQGAKD%_T	immgliph	huang
CASSSLQGAKDTQYF	SSLQGAKD%_T	immgliph	huang
CASSSMRSNTGELFF	SSM%SNTGE_R	immgliph	huang
CACSSMRSNTGELFF	SSM%SNTGE_R	immgliph	huang
CASSSMRSNTGELFF	SSMR%NTGE_S	immgliph	huang
CACSSMRSNTGELFF	SSMR%NTGE_S	immgliph	huang
CASSSMRSNTGELFF	SSMRS%TGE_NS	immgliph	huang
CACSSMRSNTGELFF	SSMRS%TGE_NS	immgliph	huang
CASSSMRSSTGELFF	SSMRS%TGE_NS	immgliph	huang
CASSSMRSNTGELFF	SSMRSN%GE_T	immgliph	huang
CACSSMRSNTGELFF	SSMRSN%GE_T	immgliph	huang
CASSSMRSNTGELFF	SSMRSNT%E_G	immgliph	huang
CACSSMRSNTGELFF	SSMRSNT%E_G	immgliph	huang
CASSSMRSNTGELFF	SSMRSNTG%_E	immgliph	huang
CACSSMRSNTGELFF	SSMRSNTG%_E	immgliph	huang
CSASSPGLAGYQETQYF	SSP%LAGYQET_G	immgliph	huang
CRASSPGLAGYQETQYF	SSP%LAGYQET_G	immgliph	huang
CSASSPGLAGYQETQYF	SSPG%AGYQET_L	immgliph	huang
CRASSPGLAGYQETQYF	SSPG%AGYQET_L	immgliph	huang
CSASSPGLAGYQETQYF	SSPGL%GYQET_A	immgliph	huang
CRASSPGLAGYQETQYF	SSPGL%GYQET_A	immgliph	huang
CSASSPGLAGYQETQYF	SSPGLA%YQET_G	immgliph	huang
CRASSPGLAGYQETQYF	SSPGLA%YQET_G	immgliph	huang
CSASSPGLAGYQETQYF	SSPGLAG%QET_Y	immgliph	huang
CRASSPGLAGYQETQYF	SSPGLAG%QET_Y	immgliph	huang
CSASSPGLAGGLHEQFF	SSPGLAGGL%E_HQ	immgliph	huang
CSASSPGLAGGLQEQFF	SSPGLAGGL%E_HQ	immgliph	huang
CSASSPGLAGYQETQYF	SSPGLAGY%ET_Q	immgliph	huang
CRASSPGLAGYQETQYF	SSPGLAGY%ET_Q	immgliph	huang
CSASSPGLAGYQETQYF	SSPGLAGYQ%T_E	immgliph	huang
CRASSPGLAGYQETQYF	SSPGLAGYQ%T_E	immgliph	huang
CSASSPGLAGYQETQYF	SSPGLAGYQE%_NT	immgliph	huang
CRASSPGLAGYQETQYF	SSPGLAGYQE%_NT	immgliph	huang
CSASSPGLAGYQENQDF	SSPGLAGYQE%_NT	immgliph	huang
CASSSQGHGELFF	SSQ%HGE_G	immgliph	huang
CAGSSQGHGELFF	SSQ%HGE_G	immgliph	huang
CASSSQTVGTEAFF	SSQ%VGTE_AT	immgliph	huang
CASSSQAVGTEAFF	SSQ%VGTE_AT	immgliph	huang
CASSSQGHGELFF	SSQG%GE_H	immgliph	huang
CAGSSQGHGELFF	SSQG%GE_H	immgliph	huang
CASSSQGATDTQYF	SSQG%TDT_AG	immgliph	huang
CASSSQGGTDTQYF	SSQG%TDT_AG	immgliph	huang
CASSSQGHGELFF	SSQGH%E_G	immgliph	huang
CAGSSQGHGELFF	SSQGH%E_G	immgliph	huang
CASSSQGHGELFF	SSQGHG%_E	immgliph	huang
CAGSSQGHGELFF	SSQGHG%_E	immgliph	huang
CAISSRGETTDTQYF	SSR%ETTDT_G	immgliph	huang
CGSSSRGETTDTQYF	SSR%ETTDT_G	immgliph	huang
CASSSRDRGTDTQYF	SSRDR%TDT_GN	immgliph	huang
CASSSRDRNTDTQYF	SSRDR%TDT_GN	immgliph	huang
CASSSRGQSNYGYTF	SSRG%SNYG_QR	immgliph	huang
CASSSRGRSNYGYPF	SSRG%SNYG_QR	immgliph	huang
CAISSRGETTDTQYF	SSRG%TTDT_E	immgliph	huang
CGSSSRGETTDTQYF	SSRG%TTDT_E	immgliph	huang
CAISSRGETTDTQYF	SSRGE%TDT_T	immgliph	huang
CGSSSRGETTDTQYF	SSRGE%TDT_T	immgliph	huang
CAISSRGETTDTQYF	SSRGET%DT_T	immgliph	huang
CGSSSRGETTDTQYF	SSRGET%DT_T	immgliph	huang
CAISSRGETTDTQYF	SSRGETT%T_D	immgliph	huang
CGSSSRGETTDTQYF	SSRGETT%T_D	immgliph	huang
CAISSRGETTDTQYF	SSRGETTD%_T	immgliph	huang
CGSSSRGETTDTQYF	SSRGETTD%_T	immgliph	huang
CASSSRWTLRNEKLFF	SSRWTLRN%K_DE	immgliph	huang
CATSSRWTLRNDKLFF	SSRWTLRN%K_DE	immgliph	huang
CSASSSYEHYF	SSS%E_Y	immgliph	huang
CSASSSYEQYF	SSS%E_Y	immgliph	huang
CASSSSGGDLYTQYF	SSSGG%LYT_DN	immgliph	huang
CASSSSGGNLYTQYF	SSSGG%LYT_DN	immgliph	huang
CASSSSGGNTDTQYF	SSSGG%TDT_NS	immgliph	huang
CASSSSGGSTDTQYF	SSSGG%TDT_NS	immgliph	huang
CSASSSYEHYF	SSSY%_E	immgliph	huang
CSASSSYEQYF	SSSY%_E	immgliph	huang
CASSSTAGLEQYF	SST%GLE_A	immgliph	huang
CGSSSTAGLEQYF	SST%GLE_A	immgliph	huang
CSASSTPGRPTSGASTDTQYF	SST%GRPTSGASTDT_P	immgliph	huang
CSDSSTPGRPTSGASTDTQYF	SST%GRPTSGASTDT_P	immgliph	huang
CASSSTAGLEQYF	SSTA%LE_G	immgliph	huang
CGSSSTAGLEQYF	SSTA%LE_G	immgliph	huang
CASSSTAGLEQYF	SSTAG%E_L	immgliph	huang
CGSSSTAGLEQYF	SSTAG%E_L	immgliph	huang
CASSSTAGLEQYF	SSTAGL%_E	immgliph	huang
CGSSSTAGLEQYF	SSTAGL%_E	immgliph	huang
CASSSTGSYGYTF	SSTG%YG_ST	immgliph	huang
CASSSTGTYGYTF	SSTG%YG_ST	immgliph	huang
CASSSTLKQYF	SSTL%_EK	immgliph	huang
CASSSTLEQYF	SSTL%_EK	immgliph	huang
CSASSTPGRPTSGASTDTQYF	SSTP%RPTSGASTDT_G	immgliph	huang
CSDSSTPGRPTSGASTDTQYF	SSTP%RPTSGASTDT_G	immgliph	huang
CSASSTPGRPTSGASTDTQYF	SSTPG%PTSGASTDT_R	immgliph	huang
CSDSSTPGRPTSGASTDTQYF	SSTPG%PTSGASTDT_R	immgliph	huang
CSASSTPGRPTSGASTDTQYF	SSTPGR%TSGASTDT_P	immgliph	huang
CSDSSTPGRPTSGASTDTQYF	SSTPGR%TSGASTDT_P	immgliph	huang
CSASSTPGRPTSGASTDTQYF	SSTPGRP%SGASTDT_T	immgliph	huang
CSDSSTPGRPTSGASTDTQYF	SSTPGRP%SGASTDT_T	immgliph	huang
CSASSTPGRPTSGASTDTQYF	SSTPGRPT%GASTDT_S	immgliph	huang
CSDSSTPGRPTSGASTDTQYF	SSTPGRPT%GASTDT_S	immgliph	huang
CSASSTPGRPTSGASTDTQYF	SSTPGRPTS%ASTDT_G	immgliph	huang
CSDSSTPGRPTSGASTDTQYF	SSTPGRPTS%ASTDT_G	immgliph	huang
CSASSTPGRPTSGASTDTQYF	SSTPGRPTSG%STDT_A	immgliph	huang
CSDSSTPGRPTSGASTDTQYF	SSTPGRPTSG%STDT_A	immgliph	huang
CSASSTPGRPTSGASTDTQYF	SSTPGRPTSGA%TDT_S	immgliph	huang
CSDSSTPGRPTSGASTDTQYF	SSTPGRPTSGA%TDT_S	immgliph	huang
CSASSTPGRPTSGASTDTQYF	SSTPGRPTSGAS%DT_T	immgliph	huang
CSDSSTPGRPTSGASTDTQYF	SSTPGRPTSGAS%DT_T	immgliph	huang
CSASSTPGRPTSGASTDTQYF	SSTPGRPTSGAST%T_D	immgliph	huang
CSDSSTPGRPTSGASTDTQYF	SSTPGRPTSGAST%T_D	immgliph	huang
CSASSTPGRPTSGASTDTQYF	SSTPGRPTSGASTD%_T	immgliph	huang
CSDSSTPGRPTSGASTDTQYF	SSTPGRPTSGASTD%_T	immgliph	huang
CASSSTVNQPQHF	SSTV%QP_DN	immgliph	huang
CASSSTVDQPQHF	SSTV%QP_DN	immgliph	huang
CASSTSGGGTEAFF	ST%GGGTE_AS	immgliph	huang
CASSTAGGGTEAFF	ST%GGGTE_AS	immgliph	huang
CASSTTGYSGNTIYF	ST%GYSGNT_T	immgliph	huang
CASSTTGYSGNTIDF	ST%GYSGNT_T	immgliph	huang
CARSTRLAGTLSYNEQFF	ST%LAGTLSYNE_R	immgliph	huang
CASSTRLAGTLSYNEQFF	ST%LAGTLSYNE_R	immgliph	huang
CASSTPQGPNEKLFF	ST%QGPNEK_P	immgliph	huang
CASSTPQGPNEKLCF	ST%QGPNEK_P	immgliph	huang
CASSTRQGVFVGYTF	ST%QGVFVG_R	immgliph	huang
CGSSTRQGVFVGYTF	ST%QGVFVG_R	immgliph	huang
CASSTHRGAAYNEQFF	ST%RGAAYNE_H	immgliph	huang
CANSTHRGAAYNEQFF	ST%RGAAYNE_H	immgliph	huang
CCSSTGRTRYEQYF	ST%RTRYE_G	immgliph	huang
CASSTGRTRYEQYF	ST%RTRYE_G	immgliph	huang
CASSTGSGANVLYF	ST%SGANV_G	immgliph	huang
CASSTGSGANVLTF	ST%SGANV_G	immgliph	huang
CSSSTDTQYF	ST%T_D	immgliph	huang
CSASTDTQYF	ST%T_D	immgliph	huang
CACSTGTSGSLDEQFF	ST%TSGSLDE_G	immgliph	huang
CASSTGTSGSLDEQFF	ST%TSGSLDE_G	immgliph	huang
CSSSTDTQYF	STD%_T	immgliph	huang
CSASTDTQYF	STD%_T	immgliph	huang
CASSTDAFGTGVLKTQYF	STDA%GTGVLKT_FL	immgliph	huang
CASSTDALGTGVLKTQYF	STDA%GTGVLKT_FL	immgliph	huang
CASSTGSGANVLYF	STG%GANV_S	immgliph	huang
CASSTGSGANVLTF	STG%GANV_S	immgliph	huang
CASSTGDGYGYTF	STG%GYG_DE	immgliph	huang
CASSTGEGYGYTF	STG%GYG_DE	immgliph	huang
CACSTGTSGSLDEQFF	STG%SGSLDE_T	immgliph	huang
CASSTGTSGSLDEQFF	STG%SGSLDE_T	immgliph	huang
CCSSTGRTRYEQYF	STG%TRYE_R	immgliph	huang
CASSTGRTRYEQYF	STG%TRYE_R	immgliph	huang
CCSSTGRTRYEQYF	STGR%RYE_T	immgliph	huang
CASSTGRTRYEQYF	STGR%RYE_T	immgliph	huang
CCSSTGRTRYEQYF	STGRT%YE_R	immgliph	huang
CASSTGRTRYEQYF	STGRT%YE_R	immgliph	huang
CCSSTGRTRYEQYF	STGRTR%E_Y	immgliph	huang
CASSTGRTRYEQYF	STGRTR%E_Y	immgliph	huang
CCSSTGRTRYEQYF	STGRTRY%_E	immgliph	huang
CASSTGRTRYEQYF	STGRTRY%_E	immgliph	huang
CASSTGSGANVLYF	STGS%ANV_G	immgliph	huang
CASSTGSGANVLTF	STGS%ANV_G	immgliph	huang
CASSTGSGANVLYF	STGSG%NV_A	immgliph	huang
CASSTGSGANVLTF	STGSG%NV_A	immgliph	huang
CASSTGSGANVLYF	STGSGA%V_N	immgliph	huang
CASSTGSGANVLTF	STGSGA%V_N	immgliph	huang
CASSTGSGANVLYF	STGSGAN%_V	immgliph	huang
CASSTGSGANVLTF	STGSGAN%_V	immgliph	huang
CACSTGTSGSLDEQFF	STGT%GSLDE_S	immgliph	huang
CASSTGTSGSLDEQFF	STGT%GSLDE_S	immgliph	huang
CACSTGTSGSLDEQFF	STGTS%SLDE_G	immgliph	huang
CASSTGTSGSLDEQFF	STGTS%SLDE_G	immgliph	huang
CACSTGTSGSLDEQFF	STGTSG%LDE_S	immgliph	huang
CASSTGTSGSLDEQFF	STGTSG%LDE_S	immgliph	huang
CACSTGTSGSLDEQFF	STGTSGS%DE_L	immgliph	huang
CASSTGTSGSLDEQFF	STGTSGS%DE_L	immgliph	huang
CACSTGTSGSLDEQFF	STGTSGSL%E_D	immgliph	huang
CASSTGTSGSLDEQFF	STGTSGSL%E_D	immgliph	huang
CACSTGTSGSLDEQFF	STGTSGSLD%_E	immgliph	huang
CASSTGTSGSLDEQFF	STGTSGSLD%_E	immgliph	huang
CASSTHRGAAYNEQFF	STH%GAAYNE_R	immgliph	huang
CANSTHRGAAYNEQFF	STH%GAAYNE_R	immgliph	huang
CASSTHRGAAYNEQFF	STHR%AAYNE_G	immgliph	huang
CANSTHRGAAYNEQFF	STHR%AAYNE_G	immgliph	huang
CASSTHRGAAYNEQFF	STHRG%AYNE_A	immgliph	huang
CANSTHRGAAYNEQFF	STHRG%AYNE_A	immgliph	huang
CASSTHRGAAYNEQFF	STHRGA%YNE_A	immgliph	huang
CANSTHRGAAYNEQFF	STHRGA%YNE_A	immgliph	huang
CASSTHRGAAYNEQFF	STHRGAA%NE_Y	immgliph	huang
CANSTHRGAAYNEQFF	STHRGAA%NE_Y	immgliph	huang
CASSTHRGAAYNEQFF	STHRGAAY%E_N	immgliph	huang
CANSTHRGAAYNEQFF	STHRGAAY%E_N	immgliph	huang
CASSTHRGAAYNEQFF	STHRGAAYN%_E	immgliph	huang
CANSTHRGAAYNEQFF	STHRGAAYN%_E	immgliph	huang
CASSTIGQWGSNPHSYDQYF	STIGQWGSNPHSY%_DE	immgliph	huang
CASSTIGQWGSNPHSYEQYF	STIGQWGSNPHSY%_DE	immgliph	huang
CASSTPIATGQGASVTEAFF	STP%ATGQGASVTE_IM	immgliph	huang
CASSTPMATGQGASVTEAFF	STP%ATGQGASVTE_IM	immgliph	huang
CASSTPQGPNEKLFF	STP%GPNEK_Q	immgliph	huang
CASSTPQGPNEKLCF	STP%GPNEK_Q	immgliph	huang
CASSTPGRGAKEQYF	STPG%GAKE_QR	immgliph	huang
CASSTPGQGAKEQYF	STPG%GAKE_QR	immgliph	huang
CASSTPGGENEQFF	STPGG%NE_EQ	immgliph	huang
CASSTPGGQNEQFF	STPGG%NE_EQ	immgliph	huang
CASSTPQGPNEKLFF	STPQ%PNEK_G	immgliph	huang
CASSTPQGPNEKLCF	STPQ%PNEK_G	immgliph	huang
CASSTPQGPNEKLFF	STPQG%NEK_P	immgliph	huang
CASSTPQGPNEKLCF	STPQG%NEK_P	immgliph	huang
CASSTPQGPNEKLFF	STPQGP%EK_N	immgliph	huang
CASSTPQGPNEKLCF	STPQGP%EK_N	immgliph	huang
CASSTPQGPNEKLFF	STPQGPN%K_E	immgliph	huang
CASSTPQGPNEKLCF	STPQGPN%K_E	immgliph	huang
CASSTPQGPNEKLFF	STPQGPNE%_K	immgliph	huang
CASSTPQGPNEKLCF	STPQGPNE%_K	immgliph	huang
CARSTRLAGTLSYNEQFF	STR%AGTLSYNE_L	immgliph	huang
CASSTRLAGTLSYNEQFF	STR%AGTLSYNE_L	immgliph	huang
CASSTRQGVFVGYTF	STR%GVFVG_Q	immgliph	huang
CGSSTRQGVFVGYTF	STR%GVFVG_Q	immgliph	huang
CASSTRAGVDAYEQYF	STRAGVD%YE_AS	immgliph	huang
CASSTRAGVDSYEQYF	STRAGVD%YE_AS	immgliph	huang
CARSTRLAGTLSYNEQFF	STRL%GTLSYNE_A	immgliph	huang
CASSTRLAGTLSYNEQFF	STRL%GTLSYNE_A	immgliph	huang
CARSTRLAGTLSYNEQFF	STRLA%TLSYNE_G	immgliph	huang
CASSTRLAGTLSYNEQFF	STRLA%TLSYNE_G	immgliph	huang
CARSTRLAGTLSYNEQFF	STRLAG%LSYNE_T	immgliph	huang
CASSTRLAGTLSYNEQFF	STRLAG%LSYNE_T	immgliph	huang
CARSTRLAGTLSYNEQFF	STRLAGT%SYNE_L	immgliph	huang
CASSTRLAGTLSYNEQFF	STRLAGT%SYNE_L	immgliph	huang
CARSTRLAGTLSYNEQFF	STRLAGTL%YNE_S	immgliph	huang
CASSTRLAGTLSYNEQFF	STRLAGTL%YNE_S	immgliph	huang
CARSTRLAGTLSYNEQFF	STRLAGTLS%NE_Y	immgliph	huang
CASSTRLAGTLSYNEQFF	STRLAGTLS%NE_Y	immgliph	huang
CARSTRLAGTLSYNEQFF	STRLAGTLSY%E_N	immgliph	huang
CASSTRLAGTLSYNEQFF	STRLAGTLSY%E_N	immgliph	huang
CARSTRLAGTLSYNEQFF	STRLAGTLSYN%_E	immgliph	huang
CASSTRLAGTLSYNEQFF	STRLAGTLSYN%_E	immgliph	huang
CASSTRQGVFVGYTF	STRQ%VFVG_G	immgliph	huang
CGSSTRQGVFVGYTF	STRQ%VFVG_G	immgliph	huang
CASSTRQGVFVGYTF	STRQG%FVG_V	immgliph	huang
CGSSTRQGVFVGYTF	STRQG%FVG_V	immgliph	huang
CASSTRQGVFVGYTF	STRQGV%VG_F	immgliph	huang
CGSSTRQGVFVGYTF	STRQGV%VG_F	immgliph	huang
CASSTRQGVFVGYTF	STRQGVF%G_V	immgliph	huang
CGSSTRQGVFVGYTF	STRQGVF%G_V	immgliph	huang
CASSTRQGVFVGYTF	STRQGVFV%_G	immgliph	huang
CGSSTRQGVFVGYTF	STRQGVFV%_G	immgliph	huang
CASSTTGYSGNTIYF	STT%YSGNT_G	immgliph	huang
CASSTTGYSGNTIDF	STT%YSGNT_G	immgliph	huang
CASSTTGYSGNTIYF	STTG%SGNT_Y	immgliph	huang
CASSTTGYSGNTIDF	STTG%SGNT_Y	immgliph	huang
CASSTTGYSGNTIYF	STTGY%GNT_S	immgliph	huang
CASSTTGYSGNTIDF	STTGY%GNT_S	immgliph	huang
CASSTTGYSGNTIYF	STTGYS%NT_G	immgliph	huang
CASSTTGYSGNTIDF	STTGYS%NT_G	immgliph	huang
CASSTTGYSGNTIYF	STTGYSG%T_N	immgliph	huang
CASSTTGYSGNTIDF	STTGYSG%T_N	immgliph	huang
CASSTTGYSGNTIYF	STTGYSGN%_T	immgliph	huang
CASSTTGYSGNTIDF	STTGYSGN%_T	immgliph	huang
CARSVAAFIGDEQFF	SV%AFIGDE_A	immgliph	huang
CASSVAAFIGDEQFF	SV%AFIGDE_A	immgliph	huang
CASSVPAGGGSNEQFF	SV%AGGGSNE_P	immgliph	huang
CASSVPAGGGSNEHFF	SV%AGGGSNE_P	immgliph	huang
CASSVGAGTYEQYF	SV%AGTYE_G	immgliph	huang
CAISVGAGTYEQYF	SV%AGTYE_G	immgliph	huang
CARSVADRGYNEQFF	SV%DRGYNE_A	immgliph	huang
CASSVADRGYNEQFF	SV%DRGYNE_A	immgliph	huang
CASSVPGGTGGISNQPQHF	SV%GGTGGISNQP_P	immgliph	huang
CARSVPGGTGGISNQPQHF	SV%GGTGGISNQP_P	immgliph	huang
CAWSVQGKASYGYTF	SV%GKASYG_Q	immgliph	huang
CACSVQGKASYGYSF	SV%GKASYG_Q	immgliph	huang
CAISVGSNQPQHF	SV%SNQP_GN	immgliph	huang
CAWSVNSNQPQHF	SV%SNQP_GN	immgliph	huang
CASSVGSSYNEKFF	SV%SSYNE_GS	immgliph	huang
CASSVGSSYNEQFF	SV%SSYNE_GS	immgliph	huang
CASSVSSSYNEQFF	SV%SSYNE_GS	immgliph	huang
CASSVGTEETYGVTF	SV%TEETYG_G	immgliph	huang
CASSVGTEETYGYTF	SV%TEETYG_G	immgliph	huang
CASSVLTGRTDTQYF	SV%TGRTDT_L	immgliph	huang
CSSSVLTGRTDTQYF	SV%TGRTDT_L	immgliph	huang
CASSVGTLYGYTF	SV%TLYG_G	immgliph	huang
CARSVGTLYGYTF	SV%TLYG_G	immgliph	huang
CASSVGTNTGELFF	SV%TNTGE_G	immgliph	huang
CASSVGTNTGEMFF	SV%TNTGE_G	immgliph	huang
CASSVTTNTGELFF	SV%TNTGE_T	immgliph	huang
CASSVTTNTGERFF	SV%TNTGE_T	immgliph	huang
CARSVAAFIGDEQFF	SVA%FIGDE_A	immgliph	huang
CASSVAAFIGDEQFF	SVA%FIGDE_A	immgliph	huang
CARSVADRGYNEQFF	SVA%RGYNE_D	immgliph	huang
CASSVADRGYNEQFF	SVA%RGYNE_D	immgliph	huang
CARSVAAFIGDEQFF	SVAA%IGDE_F	immgliph	huang
CASSVAAFIGDEQFF	SVAA%IGDE_F	immgliph	huang
CARSVAAFIGDEQFF	SVAAF%GDE_I	immgliph	huang
CASSVAAFIGDEQFF	SVAAF%GDE_I	immgliph	huang
CARSVAAFIGDEQFF	SVAAFI%DE_G	immgliph	huang
CASSVAAFIGDEQFF	SVAAFI%DE_G	immgliph	huang
CARSVAAFIGDEQFF	SVAAFIG%E_D	immgliph	huang
CASSVAAFIGDEQFF	SVAAFIG%E_D	immgliph	huang
CARSVAAFIGDEQFF	SVAAFIGD%_E	immgliph	huang
CASSVAAFIGDEQFF	SVAAFIGD%_E	immgliph	huang
CARSVADRGYNEQFF	SVAD%GYNE_R	immgliph	huang
CASSVADRGYNEQFF	SVAD%GYNE_R	immgliph	huang
CARSVADRGYNEQFF	SVADR%YNE_G	immgliph	huang
CASSVADRGYNEQFF	SVADR%YNE_G	immgliph	huang
CARSVADRGYNEQFF	SVADRG%NE_Y	immgliph	huang
CASSVADRGYNEQFF	SVADRG%NE_Y	immgliph	huang
CARSVADRGYNEQFF	SVADRGY%E_N	immgliph	huang
CASSVADRGYNEQFF	SVADRGY%E_N	immgliph	huang
CARSVADRGYNEQFF	SVADRGYN%_E	immgliph	huang
CASSVADRGYNEQFF	SVADRGYN%_E	immgliph	huang
CASSVCGRESAGHQPPHF	SVCGRESAG%QP_HN	immgliph	huang
CASSVCGRESAGNQPQHF	SVCGRESAG%QP_HN	immgliph	huang
CASSVEQGGYGYTF	SVEQG%YG_GS	immgliph	huang
CASSVEQGSYGYTF	SVEQG%YG_GS	immgliph	huang
CASSVGTEETYGVTF	SVG%EETYG_T	immgliph	huang
CASSVGTEETYGYTF	SVG%EETYG_T	immgliph	huang
CASSVGAGTYEQYF	SVG%GTYE_A	immgliph	huang
CAISVGAGTYEQYF	SVG%GTYE_A	immgliph	huang
CASSVGTLYGYTF	SVG%LYG_T	immgliph	huang
CARSVGTLYGYTF	SVG%LYG_T	immgliph	huang
CAISVGSNQPQHF	SVG%NQP_GS	immgliph	huang
CASSVGGNQPQHF	SVG%NQP_GS	immgliph	huang
CASSVGTNTGELFF	SVG%NTGE_T	immgliph	huang
CASSVGTNTGEMFF	SVG%NTGE_T	immgliph	huang
CASSVGSSYNEKFF	SVG%SYNE_S	immgliph	huang
CASSVGSSYNEQFF	SVG%SYNE_S	immgliph	huang
CASSVGAGTYEQYF	SVGA%TYE_G	immgliph	huang
CAISVGAGTYEQYF	SVGA%TYE_G	immgliph	huang
CASSVGAGTYEQYF	SVGAG%YE_T	immgliph	huang
CAISVGAGTYEQYF	SVGAG%YE_T	immgliph	huang
CASSVGAGTYEQYF	SVGAGT%E_Y	immgliph	huang
CAISVGAGTYEQYF	SVGAGT%E_Y	immgliph	huang
CASSVGAGTYEQYF	SVGAGTY%_E	immgliph	huang
CAISVGAGTYEQYF	SVGAGTY%_E	immgliph	huang
CASSVGGRRYTDTQYF	SVGGR%YTDT_QR	immgliph	huang
CASSVGGRQYTDTQYF	SVGGR%YTDT_QR	immgliph	huang
CASSVGQLDTYEQYF	SVGQL%TYE_DE	immgliph	huang
CASSVGQLETYEQYF	SVGQL%TYE_DE	immgliph	huang
CASSVGSSLAVFEQYF	SVGS%LAVFE_AS	immgliph	huang
CASSVGSALAVFEQYF	SVGS%LAVFE_AS	immgliph	huang
CASSVGSSYNEKFF	SVGS%YNE_S	immgliph	huang
CASSVGSSYNEQFF	SVGS%YNE_S	immgliph	huang
CASSVGSSYNEKFF	SVGSS%NE_Y	immgliph	huang
CASSVGSSYNEQFF	SVGSS%NE_Y	immgliph	huang
CASSVGSSYNEKFF	SVGSSY%E_N	immgliph	huang
CASSVGSSYNEQFF	SVGSSY%E_N	immgliph	huang
CASSVGSSYNEKFF	SVGSSYN%_E	immgliph	huang
CASSVGSSYNEQFF	SVGSSYN%_E	immgliph	huang
CASSVGTEETYGVTF	SVGT%ETYG_E	immgliph	huang
CASSVGTEETYGYTF	SVGT%ETYG_E	immgliph	huang
CASSVGTNTGELFF	SVGT%TGE_N	immgliph	huang
CASSVGTNTGEMFF	SVGT%TGE_N	immgliph	huang
CASSVGTLYGYTF	SVGT%YG_L	immgliph	huang
CARSVGTLYGYTF	SVGT%YG_L	immgliph	huang
CASSVGTEETYGVTF	SVGTE%TYG_E	immgliph	huang
CASSVGTEETYGYTF	SVGTE%TYG_E	immgliph	huang
CASSVGTEETYGVTF	SVGTEE%YG_T	immgliph	huang
CASSVGTEETYGYTF	SVGTEE%YG_T	immgliph	huang
CASSVGTEETYGVTF	SVGTEET%G_Y	immgliph	huang
CASSVGTEETYGYTF	SVGTEET%G_Y	immgliph	huang
CASSVGTEETYGVTF	SVGTEETY%_G	immgliph	huang
CASSVGTEETYGYTF	SVGTEETY%_G	immgliph	huang
CASSVGTLYGYTF	SVGTL%G_Y	immgliph	huang
CARSVGTLYGYTF	SVGTL%G_Y	immgliph	huang
CASSVGTLYGYTF	SVGTLY%_G	immgliph	huang
CARSVGTLYGYTF	SVGTLY%_G	immgliph	huang
CASSVGTNTGELFF	SVGTN%GE_T	immgliph	huang
CASSVGTNTGEMFF	SVGTN%GE_T	immgliph	huang
CASSVGTNTGELFF	SVGTNT%E_G	immgliph	huang
CASSVGTNTGEMFF	SVGTNT%E_G	immgliph	huang
CASSVGTNTGELFF	SVGTNTG%_E	immgliph	huang
CASSVGTNTGEMFF	SVGTNTG%_E	immgliph	huang
CAGSVHDGEETQYF	SVHD%EET_GS	immgliph	huang
CAWSVHDSEETQYF	SVHD%EET_GS	immgliph	huang
CASSVLTGRTDTQYF	SVL%GRTDT_T	immgliph	huang
CSSSVLTGRTDTQYF	SVL%GRTDT_T	immgliph	huang
CASSVLTGRTDTQYF	SVLT%RTDT_G	immgliph	huang
CSSSVLTGRTDTQYF	SVLT%RTDT_G	immgliph	huang
CASSVLTGRTDTQYF	SVLTG%TDT_R	immgliph	huang
CSSSVLTGRTDTQYF	SVLTG%TDT_R	immgliph	huang
CASSVLTGRTDTQYF	SVLTGR%DT_T	immgliph	huang
CSSSVLTGRTDTQYF	SVLTGR%DT_T	immgliph	huang
CASSVLTGRTDTQYF	SVLTGRT%T_D	immgliph	huang
CSSSVLTGRTDTQYF	SVLTGRT%T_D	immgliph	huang
CASSVLTGRTDTQYF	SVLTGRTD%_T	immgliph	huang
CSSSVLTGRTDTQYF	SVLTGRTD%_T	immgliph	huang
CASSVPAGGGSNEQFF	SVP%GGGSNE_A	immgliph	huang
CASSVPAGGGSNEHFF	SVP%GGGSNE_A	immgliph	huang
CASSVPGGTGGISNQPQHF	SVP%GTGGISNQP_G	immgliph	huang
CARSVPGGTGGISNQPQHF	SVP%GTGGISNQP_G	immgliph	huang
CASSVPAGGGSNEQFF	SVPA%GGSNE_G	immgliph	huang
CASSVPAGGGSNEHFF	SVPA%GGSNE_G	immgliph	huang
CASSVPAGGGSNEQFF	SVPAG%GSNE_G	immgliph	huang
CASSVPAGGGSNEHFF	SVPAG%GSNE_G	immgliph	huang
CASSVPAGGGSNEQFF	SVPAGG%SNE_G	immgliph	huang
CASSVPAGGGSNEHFF	SVPAGG%SNE_G	immgliph	huang
CASSVPAGGGSNEQFF	SVPAGGG%NE_S	immgliph	huang
CASSVPAGGGSNEHFF	SVPAGGG%NE_S	immgliph	huang
CASSVPAGGGSNEQFF	SVPAGGGS%E_N	immgliph	huang
CASSVPAGGGSNEHFF	SVPAGGGS%E_N	immgliph	huang
CASSVPAGGGSNEQFF	SVPAGGGSN%_E	immgliph	huang
CASSVPAGGGSNEHFF	SVPAGGGSN%_E	immgliph	huang
CASSVPGGTGGISNQPQHF	SVPG%TGGISNQP_G	immgliph	huang
CARSVPGGTGGISNQPQHF	SVPG%TGGISNQP_G	immgliph	huang
CASSVPGGTGGISNQPQHF	SVPGG%GGISNQP_T	immgliph	huang
CARSVPGGTGGISNQPQHF	SVPGG%GGISNQP_T	immgliph	huang
CASSVPGGTGGISNQPQHF	SVPGGT%GISNQP_G	immgliph	huang
CARSVPGGTGGISNQPQHF	SVPGGT%GISNQP_G	immgliph	huang
CASSVPGGTGGISNQPQHF	SVPGGTG%ISNQP_G	immgliph	huang
CARSVPGGTGGISNQPQHF	SVPGGTG%ISNQP_G	immgliph	huang
CASSVPGGTGGISNQPQHF	SVPGGTGG%SNQP_I	immgliph	huang
CARSVPGGTGGISNQPQHF	SVPGGTGG%SNQP_I	immgliph	huang
CASSVPGGTGGISNQPQHF	SVPGGTGGI%NQP_S	immgliph	huang
CARSVPGGTGGISNQPQHF	SVPGGTGGI%NQP_S	immgliph	huang
CASSVPGGTGGISNQPQHF	SVPGGTGGIS%QP_N	immgliph	huang
CARSVPGGTGGISNQPQHF	SVPGGTGGIS%QP_N	immgliph	huang
CASSVPGGTGGISNQPQHF	SVPGGTGGISN%P_Q	immgliph	huang
CARSVPGGTGGISNQPQHF	SVPGGTGGISN%P_Q	immgliph	huang
CASSVPGGTGGISNQPQHF	SVPGGTGGISNQ%_P	immgliph	huang
CARSVPGGTGGISNQPQHF	SVPGGTGGISNQ%_P	immgliph	huang
CAWSVQGKASYGYTF	SVQ%KASYG_G	immgliph	huang
CACSVQGKASYGYSF	SVQ%KASYG_G	immgliph	huang
CAWSVQGKASYGYTF	SVQG%ASYG_K	immgliph	huang
CACSVQGKASYGYSF	SVQG%ASYG_K	immgliph	huang
CAWSVQGKASYGYTF	SVQGK%SYG_A	immgliph	huang
CACSVQGKASYGYSF	SVQGK%SYG_A	immgliph	huang
CAWSVQGKASYGYTF	SVQGKA%YG_S	immgliph	huang
CACSVQGKASYGYSF	SVQGKA%YG_S	immgliph	huang
CAWSVQGKASYGYTF	SVQGKAS%G_Y	immgliph	huang
CACSVQGKASYGYSF	SVQGKAS%G_Y	immgliph	huang
CAWSVQGKASYGYTF	SVQGKASY%_G	immgliph	huang
CACSVQGKASYGYSF	SVQGKASY%_G	immgliph	huang
CASSVSAGLGYEQFF	SVSA%LGYE_GS	immgliph	huang
CASSVSASLGYEQFF	SVSA%LGYE_GS	immgliph	huang
CASSVSGGGAKEQFF	SVSGGGA%E_KN	immgliph	huang
CASSVSGGGANEQFF	SVSGGGA%E_KN	immgliph	huang
CASSVSLTAGMNAEAFF	SVSLTAGMN%E_AT	immgliph	huang
CASSVSLTAGMNTEAFF	SVSLTAGMN%E_AT	immgliph	huang
CASSVTTNTGELFF	SVT%NTGE_T	immgliph	huang
CASSVTTNTGERFF	SVT%NTGE_T	immgliph	huang
CASSVTTNTGELFF	SVTT%TGE_N	immgliph	huang
CASSVTTNTGERFF	SVTT%TGE_N	immgliph	huang
CASSVTTNTGELFF	SVTTN%GE_T	immgliph	huang
CASSVTTNTGERFF	SVTTN%GE_T	immgliph	huang
CASSVTTNTGELFF	SVTTNT%E_G	immgliph	huang
CASSVTTNTGERFF	SVTTNT%E_G	immgliph	huang
CASSVTTNTGELFF	SVTTNTG%_E	immgliph	huang
CASSVTTNTGERFF	SVTTNTG%_E	immgliph	huang
CGGSWEAGELFF	SW%AGE_E	immgliph	huang
CASSWEAGELFF	SW%AGE_E	immgliph	huang
CAGSWGDTQYF	SW%DT_G	immgliph	huang
CASSWGDTQYF	SW%DT_G	immgliph	huang
CASSWEGGPLGTDTQYF	SW%GGPLGTDT_DE	immgliph	huang
CASSWDGGPLGTDTQYF	SW%GGPLGTDT_DE	immgliph	huang
CASSWIGGYGYTF	SW%GGYG_I	immgliph	huang
CGSSWIGGYGYTF	SW%GGYG_I	immgliph	huang
CASSWGLGHPPYEQYF	SW%LGHPPYE_G	immgliph	huang
CASSWGLGHPPYERYF	SW%LGHPPYE_G	immgliph	huang
CSASWASGRGETQYF	SWASGRG%T_EQ	immgliph	huang
CSASWASGRGQTQYF	SWASGRG%T_EQ	immgliph	huang
CGGSWEAGELFF	SWE%GE_A	immgliph	huang
CASSWEAGELFF	SWE%GE_A	immgliph	huang
CGGSWEAGELFF	SWEA%E_G	immgliph	huang
CASSWEAGELFF	SWEA%E_G	immgliph	huang
CGGSWEAGELFF	SWEAG%_E	immgliph	huang
CASSWEAGELFF	SWEAG%_E	immgliph	huang
CATSWEKAGERFAEAFF	SWEKAGERF%E_AT	immgliph	huang
CATSWEKAGERFTEAFF	SWEKAGERF%E_AT	immgliph	huang
CASSWGLGHPPYEQYF	SWG%GHPPYE_L	immgliph	huang
CASSWGLGHPPYERYF	SWG%GHPPYE_L	immgliph	huang
CAGSWGDTQYF	SWG%T_D	immgliph	huang
CASSWGDTQYF	SWG%T_D	immgliph	huang
CAGSWGDTQYF	SWGD%_T	immgliph	huang
CASSWGDTQYF	SWGD%_T	immgliph	huang
CASSWGLGHPPYEQYF	SWGL%HPPYE_G	immgliph	huang
CASSWGLGHPPYERYF	SWGL%HPPYE_G	immgliph	huang
CASSWGLGHPPYEQYF	SWGLG%PPYE_H	immgliph	huang
CASSWGLGHPPYERYF	SWGLG%PPYE_H	immgliph	huang
CASSWGLGHPPYEQYF	SWGLGH%PYE_P	immgliph	huang
CASSWGLGHPPYERYF	SWGLGH%PYE_P	immgliph	huang
CASSWGLGHPPYEQYF	SWGLGHP%YE_P	immgliph	huang
CASSWGLGHPPYERYF	SWGLGHP%YE_P	immgliph	huang
CASSWGLGHPPYEQYF	SWGLGHPP%E_Y	immgliph	huang
CASSWGLGHPPYERYF	SWGLGHPP%E_Y	immgliph	huang
CASSWGLGHPPYEQYF	SWGLGHPPY%_E	immgliph	huang
CASSWGLGHPPYERYF	SWGLGHPPY%_E	immgliph	huang
CASSWGTTGAASATQYF	SWGTTGAAS%T_AG	immgliph	huang
CASSWGTTGAASGTQYF	SWGTTGAAS%T_AG	immgliph	huang
CASSWIGGYGYTF	SWI%GYG_G	immgliph	huang
CGSSWIGGYGYTF	SWI%GYG_G	immgliph	huang
CASSWIGGYGYTF	SWIG%YG_G	immgliph	huang
CGSSWIGGYGYTF	SWIG%YG_G	immgliph	huang
CASSWIGGYGYTF	SWIGG%G_Y	immgliph	huang
CGSSWIGGYGYTF	SWIGG%G_Y	immgliph	huang
CASSWIGGYGYTF	SWIGGY%_G	immgliph	huang
CGSSWIGGYGYTF	SWIGGY%_G	immgliph	huang
CASSWTSGGGTDTQYF	SWT%GGGTDT_NS	immgliph	huang
CASSWTNGGGTDTQYF	SWT%GGGTDT_NS	immgliph	huang
CASSYRDRGRRGYAF	SY%DRGRRG_R	immgliph	huang
CASSYRDRGRRGYTF	SY%DRGRRG_R	immgliph	huang
CACSYVGQGKRCF	SY%GQGK_IV	immgliph	huang
CASSYIGQGKLFF	SY%GQGK_IV	immgliph	huang
CASSYSPGPTYEQYF	SY%PGPTYE_S	immgliph	huang
CAGSYSPGPTYEQYF	SY%PGPTYE_S	immgliph	huang
CASSYRPSGSSYNEQFF	SY%PSGSSYNE_R	immgliph	huang
CDSSYRPSGSSYNEQFF	SY%PSGSSYNE_R	immgliph	huang
CVSSYSSGRGGETQYF	SY%SGRGGET_S	immgliph	huang
CASSYSSGRGGETQYF	SY%SGRGGET_S	immgliph	huang
CASSYGTGQETQYF	SY%TGQET_G	immgliph	huang
CVSSYGTGQETQYF	SY%TGQET_G	immgliph	huang
CASSYGTGQETQYF	SYG%GQET_T	immgliph	huang
CVSSYGTGQETQYF	SYG%GQET_T	immgliph	huang
CASSYGTGQETQYF	SYGT%QET_G	immgliph	huang
CVSSYGTGQETQYF	SYGT%QET_G	immgliph	huang
CASSYGTGQETQYF	SYGTG%ET_Q	immgliph	huang
CVSSYGTGQETQYF	SYGTG%ET_Q	immgliph	huang
CASSYGTGQETQYF	SYGTGQ%T_E	immgliph	huang
CVSSYGTGQETQYF	SYGTGQ%T_E	immgliph	huang
CASSYGTGQETQYF	SYGTGQE%_T	immgliph	huang
CVSSYGTGQETQYF	SYGTGQE%_T	immgliph	huang
CASSYRDRGRRGYAF	SYR%RGRRG_D	immgliph	huang
CASSYRDRGRRGYTF	SYR%RGRRG_D	immgliph	huang
CASSYRPSGSSYNEQFF	SYR%SGSSYNE_P	immgliph	huang
CDSSYRPSGSSYNEQFF	SYR%SGSSYNE_P	immgliph	huang
CASSYRDRGRRGYAF	SYRD%GRRG_R	immgliph	huang
CASSYRDRGRRGYTF	SYRD%GRRG_R	immgliph	huang
CASSYRDRGRRGYAF	SYRDR%RRG_G	immgliph	huang
CASSYRDRGRRGYTF	SYRDR%RRG_G	immgliph	huang
CASSYRDRGRRGYAF	SYRDRG%RG_R	immgliph	huang
CASSYRDRGRRGYTF	SYRDRG%RG_R	immgliph	huang
CASSYRDRGRRGYAF	SYRDRGR%G_R	immgliph	huang
CASSYRDRGRRGYTF	SYRDRGR%G_R	immgliph	huang
CASSYRDRGRRGYAF	SYRDRGRR%_G	immgliph	huang
CASSYRDRGRRGYTF	SYRDRGRR%_G	immgliph	huang
CASSYRPSGSSYNEQFF	SYRP%GSSYNE_S	immgliph	huang
CDSSYRPSGSSYNEQFF	SYRP%GSSYNE_S	immgliph	huang
CASSYRPSGSSYNEQFF	SYRPS%SSYNE_G	immgliph	huang
CDSSYRPSGSSYNEQFF	SYRPS%SSYNE_G	immgliph	huang
CASSYRPSGSSYNEQFF	SYRPSG%SYNE_S	immgliph	huang
CDSSYRPSGSSYNEQFF	SYRPSG%SYNE_S	immgliph	huang
CASSYRPSGSSYNEQFF	SYRPSGS%YNE_S	immgliph	huang
CDSSYRPSGSSYNEQFF	SYRPSGS%YNE_S	immgliph	huang
CASSYRPSGSSYNEQFF	SYRPSGSS%NE_Y	immgliph	huang
CDSSYRPSGSSYNEQFF	SYRPSGSS%NE_Y	immgliph	huang
CASSYRPSGSSYNEQFF	SYRPSGSSY%E_N	immgliph	huang
CDSSYRPSGSSYNEQFF	SYRPSGSSY%E_N	immgliph	huang
CASSYRPSGSSYNEQFF	SYRPSGSSYN%_E	immgliph	huang
CDSSYRPSGSSYNEQFF	SYRPSGSSYN%_E	immgliph	huang
CASSYSPGPTYEQYF	SYS%GPTYE_P	immgliph	huang
CAGSYSPGPTYEQYF	SYS%GPTYE_P	immgliph	huang
CVSSYSSGRGGETQYF	SYS%GRGGET_S	immgliph	huang
CASSYSSGRGGETQYF	SYS%GRGGET_S	immgliph	huang
CASSYSGTEAFF	SYSG%E_DNT	immgliph	huang
CASSYSGDEQYF	SYSG%E_DNT	immgliph	huang
CASSYSGNEQYF	SYSG%E_DNT	immgliph	huang
CASSYSGVSYNEQFF	SYSG%SYNE_TV	immgliph	huang
CASSYSGTSYNEQFF	SYSG%SYNE_TV	immgliph	huang
CASSYSLQGRSEAFF	SYSLQGRS%_EK	immgliph	huang
CASSYSLQGRSKHYF	SYSLQGRS%_EK	immgliph	huang
CASSYSPAGLAGRNEQFF	SYSP%GLAGRNE_AV	immgliph	huang
CASSYSPVGLAGRNEQFF	SYSP%GLAGRNE_AV	immgliph	huang
CASSYSPGPTYEQYF	SYSP%PTYE_G	immgliph	huang
CAGSYSPGPTYEQYF	SYSP%PTYE_G	immgliph	huang
CASSYSPGPTYEQYF	SYSPG%TYE_P	immgliph	huang
CAGSYSPGPTYEQYF	SYSPG%TYE_P	immgliph	huang
CASSYSPGPTYEQYF	SYSPGP%YE_T	immgliph	huang
CAGSYSPGPTYEQYF	SYSPGP%YE_T	immgliph	huang
CASSYSPGPTYEQYF	SYSPGPT%E_Y	immgliph	huang
CAGSYSPGPTYEQYF	SYSPGPT%E_Y	immgliph	huang
CASSYSPGPTYEQYF	SYSPGPTY%_E	immgliph	huang
CAGSYSPGPTYEQYF	SYSPGPTY%_E	immgliph	huang
CVSSYSSGRGGETQYF	SYSS%RGGET_G	immgliph	huang
CASSYSSGRGGETQYF	SYSS%RGGET_G	immgliph	huang
CVSSYSSGRGGETQYF	SYSSG%GGET_R	immgliph	huang
CASSYSSGRGGETQYF	SYSSG%GGET_R	immgliph	huang
CVSSYSSGRGGETQYF	SYSSGR%GET_G	immgliph	huang
CASSYSSGRGGETQYF	SYSSGR%GET_G	immgliph	huang
CVSSYSSGRGGETQYF	SYSSGRG%ET_G	immgliph	huang
CASSYSSGRGGETQYF	SYSSGRG%ET_G	immgliph	huang
CVSSYSSGRGGETQYF	SYSSGRGG%T_E	immgliph	huang
CASSYSSGRGGETQYF	SYSSGRGG%T_E	immgliph	huang
CVSSYSSGRGGETQYF	SYSSGRGGE%_T	immgliph	huang
CASSYSSGRGGETQYF	SYSSGRGGE%_T	immgliph	huang
CASSYVSRTDTQYF	SYVSRT%T_DE	immgliph	huang
CASSYVSRTETQYF	SYVSRT%T_DE	immgliph	huang
CSATIEQGIIGEQFF	T%EQGIIGE_I	immgliph	huang
CSATIEQGIIGEKCF	T%EQGIIGE_I	immgliph	huang
CASTKGALGETQYF	T%GALGET_K	immgliph	huang
CARTKGALGETQYF	T%GALGET_K	immgliph	huang
CASTKGGGYQETNYF	T%GGGYQET_KQ	immgliph	huang
CASTQGGGYQETQYF	T%GGGYQET_KQ	immgliph	huang
CASTTGGPIETQYF	T%GGPIET_T	immgliph	huang
CCSTTGGPIETQYF	T%GGPIET_T	immgliph	huang
CASTAGLPMEQFF	T%GLPME_A	immgliph	huang
CDSTAGLPMEQFF	T%GLPME_A	immgliph	huang
CAGTQGVNRDQPQQF	T%GVNRDQP_Q	immgliph	huang
CAWTQGVNRDQPQHF	T%GVNRDQP_Q	immgliph	huang
CASTGLADSYEQYF	T%LADSYE_G	immgliph	huang
CASTGLADSYERYF	T%LADSYE_G	immgliph	huang
CASTVNRGNTEAFF	T%NRGNTE_V	immgliph	huang
CSSTVNRGNTEAFF	T%NRGNTE_V	immgliph	huang
CASTENTEAFF	T%NTE_E	immgliph	huang
CSGTENTEAFF	T%NTE_E	immgliph	huang
CSATSPGDRAKYF	T%PGDRA_S	immgliph	huang
CSATSPGDRAQYF	T%PGDRA_S	immgliph	huang
CDSTRRSEAFF	T%RSE_R	immgliph	huang
CASTRRSEAFF	T%RSE_R	immgliph	huang
CSSTARTGGSAEAFF	T%RTGGSAE_A	immgliph	huang
CASTARTGGSAEAFF	T%RTGGSAE_A	immgliph	huang
CSATVSDQPQHF	T%SDQP_V	immgliph	huang
CSTTVSDQPQHF	T%SDQP_V	immgliph	huang
CSATGSYGYTF	T%SYG_AG	immgliph	huang
CASTASYGYTF	T%SYG_AG	immgliph	huang
CSATGTAHGYTF	T%TAHG_G	immgliph	huang
CSGTGTAHGYTF	T%TAHG_G	immgliph	huang
CSATDTGELFF	T%TGE_DE	immgliph	huang
CSATETGELFF	T%TGE_DE	immgliph	huang
CASTRYRGCEKYF	T%YRGCE_R	immgliph	huang
CASTRYRGCEQYF	T%YRGCE_R	immgliph	huang
CGSTRYRGCEQYF	T%YRGCE_R	immgliph	huang
CASTAGLPMEQFF	TA%LPME_G	immgliph	huang
CDSTAGLPMEQFF	TA%LPME_G	immgliph	huang
CSSTARTGGSAEAFF	TA%TGGSAE_R	immgliph	huang
CASTARTGGSAEAFF	TA%TGGSAE_R	immgliph	huang
CASTAELGGAYNDPFF	TAELGGAYN%_DE	immgliph	huang
CASTAELGGAYNEQFF	TAELGGAYN%_DE	immgliph	huang
CASTAGLPMEQFF	TAG%PME_L	immgliph	huang
CDSTAGLPMEQFF	TAG%PME_L	immgliph	huang
CASTAGLPMEQFF	TAGL%ME_P	immgliph	huang
CDSTAGLPMEQFF	TAGL%ME_P	immgliph	huang
CASTAGLPMEQFF	TAGLP%E_M	immgliph	huang
CDSTAGLPMEQFF	TAGLP%E_M	immgliph	huang
CASTAGLPMEQFF	TAGLPM%_E	immgliph	huang
CDSTAGLPMEQFF	TAGLPM%_E	immgliph	huang
CSSTARTGGSAEAFF	TAR%GGSAE_T	immgliph	huang
CASTARTGGSAEAFF	TAR%GGSAE_T	immgliph	huang
CSSTARTGGSAEAFF	TART%GSAE_G	immgliph	huang
CASTARTGGSAEAFF	TART%GSAE_G	immgliph	huang
CSSTARTGGSAEAFF	TARTG%SAE_G	immgliph	huang
CASTARTGGSAEAFF	TARTG%SAE_G	immgliph	huang
CSSTARTGGSAEAFF	TARTGG%AE_S	immgliph	huang
CASTARTGGSAEAFF	TARTGG%AE_S	immgliph	huang
CSSTARTGGSAEAFF	TARTGGS%E_A	immgliph	huang
CASTARTGGSAEAFF	TARTGGS%E_A	immgliph	huang
CSSTARTGGSAEAFF	TARTGGSA%_E	immgliph	huang
CASTARTGGSAEAFF	TARTGGSA%_E	immgliph	huang
CASTENTEAFF	TE%TE_N	immgliph	huang
CSGTENTEAFF	TE%TE_N	immgliph	huang
CASTENTEAFF	TEN%E_T	immgliph	huang
CSGTENTEAFF	TEN%E_T	immgliph	huang
CASTENTEAFF	TENT%_E	immgliph	huang
CSGTENTEAFF	TENT%_E	immgliph	huang
CASTGLADSYEQYF	TG%ADSYE_L	immgliph	huang
CASTGLADSYERYF	TG%ADSYE_L	immgliph	huang
CSATGTAHGYTF	TG%AHG_T	immgliph	huang
CSGTGTAHGYTF	TG%AHG_T	immgliph	huang
CSATGAYGYTF	TG%YG_AS	immgliph	huang
CSATGSYGYTF	TG%YG_AS	immgliph	huang
CASTGLADSYEQYF	TGL%DSYE_A	immgliph	huang
CASTGLADSYERYF	TGL%DSYE_A	immgliph	huang
CASTGLADSYEQYF	TGLA%SYE_D	immgliph	huang
CASTGLADSYERYF	TGLA%SYE_D	immgliph	huang
CASTGLADSYEQYF	TGLAD%YE_S	immgliph	huang
CASTGLADSYERYF	TGLAD%YE_S	immgliph	huang
CASTGLADSYEQYF	TGLADS%E_Y	immgliph	huang
CASTGLADSYERYF	TGLADS%E_Y	immgliph	huang
CASTGLADSYEQYF	TGLADSY%_E	immgliph	huang
CASTGLADSYERYF	TGLADSY%_E	immgliph	huang
CSATGTAHGYTF	TGT%HG_A	immgliph	huang
CSGTGTAHGYTF	TGT%HG_A	immgliph	huang
CSATGTAHGYTF	TGTA%G_H	immgliph	huang
CSGTGTAHGYTF	TGTA%G_H	immgliph	huang
CSATGTAHGYTF	TGTAH%_G	immgliph	huang
CSGTGTAHGYTF	TGTAH%_G	immgliph	huang
CSATGTGIYNEQFF	TGTG%YNE_IM	immgliph	huang
CSATGTGMYNEQFF	TGTG%YNE_IM	immgliph	huang
CSATIEQGIIGEQFF	TI%QGIIGE_E	immgliph	huang
CSATIEQGIIGEKCF	TI%QGIIGE_E	immgliph	huang
CSATIEQGIIGEQFF	TIE%GIIGE_Q	immgliph	huang
CSATIEQGIIGEKCF	TIE%GIIGE_Q	immgliph	huang
CSATIEQGIIGEQFF	TIEQ%IIGE_G	immgliph	huang
CSATIEQGIIGEKCF	TIEQ%IIGE_G	immgliph	huang
CSATIEQGIIGEQFF	TIEQG%IGE_I	immgliph	huang
CSATIEQGIIGEKCF	TIEQG%IGE_I	immgliph	huang
CSATIEQGIFGEQFF	TIEQGI%GE_FI	immgliph	huang
CSATIEQGIIGEQFF	TIEQGI%GE_FI	immgliph	huang
CSATIEQGIIGEKCF	TIEQGI%GE_FI	immgliph	huang
CSATIEQGIIGEQFF	TIEQGII%E_G	immgliph	huang
CSATIEQGIIGEKCF	TIEQGII%E_G	immgliph	huang
CSATIEQGIIGEQFF	TIEQGIIG%_E	immgliph	huang
CSATIEQGIIGEKCF	TIEQGIIG%_E	immgliph	huang
CASTKGALGETQYF	TK%ALGET_G	immgliph	huang
CARTKGALGETQYF	TK%ALGET_G	immgliph	huang
CASTKGALGETQYF	TKG%LGET_A	immgliph	huang
CARTKGALGETQYF	TKG%LGET_A	immgliph	huang
CASTKGALGETQYF	TKGA%GET_L	immgliph	huang
CARTKGALGETQYF	TKGA%GET_L	immgliph	huang
CASTKGALGETQYF	TKGAL%ET_G	immgliph	huang
CARTKGALGETQYF	TKGAL%ET_G	immgliph	huang
CASTKGALGETQYF	TKGALG%T_E	immgliph	huang
CARTKGALGETQYF	TKGALG%T_E	immgliph	huang
CASTKGALGETQYF	TKGALGE%_T	immgliph	huang
CARTKGALGETQYF	TKGALGE%_T	immgliph	huang
CASTMGQAIPAAGNDQFF	TMGQAIPAAGN%_DE	immgliph	huang
CASTMGQAIPAAGNEQFF	TMGQAIPAAGN%_DE	immgliph	huang
CSATPGGYPYHEQFF	TPGGYPY%E_HN	immgliph	huang
CSATPGGYPYNEQFF	TPGGYPY%E_HN	immgliph	huang
CAGTQGVNRDQPQQF	TQ%VNRDQP_G	immgliph	huang
CAWTQGVNRDQPQHF	TQ%VNRDQP_G	immgliph	huang
CAGTQGVNRDQPQQF	TQG%NRDQP_V	immgliph	huang
CAWTQGVNRDQPQHF	TQG%NRDQP_V	immgliph	huang
CAGTQGVNRDQPQQF	TQGV%RDQP_N	immgliph	huang
CAWTQGVNRDQPQHF	TQGV%RDQP_N	immgliph	huang
CAGTQGVNRDQPQQF	TQGVN%DQP_R	immgliph	huang
CAWTQGVNRDQPQHF	TQGVN%DQP_R	immgliph	huang
CAGTQGVNRDQPQQF	TQGVNR%QP_D	immgliph	huang
CAWTQGVNRDQPQHF	TQGVNR%QP_D	immgliph	huang
CAGTQGVNRDQPQQF	TQGVNRD%P_Q	immgliph	huang
CAWTQGVNRDQPQHF	TQGVNRD%P_Q	immgliph	huang
CAGTQGVNRDQPQQF	TQGVNRDQ%_P	immgliph	huang
CAWTQGVNRDQPQHF	TQGVNRDQ%_P	immgliph	huang
CASTRYRGCEKYF	TR%RGCE_Y	immgliph	huang
CASTRYRGCEQYF	TR%RGCE_Y	immgliph	huang
CGSTRYRGCEQYF	TR%RGCE_Y	immgliph	huang
CDSTRRSEAFF	TR%SE_R	immgliph	huang
CASTRRSEAFF	TR%SE_R	immgliph	huang
CASTRSSGANVLTF	TR%SGANV_DS	immgliph	huang
CASTRDSGANVLTF	TR%SGANV_DS	immgliph	huang
CDSTRRSEAFF	TRR%E_S	immgliph	huang
CASTRRSEAFF	TRR%E_S	immgliph	huang
CDSTRRSEAFF	TRRS%_E	immgliph	huang
CASTRRSEAFF	TRRS%_E	immgliph	huang
CASTRYRGCEKYF	TRY%GCE_R	immgliph	huang
CASTRYRGCEQYF	TRY%GCE_R	immgliph	huang
CGSTRYRGCEQYF	TRY%GCE_R	immgliph	huang
CASTRYRGCEKYF	TRYR%CE_G	immgliph	huang
CASTRYRGCEQYF	TRYR%CE_G	immgliph	huang
CGSTRYRGCEQYF	TRYR%CE_G	immgliph	huang
CASTRYRGCEKYF	TRYRG%E_C	immgliph	huang
CASTRYRGCEQYF	TRYRG%E_C	immgliph	huang
CGSTRYRGCEQYF	TRYRG%E_C	immgliph	huang
CASTRYRGCEKYF	TRYRGC%_E	immgliph	huang
CASTRYRGCEQYF	TRYRGC%_E	immgliph	huang
CGSTRYRGCEQYF	TRYRGC%_E	immgliph	huang
CSATSPGDRAKYF	TS%GDRA_P	immgliph	huang
CSATSPGDRAQYF	TS%GDRA_P	immgliph	huang
CASTSLPRHDRLTGELFF	TS%PRHDRLTGE_LV	immgliph	huang
CASTSVPRHDRLTGELFF	TS%PRHDRLTGE_LV	immgliph	huang
CRATSGRANEQFF	TSGRA%E_KN	immgliph	huang
CRATSGRAKEQFF	TSGRA%E_KN	immgliph	huang
CSATSPGDRAKYF	TSP%DRA_G	immgliph	huang
CSATSPGDRAQYF	TSP%DRA_G	immgliph	huang
CSATSPGDRAKYF	TSPG%RA_D	immgliph	huang
CSATSPGDRAQYF	TSPG%RA_D	immgliph	huang
CSATSPGDRAKYF	TSPGD%A_R	immgliph	huang
CSATSPGDRAQYF	TSPGD%A_R	immgliph	huang
CSATSPGDRAKYF	TSPGDR%_A	immgliph	huang
CSATSPGDRAQYF	TSPGDR%_A	immgliph	huang
CASTTGGPIETQYF	TT%GPIET_G	immgliph	huang
CCSTTGGPIETQYF	TT%GPIET_G	immgliph	huang
CASTTGGPIETQYF	TTG%PIET_G	immgliph	huang
CCSTTGGPIETQYF	TTG%PIET_G	immgliph	huang
CASTTGGPIETQYF	TTGG%IET_P	immgliph	huang
CCSTTGGPIETQYF	TTGG%IET_P	immgliph	huang
CASTTGGPIETQYF	TTGGP%ET_I	immgliph	huang
CCSTTGGPIETQYF	TTGGP%ET_I	immgliph	huang
CASTTGGPIETQYF	TTGGPI%T_E	immgliph	huang
CCSTTGGPIETQYF	TTGGPI%T_E	immgliph	huang
CASTTGGPIETQYF	TTGGPIE%_T	immgliph	huang
CCSTTGGPIETQYF	TTGGPIE%_T	immgliph	huang
CSATVSDQPQHF	TV%DQP_S	immgliph	huang
CSTTVSDQPQHF	TV%DQP_S	immgliph	huang
CASTVNRGNTEAFF	TV%RGNTE_N	immgliph	huang
CSSTVNRGNTEAFF	TV%RGNTE_N	immgliph	huang
CASTVNRGNTEAFF	TVN%GNTE_R	immgliph	huang
CSSTVNRGNTEAFF	TVN%GNTE_R	immgliph	huang
CASTVNRGNTEAFF	TVNR%NTE_G	immgliph	huang
CSSTVNRGNTEAFF	TVNR%NTE_G	immgliph	huang
CASTVNRGNTEAFF	TVNRG%TE_N	immgliph	huang
CSSTVNRGNTEAFF	TVNRG%TE_N	immgliph	huang
CASTVNRGNTEAFF	TVNRGN%E_T	immgliph	huang
CSSTVNRGNTEAFF	TVNRGN%E_T	immgliph	huang
CASTVNRGNTEAFF	TVNRGNT%_E	immgliph	huang
CSSTVNRGNTEAFF	TVNRGNT%_E	immgliph	huang
CSATVSDQPQHF	TVS%QP_D	immgliph	huang
CSTTVSDQPQHF	TVS%QP_D	immgliph	huang
CSATVSDQPQHF	TVSD%P_Q	immgliph	huang
CSTTVSDQPQHF	TVSD%P_Q	immgliph	huang
CSATVSDQPQHF	TVSDQ%_P	immgliph	huang
CSTTVSDQPQHF	TVSDQ%_P	immgliph	huang
CSGVSGSSGNTIYF	V%GSSGNT_AS	immgliph	huang
CSVVAGSSGNTIYF	V%GSSGNT_AS	immgliph	huang
CSVVAGWGMNTEAFF	V%GWGMNTE_AS	immgliph	huang
CSVVSGWGMNTEAFF	V%GWGMNTE_AS	immgliph	huang
CSVVSQLNTEAFF	V%QLNTE_AS	immgliph	huang
CSVVAQLNTEAFF	V%QLNTE_AS	immgliph	huang
CSVVRRVTSGTTNQETQYF	VRRVTSG%TNQET_AT	immgliph	huang
CSVVRRVTSGATNQETQYF	VRRVTSG%TNQET_AT	immgliph	huang
CSVVVRVTGGMLSQENQYF	VVRVTGGMLSQE%_NT	immgliph	huang
CSVVVRVTGGMLSQETQYF	VVRVTGGMLSQE%_NT	immgliph	huang
CSAWGGETYNEQFF	W%GETYNE_G	immgliph	huang
CGAWGGETYNEQFF	W%GETYNE_G	immgliph	huang
CSAWEGQDEQFF	W%GQDE_E	immgliph	huang
CRAWEGQDEQFF	W%GQDE_E	immgliph	huang
CSAWEGQDEQFF	WE%QDE_G	immgliph	huang
CRAWEGQDEQFF	WE%QDE_G	immgliph	huang
CSAWEGQDEQFF	WEG%DE_Q	immgliph	huang
CRAWEGQDEQFF	WEG%DE_Q	immgliph	huang
CSAWEGQDEQFF	WEGQ%E_D	immgliph	huang
CRAWEGQDEQFF	WEGQ%E_D	immgliph	huang
CSAWEGQDEQFF	WEGQD%_E	immgliph	huang
CRAWEGQDEQFF	WEGQD%_E	immgliph	huang
CSAWETGYSRQYF	WETGY%R_AS	immgliph	huang
CIAWETGYARPYF	WETGY%R_AS	immgliph	huang
CSAWGGETYNEQFF	WG%ETYNE_G	immgliph	huang
CGAWGGETYNEQFF	WG%ETYNE_G	immgliph	huang
CSAWGGETYNEQFF	WGG%TYNE_EK	immgliph	huang
CGAWGGETYNEQFF	WGG%TYNE_EK	immgliph	huang
CSAWGGKTYNEQFF	WGG%TYNE_EK	immgliph	huang
CSAWGGETYNEQFF	WGGE%YNE_T	immgliph	huang
CGAWGGETYNEQFF	WGGE%YNE_T	immgliph	huang
CSAWGGETYNEQFF	WGGET%NE_Y	immgliph	huang
CGAWGGETYNEQFF	WGGET%NE_Y	immgliph	huang
CSAWGGETYNEQFF	WGGETY%E_N	immgliph	huang
CGAWGGETYNEQFF	WGGETY%E_N	immgliph	huang
CSAWGGETYNEQFF	WGGETYN%_E	immgliph	huang
CGAWGGETYNEQFF	WGGETYN%_E	immgliph	huang
CASWGGVENQPQHF	WGGV%NQP_DE	immgliph	huang
CASWGGVDNQPQHF	WGGV%NQP_DE	immgliph	huang
CSAYRGINSPLHF	Y%GINSP_R	immgliph	huang
CRAYRGINSPLHF	Y%GINSP_R	immgliph	huang
CSVYGQGNEKLFF	YGQG%EK_NS	immgliph	huang
CSVYGQGSEKLFF	YGQG%EK_NS	immgliph	huang
CSAYRGINSPLHF	YR%INSP_G	immgliph	huang
CRAYRGINSPLHF	YR%INSP_G	immgliph	huang
CSAYRGINSPLHF	YRG%NSP_I	immgliph	huang
CRAYRGINSPLHF	YRG%NSP_I	immgliph	huang
CSAYRGINSPLHF	YRGI%SP_N	immgliph	huang
CRAYRGINSPLHF	YRGI%SP_N	immgliph	huang
CRAYRGINAPHHF	YRGIN%P_AS	immgliph	huang
CSAYRGINSPLHF	YRGIN%P_AS	immgliph	huang
CRAYRGINSPLHF	YRGIN%P_AS	immgliph	huang
CSAYRGINSPLHF	YRGINS%_P	immgliph	huang
CRAYRGINSPLHF	YRGINS%_P	immgliph	huang
