CDR3b	cluster_id	tool	dataset
CSVAPGWGMNSEAFF	gliph2_1	gliph2	huang
CSVAPGWGMSSYEQYF	gliph2_1	gliph2	huang
CSAAPGWGMNTEAFF	gliph2_1	gliph2	huang
CSVRPGWGMNTEAFF	gliph2_1	gliph2	huang
CSVTGGWGMNTEAFF	gliph2_1	gliph2	huang
CSVAPGWGMNTEAFF	gliph2_1	gliph2	huang
CSVRAGWGMNTEAFF	gliph2_1	gliph2	huang
CSVGSGWGMDTEAFF	gliph2_1	gliph2	huang
CASSLGWGMNTEAFF	gliph2_1	gliph2	huang
CSVGGGWGMATEAFF	gliph2_1	gliph2	huang
CSVGGGWGMNTEAFF	gliph2_1	gliph2	huang
CSVVAGWGMNTEAFF	gliph2_1	gliph2	huang
CSASPGWGMNTEAFF	gliph2_1	gliph2	huang
CSVRDGWGMNTEAFF	gliph2_1	gliph2	huang
CSVEAGWGMNTEAFF	gliph2_1	gliph2	huang
CSGRAGWGMNTEAFF	gliph2_1	gliph2	huang
CSASPGWGMDTEAFF	gliph2_1	gliph2	huang
CSVKQGWGMNTEAFF	gliph2_1	gliph2	huang
CSVVSGWGMNTEAFF	gliph2_1	gliph2	huang
CSARGGWGMNTEAFF	gliph2_1	gliph2	huang
CSVGTGWGMNTEAFF	gliph2_1	gliph2	huang
CSVRQGWGMNTEAFF	gliph2_1	gliph2	huang
CSVAPGWGMNTAAFF	gliph2_1	gliph2	huang
CSAKAGWGMSTEAFF	gliph2_1	gliph2	huang
CSVRQGWGMNTEAVF	gliph2_1	gliph2	huang
CSVAGGWGMNTEAFF	gliph2_1	gliph2	huang
CRVGSGWGMDTEAFF	gliph2_1	gliph2	huang
CSVSSGWGMNTEAFF	gliph2_1	gliph2	huang
CIVRDGWGMNTEAFF	gliph2_1	gliph2	huang
CSAGPGWGMNTEAFF	gliph2_1	gliph2	huang
CSVVPGWGMPNTEAFF	gliph2_1	gliph2	huang
CSVAPGWGMNSEAFF	gliph2_2	gliph2	huang
CASSTLNRWGMNTGELFF	gliph2_2	gliph2	huang
CSVAPGWGMSSYEQYF	gliph2_2	gliph2	huang
CSAAPGWGMNTEAFF	gliph2_2	gliph2	huang
CSVRPGWGMNTEAFF	gliph2_2	gliph2	huang
CSVTGGWGMNTEAFF	gliph2_2	gliph2	huang
CSVAPGWGMNTEAFF	gliph2_2	gliph2	huang
CSVRAGWGMNTEAFF	gliph2_2	gliph2	huang
CSVGSGWGMDTEAFF	gliph2_2	gliph2	huang
CASSLGWGMNTEAFF	gliph2_2	gliph2	huang
CSVGGGWGMATEAFF	gliph2_2	gliph2	huang
CSVGGGWGMNTEAFF	gliph2_2	gliph2	huang
CSVVAGWGMNTEAFF	gliph2_2	gliph2	huang
CSASPGWGMNTEAFF	gliph2_2	gliph2	huang
CSVRDGWGMNTEAFF	gliph2_2	gliph2	huang
CSVEAGWGMNTEAFF	gliph2_2	gliph2	huang
CSGRAGWGMNTEAFF	gliph2_2	gliph2	huang
CSASPGWGMDTEAFF	gliph2_2	gliph2	huang
CSVKQGWGMNTEAFF	gliph2_2	gliph2	huang
CSVVSGWGMNTEAFF	gliph2_2	gliph2	huang
CSARGGWGMNTEAFF	gliph2_2	gliph2	huang
CSVGTGWGMNTEAFF	gliph2_2	gliph2	huang
CSVRQGWGMNTEAFF	gliph2_2	gliph2	huang
CSVAPGWGMNTAAFF	gliph2_2	gliph2	huang
CSAKAGWGMSTEAFF	gliph2_2	gliph2	huang
CSVRQGWGMNTEAVF	gliph2_2	gliph2	huang
CSVAGGWGMNTEAFF	gliph2_2	gliph2	huang
CRVGSGWGMDTEAFF	gliph2_2	gliph2	huang
CSVSSGWGMNTEAFF	gliph2_2	gliph2	huang
CIVRDGWGMNTEAFF	gliph2_2	gliph2	huang
CSAGPGWGMNTEAFF	gliph2_2	gliph2	huang
CSVVPGWGMPNTEAFF	gliph2_2	gliph2	huang
CSVAPGWGMNSEAFF	gliph2_3	gliph2	huang
CASSTLNRWGMNTGELFF	gliph2_3	gliph2	huang
CSAAPGWGMNTEAFF	gliph2_3	gliph2	huang
CSVRPGWGMNTEAFF	gliph2_3	gliph2	huang
CSVTGGWGMNTEAFF	gliph2_3	gliph2	huang
CSVAPGWGMNTEAFF	gliph2_3	gliph2	huang
CSVRAGWGMNTEAFF	gliph2_3	gliph2	huang
CASSLGWGMNTEAFF	gliph2_3	gliph2	huang
CSVGGGWGMNTEAFF	gliph2_3	gliph2	huang
CSVVAGWGMNTEAFF	gliph2_3	gliph2	huang
CSASPGWGMNTEAFF	gliph2_3	gliph2	huang
CSVRDGWGMNTEAFF	gliph2_3	gliph2	huang
CSVEAGWGMNTEAFF	gliph2_3	gliph2	huang
CSGRAGWGMNTEAFF	gliph2_3	gliph2	huang
CSVKQGWGMNTEAFF	gliph2_3	gliph2	huang
CSVVSGWGMNTEAFF	gliph2_3	gliph2	huang
CSARGGWGMNTEAFF	gliph2_3	gliph2	huang
CSVGTGWGMNTEAFF	gliph2_3	gliph2	huang
CSVRQGWGMNTEAFF	gliph2_3	gliph2	huang
CSVAPGWGMNTAAFF	gliph2_3	gliph2	huang
CSVRQGWGMNTEAVF	gliph2_3	gliph2	huang
CSVAGGWGMNTEAFF	gliph2_3	gliph2	huang
CSVSSGWGMNTEAFF	gliph2_3	gliph2	huang
CIVRDGWGMNTEAFF	gliph2_3	gliph2	huang
CSAGPGWGMNTEAFF	gliph2_3	gliph2	huang
CASSRQGGAYNYGYTF	gliph2_4	gliph2	huang
CASSVADRCYNYQFF	gliph2_4	gliph2	huang
CSARETGRYNYGYTF	gliph2_4	gliph2	huang
CSARAEGLYNYGYSF	gliph2_4	gliph2	huang
CATSREDLYNYGYTF	gliph2_4	gliph2	huang
CASTPTGYNYGYTF	gliph2_4	gliph2	huang
CASSLSGYNYGYTF	gliph2_4	gliph2	huang
CASSPRRNYNYGYTF	gliph2_4	gliph2	huang
CSARAERLYNYGYTF	gliph2_4	gliph2	huang
CASSLYNYGYTF	gliph2_4	gliph2	huang
CSAPGLYNYGYTF	gliph2_4	gliph2	huang
CSAPGRYNYGYTF	gliph2_4	gliph2	huang
CASFYNYGYTF	gliph2_4	gliph2	huang
CATRDRYNYGYTF	gliph2_4	gliph2	huang
CASADYNYGYTF	gliph2_4	gliph2	huang
CSVEVRYNYGYTF	gliph2_4	gliph2	huang
CASSQFISNAGELFF	gliph2_5	gliph2	huang
CASSQFSVGGPNEQFF	gliph2_5	gliph2	huang
CASSQFNGNYGYTF	gliph2_5	gliph2	huang
CASSQFLAKNIQYF	gliph2_5	gliph2	huang
CASSQFLGDTQYF	gliph2_5	gliph2	huang
CASSQFTAGLSYEQYF	gliph2_5	gliph2	huang
CASSQFLDPLYTF	gliph2_5	gliph2	huang
CASSQFLPSTDTQYF	gliph2_5	gliph2	huang
CASSQFLDTQYF	gliph2_5	gliph2	huang
CASSQFLGDEQFF	gliph2_5	gliph2	huang
CASSQFASSYEQYF	gliph2_5	gliph2	huang
CASSQFPGGEKLFF	gliph2_5	gliph2	huang
CASSQFTGPYEQYF	gliph2_5	gliph2	huang
CASSQFIGDTDQSDTQYF	gliph2_5	gliph2	huang
CASSQFHTVSGNTIYF	gliph2_5	gliph2	huang
CASSQFLSYEQYF	gliph2_5	gliph2	huang
CASSQFTGAGGQFF	gliph2_5	gliph2	huang
CASSQFVLAGGPYF	gliph2_5	gliph2	huang
CASSQFASSDEQYF	gliph2_5	gliph2	huang
CASSQFKRLAAGELFF	gliph2_5	gliph2	huang
CASSQFLAAQTQYF	gliph2_5	gliph2	huang
CASSQFQGQGDEKYF	gliph2_5	gliph2	huang
CASSQFIGSYEQYF	gliph2_5	gliph2	huang
CASSQFLGVEQYF	gliph2_5	gliph2	huang
CASSQFNTGELFF	gliph2_5	gliph2	huang
CTRSQFQGQGDEQYF	gliph2_5	gliph2	huang
CASSQFRPGASGGQYF	gliph2_5	gliph2	huang
CASSQFTGAGEQFF	gliph2_5	gliph2	huang
CASSQFIGGEYEQYF	gliph2_5	gliph2	huang
CASSQFQGGTEAFF	gliph2_5	gliph2	huang
CASSQFQGQGDEQDF	gliph2_5	gliph2	huang
CASSQFQGQGDEQYF	gliph2_5	gliph2	huang
CASSQFEGAGETQYF	gliph2_5	gliph2	huang
CASSQFLGGEQFF	gliph2_5	gliph2	huang
CASSQFLIAGTNTEAFF	gliph2_5	gliph2	huang
CSVAPGWGMNSEAFF	gliph2_6	gliph2	huang
CASSQPGWGQQFF	gliph2_6	gliph2	huang
CSVAPGWGMSSYEQYF	gliph2_6	gliph2	huang
CSAAPGWGMNTEAFF	gliph2_6	gliph2	huang
CSVRPGWGMNTEAFF	gliph2_6	gliph2	huang
CTSSPGWGYTF	gliph2_6	gliph2	huang
CSVAPGWGMNTEAFF	gliph2_6	gliph2	huang
CASSLTPGWGYTF	gliph2_6	gliph2	huang
CSASPGWGMNTEAFF	gliph2_6	gliph2	huang
CSASPGWGMDTEAFF	gliph2_6	gliph2	huang
CSVAPGWGMNTAAFF	gliph2_6	gliph2	huang
CASSPGWGSYGYTF	gliph2_6	gliph2	huang
CASSPGWGELFF	gliph2_6	gliph2	huang
CSAGPGWGMNTEAFF	gliph2_6	gliph2	huang
CSVVPGWGMPNTEAFF	gliph2_6	gliph2	huang
CASGLVLGDPNTDTQYF	gliph2_7	gliph2	huang
CASGLVLGLGRPYEQYF	gliph2_7	gliph2	huang
CASGLVLGAQTEAFF	gliph2_7	gliph2	huang
CASGLVLGGRFPTDTQYF	gliph2_7	gliph2	huang
CASGLVLVTNTGELFF	gliph2_7	gliph2	huang
CASGLVLGQGAKTQYF	gliph2_7	gliph2	huang
CASGLVLGEAVATNEKLFF	gliph2_7	gliph2	huang
CASTDGLVLDTQYF	gliph2_7	gliph2	huang
CASGLVLTGELFF	gliph2_7	gliph2	huang
CASGLVLGQNTEAFF	gliph2_7	gliph2	huang
CASGLVLAGGPLEQFF	gliph2_7	gliph2	huang
CASGLVLRGIGDGYTF	gliph2_7	gliph2	huang
CASGLVLILVGVAGASYNEQFF	gliph2_7	gliph2	huang
CASGLVLRPWRDLNNEQFF	gliph2_7	gliph2	huang
CASGLVLGLQETQYF	gliph2_7	gliph2	huang
CASGLVLGPPNTEAFF	gliph2_7	gliph2	huang
CASGLVLGREGNQPQHF	gliph2_7	gliph2	huang
CASGLVLGQGPTPQHF	gliph2_7	gliph2	huang
CASGLVLTGGYNTEAFF	gliph2_7	gliph2	huang
CASGLVLLTAQGAYGYTF	gliph2_7	gliph2	huang
CASGLVLAGGPYNEQFF	gliph2_7	gliph2	huang
CASGLVLAGEIYNEQFF	gliph2_7	gliph2	huang
CASGLVLGTGGLTDYGYTF	gliph2_7	gliph2	huang
CASGLVLRDSSREQYF	gliph2_7	gliph2	huang
CASSVALSNYGYTF	gliph2_8	gliph2	huang
CASSVALLAGTQYF	gliph2_8	gliph2	huang
CASSVALGAGEQYF	gliph2_8	gliph2	huang
CASSVALPATSNEQFF	gliph2_8	gliph2	huang
CASSVALAGANGYTF	gliph2_8	gliph2	huang
CASSVALAGNTIYF	gliph2_8	gliph2	huang
CASSVALAGDYEQYF	gliph2_8	gliph2	huang
CASSVALLGGTQYF	gliph2_8	gliph2	huang
CASSVALASGANVLTF	gliph2_8	gliph2	huang
CASSVALLGNTIYF	gliph2_8	gliph2	huang
CASSVALYGQSVTF	gliph2_8	gliph2	huang
CASSVALAGGPKYF	gliph2_8	gliph2	huang
CASSVALGAGGGYTF	gliph2_8	gliph2	huang
CASSVALLTGGQVF	gliph2_8	gliph2	huang
CASSVALAGAEYF	gliph2_8	gliph2	huang
CASSVALFGEGYTF	gliph2_8	gliph2	huang
CASSVALATGEQYF	gliph2_8	gliph2	huang
CASSVALLGGEQYF	gliph2_8	gliph2	huang
CDSSVALGGAGEQFF	gliph2_8	gliph2	huang
CASSVALVGTTYEKLFF	gliph2_8	gliph2	huang
CASSVALYANEQFF	gliph2_8	gliph2	huang
CASSVALQGVHTQYF	gliph2_8	gliph2	huang
CASSVALLGETQYF	gliph2_8	gliph2	huang
CASSVALMGGELFF	gliph2_8	gliph2	huang
CASSVALSGTGTQYF	gliph2_8	gliph2	huang
CASSVALGGGNIQYF	gliph2_8	gliph2	huang
CASSQFLAKNIQYF	gliph2_9	gliph2	huang
CASSQFLGDTQYF	gliph2_9	gliph2	huang
CASSQFLDPLYTF	gliph2_9	gliph2	huang
CASSQFLPSTDTQYF	gliph2_9	gliph2	huang
CASSQFLDTQYF	gliph2_9	gliph2	huang
CASSQFLGDEQFF	gliph2_9	gliph2	huang
CASSQFLSYEQYF	gliph2_9	gliph2	huang
CASSQFLAAQTQYF	gliph2_9	gliph2	huang
CASSQFLGVEQYF	gliph2_9	gliph2	huang
CASSQFLGGEQFF	gliph2_9	gliph2	huang
CASSQFLIAGTNTEAFF	gliph2_9	gliph2	huang
CASSQDWGNTIYF	gliph2_10	gliph2	huang
CASSQDWSGRGEQYF	gliph2_10	gliph2	huang
CASSQDWGSGGAEQFF	gliph2_10	gliph2	huang
CASSQDWWGAQVTGELFF	gliph2_10	gliph2	huang
CASSQDWATKGVFYTF	gliph2_10	gliph2	huang
CASSQDWAEETQYF	gliph2_10	gliph2	huang
CASSQDWGLAQETQYF	gliph2_10	gliph2	huang
CASSQDWGAGGEQFF	gliph2_10	gliph2	huang
CASSQDWAGLSGANVLTF	gliph2_10	gliph2	huang
CASSQDWDRRNTIYF	gliph2_10	gliph2	huang
CASSQDWDRAPYF	gliph2_10	gliph2	huang
CASSQDWWGAQDEQFF	gliph2_10	gliph2	huang
CAGSQDWAEETQCF	gliph2_10	gliph2	huang
CASSQDWDGGEQYF	gliph2_10	gliph2	huang
CASSQDWEGYTDTQYF	gliph2_10	gliph2	huang
CASSQDWAPQGETLFF	gliph2_10	gliph2	huang
CASSQDWAPKGEKLFF	gliph2_10	gliph2	huang
CASSQDWQYGTEAFF	gliph2_10	gliph2	huang
CASSQDWAPKGEKLLF	gliph2_10	gliph2	huang
CASSQDINGAQYF	gliph2_11	gliph2	huang
CASSQDITLPLRGQYF	gliph2_11	gliph2	huang
CASSQDISGGANEQFF	gliph2_11	gliph2	huang
CASSQDIRTEAFF	gliph2_11	gliph2	huang
CASSQDISGGALVETQYF	gliph2_11	gliph2	huang
CASSQDIPGAGYTF	gliph2_11	gliph2	huang
CASSQDIGGRYNEQFF	gliph2_11	gliph2	huang
CASSQDIAGTSTDTQYF	gliph2_11	gliph2	huang
CASSQDIQGVGELFF	gliph2_11	gliph2	huang
CASSQFLAKNIQYF	gliph2_12	gliph2	huang
CASSQFLGDTQYF	gliph2_12	gliph2	huang
CASRQFLSTGELFF	gliph2_12	gliph2	huang
CASSQFLDPLYTF	gliph2_12	gliph2	huang
CASSQFLPSTDTQYF	gliph2_12	gliph2	huang
CASSQFLDTQYF	gliph2_12	gliph2	huang
CASSQFLGDEQFF	gliph2_12	gliph2	huang
CASSQFLSYEQYF	gliph2_12	gliph2	huang
CASSQFLAAQTQYF	gliph2_12	gliph2	huang
CASSQFLGVEQYF	gliph2_12	gliph2	huang
CASSQFLGGEQFF	gliph2_12	gliph2	huang
CASSQFLIAGTNTEAFF	gliph2_12	gliph2	huang
CASSQDWGNTIYF	gliph2_13	gliph2	huang
CASSQDWSGRGEQYF	gliph2_13	gliph2	huang
CASSQDWGSGGAEQFF	gliph2_13	gliph2	huang
CASSQDWWGAQVTGELFF	gliph2_13	gliph2	huang
CASSQDWATKGVFYTF	gliph2_13	gliph2	huang
CASSQDWAEETQYF	gliph2_13	gliph2	huang
CASSQDWGLAQETQYF	gliph2_13	gliph2	huang
CASSQDWGAGGEQFF	gliph2_13	gliph2	huang
CASSQDWAGLSGANVLTF	gliph2_13	gliph2	huang
CASSQDWDRRNTIYF	gliph2_13	gliph2	huang
CASSQDWDRAPYF	gliph2_13	gliph2	huang
CASSQDWWGAQDEQFF	gliph2_13	gliph2	huang
CAGSQDWAEETQCF	gliph2_13	gliph2	huang
CASSQDWDGGEQYF	gliph2_13	gliph2	huang
CASSQDWEGYTDTQYF	gliph2_13	gliph2	huang
CASSQDWAPQGETLFF	gliph2_13	gliph2	huang
CASSQDWAPKGEKLFF	gliph2_13	gliph2	huang
CASSQDWQYGTEAFF	gliph2_13	gliph2	huang
CASSQDWAPKGEKLLF	gliph2_13	gliph2	huang
CASSQTSSKNIQYF	gliph2_14	gliph2	huang
CASSQGQSKNIQYF	gliph2_14	gliph2	huang
CSAELPPALSKNIQYF	gliph2_14	gliph2	huang
CASLDISTGSKNIQYF	gliph2_14	gliph2	huang
CSARTGSKNIQYF	gliph2_14	gliph2	huang
CASSLDISKNIQYF	gliph2_14	gliph2	huang
CSARSGSKNIQYF	gliph2_14	gliph2	huang
CASGDRSKNIQYF	gliph2_14	gliph2	huang
CASSGQGSKNIQYF	gliph2_14	gliph2	huang
CASRQGQSKNIHYF	gliph2_14	gliph2	huang
CASSQDNSKNIQYF	gliph2_14	gliph2	huang
CSVSFAGSKNIQYF	gliph2_14	gliph2	huang
CSARVMRPSKNIQYF	gliph2_14	gliph2	huang
CSARRSGGESKNIQYF	gliph2_14	gliph2	huang
CSARLSGGESKNIQYF	gliph2_14	gliph2	huang
CASSGTGSKNIQYF	gliph2_14	gliph2	huang
CASSSPGLAGSKNIQYF	gliph2_14	gliph2	huang
CASSQPRLAGSKNIQYF	gliph2_14	gliph2	huang
CASSLRSPGASKNIQYF	gliph2_14	gliph2	huang
CASSDGLASGRVGSKNIQYF	gliph2_14	gliph2	huang
CAWRHNRDRGRVSKNIQYF	gliph2_14	gliph2	huang
CATSPAGAWNEQFF	gliph2_15	gliph2	huang
CSAIDPSGRAWNEQFF	gliph2_15	gliph2	huang
CSVEPRGGAWNEPFF	gliph2_15	gliph2	huang
CASWGAGAWNEQFF	gliph2_15	gliph2	huang
CASRGAGAWNEQFF	gliph2_15	gliph2	huang
CASSLDGTGAWNEQFF	gliph2_15	gliph2	huang
CAPSSAGAWNEQFF	gliph2_15	gliph2	huang
CASLPGQGAWNEQFF	gliph2_15	gliph2	huang
CATSPAGAWNEQFF	gliph2_16	gliph2	huang
CSVEPRGGAWNEPFF	gliph2_16	gliph2	huang
CASWGAGAWNEQFF	gliph2_16	gliph2	huang
CASRGAGAWNEQFF	gliph2_16	gliph2	huang
CASSLDGTGAWNEQFF	gliph2_16	gliph2	huang
CAPSSAGAWNEQFF	gliph2_16	gliph2	huang
CSARGGAWNTIYF	gliph2_16	gliph2	huang
CASLPGQGAWNEQFF	gliph2_16	gliph2	huang
CASILTEQGPLAYSNQPQHF	gliph2_17	gliph2	huang
CASSWTGQGPLAYRNQPQHF	gliph2_17	gliph2	huang
CASSLTGQGPLAYSNQPHHF	gliph2_17	gliph2	huang
CASSFRGPLAGQYF	gliph2_17	gliph2	huang
CASSLTGQGPLAYSNQPQHF	gliph2_17	gliph2	huang
CSASPRGGPLAKNIQYF	gliph2_17	gliph2	huang
CASSPGLAGGPLAKNIQYF	gliph2_17	gliph2	huang
CSASSGPLAKEIQYF	gliph2_17	gliph2	huang
CSARGPLAGYNEQFF	gliph2_17	gliph2	huang
CASSSGPLAEQFF	gliph2_17	gliph2	huang
CSASSGPLAESIQYF	gliph2_17	gliph2	huang
CSSSSGPLAEQFF	gliph2_17	gliph2	huang
CSASSGPLAKNIKYF	gliph2_17	gliph2	huang
CSAGPLAGGPFSETQYF	gliph2_17	gliph2	huang
CASSPGPLAESTDTQYF	gliph2_17	gliph2	huang
CSASSGPLAKNIQYF	gliph2_17	gliph2	huang
CASSGPLAGGNTGELFF	gliph2_17	gliph2	huang
CASSGPLAVGNTGELFF	gliph2_17	gliph2	huang
CASSGPLAGGNTGEMFF	gliph2_17	gliph2	huang
CVARVRGGGGDTDTQYF	gliph2_18	gliph2	huang
CRARWRGGGGDTDTQYF	gliph2_18	gliph2	huang
CSDRSRGGGGDTDTQYF	gliph2_18	gliph2	huang
CSARIRGGGGDTDTQYF	gliph2_18	gliph2	huang
CGARIRGGGGDTDTQYF	gliph2_18	gliph2	huang
CRARIRGGGGDTDTQYF	gliph2_18	gliph2	huang
CSVRLRGGGGDTDTQYF	gliph2_18	gliph2	huang
CGGRRRGGGGDTDTQYF	gliph2_18	gliph2	huang
CSVRPGWGMNTEAFF	gliph2_19	gliph2	huang
CSVRAGWGMNTEAFF	gliph2_19	gliph2	huang
CSVRDGWGMNTEAFF	gliph2_19	gliph2	huang
CSGRAGWGMNTEAFF	gliph2_19	gliph2	huang
CSARGGWGMNTEAFF	gliph2_19	gliph2	huang
CSVRQGWGMNTEAFF	gliph2_19	gliph2	huang
CSVRQGWGMNTEAVF	gliph2_19	gliph2	huang
CIVRDGWGMNTEAFF	gliph2_19	gliph2	huang
CASSRQGGAYNYGYTF	gliph2_20	gliph2	huang
CSARETGRYNYGYTF	gliph2_20	gliph2	huang
CSARAEGLYNYGYSF	gliph2_20	gliph2	huang
CATSREDLYNYGYTF	gliph2_20	gliph2	huang
CASTPTGYNYGYTF	gliph2_20	gliph2	huang
CASSLSGYNYGYTF	gliph2_20	gliph2	huang
CASSPRRNYNYGYTF	gliph2_20	gliph2	huang
CSARAERLYNYGYTF	gliph2_20	gliph2	huang
CASSLYNYGYTF	gliph2_20	gliph2	huang
CSAPGLYNYGYTF	gliph2_20	gliph2	huang
CSAPGRYNYGYTF	gliph2_20	gliph2	huang
CASFYNYGYTF	gliph2_20	gliph2	huang
CATRDRYNYGYTF	gliph2_20	gliph2	huang
CASADYNYGYTF	gliph2_20	gliph2	huang
CSVEVRYNYGYTF	gliph2_20	gliph2	huang
CASSLAVAMENSQYF	gliph2_21	gliph2	huang
CASSCAVAMENIQYF	gliph2_21	gliph2	huang
CASSCGVAMEDNQYF	gliph2_21	gliph2	huang
CASGLAVAMENIQYF	gliph2_21	gliph2	huang
CASSFAVAMENIQYF	gliph2_21	gliph2	huang
CASSLAVAMENIQYF	gliph2_21	gliph2	huang
CSASPGTHSNLPQHF	gliph2_22	gliph2	huang
CNASPGTHSNQPQHF	gliph2_22	gliph2	huang
CRASPGTHSNQPQHF	gliph2_22	gliph2	huang
CSAGPGTHSNQPQHF	gliph2_22	gliph2	huang
CSARPGTHSNQRQHF	gliph2_22	gliph2	huang
CSARPGTHSNQPQHF	gliph2_22	gliph2	huang
CSASPGTHSNQPQHF	gliph2_22	gliph2	huang
CGGGEGGGANVLTF	gliph2_23	gliph2	huang
CRAREGGGANVLTF	gliph2_23	gliph2	huang
CSAREGGGANVLTF	gliph2_23	gliph2	huang
CVAREGGGANVLTF	gliph2_23	gliph2	huang
CGAREGGGANVLTF	gliph2_23	gliph2	huang
CRCREGGGANVLTF	gliph2_23	gliph2	huang
CRAGEGGGANVLTF	gliph2_23	gliph2	huang
CASSLFSGTQYF	gliph2_24	gliph2	huang
CASSPNLFSGLRGYGYTF	gliph2_24	gliph2	huang
CDGSLFSGTQYF	gliph2_24	gliph2	huang
CASSLFSGANVLTF	gliph2_24	gliph2	huang
CASSQTLFSGANVLTF	gliph2_24	gliph2	huang
CASSLFSGQGPEKLFF	gliph2_24	gliph2	huang
CASSLFSGETDTQYF	gliph2_24	gliph2	huang
CASSLFSGGLAKNIQYF	gliph2_24	gliph2	huang
CASSSLFSGRSGTGELFF	gliph2_24	gliph2	huang
CASSLFSGKQYF	gliph2_24	gliph2	huang
CASSLFSGTKYF	gliph2_24	gliph2	huang
CASSRGQGLFSGANVLTF	gliph2_24	gliph2	huang
CASSRGLLFSGNTIYF	gliph2_24	gliph2	huang
CAWSAQRLFSGNTEAFF	gliph2_24	gliph2	huang
CASSQDSVALFSGNTIYF	gliph2_24	gliph2	huang
CASSLRGQSFSYNEQFF	gliph2_25	gliph2	huang
CASSLTAIGQSFEQYF	gliph2_25	gliph2	huang
CSARVQSFGYTF	gliph2_25	gliph2	huang
CSVDSLQSFEQFF	gliph2_25	gliph2	huang
CASSSGWGQSFNQPQHF	gliph2_25	gliph2	huang
CASSRTGQSFYGYTF	gliph2_25	gliph2	huang
CSASGSQSFTEAFF	gliph2_25	gliph2	huang
CSASGRQSFTEAFF	gliph2_25	gliph2	huang
CASSTGTESNQPQHF	gliph2_26	gliph2	huang
CASTGGTESNQPQHF	gliph2_26	gliph2	huang
CAISFVTESNQPQHF	gliph2_26	gliph2	huang
CASSRGTESNTEAFF	gliph2_26	gliph2	huang
CASSPGTESNQPQHF	gliph2_26	gliph2	huang
CASSFGTESNQPQHF	gliph2_26	gliph2	huang
CASSSGTESNQPQHF	gliph2_26	gliph2	huang
CASSPGTESNSPLHF	gliph2_26	gliph2	huang
CASSFVTESNQPQHF	gliph2_26	gliph2	huang
CASSLGTESNQPQHF	gliph2_26	gliph2	huang
CSSATESNSEQYF	gliph2_26	gliph2	huang
CASSLTGDLMHEQFF	gliph2_27	gliph2	huang
CSASRPGLAGMHEQYF	gliph2_27	gliph2	huang
CSASAPGLAGMHEQYF	gliph2_27	gliph2	huang
CGASAPGLAGMHEQYF	gliph2_27	gliph2	huang
CASSLGDLMHEQFF	gliph2_27	gliph2	huang
CASSAHVVGTGMHEQYF	gliph2_27	gliph2	huang
CSASAQGLAGMHEQYF	gliph2_27	gliph2	huang
CASSETVSGSKGMHEQFF	gliph2_27	gliph2	huang
CASSFPLMRQGYGNQPQHF	gliph2_28	gliph2	huang
CASSEMRQINEKLFF	gliph2_28	gliph2	huang
CSARGMRQGAAGELFF	gliph2_28	gliph2	huang
CASSFPLMRQRYGNQPQHF	gliph2_28	gliph2	huang
CASSFPLMRQGYGNQPKHF	gliph2_28	gliph2	huang
CASSEMRQPYEQYF	gliph2_28	gliph2	huang
CASSTMRQGYTEAFF	gliph2_28	gliph2	huang
CASMRQVIQPQHF	gliph2_28	gliph2	huang
CASRMRQGERDTQYF	gliph2_28	gliph2	huang
CSAGMRQGEETQYF	gliph2_28	gliph2	huang
CSASMRQGTNEQFF	gliph2_28	gliph2	huang
CASMRQGNQPQHF	gliph2_28	gliph2	huang
CSAMRQGYNEQFF	gliph2_28	gliph2	huang
CSAGDRVGGSAYNEQCF	gliph2_29	gliph2	huang
CSAGDRVGGSAYNEQFF	gliph2_29	gliph2	huang
CSAGDRVGGSYYNEQFF	gliph2_29	gliph2	huang
CSAGDRVGGSSYNEQCF	gliph2_29	gliph2	huang
CSAGDRVGGSSYNEQFF	gliph2_29	gliph2	huang
CSVGDRVGGSSYNEQFF	gliph2_29	gliph2	huang
CASSLAVAMENSQYF	gliph2_30	gliph2	huang
CASSCAVAMENIQYF	gliph2_30	gliph2	huang
CASGLAVAMENIQYF	gliph2_30	gliph2	huang
CASSFAVAMENIQYF	gliph2_30	gliph2	huang
CASSLAVAMENIQYF	gliph2_30	gliph2	huang
CASSQFQGQGDEKYF	gliph2_31	gliph2	huang
CTRSQFQGQGDEQYF	gliph2_31	gliph2	huang
CASSQFQGGTEAFF	gliph2_31	gliph2	huang
CASSQFQGQGDEQDF	gliph2_31	gliph2	huang
CASSQFQGQGDEQYF	gliph2_31	gliph2	huang
CASSLYNYGYTF	gliph2_32	gliph2	huang
CSAPGLYNYGYTF	gliph2_32	gliph2	huang
CSARAEGLYNYGYSF	gliph2_32	gliph2	huang
CATSREDLYNYGYTF	gliph2_32	gliph2	huang
CSARAERLYNYGYTF	gliph2_32	gliph2	huang
CASSVALLAGTQYF	gliph2_33	gliph2	huang
CASSVALLGGTQYF	gliph2_33	gliph2	huang
CASSVALLGNTIYF	gliph2_33	gliph2	huang
CASSVALLTGGQVF	gliph2_33	gliph2	huang
CASSVALLGGEQYF	gliph2_33	gliph2	huang
CASSVALLGETQYF	gliph2_33	gliph2	huang
CASSFKSIGLADYEQYF	gliph2_34	gliph2	huang
CASSIIGLAGGTDTQYF	gliph2_34	gliph2	huang
CATSIIGLADQFF	gliph2_34	gliph2	huang
CASSIIGLAGAGEQFF	gliph2_34	gliph2	huang
CASSQGIGLAGEETQYF	gliph2_34	gliph2	huang
CASSLIGLAGTPSEQFF	gliph2_34	gliph2	huang
CASSFKAIGLADYGQYF	gliph2_34	gliph2	huang
CSVEIGLADTQYF	gliph2_34	gliph2	huang
CSASIGLALETQYF	gliph2_34	gliph2	huang
CSARIGLAGGPSETQYF	gliph2_34	gliph2	huang
CASSIGLAIYNEQFF	gliph2_34	gliph2	huang
CASSIGLAGARRQFF	gliph2_34	gliph2	huang
CSAIGLALPTDTQYF	gliph2_34	gliph2	huang
CASSIGLAGYNEQFF	gliph2_34	gliph2	huang
CSARPPLGERLFF	gliph2_35	gliph2	huang
CSARPPLDRDYEQYF	gliph2_35	gliph2	huang
CSARPPLGGPYNEQFF	gliph2_35	gliph2	huang
CASRPPLLATLYNEQFF	gliph2_35	gliph2	huang
CSARPPLGEKLCF	gliph2_35	gliph2	huang
CSARPPLGEKLFF	gliph2_35	gliph2	huang
CSARPPLVAGGPGWETQYF	gliph2_35	gliph2	huang
CASSFPLMRQGYGNQPQHF	gliph2_36	gliph2	huang
CSARGMRQGAAGELFF	gliph2_36	gliph2	huang
CASSFPLMRQGYGNQPKHF	gliph2_36	gliph2	huang
CASSTMRQGYTEAFF	gliph2_36	gliph2	huang
CASRMRQGERDTQYF	gliph2_36	gliph2	huang
CSAGMRQGEETQYF	gliph2_36	gliph2	huang
CSASMRQGTNEQFF	gliph2_36	gliph2	huang
CASMRQGNQPQHF	gliph2_36	gliph2	huang
CSAMRQGYNEQFF	gliph2_36	gliph2	huang
CASSEALQGAYGYTF	gliph2_37	gliph2	huang
CAISEALGNEQFF	gliph2_37	gliph2	huang
CASSEALQGQGPDTQYF	gliph2_37	gliph2	huang
CASSEALPQDHGNTIYF	gliph2_37	gliph2	huang
CASSEALATQETQYF	gliph2_37	gliph2	huang
CASSEALQAGGLYTQYF	gliph2_37	gliph2	huang
CASSEALGSNEKLFF	gliph2_37	gliph2	huang
CASSEALLNNEQFF	gliph2_37	gliph2	huang
CASSEALGSGSYQPQHF	gliph2_37	gliph2	huang
CASSEALRGAGELFF	gliph2_37	gliph2	huang
CASTSSEALNQPQHF	gliph2_37	gliph2	huang
CASSEALGTGISREKLFF	gliph2_37	gliph2	huang
CSASRPGLAGMHEQYF	gliph2_38	gliph2	huang
CSASAPGLAGMHEQYF	gliph2_38	gliph2	huang
CGASAPGLAGMHEQYF	gliph2_38	gliph2	huang
CASSETVSGSKGMHEQFF	gliph2_38	gliph2	huang
CASSAHVVGTGMHEQYF	gliph2_38	gliph2	huang
CSASAQGLAGMHEQYF	gliph2_38	gliph2	huang
CASSQDWATKGVFYTF	gliph2_39	gliph2	huang
CASSQDWAEETQYF	gliph2_39	gliph2	huang
CASSQDWAGLSGANVLTF	gliph2_39	gliph2	huang
CAGSQDWAEETQCF	gliph2_39	gliph2	huang
CASSQDWAPQGETLFF	gliph2_39	gliph2	huang
CASSQDWAPKGEKLFF	gliph2_39	gliph2	huang
CASSQDWAPKGEKLLF	gliph2_39	gliph2	huang
CASSEPLGSVRGETQYF	gliph2_40	gliph2	huang
CASSPLGSASYEQYF	gliph2_40	gliph2	huang
CASSPLGSTQYF	gliph2_40	gliph2	huang
CGSSPLGSLGLYEGYTF	gliph2_40	gliph2	huang
CASSLSPLGSALQSSTDTQYF	gliph2_40	gliph2	huang
CSAPLGSGNTEAFF	gliph2_40	gliph2	huang
CSASPLGSSTDTQYF	gliph2_40	gliph2	huang
CASSIPLGSGNTIYF	gliph2_40	gliph2	huang
CASSILPLGSNEQFF	gliph2_40	gliph2	huang
CATTPLGSKFTNTGELFF	gliph2_40	gliph2	huang
CASSPLGSLGLYEGYTF	gliph2_40	gliph2	huang
CASRDPLGSGNTGELFF	gliph2_40	gliph2	huang
CASSPLGSASYEKYF	gliph2_40	gliph2	huang
CASSQFQGQGDEKYF	gliph2_41	gliph2	huang
CTRSQFQGQGDEQYF	gliph2_41	gliph2	huang
CASSQFQGGTEAFF	gliph2_41	gliph2	huang
CASSQFQGQGDEQDF	gliph2_41	gliph2	huang
CASSQFQGQGDEQYF	gliph2_41	gliph2	huang
CARKGQVPQSPLHF	gliph2_42	gliph2	huang
CASSLLQGPQSPLHF	gliph2_42	gliph2	huang
CSARDPQSPDGYTF	gliph2_42	gliph2	huang
CASSEGPQSPGANVLTF	gliph2_42	gliph2	huang
CASSPQSPVQHF	gliph2_42	gliph2	huang
CASSLAVAMENSQYF	gliph2_43	gliph2	huang
CASSCAVAMENIQYF	gliph2_43	gliph2	huang
CASGLAVAMENIQYF	gliph2_43	gliph2	huang
CASSFAVAMENIQYF	gliph2_43	gliph2	huang
CASSLAVAMENIQYF	gliph2_43	gliph2	huang
CASSYSISDNTEAFF	gliph2_44	gliph2	huang
CASSYSISSDTEAFF	gliph2_44	gliph2	huang
CASSYSISSESGNTIYF	gliph2_44	gliph2	huang
CASSYSISTGPGNTIYF	gliph2_44	gliph2	huang
CASSYSISENTEAFF	gliph2_44	gliph2	huang
CASSYSISAESTEAFF	gliph2_44	gliph2	huang
CSASSGPLAKEIQYF	gliph2_45	gliph2	huang
CSASGPLQETQYF	gliph2_45	gliph2	huang
CASSSGPLAEQFF	gliph2_45	gliph2	huang
CSSSGPLDRGRDTQYF	gliph2_45	gliph2	huang
CASSSGPLNSPLHF	gliph2_45	gliph2	huang
CSASSGPLAESIQYF	gliph2_45	gliph2	huang
CSSSSGPLAEQFF	gliph2_45	gliph2	huang
CSASSGPLAKNIKYF	gliph2_45	gliph2	huang
CSASSGPLAKNIQYF	gliph2_45	gliph2	huang
CASSSGPLDEQFF	gliph2_45	gliph2	huang
CASSGPLAGGNTGELFF	gliph2_45	gliph2	huang
CASSGPLAVGNTGELFF	gliph2_45	gliph2	huang
CASSGPLAGGNTGEMFF	gliph2_45	gliph2	huang
CASSCGAGGGEKYF	gliph2_46	gliph2	huang
CASSLGAGGGEQYF	gliph2_46	gliph2	huang
CAGSVGAGGGEQDF	gliph2_46	gliph2	huang
CARSFGAGGGEQYF	gliph2_46	gliph2	huang
CASSFGAGGGEQYF	gliph2_46	gliph2	huang
CDSSFGAGGGEQYF	gliph2_46	gliph2	huang
CASIKGGQGALGYTF	gliph2_47	gliph2	huang
CASRPKGGQGAHEQYF	gliph2_47	gliph2	huang
CSAGGKGGQPQHF	gliph2_47	gliph2	huang
CASSPKGGQGAHEQCF	gliph2_47	gliph2	huang
CASSPKGGQGAHEQYF	gliph2_47	gliph2	huang
CASSKGGQFYEQYF	gliph2_47	gliph2	huang
CASSKGGQYYEQYF	gliph2_47	gliph2	huang
CASSPSKGGQNTEAFF	gliph2_47	gliph2	huang
CARSTKGGQGAHEQYF	gliph2_47	gliph2	huang
CASSLEKGGQTNTGELFF	gliph2_47	gliph2	huang
CASSKGGQGGYNEQFF	gliph2_47	gliph2	huang
CASSKGGQGALGYTF	gliph2_47	gliph2	huang
CNASPGTHSNQPQHF	gliph2_48	gliph2	huang
CSAGPGTHSNQPQHF	gliph2_48	gliph2	huang
CSARPGTHSNQPQHF	gliph2_48	gliph2	huang
CSASPGTHSNQPQHF	gliph2_48	gliph2	huang
CRASPGTHSNQPQHF	gliph2_48	gliph2	huang
CAGGVGGGGAGETQYF	gliph2_49	gliph2	huang
CARGVGGGGAGETQYF	gliph2_49	gliph2	huang
CASGVGGRGAGETQYF	gliph2_49	gliph2	huang
CAGGVGGRGAGETQYF	gliph2_49	gliph2	huang
CASGVGGGGAGETQYF	gliph2_49	gliph2	huang
CASSTGTESNQPQHF	gliph2_50	gliph2	huang
CASSPGTESNQPQHF	gliph2_50	gliph2	huang
CASSFGTESNQPQHF	gliph2_50	gliph2	huang
CASSSGTESNQPQHF	gliph2_50	gliph2	huang
CASSLGTESNQPQHF	gliph2_50	gliph2	huang
CSVGDRVGGSSYNEQFF	gliph2_51	gliph2	huang
CSAGDRVGGSSYNEQCF	gliph2_51	gliph2	huang
CSAGDRVGGSSYDEQFF	gliph2_51	gliph2	huang
CSAGDRVGGSSYKEQFF	gliph2_51	gliph2	huang
CSAGDRVGGSSYNEQFF	gliph2_51	gliph2	huang
CASSFGAGGGEQYF	gliph2_52	gliph2	huang
CDSSFGAGGGEQYF	gliph2_52	gliph2	huang
CASGFGAGGGEQYF	gliph2_52	gliph2	huang
CASRFGAGGGEQYF	gliph2_52	gliph2	huang
CARSFGAGGGEQYF	gliph2_52	gliph2	huang
CSSDTDTQYF	gliph2_53	gliph2	huang
CSTDTDAQYF	gliph2_53	gliph2	huang
CSVDTDTQYF	gliph2_53	gliph2	huang
CSTDTDTQYF	gliph2_53	gliph2	huang
CSADTDTQYF	gliph2_53	gliph2	huang
CASSSPFRDTQYF	gliph2_54	gliph2	huang
CSARPFRDTDTQYF	gliph2_54	gliph2	huang
CASSPFRDRGTGELCF	gliph2_54	gliph2	huang
CASSPFRDRGTGELFF	gliph2_54	gliph2	huang
CSARPFRDREEQYF	gliph2_54	gliph2	huang
CASSTPFRDRTDTQYF	gliph2_54	gliph2	huang
CASTPFRDTSYNEQFF	gliph2_54	gliph2	huang
CASSPFRDAANTIYF	gliph2_54	gliph2	huang
CASSQDHGDSTYTF	gliph2_55	gliph2	huang
CASSQDHGTGSYGYTF	gliph2_55	gliph2	huang
CASSQDHGELFF	gliph2_55	gliph2	huang
CASSQDHGGQPQHF	gliph2_55	gliph2	huang
CASSQDHGNSPLHF	gliph2_55	gliph2	huang
CASSFGQDHGHLHF	gliph2_55	gliph2	huang
CASSEALPQDHGNTIYF	gliph2_55	gliph2	huang
CASSRIQGTEAFF	gliph2_56	gliph2	huang
CASSLSRIQPQHF	gliph2_56	gliph2	huang
CATSRIQASNSPLHF	gliph2_56	gliph2	huang
CATSRIQASNSPLLF	gliph2_56	gliph2	huang
CAISRIQSAPAFF	gliph2_56	gliph2	huang
CSSSTDTQYF	gliph2_57	gliph2	huang
CSVFTDTQYF	gliph2_57	gliph2	huang
CSTNTDTQYF	gliph2_57	gliph2	huang
CSSDTDTQYF	gliph2_57	gliph2	huang
CSVDTDTQYF	gliph2_57	gliph2	huang
CSTDTDTQYF	gliph2_57	gliph2	huang
CSSNTDTQYF	gliph2_57	gliph2	huang
CSADTDTQYF	gliph2_57	gliph2	huang
CSASTDTQYF	gliph2_57	gliph2	huang
CRAPVQSWYGYTF	gliph2_58	gliph2	huang
CSAPGQSWYGYTF	gliph2_58	gliph2	huang
CSAPVQSWYGYTF	gliph2_58	gliph2	huang
CSARGQSWYGYTGELFF	gliph2_58	gliph2	huang
CSARPYWLRSGAVASTDTQYF	gliph2_59	gliph2	huang
CSARPYWLRSGAVPSTDKQYF	gliph2_59	gliph2	huang
CSARPYWLRSGAVPSTDTQYF	gliph2_59	gliph2	huang
CSGTPYWLNEQFF	gliph2_59	gliph2	huang
CSASPGTHSNLPQHF	gliph2_60	gliph2	huang
CNASPGTHSNQPQHF	gliph2_60	gliph2	huang
CASSYSGTHSGNTIYF	gliph2_60	gliph2	huang
CRASPGTHSNQPQHF	gliph2_60	gliph2	huang
CSAGPGTHSNQPQHF	gliph2_60	gliph2	huang
CSARPGTHSNQRQHF	gliph2_60	gliph2	huang
CSARPGTHSNQPQHF	gliph2_60	gliph2	huang
CSASPGTHSNQPQHF	gliph2_60	gliph2	huang
CASSSLSTGTHSNQPQHF	gliph2_60	gliph2	huang
CASSQDQTPTYEQYF	gliph2_61	gliph2	huang
CASSQDQYNQPQHF	gliph2_61	gliph2	huang
CASSQDQASGRRDEQFF	gliph2_61	gliph2	huang
CASSQDQGRGGYNEQFF	gliph2_61	gliph2	huang
CASSQDQIRPEQYF	gliph2_61	gliph2	huang
CASSQDQGGYEQYF	gliph2_61	gliph2	huang
CASSQDQADTQYF	gliph2_61	gliph2	huang
CASSQDQREGLGYEQYF	gliph2_61	gliph2	huang
CASSQDQGRGTGANVLTF	gliph2_61	gliph2	huang
CASSQDQGGYTF	gliph2_61	gliph2	huang
CASSVVRGQYFPYEQYF	gliph2_62	gliph2	huang
CASSQRGQYEQFF	gliph2_62	gliph2	huang
CASSLGRGQYFPYEQYF	gliph2_62	gliph2	huang
CSALRGQYNEQFF	gliph2_62	gliph2	huang
CASSLDYRGQYLNEQFF	gliph2_62	gliph2	huang
CASAQRGQYTGERGF	gliph2_62	gliph2	huang
CASSLVRGQYFPYEQYF	gliph2_62	gliph2	huang
CASRNRGQYEQYF	gliph2_62	gliph2	huang
CASSPRDRGQYEQYF	gliph2_62	gliph2	huang
CSARGQYEGGELFF	gliph2_62	gliph2	huang
CSASPGTHSNLPQHF	gliph2_63	gliph2	huang
CNASPGTHSNQPQHF	gliph2_63	gliph2	huang
CRASPGTHSNQPQHF	gliph2_63	gliph2	huang
CSAGPGTHSNQPQHF	gliph2_63	gliph2	huang
CSARPGTHSNQRQHF	gliph2_63	gliph2	huang
CASSPGTHYNSPLHF	gliph2_63	gliph2	huang
CSARPGTHSNQPQHF	gliph2_63	gliph2	huang
CSASPGTHSNQPQHF	gliph2_63	gliph2	huang
CAGSGTGALLPETQYF	gliph2_64	gliph2	huang
CSARDSLLPETQYF	gliph2_64	gliph2	huang
CASSLEDMLLPEQYF	gliph2_64	gliph2	huang
CAWSGGQLLPEQYF	gliph2_64	gliph2	huang
CASSQGGLLPETQYF	gliph2_64	gliph2	huang
CAWSGGQLLPEETQYF	gliph2_64	gliph2	huang
CASSLLPEGERNGYAF	gliph2_64	gliph2	huang
CASSPILGLSSYEQYF	gliph2_65	gliph2	huang
CASSPILGEQYF	gliph2_65	gliph2	huang
CASSPILSGRGANTGELFF	gliph2_65	gliph2	huang
CASSPILETQYF	gliph2_65	gliph2	huang
CASSPILAAEGNTQYF	gliph2_65	gliph2	huang
CASSDKSSSLSVYNEQFF	gliph2_66	gliph2	huang
CASSDKSSALSVYNEQFF	gliph2_66	gliph2	huang
CNNSDNTSTLSVYNEQFF	gliph2_66	gliph2	huang
CASSEKSSSLSVYNEQFF	gliph2_66	gliph2	huang
CAISDKSSSLSVYNDLFF	gliph2_66	gliph2	huang
CASSQVIGHYGYTF	gliph2_67	gliph2	huang
CASSQVIRGGEQYF	gliph2_67	gliph2	huang
CASSQVILAGRAGELCF	gliph2_67	gliph2	huang
CASSQVIQETQYF	gliph2_67	gliph2	huang
CASSQVIPSGANVLTF	gliph2_67	gliph2	huang
CASSQVIVPHHSYEQYF	gliph2_67	gliph2	huang
CASSQVIGRGGQETQYF	gliph2_67	gliph2	huang
CASSQVIGRQDQETQYF	gliph2_67	gliph2	huang
CSARGQGNEQFF	gliph2_68	gliph2	huang
CSARSQGNEQFF	gliph2_68	gliph2	huang
CSAREQGNEQFF	gliph2_68	gliph2	huang
CSAREQGNEQYF	gliph2_68	gliph2	huang
CSARHQGNEQFF	gliph2_68	gliph2	huang
CSARKQGNEQFF	gliph2_68	gliph2	huang
CSARGQGNEQYF	gliph2_68	gliph2	huang
CASSLQLGLYEQYF	gliph2_69	gliph2	huang
CGSSPLGSLGLYEGYTF	gliph2_69	gliph2	huang
CASSELGLYGYTF	gliph2_69	gliph2	huang
CASSQVDLGLYGYTF	gliph2_69	gliph2	huang
CASSLPTGLGLYGYTF	gliph2_69	gliph2	huang
CASTPLGLYGYTF	gliph2_69	gliph2	huang
CASSLGLYNEQFF	gliph2_69	gliph2	huang
CASSPLGSLGLYEGYTF	gliph2_69	gliph2	huang
CSVEEPRNTIYF	gliph2_70	gliph2	huang
CSVEEPRQTEQFF	gliph2_70	gliph2	huang
CSVEEPRNTQYF	gliph2_70	gliph2	huang
CSVEEPRHTEAFF	gliph2_70	gliph2	huang
CSVEEPRGTAFF	gliph2_70	gliph2	huang
CSVEEPRGQPQHF	gliph2_70	gliph2	huang
CASSQDHGDSTYTF	gliph2_71	gliph2	huang
CASSQDHGTGSYGYTF	gliph2_71	gliph2	huang
CASSQDHSGGPFRRTQYF	gliph2_71	gliph2	huang
CASSQDHGELFF	gliph2_71	gliph2	huang
CASSQDHLVSGANVLTF	gliph2_71	gliph2	huang
CASSQDHAGDSKQYF	gliph2_71	gliph2	huang
CASSQDHGGQPQHF	gliph2_71	gliph2	huang
CASSQDHGNSPLHF	gliph2_71	gliph2	huang
CASSLGQVYGYTF	gliph2_72	gliph2	huang
CASSRALVQVYGYTF	gliph2_72	gliph2	huang
CASSQVYGAGDTQYF	gliph2_72	gliph2	huang
CASSLNQGQVYGYTF	gliph2_72	gliph2	huang
CASSQVYGTGIYEQYF	gliph2_72	gliph2	huang
CASSQALGQVYGYTF	gliph2_72	gliph2	huang
CASSQARGQVYGYTF	gliph2_72	gliph2	huang
CASSQALVQVYGYTF	gliph2_72	gliph2	huang
CAGSRSLQGQVYGQYF	gliph2_72	gliph2	huang
CASGLVVGGPGMNTEAFF	gliph2_73	gliph2	huang
CASGLVVAGGPPGELFF	gliph2_73	gliph2	huang
CASGLVVQRGGTYNEQFF	gliph2_73	gliph2	huang
CASGLVVAGVTSYNEQFF	gliph2_73	gliph2	huang
CASGLVVGSPTSYEQYF	gliph2_73	gliph2	huang
CASGLVVSRGAGELFF	gliph2_73	gliph2	huang
CASGLVVGQSDRPQHF	gliph2_73	gliph2	huang
CASGLVVIGSTGELFF	gliph2_73	gliph2	huang
CASTSGLVVDTQYF	gliph2_73	gliph2	huang
CASNSGPTANYGYTF	gliph2_74	gliph2	huang
CASSQNSGPSRVGEQFF	gliph2_74	gliph2	huang
CSARDNSGPTGTEAFF	gliph2_74	gliph2	huang
CASNSGPTANYGDTF	gliph2_74	gliph2	huang
CASRSNSGPHYNEQFF	gliph2_74	gliph2	huang
CSGRDNSGPTGTEAFF	gliph2_74	gliph2	huang
CSANSGPGYGYTF	gliph2_74	gliph2	huang
CARSHSSGGGYYGQYF	gliph2_75	gliph2	huang
CASSHSSLAADTQYF	gliph2_75	gliph2	huang
CASSHSSGGGYYEQYF	gliph2_75	gliph2	huang
CASSHSSQGWDSGANVLTF	gliph2_75	gliph2	huang
CASSQFISNAGELFF	gliph2_76	gliph2	huang
CASSQFIGDTDQSDTQYF	gliph2_76	gliph2	huang
CASSQFIGSYEQYF	gliph2_76	gliph2	huang
CASSQFIGGEYEQYF	gliph2_76	gliph2	huang
CASSQFISNAGELFF	gliph2_77	gliph2	huang
CASSQFIGDTDQSDTQYF	gliph2_77	gliph2	huang
CASSQFIGSYEQYF	gliph2_77	gliph2	huang
CASSQFIGGEYEQYF	gliph2_77	gliph2	huang
CASSCAVAMENIQYF	gliph2_78	gliph2	huang
CASGLAVAMENIQYF	gliph2_78	gliph2	huang
CASSFAVAMENIQYF	gliph2_78	gliph2	huang
CASSLAVAMENIQYF	gliph2_78	gliph2	huang
CASSEEWTGSFSNYGYTF	gliph2_79	gliph2	huang
CASSLVGTDFSNYGYTF	gliph2_79	gliph2	huang
CASSQEPPTGFSNYGYTF	gliph2_79	gliph2	huang
CASSPWEFSNYGYTF	gliph2_79	gliph2	huang
CASSLAVAMENSQYF	gliph2_80	gliph2	huang
CSVVWSVMENEKLFF	gliph2_80	gliph2	huang
CASSCAVAMENIQYF	gliph2_80	gliph2	huang
CASGLAVAMENIQYF	gliph2_80	gliph2	huang
CASSFAVAMENIQYF	gliph2_80	gliph2	huang
CASTYRGMENEQFF	gliph2_80	gliph2	huang
CASSLAVAMENIQYF	gliph2_80	gliph2	huang
CASNLMENTEAFF	gliph2_80	gliph2	huang
CASSLGGWETQYF	gliph2_81	gliph2	huang
CASSLGTWETQYF	gliph2_81	gliph2	huang
CASSLGLWETQYF	gliph2_81	gliph2	huang
CASSLGVWETQYF	gliph2_81	gliph2	huang
CASGVGGGGAGETQYF	gliph2_82	gliph2	huang
CARGVGGGGAGETQYF	gliph2_82	gliph2	huang
CASGGGGGGAGETQYF	gliph2_82	gliph2	huang
CAGGVGGGGAGETQYF	gliph2_82	gliph2	huang
CAGGVGGRGAGETQYF	gliph2_83	gliph2	huang
CASGVGGRGAGETQYF	gliph2_83	gliph2	huang
CASGGGGRGAGETQYF	gliph2_83	gliph2	huang
CAGGGGGRGAGETQYF	gliph2_83	gliph2	huang
CSASPGTHSNLPQHF	gliph2_84	gliph2	huang
CNASPGTHSNQPQHF	gliph2_84	gliph2	huang
CRASPGTHSNQPQHF	gliph2_84	gliph2	huang
CSASPGTHSNQPQHF	gliph2_84	gliph2	huang
CSAAPGQGMNTEAFF	gliph2_85	gliph2	huang
CSVAPGRGMNTEDFF	gliph2_85	gliph2	huang
CSAAPGWGMNTEAFF	gliph2_85	gliph2	huang
CSVAPGWGMNTEAFF	gliph2_85	gliph2	huang
CGARIRGGGGDTDTQYF	gliph2_86	gliph2	huang
CRARIRGGGGDTDTQYF	gliph2_86	gliph2	huang
CSARIRGGGGDTDTQYF	gliph2_86	gliph2	huang
CSARIPGGGGDTDTQYF	gliph2_86	gliph2	huang
CARGVGGGGAGETQYF	gliph2_87	gliph2	huang
CASRVGGGGAGETQYF	gliph2_87	gliph2	huang
CASGVGGGGAGETQYF	gliph2_87	gliph2	huang
CAGGVGGGGAGETQYF	gliph2_87	gliph2	huang
CSALAPGELSTDTQYF	gliph2_88	gliph2	huang
CSALAPGALSTDTQYF	gliph2_88	gliph2	huang
CRALAPGALSTDTQYF	gliph2_88	gliph2	huang
CSGLAPGALSTDTQYF	gliph2_88	gliph2	huang
CSAHRDRGLVNTEGFF	gliph2_89	gliph2	huang
CRAHRDRGVVNTEAFF	gliph2_89	gliph2	huang
CSDHRDRGLVNTEAFF	gliph2_89	gliph2	huang
CSAHRDRGLVNTEAFF	gliph2_89	gliph2	huang
CASSQALGDTQYF	gliph2_90	gliph2	huang
CASSQGLGDTQYF	gliph2_90	gliph2	huang
CASSQVLGDTQYF	gliph2_90	gliph2	huang
CASSQFLGDTQYF	gliph2_90	gliph2	huang
CSVTGGWGMNTEAFF	gliph2_91	gliph2	huang
CSVGGGWGMNTEAFF	gliph2_91	gliph2	huang
CSARGGWGMNTEAFF	gliph2_91	gliph2	huang
CSVAGGWGMNTEAFF	gliph2_91	gliph2	huang
CSASSPGLAGYNEQFF	gliph2_92	gliph2	huang
CRARSPGLAGYNEQFF	gliph2_92	gliph2	huang
CSAVSPGLAGYNEQFF	gliph2_92	gliph2	huang
CSARSPGLAGYNEQFF	gliph2_92	gliph2	huang
CASSEAAANEKLFF	gliph2_93	gliph2	huang
CASSGAAANEKRFF	gliph2_93	gliph2	huang
CASSGAAANEKLFF	gliph2_93	gliph2	huang
CASSGAAANEKMFF	gliph2_93	gliph2	huang
CASSSTAGLEQYF	gliph2_94	gliph2	huang
CGSSSTAGLEQYF	gliph2_94	gliph2	huang
CASSETAGLEQYF	gliph2_94	gliph2	huang
CASSPTAGLEQYF	gliph2_94	gliph2	huang
CSAGDRVGGSSYNEQCF	gliph2_95	gliph2	huang
CSAGGRVGGSSYNEQFF	gliph2_95	gliph2	huang
CSAGDRVGGSSYNEQFF	gliph2_95	gliph2	huang
CSVGDRVGGSSYNEQFF	gliph2_95	gliph2	huang
CSARSRTGDSPLHF	gliph2_96	gliph2	huang
CSARERTGDSPLHF	gliph2_96	gliph2	huang
CSARDRTGDSPLHF	gliph2_96	gliph2	huang
CSARTRTGDSPLHF	gliph2_96	gliph2	huang
CRASQDLGGYTF	gliph2_97	gliph2	huang
CSASQDLGGYTF	gliph2_97	gliph2	huang
CSASQGLGGYTF	gliph2_97	gliph2	huang
CIASQELGGYTF	gliph2_97	gliph2	huang
CASSQQGTGEAFF	gliph2_98	gliph2	huang
CASSQQGAGELFF	gliph2_98	gliph2	huang
CASSQQGPGELFF	gliph2_98	gliph2	huang
CASSQQGTGELFF	gliph2_98	gliph2	huang
CASSPRTSGGFGDTHYF	gliph2_99	gliph2	huang
CASSPRTSGGVGDTQYF	gliph2_99	gliph2	huang
CASSPRTSGGFGDTKYF	gliph2_99	gliph2	huang
CASSPRTSGGFGDTQYF	gliph2_99	gliph2	huang
CSARDGRGDNEQFF	gliph2_100	gliph2	huang
CRARDPRGDNEQLF	gliph2_100	gliph2	huang
CSARDPRGDNEQFF	gliph2_100	gliph2	huang
CGARDRRGDNEQFF	gliph2_100	gliph2	huang
CSSSLVATTRGTEAFF	gliph2_101	gliph2	huang
CASSLVATTRGTEAFF	gliph2_101	gliph2	huang
CASCLVATTRGTEAFF	gliph2_101	gliph2	huang
CAGSLVATTRGTEAFF	gliph2_101	gliph2	huang
CSARETPGTGDTGELCF	gliph2_102	gliph2	huang
CSGREAPGTGDTGELFF	gliph2_102	gliph2	huang
CSAREAPGTGDTGELFF	gliph2_102	gliph2	huang
CSARETPGTGDTGELFF	gliph2_102	gliph2	huang
CSARIPGGGGDTDTQYF	gliph2_103	gliph2	huang
CRARSPGGGGDTDTQYF	gliph2_103	gliph2	huang
CSGRSPGGGGDTDTQYF	gliph2_103	gliph2	huang
CSARVPGGGGDTDTQYF	gliph2_103	gliph2	huang
CASSPGQGHYNEQFF	gliph2_104	gliph2	huang
CASSSGQGHYNEQFF	gliph2_104	gliph2	huang
CASSVGQGHYNEQFF	gliph2_104	gliph2	huang
CASSLGQGHYNEQFF	gliph2_104	gliph2	huang
CDGSLFSGTQYF	gliph2_105	gliph2	huang
CASSLFSGTQYF	gliph2_105	gliph2	huang
CASSLFSGKQYF	gliph2_105	gliph2	huang
CASSLFSGTKYF	gliph2_105	gliph2	huang
CSARDRVGGSSYNEQFF	gliph2_106	gliph2	huang
CSAGDRVGGSSYNEQFF	gliph2_106	gliph2	huang
CSVGDRVGGSSYNEQFF	gliph2_106	gliph2	huang
CSAGDRVGGSSYNEQCF	gliph2_106	gliph2	huang
CSGRAGWGMNTEAFF	gliph2_107	gliph2	huang
CSVRAGWGMNTEAFF	gliph2_107	gliph2	huang
CSVVAGWGMNTEAFF	gliph2_107	gliph2	huang
CSVEAGWGMNTEAFF	gliph2_107	gliph2	huang
CAHKTDSDEQDF	gliph2_108	gliph2	huang
CAWKTDSYEQYF	gliph2_108	gliph2	huang
CAHKTDSYEQYF	gliph2_108	gliph2	huang
CAWKTDSDEQYF	gliph2_108	gliph2	huang
CSARIRGGGGDTDTQYF	gliph2_109	gliph2	huang
CGARIRGVGGDTDTQYF	gliph2_109	gliph2	huang
CRARIRGGGGDTDTQYF	gliph2_109	gliph2	huang
CGARIRGGGGDTDTQYF	gliph2_109	gliph2	huang
CASSQDRAGANVLTF	gliph2_110	gliph2	huang
CASSQDGAGANVLTF	gliph2_110	gliph2	huang
CASSQDVAGANVLTF	gliph2_110	gliph2	huang
CASSQDSAGANVLTF	gliph2_110	gliph2	huang
CASSVTTNTGELFF	gliph2_111	gliph2	huang
CASSVTTNTGERFF	gliph2_111	gliph2	huang
CASSVGTNTGEMFF	gliph2_111	gliph2	huang
CASSVGTNTGELFF	gliph2_111	gliph2	huang
CSAHRDRGLVNTEAFF	gliph2_112	gliph2	huang
CSAHRDRGLVNTEGFF	gliph2_112	gliph2	huang
CSAHRDRGLVSTEAFF	gliph2_112	gliph2	huang
CSDHRDRGLVNTEAFF	gliph2_112	gliph2	huang
CASSQDLALTEAFF	gliph2_113	gliph2	huang
CASSQDLAGGADQETQYF	gliph2_113	gliph2	huang
CASSQDLAGTNEKLFF	gliph2_113	gliph2	huang
CASSQDLAGQNYGYTF	gliph2_113	gliph2	huang
CASSQDLAGGTQYF	gliph2_113	gliph2	huang
CASSQDLAGQPQHF	gliph2_113	gliph2	huang
CASSQDLAGGRNQETQYF	gliph2_113	gliph2	huang
CASSQDLAGYTDTQYF	gliph2_113	gliph2	huang
CASRQDLAGTNENLFF	gliph2_113	gliph2	huang
CASSQDRVGGKSYNEQFF	gliph2_114	gliph2	huang
CSASGGGLAGLKSYNEQFF	gliph2_114	gliph2	huang
CSASGGGLAGRKSYNEQFF	gliph2_114	gliph2	huang
CASSPPSAGSKSYNEQFF	gliph2_114	gliph2	huang
CASSVGGTKSYNEQFF	gliph2_114	gliph2	huang
CASSLGGTKSYNEQFF	gliph2_114	gliph2	huang
CAGSLGGTKSYNEQFF	gliph2_114	gliph2	huang
CASTDPLTSGGPLKSYNEQFF	gliph2_114	gliph2	huang
CASTDSLTSGGPLKSYNEQFF	gliph2_114	gliph2	huang
CASSFQRAGGSTDTQYF	gliph2_115	gliph2	huang
CASSFQREERYNEQFF	gliph2_115	gliph2	huang
CASSFQRGGQETQYF	gliph2_115	gliph2	huang
CASSFQRGTDETQYF	gliph2_115	gliph2	huang
CASSFQRGGGETQYF	gliph2_115	gliph2	huang
CASSFQRGPQETQYF	gliph2_115	gliph2	huang
CASSFQRSNEQYF	gliph2_115	gliph2	huang
CASSFQRVAFF	gliph2_115	gliph2	huang
CSARDTQGPYSNQPQHF	gliph2_116	gliph2	huang
CASSTQGPLYEQFF	gliph2_116	gliph2	huang
CSATQGPWEQYF	gliph2_116	gliph2	huang
CASSPTQGPNGYTF	gliph2_116	gliph2	huang
CASSETQGPNYGYTF	gliph2_116	gliph2	huang
CSATQGPGNTIYF	gliph2_116	gliph2	huang
CSAPTQGPYNEQFF	gliph2_116	gliph2	huang
CAGTQGVNRDQPQQF	gliph2_117	gliph2	huang
CATSTTQGVHTGELFF	gliph2_117	gliph2	huang
CSPITTQGVHTGELFF	gliph2_117	gliph2	huang
CASSLTQGVGYGYTF	gliph2_117	gliph2	huang
CASTQGVREQYF	gliph2_117	gliph2	huang
CAWTQGVNRDQPQHF	gliph2_117	gliph2	huang
CASRTQGVGTGELFF	gliph2_117	gliph2	huang
CASRDRTQGVRNSPLHF	gliph2_117	gliph2	huang
CASSSLIEPGLAFNEQFF	gliph2_118	gliph2	huang
CASSSLIEPGLAGNTDTQYF	gliph2_118	gliph2	huang
CASSSLIEPGLAVNTDTQYF	gliph2_118	gliph2	huang
CASSIEPGQGYQPQHF	gliph2_118	gliph2	huang
CASSLGFIEPGVADTQYF	gliph2_118	gliph2	huang
CASSELADHREKLFF	gliph2_119	gliph2	huang
CASRGFGTHREKLVF	gliph2_119	gliph2	huang
CASREVGNHREKLFF	gliph2_119	gliph2	huang
CAISEIGEHREKLFF	gliph2_119	gliph2	huang
CASSELANHREKLFF	gliph2_119	gliph2	huang
CSAPTQGTQYF	gliph2_120	gliph2	huang
CATSDPTQGMRDTQYF	gliph2_120	gliph2	huang
CASRPTQGGNSPLHF	gliph2_120	gliph2	huang
CASSPTQGSSYNEQFF	gliph2_120	gliph2	huang
CASSPTQGAGRMFF	gliph2_120	gliph2	huang
CASSPTQGPNGYTF	gliph2_120	gliph2	huang
CSAPTQGPYNEQFF	gliph2_120	gliph2	huang
CASSKPTQGHTEAFF	gliph2_120	gliph2	huang
CASSQLPTQGGEQYF	gliph2_120	gliph2	huang
CASRREVNTEAFF	gliph2_121	gliph2	huang
CASAQEVNTEAFF	gliph2_121	gliph2	huang
CAISGEVNTGELFF	gliph2_121	gliph2	huang
CGSGQEVNTEAFF	gliph2_121	gliph2	huang
CASTGEVNTGELFF	gliph2_121	gliph2	huang
CASPEGEVNTEAFF	gliph2_121	gliph2	huang
CAMVGEVNTGELFF	gliph2_121	gliph2	huang
CASPEVEVNTEAFF	gliph2_121	gliph2	huang
CASMREVNTEAFF	gliph2_121	gliph2	huang
CSVAPGWGMNSEAFF	gliph2_122	gliph2	huang
CSVAPGWGMSSYEQYF	gliph2_122	gliph2	huang
CSAAPGWGMNTEAFF	gliph2_122	gliph2	huang
CSVAPGWGMNTEAFF	gliph2_122	gliph2	huang
CASGLAPGWANEKLFF	gliph2_122	gliph2	huang
CSVAPGWGMNTAAFF	gliph2_122	gliph2	huang
CSVAPGWGMNTEAFF	gliph2_123	gliph2	huang
CSAAPGWGMNTEAFF	gliph2_123	gliph2	huang
CSVRPGWGMNTEAFF	gliph2_123	gliph2	huang
CSASPGWGMNTEAFF	gliph2_123	gliph2	huang
CSAGPGWGMNTEAFF	gliph2_123	gliph2	huang
CASSTEGNYGYTF	gliph2_124	gliph2	huang
CASSLEGNYGYTF	gliph2_124	gliph2	huang
CASSQEGNYGYTF	gliph2_124	gliph2	huang
CASSPEGNYGYTF	gliph2_124	gliph2	huang
CASSFEGNYGYTF	gliph2_124	gliph2	huang
CASNPVRVPYDEQYF	gliph2_125	gliph2	huang
CSAPRARVPYNEQFF	gliph2_125	gliph2	huang
CSATGLIRVPYNEQFF	gliph2_125	gliph2	huang
CASTHVRVPYYEQYF	gliph2_125	gliph2	huang
CASTPVRVPYYEQYF	gliph2_125	gliph2	huang
CASSTRVPYEQYF	gliph2_125	gliph2	huang
CASSIGGGPRVPYNEQFF	gliph2_125	gliph2	huang
CASSIGGGLRVPYNEQFF	gliph2_125	gliph2	huang
CASSSLIEPGLAFNEQFF	gliph2_126	gliph2	huang
CASSLIEQQPQHF	gliph2_126	gliph2	huang
CASSLIENTEAFF	gliph2_126	gliph2	huang
CASSLIEGLEQYF	gliph2_126	gliph2	huang
CASSSLIEPGLAGNTDTQYF	gliph2_126	gliph2	huang
CASSSLIEPGLAVNTDTQYF	gliph2_126	gliph2	huang
CASSLIEGGTEAFF	gliph2_126	gliph2	huang
CSVVRRVTSGATNQETQYF	gliph2_127	gliph2	huang
CSVVRRVTRGTTNQETQYF	gliph2_127	gliph2	huang
CSVVRRVTSGTTNQETQYF	gliph2_127	gliph2	huang
CSGVRRVTRGSTNQGTQYF	gliph2_127	gliph2	huang
CSVVRRVTSWTTNQETQYF	gliph2_127	gliph2	huang
CSVVRRVPSATSNQETQYF	gliph2_127	gliph2	huang
CASSQFLGDTQYF	gliph2_128	gliph2	huang
CASSQFLGDEQFF	gliph2_128	gliph2	huang
CASSQFLGVEQYF	gliph2_128	gliph2	huang
CASSQFLGGEQFF	gliph2_128	gliph2	huang
CASSQFTAGLSYEQYF	gliph2_129	gliph2	huang
CASSQFTGPYEQYF	gliph2_129	gliph2	huang
CASSQFTGAGGQFF	gliph2_129	gliph2	huang
CASSQFTGAGEQFF	gliph2_129	gliph2	huang
CASILTEQGPLAYSNQPQHF	gliph2_130	gliph2	huang
CASSWTGQGPLAYRNQPQHF	gliph2_130	gliph2	huang
CASSLTGQGPLAYSNQPHHF	gliph2_130	gliph2	huang
CSARDLGHRPLAYEQYF	gliph2_130	gliph2	huang
CASSLTGQGPLAYSNQPQHF	gliph2_130	gliph2	huang
CASGQGAGTWGLLCNQSQHF	gliph2_131	gliph2	huang
CASSGPRQGTWGQPQHF	gliph2_131	gliph2	huang
CASSLDGTWGNQPQHF	gliph2_131	gliph2	huang
CASSPGTWGYNEQFF	gliph2_131	gliph2	huang
CASSLPTGTWGSGANVLTF	gliph2_131	gliph2	huang
CASSRLQGTWGKAFF	gliph2_131	gliph2	huang
CASSGPGGTWGISNQPQHF	gliph2_131	gliph2	huang
CAAGGTWGYTF	gliph2_131	gliph2	huang
CASSEPLAGMGGGQYF	gliph2_132	gliph2	huang
CSASRPGLAGMHEQYF	gliph2_132	gliph2	huang
CSASAPGLAGMHEQYF	gliph2_132	gliph2	huang
CSARAPGLAGMNEQFF	gliph2_132	gliph2	huang
CGASAPGLAGMHEQYF	gliph2_132	gliph2	huang
CAWSPGLAGMWQETQYF	gliph2_132	gliph2	huang
CASSRLAGMDTQYF	gliph2_132	gliph2	huang
CSASAQGLAGMHEQYF	gliph2_132	gliph2	huang
CASSQILAGMKIETQYF	gliph2_132	gliph2	huang
CSASPGTHSNQPQHF	gliph2_133	gliph2	huang
CRASPGTHSNQPQHF	gliph2_133	gliph2	huang
CNASPGTHSNQPQHF	gliph2_133	gliph2	huang
CSASPGTQSNQPQHF	gliph2_133	gliph2	huang
CASSPGTESNQPQHF	gliph2_133	gliph2	huang
CASSEIENTEAFF	gliph2_134	gliph2	huang
CASSELENTEAFF	gliph2_134	gliph2	huang
CASSEAENTEAFF	gliph2_134	gliph2	huang
CASSEVENTEAFF	gliph2_134	gliph2	huang
CASSEVENTEDFF	gliph2_134	gliph2	huang
CASSDAPYSAEYNEQFF	gliph2_135	gliph2	huang
CASSDEGWAEYNEQFF	gliph2_135	gliph2	huang
CASSQGGLAEYNEQFF	gliph2_135	gliph2	huang
CASSDSPYSAEYNEQFF	gliph2_135	gliph2	huang
CASIASPYSAEYNEQFF	gliph2_135	gliph2	huang
CASSQVGAEYNEQFF	gliph2_135	gliph2	huang
CASSALAEYNEQFF	gliph2_135	gliph2	huang
CASSPLAEYNEQFF	gliph2_135	gliph2	huang
CSARASGGEAKNIQYF	gliph2_136	gliph2	huang
CSARKGGGEAKNIQYF	gliph2_136	gliph2	huang
CSARLSGGEAKNIQYF	gliph2_136	gliph2	huang
CSARAGGGEAKNIQYF	gliph2_136	gliph2	huang
CSARSSGGEAKNIQYF	gliph2_136	gliph2	huang
CALRGGPGEAKNIQYF	gliph2_136	gliph2	huang
CASSLGEAKSNEQFF	gliph2_136	gliph2	huang
CAIRGGPGEAKNIQYF	gliph2_136	gliph2	huang
CASSQDDRGNQPQHF	gliph2_137	gliph2	huang
CASSQDDRNQPQHF	gliph2_137	gliph2	huang
CASSQDDRGFSGNTIYF	gliph2_137	gliph2	huang
CASSQDDRSQPQHF	gliph2_137	gliph2	huang
CASSQDDRVQPQHF	gliph2_137	gliph2	huang
CASRQDDRNQPQHF	gliph2_137	gliph2	huang
CSAIIGLFKETQYF	gliph2_138	gliph2	huang
CASSIIGLAGGTDTQYF	gliph2_138	gliph2	huang
CATSIIGLADQFF	gliph2_138	gliph2	huang
CASSIIGLAGAGEQFF	gliph2_138	gliph2	huang
CASSFSPPGLAEAKHIQYF	gliph2_139	gliph2	huang
CASSFSPPGLAEAKNIQYF	gliph2_139	gliph2	huang
CASSFSPPTGGNSYTF	gliph2_139	gliph2	huang
CDSSFSPPGRAEAKNIQYF	gliph2_139	gliph2	huang
CASSFGRFTDTQYF	gliph2_140	gliph2	huang
CASSSGRFTTEAFF	gliph2_140	gliph2	huang
CASSLDSGRFTDTQYF	gliph2_140	gliph2	huang
CASNLQGRFTEAFF	gliph2_140	gliph2	huang
CSAKGRFTDTQYF	gliph2_140	gliph2	huang
CASSAWDRGRFTEAFF	gliph2_140	gliph2	huang
CASSSPGQGRFTGANVLTF	gliph2_140	gliph2	huang
CACSSAVQGRFTGANVLTF	gliph2_140	gliph2	huang
CASSPGTGLPGSGNTIYF	gliph2_141	gliph2	huang
CSAPRTGLPANYGYTF	gliph2_141	gliph2	huang
CASSESTTGLPYEQYF	gliph2_141	gliph2	huang
CASSVGGTGLPGELFF	gliph2_141	gliph2	huang
CASSLLRDTGLPEQYF	gliph2_141	gliph2	huang
CASILRTGLPSSALHF	gliph2_141	gliph2	huang
CASNTGLPSTDTQYF	gliph2_141	gliph2	huang
CASSDTGLPMFANTGELFF	gliph2_141	gliph2	huang
CASSQFIGDTDQSDTQYF	gliph2_142	gliph2	huang
CASSQFIGSYEQYF	gliph2_142	gliph2	huang
CASSQFIGGEYEQYF	gliph2_142	gliph2	huang
CSARDMARHEQYF	gliph2_143	gliph2	huang
CSARDMARHEKYF	gliph2_143	gliph2	huang
CSAREMARHEQYF	gliph2_143	gliph2	huang
CATSRGHMISYNGQFF	gliph2_144	gliph2	huang
CATSRGHMISYNEQFF	gliph2_144	gliph2	huang
CATSRGHMISYKEEFF	gliph2_144	gliph2	huang
CASSVVRGQYFPYEQYF	gliph2_145	gliph2	huang
CASSLGRGQYFPYEQYF	gliph2_145	gliph2	huang
CASSLVRGQYFPYEQYF	gliph2_145	gliph2	huang
CASSQDMRTGTNEKLFF	gliph2_146	gliph2	huang
CASSQDMRSADAFF	gliph2_146	gliph2	huang
CASGQDMRDTQYF	gliph2_146	gliph2	huang
CSARPYWLRSGAVASTDTQYF	gliph2_147	gliph2	huang
CSARPYWLRSGAVPSTDKQYF	gliph2_147	gliph2	huang
CSARPYWLRSGAVPSTDTQYF	gliph2_147	gliph2	huang
CSARPYWLRSGAVASTDTQYF	gliph2_148	gliph2	huang
CSARPYWLRSGAVPSTDKQYF	gliph2_148	gliph2	huang
CSARPYWLRSGAVPSTDTQYF	gliph2_148	gliph2	huang
CASRKMGTLPGSNQTQHF	gliph2_149	gliph2	huang
CASSKMGTLPGSKQPQHF	gliph2_149	gliph2	huang
CASSKMGTLPGSNQPQHF	gliph2_149	gliph2	huang
CSARRPELMNTEAFF	gliph2_150	gliph2	huang
CASSLSVELMNTEAFF	gliph2_150	gliph2	huang
CATSDPGAELMNEQFF	gliph2_150	gliph2	huang
CASSQLLPGLGNEQFF	gliph2_151	gliph2	huang
CAWSGGQLLPEQYF	gliph2_151	gliph2	huang
CAWSGGQLLPEETQYF	gliph2_151	gliph2	huang
CATSRGHMISYNGQFF	gliph2_152	gliph2	huang
CATSRGHMISYNEQFF	gliph2_152	gliph2	huang
CATSRGHMISYKEEFF	gliph2_152	gliph2	huang
CSVDYMRRRTANTEAFF	gliph2_153	gliph2	huang
CRVDYMRRRNANTEAFF	gliph2_153	gliph2	huang
CSVEYMRRRTANTEAFF	gliph2_153	gliph2	huang
CASSVVRGQYFPYEQYF	gliph2_154	gliph2	huang
CASSLGRGQYFPYEQYF	gliph2_154	gliph2	huang
CASSLVRGQYFPYEQYF	gliph2_154	gliph2	huang
CASSQDWAPQGETLFF	gliph2_155	gliph2	huang
CASSQDWAPKGEKLFF	gliph2_155	gliph2	huang
CASSQDWAPKGEKLLF	gliph2_155	gliph2	huang
CASSLDEQRVSTDKQDF	gliph2_156	gliph2	huang
CASSLDEQRVSTDTQYF	gliph2_156	gliph2	huang
CASSVDEQRVSTDTQYF	gliph2_156	gliph2	huang
CSATIEQGIIGEKCF	gliph2_157	gliph2	huang
CSATIEQGIFGEQFF	gliph2_157	gliph2	huang
CSATIEQGIIGEQFF	gliph2_157	gliph2	huang
CASSLAWPFKSGANVLTF	gliph2_158	gliph2	huang
CASGLAWPFKSGANVLTF	gliph2_158	gliph2	huang
CACSLAWPFKSVANVLTF	gliph2_158	gliph2	huang
CASSPMTSLSSYEQYF	gliph2_159	gliph2	huang
CASSVAMTSLGTDTQYF	gliph2_159	gliph2	huang
CACLPMTSLSSYEQYF	gliph2_159	gliph2	huang
CASSVVRGQYFPYEQYF	gliph2_160	gliph2	huang
CASSLGRGQYFPYEQYF	gliph2_160	gliph2	huang
CASSLVRGQYFPYEQYF	gliph2_160	gliph2	huang
CASSFPLMRQGYGNQPQHF	gliph2_161	gliph2	huang
CASSFPLMRQRYGNQPQHF	gliph2_161	gliph2	huang
CASSFPLMRQGYGNQPKHF	gliph2_161	gliph2	huang
CASSLAWPFKSGANVLTF	gliph2_162	gliph2	huang
CASGLAWPFKSGANVLTF	gliph2_162	gliph2	huang
CACSLAWPFKSVANVLTF	gliph2_162	gliph2	huang
CATSRGHMISYNGQFF	gliph2_163	gliph2	huang
CATSRGHMISYNEQFF	gliph2_163	gliph2	huang
CATSRGHMISYKEEFF	gliph2_163	gliph2	huang
CASSLAWPFKSGANVLTF	gliph2_164	gliph2	huang
CASGLAWPFKSGANVLTF	gliph2_164	gliph2	huang
CACSLAWPFKSVANVLTF	gliph2_164	gliph2	huang
CASSRDQRELFF	gliph2_165	gliph2	huang
CSARDQREGLNEQFF	gliph2_165	gliph2	huang
CASSQDQREGLGYEQYF	gliph2_165	gliph2	huang
CSVDQRESYGYTF	gliph2_165	gliph2	huang
CSARDQREYVEQYF	gliph2_165	gliph2	huang
CASSPGRVEQFF	gliph2_166	gliph2	huang
CASSPGRQEQYF	gliph2_166	gliph2	huang
CASSPGRGEQFF	gliph2_166	gliph2	huang
CASSPGRGEQYF	gliph2_166	gliph2	huang
CASSPGRHEQFF	gliph2_166	gliph2	huang
CASSPGRSEQYF	gliph2_166	gliph2	huang
CASSPGRNEQFF	gliph2_166	gliph2	huang
CASSLEPSGGKLFF	gliph2_167	gliph2	huang
CASSLEPSGTGELFF	gliph2_167	gliph2	huang
CASSLEPSNTGELFF	gliph2_167	gliph2	huang
CASSLEPSSYEQYF	gliph2_167	gliph2	huang
CASSLEPSGYIQYF	gliph2_167	gliph2	huang
CASSLEPSTGEQYV	gliph2_167	gliph2	huang
CASSLEPSGREQYV	gliph2_167	gliph2	huang
CASSLEPSGFYGYTF	gliph2_167	gliph2	huang
CSAPLYGQGDGYTF	gliph2_168	gliph2	huang
CSATLYGQGAHGYTF	gliph2_168	gliph2	huang
CASSVALYGQSVTF	gliph2_168	gliph2	huang
CASSLYGQGRYNEQFF	gliph2_168	gliph2	huang
CASSLYGQGAETQYF	gliph2_168	gliph2	huang
CSALYGQGSSGELFF	gliph2_168	gliph2	huang
CASSLYGQGHGELFF	gliph2_168	gliph2	huang
CASRSIIGTGDYEQYF	gliph2_169	gliph2	huang
CASSIIGLAGGTDTQYF	gliph2_169	gliph2	huang
CATSIIGLADQFF	gliph2_169	gliph2	huang
CASSIIGQGDIYGYTF	gliph2_169	gliph2	huang
CASSIIGLAGAGEQFF	gliph2_169	gliph2	huang
CASSIIGQYTEAFF	gliph2_169	gliph2	huang
CASSQEMGTGNTIYF	gliph2_170	gliph2	huang
CASSQEMGGTTRTSGNTIYF	gliph2_170	gliph2	huang
CASSQEMGLANNEQFF	gliph2_170	gliph2	huang
CASSQEMGLANYEQYF	gliph2_170	gliph2	huang
CASSQEMGASYNSPLHF	gliph2_170	gliph2	huang
CASSQEMGTGNTIYF	gliph2_171	gliph2	huang
CASSQEMGGTTRTSGNTIYF	gliph2_171	gliph2	huang
CASSQEMGLANNEQFF	gliph2_171	gliph2	huang
CASSQEMGLANYEQYF	gliph2_171	gliph2	huang
CASSQEMGASYNSPLHF	gliph2_171	gliph2	huang
CATSAMTGNHNEHFF	gliph2_172	gliph2	huang
CASSRAGGNHNEQFF	gliph2_172	gliph2	huang
CATSAMTGNHNEQFF	gliph2_172	gliph2	huang
CASSSGGNHNSPLHF	gliph2_172	gliph2	huang
CASSLALRGRNHNEQFF	gliph2_172	gliph2	huang
CATSARTGNHNGQFF	gliph2_172	gliph2	huang
CASNHNGVTEAFF	gliph2_172	gliph2	huang
CASSSNHNSPLHF	gliph2_172	gliph2	huang
CSASTSRDPYEQYF	gliph2_173	gliph2	huang
CACSIPDRDPYNEQFF	gliph2_173	gliph2	huang
CSARDLARDPYEQYF	gliph2_173	gliph2	huang
CASTRDPYSNQPQHF	gliph2_173	gliph2	huang
CSARGQTRDPYAQYF	gliph2_173	gliph2	huang
CSARDPYRAFTTDTQYF	gliph2_173	gliph2	huang
CSARDPYFTGRDEQFF	gliph2_173	gliph2	huang
CASRDPYASSTDTQYF	gliph2_173	gliph2	huang
CASSPGNYGYTF	gliph2_174	gliph2	huang
CASSPRPGNYGYTF	gliph2_174	gliph2	huang
CASSLEPGNYGYTF	gliph2_174	gliph2	huang
CASTPSPGNYGYTF	gliph2_174	gliph2	huang
CATSRPGNYEQYV	gliph2_174	gliph2	huang
CASSASPGNYGYTF	gliph2_174	gliph2	huang
CASSWGPGNYGYTF	gliph2_174	gliph2	huang
CSAGIPGNYGYTF	gliph2_174	gliph2	huang
CASSLIGTDTQYF	gliph2_175	gliph2	huang
CASSLAGTDTQYF	gliph2_175	gliph2	huang
CASSLGGTDTQYF	gliph2_175	gliph2	huang
CASSLVGTDTQYF	gliph2_175	gliph2	huang
CSASLPGTDTQYF	gliph2_175	gliph2	huang
CASSLEGTDTQYF	gliph2_175	gliph2	huang
CSASLSGTDTQYF	gliph2_175	gliph2	huang
CAWSLGGTDTQYF	gliph2_175	gliph2	huang
CSSSLVATTRGTEAFF	gliph2_176	gliph2	huang
CASSLVATTRGTEAFF	gliph2_176	gliph2	huang
CASSIVATTETQYF	gliph2_176	gliph2	huang
CAGSLVATTRGTEAFF	gliph2_176	gliph2	huang
CASCLVATTRGTEAFF	gliph2_176	gliph2	huang
CASSVATTSGSWVQGANVLTF	gliph2_176	gliph2	huang
CASSWGGPAKNIQYF	gliph2_177	gliph2	huang
CASIPGPPAKNIQYF	gliph2_177	gliph2	huang
CSASRLAGDPAKNIQYF	gliph2_177	gliph2	huang
CASSSGLAGGPAKNIQYF	gliph2_177	gliph2	huang
CASSSGLAGGPAKNSQYF	gliph2_177	gliph2	huang
CASRSGLAGGPAKNIQYF	gliph2_177	gliph2	huang
CASSQGSTGPPAKNIQYF	gliph2_177	gliph2	huang
CASSSGPLAEQFF	gliph2_178	gliph2	huang
CASSPLAEYNEQFF	gliph2_178	gliph2	huang
CSASSGPLAESIQYF	gliph2_178	gliph2	huang
CSSSSGPLAEQFF	gliph2_178	gliph2	huang
CASSPGPLAESTDTQYF	gliph2_178	gliph2	huang
CASSPPLAETSTDTQYF	gliph2_178	gliph2	huang
CASSPLAEQETQYF	gliph2_178	gliph2	huang
CAIRGGPEEAKNSQYF	gliph2_179	gliph2	huang
CSARASGGEAKNIQYF	gliph2_179	gliph2	huang
CSARKGGGEAKNIQYF	gliph2_179	gliph2	huang
CSARLSGGEAKNIQYF	gliph2_179	gliph2	huang
CSARAGGGEAKNIQYF	gliph2_179	gliph2	huang
CSARSSGGEAKNIQYF	gliph2_179	gliph2	huang
CSARSGGAEAKNIQYF	gliph2_179	gliph2	huang
CALRGGPGEAKNIQYF	gliph2_179	gliph2	huang
CAIRGGPGEAKNIQYF	gliph2_179	gliph2	huang
CASSVNRGHEQFF	gliph2_180	gliph2	huang
CASSAINRGHKGNTIYF	gliph2_180	gliph2	huang
CASNNRGHGYTF	gliph2_180	gliph2	huang
CAISALNRGHSGYNF	gliph2_180	gliph2	huang
CAISALNRGHSGYTF	gliph2_180	gliph2	huang
CASNNRGHNEQFF	gliph2_180	gliph2	huang
CSAILGEKDDEQYF	gliph2_181	gliph2	huang
CASSPILGEQYF	gliph2_181	gliph2	huang
CASSILGEATDTQYF	gliph2_181	gliph2	huang
CSAILGEKDYEQYF	gliph2_181	gliph2	huang
CASSESILGEQYF	gliph2_181	gliph2	huang
CASSFSGILGEQFF	gliph2_181	gliph2	huang
CASRDQGILGEAFF	gliph2_181	gliph2	huang
CAGSGTGALLPETQYF	gliph2_182	gliph2	huang
CSARVPLAGALLQETQYF	gliph2_182	gliph2	huang
CSVVFAGALLSYNEQFF	gliph2_182	gliph2	huang
CASTSPGALLGAFF	gliph2_182	gliph2	huang
CASSQVGGALLPDTQYF	gliph2_182	gliph2	huang
CASSEGGGALLEQYF	gliph2_182	gliph2	huang
CASSKAHGGALLNTQYF	gliph2_182	gliph2	huang
CASSGIRRRLRLAGGHEEQFF	gliph2_183	gliph2	huang
CSAFGGIRRGGYTF	gliph2_183	gliph2	huang
CASSGIRRRLRLAGGHDEQFF	gliph2_183	gliph2	huang
CASSMKEGIRRQPQNF	gliph2_183	gliph2	huang
CASSLGSGIRRDEQYF	gliph2_183	gliph2	huang
CASSIKGGIRRQPQHF	gliph2_183	gliph2	huang
CCNYIKGGIRRQPQHF	gliph2_183	gliph2	huang
CATSTLRLRPQHF	gliph2_184	gliph2	huang
CASSLRLRDTQYF	gliph2_184	gliph2	huang
CASSLRLRSTDTQYF	gliph2_184	gliph2	huang
CSASLRLRDQPQHF	gliph2_184	gliph2	huang
CASTLRLRGVNTGWLFF	gliph2_184	gliph2	huang
CASSTLRLRNIQYF	gliph2_184	gliph2	huang
CSARVLGINEQFF	gliph2_185	gliph2	huang
CASRRKGLGINEQFF	gliph2_185	gliph2	huang
CASSLGALGINEQFF	gliph2_185	gliph2	huang
CASSLGINRLNTEAFF	gliph2_185	gliph2	huang
CSARILGINEQFF	gliph2_185	gliph2	huang
CASSPLGINTGELFF	gliph2_185	gliph2	huang
CASSTDALGTGVLKTQYF	gliph2_186	gliph2	huang
CSAVIWGTTGVLKETQYF	gliph2_186	gliph2	huang
CARCRDASRTGVLKKQYF	gliph2_186	gliph2	huang
CASSLAGTGVLKTQYF	gliph2_186	gliph2	huang
CASSTDAFGTGVLKTQYF	gliph2_186	gliph2	huang
CASSEGWGVLKPQHF	gliph2_186	gliph2	huang
CASREGVLKLNTEAFF	gliph2_186	gliph2	huang
CASSPVTVHEQYF	gliph2_187	gliph2	huang
CASSPAETVHEQYF	gliph2_187	gliph2	huang
CASSATVHEQFF	gliph2_187	gliph2	huang
CRARGTVHEQYF	gliph2_187	gliph2	huang
CSARGTVHEQYF	gliph2_187	gliph2	huang
CASSYIGEQFF	gliph2_188	gliph2	huang
CASSYIGGRGATEAFF	gliph2_188	gliph2	huang
CASSYIGLNTEAFF	gliph2_188	gliph2	huang
CASSYIGTGDGYTF	gliph2_188	gliph2	huang
CASSYIGQGKLFF	gliph2_188	gliph2	huang
CSARPYWLRSGAVASTDTQYF	gliph2_189	gliph2	huang
CSARPYWLRSGAVPSTDKQYF	gliph2_189	gliph2	huang
CSGTPIPYWPAFF	gliph2_189	gliph2	huang
CSARPYWLRSGAVPSTDTQYF	gliph2_189	gliph2	huang
CSGTPYWLNEQFF	gliph2_189	gliph2	huang
CASSSLIEPGLAFNEQFF	gliph2_190	gliph2	huang
CASSSLIGGEGRF	gliph2_190	gliph2	huang
CASSSLIEPGLAGNTDTQYF	gliph2_190	gliph2	huang
CASSSLIGDRYGYTF	gliph2_190	gliph2	huang
CASSSLIEPGLAVNTDTQYF	gliph2_190	gliph2	huang
CSVVRRLTSGTTNQDTQYF	gliph2_191	gliph2	huang
CSVVRRVTRGTTNQETQYF	gliph2_191	gliph2	huang
CSVVRRVTSGTTNQETQYF	gliph2_191	gliph2	huang
CSVVLRVTSGTTNQETQYF	gliph2_191	gliph2	huang
CSVVRRVTSWTTNQETQYF	gliph2_191	gliph2	huang
CASSLIREKLFF	gliph2_192	gliph2	huang
CASSLDHIREKLFF	gliph2_192	gliph2	huang
CASKTGGIREKLFF	gliph2_192	gliph2	huang
CASSWDHIREKLFF	gliph2_192	gliph2	huang
CASSPPDGIREKLFF	gliph2_192	gliph2	huang
CAGTQGVNRDQPQQF	gliph2_193	gliph2	huang
CAISENRDQQPQHF	gliph2_193	gliph2	huang
CASSANRDQPQHF	gliph2_193	gliph2	huang
CAWTQGVNRDQPQHF	gliph2_193	gliph2	huang
CSAVNRDQIYGYTF	gliph2_193	gliph2	huang
CSSIKDGYNTEAFF	gliph2_194	gliph2	huang
CASIKDGYNTEACF	gliph2_194	gliph2	huang
CASIKDGYNTEAFF	gliph2_194	gliph2	huang
CASTKDGYSYEQYF	gliph2_194	gliph2	huang
CASSEFLSYEQYF	gliph2_195	gliph2	huang
CASSQFLSYEQYF	gliph2_195	gliph2	huang
CSASFLSYEQYF	gliph2_195	gliph2	huang
CASSPGTFLSYNEQFF	gliph2_195	gliph2	huang
CASSPTPWTVMSYREQFF	gliph2_196	gliph2	huang
CASSQPWTVNNEQFF	gliph2_196	gliph2	huang
CASSPWTVNTEAFF	gliph2_196	gliph2	huang
CASSPWTVNTDTQYF	gliph2_196	gliph2	huang
CSARDFLREGTDTQYF	gliph2_197	gliph2	huang
CASRRDFLRETQYF	gliph2_197	gliph2	huang
CASSRDFLRNTDTQYF	gliph2_197	gliph2	huang
CASSRDFLRETQYF	gliph2_197	gliph2	huang
CAWSVHDSEETQYF	gliph2_198	gliph2	huang
CASSSVHDGANVLTF	gliph2_198	gliph2	huang
CAWSVHDGNQPQHF	gliph2_198	gliph2	huang
CAGSVHDGEETQYF	gliph2_198	gliph2	huang
CASSLEPRWARQYF	gliph2_199	gliph2	huang
CASSPRWASRETQYF	gliph2_199	gliph2	huang
CSAGIGPRWAGNTEAFF	gliph2_199	gliph2	huang
CASSPRWASTDTQYF	gliph2_199	gliph2	huang
CASSPNINSPLPF	gliph2_200	gliph2	huang
CSVNTSPNIQYF	gliph2_200	gliph2	huang
CAGSPNINSPLHF	gliph2_200	gliph2	huang
CASSPNIEQQPQHF	gliph2_200	gliph2	huang
CASSSTGNYGYTF	gliph2_201	gliph2	huang
CASSSTGGYGYTF	gliph2_201	gliph2	huang
CASSSTGTYGYTF	gliph2_201	gliph2	huang
CASSSTGSYGYTF	gliph2_201	gliph2	huang
CASSSTGIYGYTF	gliph2_201	gliph2	huang
CSAPIAGALYNEQFF	gliph2_202	gliph2	huang
CASSLPPGALYNEQFF	gliph2_202	gliph2	huang
CASSLGLALYNEQFF	gliph2_202	gliph2	huang
CASNREEALYNEQFF	gliph2_202	gliph2	huang
CSARKQGALYNEQFF	gliph2_202	gliph2	huang
CANSKGLALYNEQFF	gliph2_202	gliph2	huang
CISRKQGALYNEQFF	gliph2_202	gliph2	huang
CASSKQEPGDEAFF	gliph2_203	gliph2	huang
CASSQEPGGTDTQYF	gliph2_203	gliph2	huang
CASSQEPGTVRFPLHF	gliph2_203	gliph2	huang
CASRQEPGGRQDTQYF	gliph2_203	gliph2	huang
CRAGQEPGGGGEKLFF	gliph2_203	gliph2	huang
CASSQEPGGRQDTQYF	gliph2_203	gliph2	huang
CASSQEPGLAPNEQFF	gliph2_203	gliph2	huang
CASTLQLGQGRFGELFF	gliph2_204	gliph2	huang
CASSLSRQGRFVLHF	gliph2_204	gliph2	huang
CASSSPGQGRFTGANVLTF	gliph2_204	gliph2	huang
CACSSAVQGRFTGANVLTF	gliph2_204	gliph2	huang
CSVGQGRFGYTF	gliph2_204	gliph2	huang
CASNLQGRFTEAFF	gliph2_204	gliph2	huang
CASSQRGFGEQYF	gliph2_205	gliph2	huang
CASSFRQRGFQETQYF	gliph2_205	gliph2	huang
CASSLSQRGFYEQYF	gliph2_205	gliph2	huang
CSARDSQRGFTDTQYF	gliph2_205	gliph2	huang
CASSQRGFGGLYTF	gliph2_205	gliph2	huang
CASSVALAGANGYTF	gliph2_206	gliph2	huang
CASSVALAGNTIYF	gliph2_206	gliph2	huang
CASSVALAGDYEQYF	gliph2_206	gliph2	huang
CASSVALASGANVLTF	gliph2_206	gliph2	huang
CASSVALAGGPKYF	gliph2_206	gliph2	huang
CASSVALAGAEYF	gliph2_206	gliph2	huang
CASSVALATGEQYF	gliph2_206	gliph2	huang
CSTNGGPEAFF	gliph2_207	gliph2	huang
CASNGGGEQYF	gliph2_207	gliph2	huang
CAWNGGREAFF	gliph2_207	gliph2	huang
CASNGGNEQYF	gliph2_207	gliph2	huang
CASSELENTEAFF	gliph2_208	gliph2	huang
CASSDLENTEAFF	gliph2_208	gliph2	huang
CASSQLENTEAFF	gliph2_208	gliph2	huang
CASSALENTEAFF	gliph2_208	gliph2	huang
CARSFGAGGGEQYF	gliph2_209	gliph2	huang
CASSFGAGVGEQYF	gliph2_209	gliph2	huang
CDSSFGAGGGEQYF	gliph2_209	gliph2	huang
CASSFGAGGGEQYF	gliph2_209	gliph2	huang
CASSLFSGTQYF	gliph2_210	gliph2	huang
CDGSLFSGTQYF	gliph2_210	gliph2	huang
CASSLCSGTQYF	gliph2_210	gliph2	huang
CASSLFSGTKYF	gliph2_210	gliph2	huang
CASSLTGFRDEKLFF	gliph2_211	gliph2	huang
CASILTGFDGYTF	gliph2_211	gliph2	huang
CASSFGLTGFNYGYTF	gliph2_211	gliph2	huang
CSASPLTGFATNEKLFF	gliph2_211	gliph2	huang
CSVSLTGFQETQYF	gliph2_211	gliph2	huang
CASSLTGFNEQFF	gliph2_211	gliph2	huang
CASSQVGLAGGPGGTDTQYF	gliph2_212	gliph2	huang
CASSQVGLGGGNQPQHF	gliph2_212	gliph2	huang
CASSQVGLAGGSEQFF	gliph2_212	gliph2	huang
CASSQVGLSRYRGSPLHF	gliph2_212	gliph2	huang
CASSQVGLTNTEAFF	gliph2_212	gliph2	huang
CASSLGQVGLGTEAFF	gliph2_212	gliph2	huang
CASSLYGDTNQTQHF	gliph2_213	gliph2	huang
CASSLYGDTNQPQHF	gliph2_213	gliph2	huang
CASSLYGDTNQPQNF	gliph2_213	gliph2	huang
CASSLYGDTGNQPQHF	gliph2_213	gliph2	huang
CASGLYGDTKQTQHF	gliph2_213	gliph2	huang
CASSQQDGGARPTNYGYTF	gliph2_214	gliph2	huang
CASSQQDPLAGTQYF	gliph2_214	gliph2	huang
CASSQQDASYNSPLHF	gliph2_214	gliph2	huang
CASSQQDRAMQESSEAFF	gliph2_214	gliph2	huang
CASSQQDSSNSPLHF	gliph2_214	gliph2	huang
CASSQHGETQYF	gliph2_215	gliph2	huang
CSAQGGPHGETQYF	gliph2_215	gliph2	huang
CASSSHGETNQPLFF	gliph2_215	gliph2	huang
CSALGHGETQYF	gliph2_215	gliph2	huang
CAVKGGGHGETQYF	gliph2_215	gliph2	huang
CSARGHGETQYF	gliph2_215	gliph2	huang
CSARQGNVHGETQYF	gliph2_215	gliph2	huang
CASSLRGQSFSYNEQFF	gliph2_216	gliph2	huang
CASSLTAIGQSFEQYF	gliph2_216	gliph2	huang
CASSSGWGQSFNQPQHF	gliph2_216	gliph2	huang
CASSRTGQSFYGYTF	gliph2_216	gliph2	huang
CASSPPPLLEKLFF	gliph2_217	gliph2	huang
CASRPGPPLLNSPLHF	gliph2_217	gliph2	huang
CASRPPLLATLYNEQFF	gliph2_217	gliph2	huang
CASSPPLLAGGFASYNEQFF	gliph2_217	gliph2	huang
CASSRDPQSLADWSDTQYF	gliph2_218	gliph2	huang
CSARDPQSPDGYTF	gliph2_218	gliph2	huang
CSARDPQSNSPLHF	gliph2_218	gliph2	huang
CASKLDPQSRDEQFF	gliph2_218	gliph2	huang
CSASRPGLAGMHEQYF	gliph2_219	gliph2	huang
CSASAPGLAGMHEQYF	gliph2_219	gliph2	huang
CGASAPGLAGMHEQYF	gliph2_219	gliph2	huang
CASSETVSGSKGMHEQFF	gliph2_219	gliph2	huang
CASSAHVVGTGMHEQYF	gliph2_219	gliph2	huang
CASSEHTGMHQPQHF	gliph2_219	gliph2	huang
CSASAQGLAGMHEQYF	gliph2_219	gliph2	huang
CATSRHPGQGLNVQFF	gliph2_220	gliph2	huang
CAHSRHPGVGLNTQYF	gliph2_220	gliph2	huang
CASRHPGLRINTGELFF	gliph2_220	gliph2	huang
CATSRHPGVGLDTQYF	gliph2_220	gliph2	huang
CSCRHPGLARTDTQYF	gliph2_220	gliph2	huang
CGARHPGGGGYTDTQYF	gliph2_220	gliph2	huang
CATSRHPGQGLNEQFF	gliph2_220	gliph2	huang
CASRETPTSYNEQFF	gliph2_221	gliph2	huang
CSARETPGTGDTGELCF	gliph2_221	gliph2	huang
CSARETPGTGDTGELFF	gliph2_221	gliph2	huang
CSAWDRETPNYGYTF	gliph2_221	gliph2	huang
CRCRETPGTGETGELFF	gliph2_221	gliph2	huang
CSARETPGTGDTGGLFF	gliph2_221	gliph2	huang
CASHSLANRGIRVASGELFF	gliph2_222	gliph2	huang
CASSLANRFTDTQYF	gliph2_222	gliph2	huang
CASSLANRAGLMNTEAFF	gliph2_222	gliph2	huang
CSSSLANRAGLMNTEAFF	gliph2_222	gliph2	huang
CVSSLANRAGLMNSEAFF	gliph2_222	gliph2	huang
CASSLANRAGLRNTEAFF	gliph2_222	gliph2	huang
CASSLFQGQETQYF	gliph2_223	gliph2	huang
CASSQFQGQGDEKYF	gliph2_223	gliph2	huang
CTRSQFQGQGDEQYF	gliph2_223	gliph2	huang
CASSQFQGQGDEQDF	gliph2_223	gliph2	huang
CASSQFQGQGDEQYF	gliph2_223	gliph2	huang
CASSQDPPGLAGVLNTGELFF	gliph2_224	gliph2	huang
CASSQDPPRGRGEKLFF	gliph2_224	gliph2	huang
CASSQDPPPGRRDTQYF	gliph2_224	gliph2	huang
CASSQDPPGGLFYEQYF	gliph2_224	gliph2	huang
CASSQDPPRGQITDTQYF	gliph2_224	gliph2	huang
CASRGLSLVGGLSSYNEQFF	gliph2_225	gliph2	huang
CASSTTLSLVYEQYF	gliph2_225	gliph2	huang
CSDISGLSLVEAFF	gliph2_225	gliph2	huang
CSAISGLSLVEAFF	gliph2_225	gliph2	huang
CSAISVLSLVEACF	gliph2_225	gliph2	huang
CSARPPLGERLFF	gliph2_226	gliph2	huang
CASSPPLGTGGVNFVPGELFF	gliph2_226	gliph2	huang
CASSPPPLGGLDTQYF	gliph2_226	gliph2	huang
CSARPPLGGPYNEQFF	gliph2_226	gliph2	huang
CASSPPLGGELFF	gliph2_226	gliph2	huang
CSARPPLGEKLCF	gliph2_226	gliph2	huang
CSARPPLGEKLFF	gliph2_226	gliph2	huang
CSVGGFGQSRTDTQYF	gliph2_227	gliph2	huang
CASSVGFGQALSYNEQFF	gliph2_227	gliph2	huang
CASMGFGQSYNSPLHF	gliph2_227	gliph2	huang
CASSIGFGQGIFEQYF	gliph2_227	gliph2	huang
CSVVGFGQSRTDTQYF	gliph2_227	gliph2	huang
CASSLLGGGFGQPQHF	gliph2_227	gliph2	huang
CASSPGQGFGQPQHF	gliph2_227	gliph2	huang
CASSLAVAMENSQYF	gliph2_228	gliph2	huang
CASSCAVAMENIQYF	gliph2_228	gliph2	huang
CASSCGVAMEDNQYF	gliph2_228	gliph2	huang
CASGLAVAMENIQYF	gliph2_228	gliph2	huang
CASSVAMTSLGTDTQYF	gliph2_228	gliph2	huang
CASSFAVAMENIQYF	gliph2_228	gliph2	huang
CASSLAVAMENIQYF	gliph2_228	gliph2	huang
CARSITGGTDTQYF	gliph2_229	gliph2	huang
CSISITGGTDTQYF	gliph2_229	gliph2	huang
CASSITGGTDTQYF	gliph2_229	gliph2	huang
CDSSITGGTDTQYF	gliph2_229	gliph2	huang
CASSDTGGTDTQYF	gliph2_229	gliph2	huang
CASSLTGGTDTQYF	gliph2_229	gliph2	huang
CASTPVRQQRPNSNQPQHF	gliph2_230	gliph2	huang
CASTPVRNTGELFF	gliph2_230	gliph2	huang
CGSTPVRDPSSEQYF	gliph2_230	gliph2	huang
CGAGSTPVRPTSGARTDTQYF	gliph2_230	gliph2	huang
CASTPVRVPYYEQYF	gliph2_230	gliph2	huang
CASSYKGTQYF	gliph2_231	gliph2	huang
CASRLAYKGTVSYEQYF	gliph2_231	gliph2	huang
CASSLAYKGTVAYEQYF	gliph2_231	gliph2	huang
CASSPYKGTNEQFF	gliph2_231	gliph2	huang
CASSLAYKGTVSYEQYF	gliph2_231	gliph2	huang
CSASRPGLAGMHEQYF	gliph2_232	gliph2	huang
CSASAPGLAGMHEQYF	gliph2_232	gliph2	huang
CGASAPGLAGMHEQYF	gliph2_232	gliph2	huang
CSASAQGLAGMHEQYF	gliph2_232	gliph2	huang
CSAREGARAMNTEAFF	gliph2_233	gliph2	huang
CRAREGARAMNTEAFF	gliph2_233	gliph2	huang
CASCLARAMSEGDEQFF	gliph2_233	gliph2	huang
CSTREGARAMKTEAFF	gliph2_233	gliph2	huang
CASSEMGLAGVNEQFF	gliph2_234	gliph2	huang
CSAREMGLGYGYTF	gliph2_234	gliph2	huang
CASSQEMGLANNEQFF	gliph2_234	gliph2	huang
CASSQEMGLANYEQYF	gliph2_234	gliph2	huang
CASSQDLDQPQHF	gliph2_235	gliph2	huang
CASSQDLDTEAFF	gliph2_235	gliph2	huang
CASSQDLDRGNTIYF	gliph2_235	gliph2	huang
CASSQDLDRRETQYF	gliph2_235	gliph2	huang
CATSRGHMISYNGQFF	gliph2_236	gliph2	huang
CATSRGHMISYNEQFF	gliph2_236	gliph2	huang
CATSRGHMISYKEEFF	gliph2_236	gliph2	huang
CASGLMISTDTQYF	gliph2_236	gliph2	huang
CSASHRAMISTEAFF	gliph2_236	gliph2	huang
CASMISVNYGYTF	gliph2_236	gliph2	huang
CSAYRTSGDRETQYF	gliph2_237	gliph2	huang
CASSYRTSGSYNEQFF	gliph2_237	gliph2	huang
CSVEYRTSGRLQFF	gliph2_237	gliph2	huang
CASRYRTSGGAKSNTDTQYF	gliph2_237	gliph2	huang
CASSYYRTSGRASRGNEQFF	gliph2_237	gliph2	huang
CASRKDYRTSTDTQYF	gliph2_237	gliph2	huang
CASSHQDSDSYEQYF	gliph2_238	gliph2	huang
CAISDSDSSYEQYF	gliph2_238	gliph2	huang
CASSFDSDSITTGELFF	gliph2_238	gliph2	huang
CASSFQDSDSPLHF	gliph2_238	gliph2	huang
CASSQDSDSGNTIYF	gliph2_238	gliph2	huang
CASSPRQFNQPQHF	gliph2_239	gliph2	huang
CACCPRQFNQPQYF	gliph2_239	gliph2	huang
CSAAGGQFNQPQHF	gliph2_239	gliph2	huang
CASSREVGQFNQPQHF	gliph2_239	gliph2	huang
CAGSSRQFNQPQHF	gliph2_239	gliph2	huang
CASSLAGLTDTQYF	gliph2_240	gliph2	huang
CASSLGGLTDTQYF	gliph2_240	gliph2	huang
CASSLDGLTDTQDF	gliph2_240	gliph2	huang
CASSLDGLTDTQYF	gliph2_240	gliph2	huang
CSATGTNYEQYF	gliph2_241	gliph2	huang
CAISGTNYEQYF	gliph2_241	gliph2	huang
CASGGTNYEQYF	gliph2_241	gliph2	huang
CAISGTNYEKYF	gliph2_241	gliph2	huang
CSARPPTGRDNYCDTF	gliph2_242	gliph2	huang
CSARPPTGRDNYGYTF	gliph2_242	gliph2	huang
CSARPPTGRDNYGDTF	gliph2_242	gliph2	huang
CSARPPTGRDNYGDTF	gliph2_243	gliph2	huang
CSARPPTGRDNCGYTF	gliph2_243	gliph2	huang
CSARPPTGRDNYGYTF	gliph2_243	gliph2	huang
CAISGTNYEKYF	gliph2_244	gliph2	huang
CAISGTNYEQYF	gliph2_244	gliph2	huang
CAISGTNDEQYF	gliph2_244	gliph2	huang
CASSFLGTGNKSPLHF	gliph2_245	gliph2	huang
CASSFLGTGNNSPLHF	gliph2_245	gliph2	huang
CASSFLGTGNNSPRHF	gliph2_245	gliph2	huang
CSVGGGWGMNTEAFF	gliph2_246	gliph2	huang
CSVGTGWGMNTEAFF	gliph2_246	gliph2	huang
CSAGPGWGMNTEAFF	gliph2_246	gliph2	huang
CSARAPGLAGMNEQFF	gliph2_247	gliph2	huang
CSARAPGLAGCNEQFF	gliph2_247	gliph2	huang
CSARAPGLAGFNEQFF	gliph2_247	gliph2	huang
CRVFLDTLYF	gliph2_248	gliph2	huang
CSVFLDTQYF	gliph2_248	gliph2	huang
CSVFLATQYF	gliph2_248	gliph2	huang
CSAREGARAMNTEAFF	gliph2_249	gliph2	huang
CSTREGARAMKTEAFF	gliph2_249	gliph2	huang
CRAREGARAMNTEAFF	gliph2_249	gliph2	huang
CASSFTGLAAYNEQFF	gliph2_250	gliph2	huang
CASSFTGLADYNEQFF	gliph2_250	gliph2	huang
CTSSFTGLAGYNEQIF	gliph2_250	gliph2	huang
CASGLVRNEQFF	gliph2_251	gliph2	huang
CASGLVRYEQYF	gliph2_251	gliph2	huang
CASGLVRGEAFF	gliph2_251	gliph2	huang
CASSLETGKGYQPQHF	gliph2_252	gliph2	huang
CSSSLETGKEYQPQHF	gliph2_252	gliph2	huang
CASSLETGKEYQPQHF	gliph2_252	gliph2	huang
CAISEAGGTTGELFF	gliph2_253	gliph2	huang
CGISDAGGTTGELFF	gliph2_253	gliph2	huang
CAISDAGGTTGELFF	gliph2_253	gliph2	huang
CASSLGFRGGTDTQDF	gliph2_254	gliph2	huang
CASSLGFRGGTDTQYF	gliph2_254	gliph2	huang
CASSLGFRGDTDTQYF	gliph2_254	gliph2	huang
CASSQDQGGYTF	gliph2_255	gliph2	huang
CSASQDLGGYTF	gliph2_255	gliph2	huang
CRASQDLGGYTF	gliph2_255	gliph2	huang
CSAREGARAMNTEAFF	gliph2_256	gliph2	huang
CSAREGARAQNTEAFF	gliph2_256	gliph2	huang
CRAREGARAMNTEAFF	gliph2_256	gliph2	huang
CAGSLGGTKSYNEQFF	gliph2_257	gliph2	huang
CASSLGGTRSYNEQFF	gliph2_257	gliph2	huang
CASSLGGTKSYNEQFF	gliph2_257	gliph2	huang
CASSQEQGGYTF	gliph2_258	gliph2	huang
CASSQEFGGYTF	gliph2_258	gliph2	huang
CIASQELGGYTF	gliph2_258	gliph2	huang
CASGGGGGGAGETQYF	gliph2_259	gliph2	huang
CASGGGGRGAGETQYF	gliph2_259	gliph2	huang
CAGGGGGRGAGETQYF	gliph2_259	gliph2	huang
CAISQDSQGATEAFF	gliph2_260	gliph2	huang
CASSQDSQGATEAFF	gliph2_260	gliph2	huang
CASSRDSQGATEAFF	gliph2_260	gliph2	huang
CSARAPVGGGYNEQFF	gliph2_261	gliph2	huang
CSGRAPGGGGYNEQFF	gliph2_261	gliph2	huang
CSARAPGGGGYNEQFF	gliph2_261	gliph2	huang
CSAWEGQDEQFF	gliph2_262	gliph2	huang
CSAWEGGDEQFF	gliph2_262	gliph2	huang
CRAWEGQDEQFF	gliph2_262	gliph2	huang
CANSTHRGAAYNEQFF	gliph2_263	gliph2	huang
CASSTHRGAAYNEQFF	gliph2_263	gliph2	huang
CASSTHGGAAYNEQFF	gliph2_263	gliph2	huang
CSGRAPGGGGYNEQFF	gliph2_264	gliph2	huang
CSARAPGGGGYNEQFF	gliph2_264	gliph2	huang
CSARAAGGGGYNEQFF	gliph2_264	gliph2	huang
CSATGTAHGYTF	gliph2_265	gliph2	huang
CSATGTGHGYTF	gliph2_265	gliph2	huang
CSGTGTAHGYTF	gliph2_265	gliph2	huang
CRARDGGGDSYEQYF	gliph2_266	gliph2	huang
CSARDGGGDSYEQYF	gliph2_266	gliph2	huang
CRAGDGGGDSYEQYF	gliph2_266	gliph2	huang
CSASAQGLAGMHEQYF	gliph2_267	gliph2	huang
CGASAPGLAGMHEQYF	gliph2_267	gliph2	huang
CSASAPGLAGMHEQYF	gliph2_267	gliph2	huang
CASSPQTGEGYGYTF	gliph2_268	gliph2	huang
CASSPQTGEGYGYAF	gliph2_268	gliph2	huang
CASRPQTGEGYGYTF	gliph2_268	gliph2	huang
CSAHFKGAGGTGELLF	gliph2_269	gliph2	huang
CSAHFKGAGGTGELFF	gliph2_269	gliph2	huang
CSAHFTGAGGTGELFF	gliph2_269	gliph2	huang
CSASSTPGRPTSGASTDTQYF	gliph2_270	gliph2	huang
CSASSTPGRPTRGASTDTQYF	gliph2_270	gliph2	huang
CSDSSTPGRPTSGASTDTQYF	gliph2_270	gliph2	huang
CASSQDALAGGREQFF	gliph2_271	gliph2	huang
CASSQAALAGGREQFF	gliph2_271	gliph2	huang
CARSQDALAGGREQFF	gliph2_271	gliph2	huang
CASSLGGTKSYNEQFF	gliph2_272	gliph2	huang
CAGSLGGTKSYNEQFF	gliph2_272	gliph2	huang
CASSVGGTKSYNEQFF	gliph2_272	gliph2	huang
CASSQGAGTGGLLGNQPQHF	gliph2_273	gliph2	huang
CASSQGAGTGGLLGSQPQHF	gliph2_273	gliph2	huang
CASSQGAGTGGLLGNQPKHF	gliph2_273	gliph2	huang
CASSFLGTGNNSPLHF	gliph2_274	gliph2	huang
CASSCLGTGNNSPLHF	gliph2_274	gliph2	huang
CASSFLGTGNNSPRHF	gliph2_274	gliph2	huang
CASSVALLGETQYF	gliph2_275	gliph2	huang
CASSVALLGGTQYF	gliph2_275	gliph2	huang
CASSVALLGNTIYF	gliph2_275	gliph2	huang
CSASRPGLAGMHEQYF	gliph2_276	gliph2	huang
CSASAPGLAGMHEQYF	gliph2_276	gliph2	huang
CGASAPGLAGMHEQYF	gliph2_276	gliph2	huang
CASSQGAGTGGLLGNQPKHF	gliph2_277	gliph2	huang
CAISQGAGTAGLLGNQPQHF	gliph2_277	gliph2	huang
CASSQGAGTGGLLGNQPQHF	gliph2_277	gliph2	huang
CSARVRLTSDEQDF	gliph2_278	gliph2	huang
CRARVRLTSYEQYF	gliph2_278	gliph2	huang
CSARVRLTSYEQYF	gliph2_278	gliph2	huang
CSARSRTSGSRYEQYF	gliph2_279	gliph2	huang
CSARDRTSGSRYEQYF	gliph2_279	gliph2	huang
CSARARTSGSRYEQYF	gliph2_279	gliph2	huang
CASSQGAGTGGLLGNQPKHF	gliph2_280	gliph2	huang
CSSSQVAGTGGLLGNQPQHF	gliph2_280	gliph2	huang
CASSQGAGTGGLLGNQPQHF	gliph2_280	gliph2	huang
CSARASGGEAKNIQYF	gliph2_281	gliph2	huang
CSARLSGGEAKNIQYF	gliph2_281	gliph2	huang
CSARSSGGEAKNIQYF	gliph2_281	gliph2	huang
CASSVGQGQETQYF	gliph2_282	gliph2	huang
CASSVGQGGETQYF	gliph2_282	gliph2	huang
CASSVGQGKETQYF	gliph2_282	gliph2	huang
CASSQGYADEKLFF	gliph2_283	gliph2	huang
CASSQGYAYEKLFF	gliph2_283	gliph2	huang
CPSSQGYADEKLFF	gliph2_283	gliph2	huang
CASSPKGGQGAHEQCF	gliph2_284	gliph2	huang
CARSTKGGQGAHEQYF	gliph2_284	gliph2	huang
CASSPKGGQGAHEQYF	gliph2_284	gliph2	huang
CASSVPGGTGGTSNQPQHF	gliph2_285	gliph2	huang
CASSVPGGTGGISNQPQHF	gliph2_285	gliph2	huang
CARSVPGGTGGISNQPQHF	gliph2_285	gliph2	huang
CSAWGGETYNEQFF	gliph2_286	gliph2	huang
CGAWGGETYNEQFF	gliph2_286	gliph2	huang
CSAWGGETSNEQFF	gliph2_286	gliph2	huang
CAGGGGGRGAGETQYF	gliph2_287	gliph2	huang
CASSGGGRGAGETQYF	gliph2_287	gliph2	huang
CASGGGGRGAGETQYF	gliph2_287	gliph2	huang
CVSSQTTGVAQGQETQYF	gliph2_288	gliph2	huang
CASSQTTGVAQGQENQYF	gliph2_288	gliph2	huang
CASSQTTGVAQGQETQYF	gliph2_288	gliph2	huang
CASRVPAGGGSNEQFF	gliph2_289	gliph2	huang
CASSVPAGGGSNEQFF	gliph2_289	gliph2	huang
CASSVPAGGGSNEHFF	gliph2_289	gliph2	huang
CSVMAGTANQPQHF	gliph2_290	gliph2	huang
CSAMAGTDNQPQHF	gliph2_290	gliph2	huang
CSAMAGTDNQPQYF	gliph2_290	gliph2	huang
CSSSLANRAGLMNTEAFF	gliph2_291	gliph2	huang
CASSLANRAGLMNTEAFF	gliph2_291	gliph2	huang
CVSSLANRAGLMNSEAFF	gliph2_291	gliph2	huang
CATSDPSGNTIYF	gliph2_292	gliph2	huang
CSARDPSGNTRYF	gliph2_292	gliph2	huang
CSARDPSGNTIYF	gliph2_292	gliph2	huang
CASGVGGRGAGETQYF	gliph2_293	gliph2	huang
CASSVGGRGAGETQYF	gliph2_293	gliph2	huang
CAGGVGGRGAGETQYF	gliph2_293	gliph2	huang
CASGLERRGPGETQYF	gliph2_294	gliph2	huang
CASSLERRGPGETQYF	gliph2_294	gliph2	huang
CAGSLERRGPGETRYF	gliph2_294	gliph2	huang
CVSSQTTGVAQGQETQYF	gliph2_295	gliph2	huang
CASNQTTGVAQGQETQYF	gliph2_295	gliph2	huang
CASSQTTGVAQGQETQYF	gliph2_295	gliph2	huang
CASSQVGRGQETQYF	gliph2_296	gliph2	huang
CASSQVGRGQETQSF	gliph2_296	gliph2	huang
CASSQDGRGQETQYF	gliph2_296	gliph2	huang
CSASHRGVGTESFF	gliph2_297	gliph2	huang
CSASHRGVGTEAFF	gliph2_297	gliph2	huang
CIASHSGVGTEAFF	gliph2_297	gliph2	huang
CASSPKGGQGAHEQYF	gliph2_298	gliph2	huang
CASRPKGGQGAHEQYF	gliph2_298	gliph2	huang
CASSPKGGQGAHEQCF	gliph2_298	gliph2	huang
CASSLRGGDEKLCF	gliph2_299	gliph2	huang
CTRSLGGGDEKLFF	gliph2_299	gliph2	huang
CASSLRGGDEKLFF	gliph2_299	gliph2	huang
CASSLFGGAQPQHF	gliph2_300	gliph2	huang
CSASLTGGAQPQHF	gliph2_300	gliph2	huang
CVGSLTGGAQPLHF	gliph2_300	gliph2	huang
CASSQVFLARRAGGLFF	gliph2_301	gliph2	huang
CASSQVFLARRAGELFF	gliph2_301	gliph2	huang
CASSQVFLARRAGYLFF	gliph2_301	gliph2	huang
CASSVGTLYGYTF	gliph2_302	gliph2	huang
CASGVGTLYGYTF	gliph2_302	gliph2	huang
CARSVGTLYGYTF	gliph2_302	gliph2	huang
CSARSPGGAGANVLTF	gliph2_303	gliph2	huang
CIARSPGGAGANVLTF	gliph2_303	gliph2	huang
CSASSPGGAGANVLTF	gliph2_303	gliph2	huang
CSARETPGTGDTGELFF	gliph2_304	gliph2	huang
CSARETPGTGDTGELCF	gliph2_304	gliph2	huang
CSARETPGTGDTGGLFF	gliph2_304	gliph2	huang
CSGTASSYEQYF	gliph2_305	gliph2	huang
CASTESSYEQYF	gliph2_305	gliph2	huang
CSVTTSSYEQYF	gliph2_305	gliph2	huang
CASSPRAGGGNEQYF	gliph2_306	gliph2	huang
CASSPRAGGGNEQFF	gliph2_306	gliph2	huang
CASSARAGGGNEQFF	gliph2_306	gliph2	huang
CASSCAVAMENIQYF	gliph2_307	gliph2	huang
CASSFAVAMENIQYF	gliph2_307	gliph2	huang
CASSLAVAMENIQYF	gliph2_307	gliph2	huang
CAWSVQGKASYGYTF	gliph2_308	gliph2	huang
CACSVQGKASYGYSF	gliph2_308	gliph2	huang
CAWSGQGKASYGYTF	gliph2_308	gliph2	huang
CSVENRGKVTEAFF	gliph2_309	gliph2	huang
CSVESRGKVTEAFF	gliph2_309	gliph2	huang
CSVENRGKVTEALF	gliph2_309	gliph2	huang
CASSRGGQYYEQYF	gliph2_310	gliph2	huang
CASSQGGQYYEQYF	gliph2_310	gliph2	huang
CASSKGGQYYEQYF	gliph2_310	gliph2	huang
CSAGGTPGRGTYNEQFF	gliph2_311	gliph2	huang
CRAGGTPGRGTYNEQFF	gliph2_311	gliph2	huang
CSAGGTPGRGKYNEQFF	gliph2_311	gliph2	huang
CARSRGGTETQYF	gliph2_312	gliph2	huang
CGSRRGGTETQYF	gliph2_312	gliph2	huang
CASSRGGTETQYF	gliph2_312	gliph2	huang
CASSQSGGTFNEQCF	gliph2_313	gliph2	huang
CASSPSGGTFNEQFF	gliph2_313	gliph2	huang
CAGSPSGGTFNEQCF	gliph2_313	gliph2	huang
CAHKTDSYEQYF	gliph2_314	gliph2	huang
CAWKTDSYEQYF	gliph2_314	gliph2	huang
CAWKADSYEQYF	gliph2_314	gliph2	huang
CSVAPGWGMNTEAFF	gliph2_315	gliph2	huang
CSAAPGWGMNTEAFF	gliph2_315	gliph2	huang
CSVAGGWGMNTEAFF	gliph2_315	gliph2	huang
CASSSLAAGQETQYF	gliph2_316	gliph2	huang
CASSQLAAGQETQYF	gliph2_316	gliph2	huang
CASSPLAAGQETQYF	gliph2_316	gliph2	huang
CASSLRPNTQYF	gliph2_317	gliph2	huang
CAGSLRPNTQYF	gliph2_317	gliph2	huang
CASSVRPNTQYF	gliph2_317	gliph2	huang
CAGRRSRQGYNEQFF	gliph2_318	gliph2	huang
CASRQSRQGYNEQFF	gliph2_318	gliph2	huang
CARRQSRQGYNEQYF	gliph2_318	gliph2	huang
CSARPSGRSDYGDTF	gliph2_319	gliph2	huang
CSARPSGRSDYGYTF	gliph2_319	gliph2	huang
CGARASGRSDYGYTF	gliph2_319	gliph2	huang
CATSDPAVPVYGYTF	gliph2_320	gliph2	huang
CATSGPAVPVYGYTF	gliph2_320	gliph2	huang
CATSYPAVPVYGYTF	gliph2_320	gliph2	huang
CSVRQGWGMNTEAFF	gliph2_321	gliph2	huang
CSVRQGWGMNTEAVF	gliph2_321	gliph2	huang
CSVKQGWGMNTEAFF	gliph2_321	gliph2	huang
CSASLTGGAQPQHF	gliph2_322	gliph2	huang
CVGSLTGGAQPLHF	gliph2_322	gliph2	huang
CSASQTGGAQPQHF	gliph2_322	gliph2	huang
CSARETPGTGDTGELFF	gliph2_323	gliph2	huang
CSARETPGTGDTGELCF	gliph2_323	gliph2	huang
CRCRETPGTGETGELFF	gliph2_323	gliph2	huang
CSVAPGWGMNSEAFF	gliph2_324	gliph2	huang
CSAAPGWGMNTEAFF	gliph2_324	gliph2	huang
CSVAPGWGMNTEAFF	gliph2_324	gliph2	huang
CASSDPGARYGYTF	gliph2_325	gliph2	huang
CASSSPGARYGYTF	gliph2_325	gliph2	huang
CASSNPGARYGYTF	gliph2_325	gliph2	huang
CSASSGPLAKEIQYF	gliph2_326	gliph2	huang
CSASSGPLAKNIKYF	gliph2_326	gliph2	huang
CSASSGPLAKNIQYF	gliph2_326	gliph2	huang
CASSGPLAVGNTGELFF	gliph2_327	gliph2	huang
CASSGPLAGGNTGEMFF	gliph2_327	gliph2	huang
CASSGPLAGGNTGELFF	gliph2_327	gliph2	huang
CRASNRDYDYTF	gliph2_328	gliph2	huang
CSASNRDYDYTF	gliph2_328	gliph2	huang
CSASNRDYGYTF	gliph2_328	gliph2	huang
CASALVGGGGDTQYF	gliph2_329	gliph2	huang
CASSLVGGGGDTQYF	gliph2_329	gliph2	huang
CASRLVGGGGDTQYF	gliph2_329	gliph2	huang
CASSEAGDNSHLHF	gliph2_330	gliph2	huang
CASSEAGDNSPLHF	gliph2_330	gliph2	huang
CASSEAGDNSPLNF	gliph2_330	gliph2	huang
CSAMAGTDNQPQHF	gliph2_331	gliph2	huang
CSAMAGTDNQSQHF	gliph2_331	gliph2	huang
CSAMAGTDNQPQYF	gliph2_331	gliph2	huang
CATSEGGRGTEAFF	gliph2_332	gliph2	huang
CASSEGGRGTEAFF	gliph2_332	gliph2	huang
CASSEGGRGGEQYF	gliph2_332	gliph2	huang
CANSQVGTGNTIYF	gliph2_333	gliph2	huang
CASSQVGTGSTIYF	gliph2_333	gliph2	huang
CASSQVGTGNTIYF	gliph2_333	gliph2	huang
CASSLGVGVYGYTF	gliph2_334	gliph2	huang
CASSLGVGVYGDNF	gliph2_334	gliph2	huang
CAGSLGVGVDGYTF	gliph2_334	gliph2	huang
CSVDVGLLGEEKYF	gliph2_335	gliph2	huang
CSVDVGLLGDEKYF	gliph2_335	gliph2	huang
CSVDVGLLGDEQYF	gliph2_335	gliph2	huang
CSVASGQVNTGEMFF	gliph2_336	gliph2	huang
CSVASGQVNTGELFF	gliph2_336	gliph2	huang
CSVASGQVNTMELSF	gliph2_336	gliph2	huang
CATSEGGRGTEAFF	gliph2_337	gliph2	huang
CASSEGGRDTEAFF	gliph2_337	gliph2	huang
CASSEGGRGTEAFF	gliph2_337	gliph2	huang
CASSHGERDNEQCF	gliph2_338	gliph2	huang
CASSHGERDNEQFF	gliph2_338	gliph2	huang
CASSHGERENEKFF	gliph2_338	gliph2	huang
CASSQDDRVQPQHF	gliph2_339	gliph2	huang
CASSQDDRNQPQHF	gliph2_339	gliph2	huang
CASSQDDRSQPQHF	gliph2_339	gliph2	huang
CARSEDRGNTEAFF	gliph2_340	gliph2	huang
CSSSEDRGDTEAFF	gliph2_340	gliph2	huang
CASSEDRGNTEAFF	gliph2_340	gliph2	huang
CSARPSGRSDYGYTF	gliph2_341	gliph2	huang
CSGRPSGRSDDGYTF	gliph2_341	gliph2	huang
CSARPSGRSDYGDTF	gliph2_341	gliph2	huang
CRAGGTPGRGTYNEQFF	gliph2_342	gliph2	huang
CSAGGTPGRGTYNEQFF	gliph2_342	gliph2	huang
CSAGGTPGGGTYNEQFF	gliph2_342	gliph2	huang
CSATIEQGIIGEKCF	gliph2_343	gliph2	huang
CSATIEQGIFGEQFF	gliph2_343	gliph2	huang
CSATIEQGIIGEQFF	gliph2_343	gliph2	huang
CSSLSPGLAGGPATQYF	gliph2_344	gliph2	huang
CSALSPGLAGGPATQYF	gliph2_344	gliph2	huang
CSALSPGLVGGPATQYF	gliph2_344	gliph2	huang
CSARTGEGYTF	gliph2_345	gliph2	huang
CSARTGEGDTF	gliph2_345	gliph2	huang
CSARVGEGYTF	gliph2_345	gliph2	huang
CASSLRSRGYEQYF	gliph2_346	gliph2	huang
CASSLRSRSYEQYF	gliph2_346	gliph2	huang
CASSLRSRAYEQYF	gliph2_346	gliph2	huang
CSAPPSGDRNTQYF	gliph2_347	gliph2	huang
CSAPPSGGRNTKYF	gliph2_347	gliph2	huang
CSAPPSGGRNTQYF	gliph2_347	gliph2	huang
CASSSGTGEGEQYF	gliph2_348	gliph2	huang
CDSSSGTGEGEKYF	gliph2_348	gliph2	huang
CASSSGTWEGEQYF	gliph2_348	gliph2	huang
CASSGTGSNSPLHF	gliph2_349	gliph2	huang
CASSGTGDNSPLHF	gliph2_349	gliph2	huang
CASSGTGGNSPLNF	gliph2_349	gliph2	huang
CSARPQGREETQYF	gliph2_350	gliph2	huang
CSARPQGREETKYF	gliph2_350	gliph2	huang
CSARPQGGEETQYF	gliph2_350	gliph2	huang
CSAWGGETYNEQFF	gliph2_351	gliph2	huang
CGAWGGETYNEQFF	gliph2_351	gliph2	huang
CSAWGGKTYNEQFF	gliph2_351	gliph2	huang
CASSLQGASTEACF	gliph2_352	gliph2	huang
CASSLQGASTEAFF	gliph2_352	gliph2	huang
CDSSLKGASTEAFF	gliph2_352	gliph2	huang
CSDISGLSLVEAFF	gliph2_353	gliph2	huang
CSAISVLSLVEACF	gliph2_353	gliph2	huang
CSAISGLSLVEAFF	gliph2_353	gliph2	huang
CSARLGTENSPLHF	gliph2_354	gliph2	huang
CSARLGTENSPRHF	gliph2_354	gliph2	huang
CSARLWTENSPLHF	gliph2_354	gliph2	huang
CASSPRLAGQETKYF	gliph2_355	gliph2	huang
CASSPRLAGQETQYF	gliph2_355	gliph2	huang
CASSPRLAGEETQYF	gliph2_355	gliph2	huang
CVRSLEGGGVGGYTF	gliph2_356	gliph2	huang
CASSLEGGGGGGYTF	gliph2_356	gliph2	huang
CASSLEGGGVGGYTF	gliph2_356	gliph2	huang
CASSRVDRCRGNTEAFF	gliph2_357	gliph2	huang
CASSRVDRVRGNTEAFF	gliph2_357	gliph2	huang
CASSRVDRFRGNTEAFF	gliph2_357	gliph2	huang
CAGSPSGGTFNEQCF	gliph2_358	gliph2	huang
CASSPSGGTLNEQFF	gliph2_358	gliph2	huang
CASSPSGGTFNEQFF	gliph2_358	gliph2	huang
CASSEAGDNSPLNF	gliph2_359	gliph2	huang
CASSEVGDNSPLHF	gliph2_359	gliph2	huang
CASSEAGDNSPLHF	gliph2_359	gliph2	huang
CAGGRQGGRTEAFF	gliph2_360	gliph2	huang
CASGRKGGRTEAFF	gliph2_360	gliph2	huang
CASGRQGGRTEAFF	gliph2_360	gliph2	huang
CASSQFLGGEQFF	gliph2_361	gliph2	huang
CASSQFLGDEQFF	gliph2_361	gliph2	huang
CASSQFLGVEQYF	gliph2_361	gliph2	huang
CSARDPSGNTRYF	gliph2_362	gliph2	huang
CSARDPSGNTIYF	gliph2_362	gliph2	huang
CSARDPSGDTIYF	gliph2_362	gliph2	huang
CASSLGLALSNEQLF	gliph2_363	gliph2	huang
CASSLGLALSNEQFF	gliph2_363	gliph2	huang
CASSLGLALYNEQFF	gliph2_363	gliph2	huang
CASSYRPSGSSYNEQFF	gliph2_364	gliph2	huang
CASSYRPRGSSYNEQFF	gliph2_364	gliph2	huang
CDSSYRPSGSSYNEQFF	gliph2_364	gliph2	huang
CASSFSGGEQYF	gliph2_365	gliph2	huang
CASSFSGGGQYF	gliph2_365	gliph2	huang
CASSFSGGEQFF	gliph2_365	gliph2	huang
CSAGTSRAKNIQYF	gliph2_366	gliph2	huang
CSAGTGRAKNIQYF	gliph2_366	gliph2	huang
CSAGTSRAKNIRYF	gliph2_366	gliph2	huang
CASSAAGDNSPLHF	gliph2_367	gliph2	huang
CASSEAGDNSPLHF	gliph2_367	gliph2	huang
CASSEAGDNSPLNF	gliph2_367	gliph2	huang
CASLKGQGFSEQYF	gliph2_368	gliph2	huang
CASLQGQGFSEQYF	gliph2_368	gliph2	huang
CAILQGQGFSEQYF	gliph2_368	gliph2	huang
CSVASGQVNTGEMFF	gliph2_369	gliph2	huang
CSVASGQVNTGELFF	gliph2_369	gliph2	huang
CSVASGQVNNGELFF	gliph2_369	gliph2	huang
CASSSMRSNTGELFF	gliph2_370	gliph2	huang
CACSSMRSNTGELFF	gliph2_370	gliph2	huang
CASSSMRSSTGELFF	gliph2_370	gliph2	huang
CASSLFPGREYF	gliph2_371	gliph2	huang
CASSLSPGREYF	gliph2_371	gliph2	huang
CASSLCPGREYF	gliph2_371	gliph2	huang
CASSVGGQRYEQYF	gliph2_372	gliph2	huang
CASSFGGQRYEQYF	gliph2_372	gliph2	huang
CASSWGGQRYEQYF	gliph2_372	gliph2	huang
CSAGPGRAKNIQYF	gliph2_373	gliph2	huang
CSGGAGRAKNIQYF	gliph2_373	gliph2	huang
CSAGTGRAKNIQYF	gliph2_373	gliph2	huang
CARRQSRQGYNEQYF	gliph2_374	gliph2	huang
CASRQSRQCYNEQFF	gliph2_374	gliph2	huang
CASRQSRQGYNEQFF	gliph2_374	gliph2	huang
CATSRDKGHNEKLFF	gliph2_375	gliph2	huang
CATSRDKGSNEKLFF	gliph2_375	gliph2	huang
CATSRDKGGNEKLFF	gliph2_375	gliph2	huang
CSARETPGTGDTGELCF	gliph2_376	gliph2	huang
CSARETHGTGDTGELFF	gliph2_376	gliph2	huang
CSARETPGTGDTGELFF	gliph2_376	gliph2	huang
CSVSLGENFF	gliph2_377	gliph2	huang
CASSLGGYNF	gliph2_377	gliph2	huang
CASSLGGYTF	gliph2_377	gliph2	huang
CRARPAGAGGTQYF	gliph2_378	gliph2	huang
CSARPAGAGGTQYF	gliph2_378	gliph2	huang
CRARRAGAGGTQYF	gliph2_378	gliph2	huang
CASSPGQDTQYF	gliph2_379	gliph2	huang
CASSPEQDTQYF	gliph2_379	gliph2	huang
CASSPGQDTKVF	gliph2_379	gliph2	huang
CSAREERRGNQPHHF	gliph2_380	gliph2	huang
CSAREERGGNQPQHF	gliph2_380	gliph2	huang
CSAREERRGNQPQHF	gliph2_380	gliph2	huang
CSASPQGREETQYF	gliph2_381	gliph2	huang
CSARPQGREETQYF	gliph2_381	gliph2	huang
CSARPQGREETKYF	gliph2_381	gliph2	huang
CAISGEVNTGELFF	gliph2_382	gliph2	huang
CASTGEVNTGELFF	gliph2_382	gliph2	huang
CAMVGEVNTGELFF	gliph2_382	gliph2	huang
CASRWDGDTQYF	gliph2_383	gliph2	huang
CASRWDGDTKYF	gliph2_383	gliph2	huang
CANRWAGDTQYF	gliph2_383	gliph2	huang
CSARPGQGSYEQYF	gliph2_384	gliph2	huang
CASRPGQGSYEQYF	gliph2_384	gliph2	huang
CSAIPGQGSYEQYF	gliph2_384	gliph2	huang
CAWNRPDSSYEQYF	gliph2_385	gliph2	huang
CSGTRPDSSYEQYF	gliph2_385	gliph2	huang
CAWKRPDSSYEQYF	gliph2_385	gliph2	huang
CASSLGLALSNEQFF	gliph2_386	gliph2	huang
CCSSLGLGLSNEQFF	gliph2_386	gliph2	huang
CASSLGLALSNEQLF	gliph2_386	gliph2	huang
CRASSPGLAGYQETQYF	gliph2_387	gliph2	huang
CSASSPGLAGYQETQYF	gliph2_387	gliph2	huang
CSVSSAGLAGYQETQYF	gliph2_387	gliph2	huang
CAWSRQPSYRQYF	gliph2_388	gliph2	huang
CAWSRQPSYEQYF	gliph2_388	gliph2	huang
CACSRQPSYEQYF	gliph2_388	gliph2	huang
CSARPPLGEKLFF	gliph2_389	gliph2	huang
CSARPPLGERLFF	gliph2_389	gliph2	huang
CSARPPLGEKLCF	gliph2_389	gliph2	huang
CGGSWEAGELFF	gliph2_390	gliph2	huang
CASSWEAGELFF	gliph2_390	gliph2	huang
CASRWEAGELFF	gliph2_390	gliph2	huang
CASSPRLEGQETQDF	gliph2_391	gliph2	huang
CASSPRLAGQETKYF	gliph2_391	gliph2	huang
CASSPRLAGQETQYF	gliph2_391	gliph2	huang
CASITGDLTEAFF	gliph2_392	gliph2	huang
CASITVDLTEAFF	gliph2_392	gliph2	huang
CARITGDLTEAFF	gliph2_392	gliph2	huang
CSDRSRGGGGDTDTQYF	gliph2_393	gliph2	huang
CRARSPGGGGDTDTQYF	gliph2_393	gliph2	huang
CSGRSPGGGGDTDTQYF	gliph2_393	gliph2	huang
CASSSGPLAEQFF	gliph2_394	gliph2	huang
CASSSGPLDEQFF	gliph2_394	gliph2	huang
CSSSSGPLAEQFF	gliph2_394	gliph2	huang
CASSRQDNYEQYF	gliph2_395	gliph2	huang
CATSRQDNTEDFF	gliph2_395	gliph2	huang
CATSRQDNTEAFF	gliph2_395	gliph2	huang
CRAYRGINAPHHF	gliph2_396	gliph2	huang
CRAYRGINSPLHF	gliph2_396	gliph2	huang
CSAYRGINSPLHF	gliph2_396	gliph2	huang
CASSEVENTEDFF	gliph2_397	gliph2	huang
CASSEVENTEAFF	gliph2_397	gliph2	huang
CASSEVEGTEAFF	gliph2_397	gliph2	huang
CARSQGVNSPLHF	gliph2_398	gliph2	huang
CASSQGVKSPLHF	gliph2_398	gliph2	huang
CASSQGVNSPLHF	gliph2_398	gliph2	huang
CSAGGKGNQPQHF	gliph2_399	gliph2	huang
CSAGGKGGQPQHF	gliph2_399	gliph2	huang
CSVGGKGNQPQHF	gliph2_399	gliph2	huang
CSGGQGVDTEAFF	gliph2_400	gliph2	huang
CSAGQGADTEAFF	gliph2_400	gliph2	huang
CRAGQGADTEAFF	gliph2_400	gliph2	huang
CASSLVDYNEQFF	gliph2_401	gliph2	huang
CASSLVTYNEQFF	gliph2_401	gliph2	huang
CASSLVAYNEQFF	gliph2_401	gliph2	huang
CASSIAGNNEQFF	gliph2_402	gliph2	huang
CASSIAANNEQFF	gliph2_402	gliph2	huang
CASSIASNNEQFF	gliph2_402	gliph2	huang
CSVSSGWAMNTEAFF	gliph2_403	gliph2	huang
CSVSSGWGMNTEAFF	gliph2_403	gliph2	huang
CSVSSGWEMNTEAFF	gliph2_403	gliph2	huang
CASRQGRGMNTEAFF	gliph2_404	gliph2	huang
CSVRQGWGMNTEAVF	gliph2_404	gliph2	huang
CSVRQGWGMNTEAFF	gliph2_404	gliph2	huang
CASSQGGLAGGYNEQFF	gliph2_405	gliph2	huang
CASSQDGLAGGYNEQFF	gliph2_405	gliph2	huang
CASSQEGLAGGYNEQFF	gliph2_405	gliph2	huang
CASSPRAGGGNEQFF	gliph2_406	gliph2	huang
CASSPRGGGGNEQFF	gliph2_406	gliph2	huang
CASSPRAGGGNEQYF	gliph2_406	gliph2	huang
CSARVVGVNEQFF	gliph2_407	gliph2	huang
CSARVIGVNEQFF	gliph2_407	gliph2	huang
CSARVLGVNEQFF	gliph2_407	gliph2	huang
CASSASTGTEAFF	gliph2_408	gliph2	huang
CASSHSTGTEAFF	gliph2_408	gliph2	huang
CASSESTGTEAFF	gliph2_408	gliph2	huang
CSTGTGLGNEQFF	gliph2_409	gliph2	huang
CSPGKGLGNEHFF	gliph2_409	gliph2	huang
CRTGTGLGNEQFF	gliph2_409	gliph2	huang
CASRWDGDTQYF	gliph2_410	gliph2	huang
CASRWDGDTKYF	gliph2_410	gliph2	huang
CASSWDGDTQYF	gliph2_410	gliph2	huang
CAWGPKGNQPQHF	gliph2_411	gliph2	huang
CSVGGKGNQPQHF	gliph2_411	gliph2	huang
CSAGGKGNQPQHF	gliph2_411	gliph2	huang
CASIQTGGTEAFF	gliph2_412	gliph2	huang
CASIQTGGTETFF	gliph2_412	gliph2	huang
CASISTGGTEAFF	gliph2_412	gliph2	huang
CSAREEGRGNQPQHF	gliph2_413	gliph2	huang
CSAREERRGNQPHHF	gliph2_413	gliph2	huang
CSAREERRGNQPQHF	gliph2_413	gliph2	huang
CASSLGPGQGAEETQYF	gliph2_414	gliph2	huang
CASSFGPGQGAEETQYF	gliph2_414	gliph2	huang
CGSSVGPGQGAEETQYF	gliph2_414	gliph2	huang
CSVEEPRNTIYF	gliph2_415	gliph2	huang
CSVEEPRGTAFF	gliph2_415	gliph2	huang
CSVEEPRNTQYF	gliph2_415	gliph2	huang
CTSSRDRRDTQYF	gliph2_416	gliph2	huang
CASSPDRRDTQYF	gliph2_416	gliph2	huang
CASSRDRRDTQYF	gliph2_416	gliph2	huang
CASSEARAQYF	gliph2_417	gliph2	huang
CASSEARVAFF	gliph2_417	gliph2	huang
CASSEARAKYF	gliph2_417	gliph2	huang
CSARDMARHEQYF	gliph2_418	gliph2	huang
CSAREMARHEQYF	gliph2_418	gliph2	huang
CSARDMARHEKYF	gliph2_418	gliph2	huang
CAISRQGHGEQYF	gliph2_419	gliph2	huang
CASSSQGHGELFF	gliph2_419	gliph2	huang
CAGSSQGHGELFF	gliph2_419	gliph2	huang
CRAPVQSWYGYTF	gliph2_420	gliph2	huang
CSAPGQSWYGYTF	gliph2_420	gliph2	huang
CSAPVQSWYGYTF	gliph2_420	gliph2	huang
CSVASGQVNTGEMFF	gliph2_421	gliph2	huang
CSVASGQVNTGELFF	gliph2_421	gliph2	huang
CGVASGPVNTGELFF	gliph2_421	gliph2	huang
CASSPKGEGPMNTEAFF	gliph2_422	gliph2	huang
CASSAKGEGPMNTEAFF	gliph2_422	gliph2	huang
CAISPKGEGPMNTEALF	gliph2_422	gliph2	huang
CASSPGGTVPKHF	gliph2_423	gliph2	huang
CGSRPGGTVPQHF	gliph2_423	gliph2	huang
CASSPGGTVPQHF	gliph2_423	gliph2	huang
CSGDRLTGGEQYF	gliph2_424	gliph2	huang
CRGDRLTGGEQYF	gliph2_424	gliph2	huang
CSGERLTGGEQYF	gliph2_424	gliph2	huang
CASSQDVSGANVLTF	gliph2_425	gliph2	huang
CASSQDSSGANVLTF	gliph2_425	gliph2	huang
CASSQDASGANVLTF	gliph2_425	gliph2	huang
CASRDQGPYEQYF	gliph2_426	gliph2	huang
CARRDQGPYEQYF	gliph2_426	gliph2	huang
CASSDQGPYEQYF	gliph2_426	gliph2	huang
CRARSPGGGGDTDTQYF	gliph2_427	gliph2	huang
CRAGSPGGGGDTDTQYF	gliph2_427	gliph2	huang
CSGRSPGGGGDTDTQYF	gliph2_427	gliph2	huang
CSARDLGKGYTF	gliph2_428	gliph2	huang
CSARDLGSGYTF	gliph2_428	gliph2	huang
CSARDLGDGYTF	gliph2_428	gliph2	huang
CASSQGTRLADTQYF	gliph2_429	gliph2	huang
CASSQETRLADTQYF	gliph2_429	gliph2	huang
CASSQDTRLADTQYF	gliph2_429	gliph2	huang
CSARDNSYEQYF	gliph2_430	gliph2	huang
CRARDNRYEQYF	gliph2_430	gliph2	huang
CSARDNRYEQYF	gliph2_430	gliph2	huang
CAWKTDSYEQYF	gliph2_431	gliph2	huang
CAWKTDAYEQYF	gliph2_431	gliph2	huang
CAHKTDSYEQYF	gliph2_431	gliph2	huang
CASSLYGDTNQTQHF	gliph2_432	gliph2	huang
CASSLYGDTNQPQHF	gliph2_432	gliph2	huang
CASSLYGDTNQPQNF	gliph2_432	gliph2	huang
CASSFGTESNQPQHF	gliph2_433	gliph2	huang
CASSFVTESNQPQHF	gliph2_433	gliph2	huang
CAISFVTESNQPQHF	gliph2_433	gliph2	huang
CSVAPGWGMNTAAFF	gliph2_434	gliph2	huang
CSVAPGWGMNTEAFF	gliph2_434	gliph2	huang
CSAAPGWGMNTEAFF	gliph2_434	gliph2	huang
CASSPQTGEGYGYAF	gliph2_435	gliph2	huang
CASSPETGEGYGYTF	gliph2_435	gliph2	huang
CASSPQTGEGYGYTF	gliph2_435	gliph2	huang
CASSQPRTSGLQVTLTDTQYF	gliph2_436	gliph2	huang
CASSQPRTSGLQFTLTDTQDF	gliph2_436	gliph2	huang
CASSQPRTSGLQFTLTDTQYF	gliph2_436	gliph2	huang
CSVASWQVNTGELFF	gliph2_437	gliph2	huang
CSVASGQVNTGEMFF	gliph2_437	gliph2	huang
CSVASGQVNTGELFF	gliph2_437	gliph2	huang
CASSLLRTGWENEYF	gliph2_438	gliph2	huang
CARSLLRTGWETQYF	gliph2_438	gliph2	huang
CASSLLRTGWETQYF	gliph2_438	gliph2	huang
CASSLYGDTNQPQNF	gliph2_439	gliph2	huang
CASSLDGDTNQPQHF	gliph2_439	gliph2	huang
CASSLYGDTNQPQHF	gliph2_439	gliph2	huang
CASSFPLMRQGYGNQPQHF	gliph2_440	gliph2	huang
CASSFPLMRQRYGNQPQHF	gliph2_440	gliph2	huang
CASSFPLMRQGYGNQPKHF	gliph2_440	gliph2	huang
CASSLDSSSYTEAFF	gliph2_441	gliph2	huang
CASSLDSSSYNEQFF	gliph2_441	gliph2	huang
CASSLDSSSYNEQCF	gliph2_441	gliph2	huang
CSSSLANRAGLMNTEAFF	gliph2_442	gliph2	huang
CASSLANRAGLMNTEAFF	gliph2_442	gliph2	huang
CASSLANRAGLRNTEAFF	gliph2_442	gliph2	huang
CTSSQDLTNPGTNYGYTF	gliph2_443	gliph2	huang
CASSQDVTNPGTNYGYTF	gliph2_443	gliph2	huang
CASSQDLTNPGTNYGYTF	gliph2_443	gliph2	huang
CSAREERRGNQPQHF	gliph2_444	gliph2	huang
CSAREERRGNQPHHF	gliph2_444	gliph2	huang
CSGRGERRGNQPQHF	gliph2_444	gliph2	huang
CSASSPGLAGYQENQDF	gliph2_445	gliph2	huang
CSASSPGLAGYQETQYF	gliph2_445	gliph2	huang
CRASSPGLAGYQETQYF	gliph2_445	gliph2	huang
CSASPGWGMNTEAFF	gliph2_446	gliph2	huang
CSVSSGWGMNTEAFF	gliph2_446	gliph2	huang
CASSLGWGMNTEAFF	gliph2_446	gliph2	huang
CRVFLDTLYF	gliph2_447	gliph2	huang
CSVFLDTQYF	gliph2_447	gliph2	huang
CSVFTDTQYF	gliph2_447	gliph2	huang
CASSEAGWDYGYTF	gliph2_448	gliph2	huang
CASARGNWDYGYTF	gliph2_448	gliph2	huang
CSAFGTGEWDYGYTF	gliph2_448	gliph2	huang
CASSPHTWDYGYTF	gliph2_448	gliph2	huang
CSVDSAEWDYGYTF	gliph2_448	gliph2	huang
CSARDTGQGGWDYGYTF	gliph2_448	gliph2	huang
CASSLNFPLQETQYF	gliph2_449	gliph2	huang
CSASGPLQETQYF	gliph2_449	gliph2	huang
CAWSGTGAPLQETQYF	gliph2_449	gliph2	huang
CASSLRPHPLQETQYF	gliph2_449	gliph2	huang
CASGPLQEGASPLHF	gliph2_449	gliph2	huang
CASSPLQERGYNEQFF	gliph2_449	gliph2	huang
CASSPFSANTGELFF	gliph2_450	gliph2	huang
CASSPFSANYGYTF	gliph2_450	gliph2	huang
CASSYFSANEQFF	gliph2_450	gliph2	huang
CASSPFSANYVYTF	gliph2_450	gliph2	huang
CASSAIGQGPYNEQFF	gliph2_451	gliph2	huang
CASSLAAIGQSYEQYF	gliph2_451	gliph2	huang
CDSSLGAIGQSDEQYF	gliph2_451	gliph2	huang
CASSLTAIGQSFEQYF	gliph2_451	gliph2	huang
CSATGGVFAIGQPQHF	gliph2_451	gliph2	huang
CASSLSFTGLTDTQYF	gliph2_452	gliph2	huang
CASSFTGLAAYNEQFF	gliph2_452	gliph2	huang
CASSSLFTGLAGSNEQYF	gliph2_452	gliph2	huang
CASSFTGLAGGTDTQYF	gliph2_452	gliph2	huang
CASSFTGLADYNEQFF	gliph2_452	gliph2	huang
CTSSFTGLAGYNEQIF	gliph2_452	gliph2	huang
CASSEVQGHYEQYF	gliph2_453	gliph2	huang
CASSPGQGHYNEQFF	gliph2_453	gliph2	huang
CASSQGGQGHYGYTF	gliph2_453	gliph2	huang
CASSSGQGHYNEQFF	gliph2_453	gliph2	huang
CASSVGQGHYNEQFF	gliph2_453	gliph2	huang
CASSLGQGHYNEQFF	gliph2_453	gliph2	huang
CATSEGHKNSPLHF	gliph2_454	gliph2	huang
CASSEGHETQYF	gliph2_454	gliph2	huang
CSASEGHINEKLFF	gliph2_454	gliph2	huang
CASSEGHSYEQYF	gliph2_454	gliph2	huang
CASSEGHINGYTF	gliph2_454	gliph2	huang
CASSEGHTSSYEQYF	gliph2_454	gliph2	huang
CASSLAVAMENSQYF	gliph2_455	gliph2	huang
CASSCAVAMENIQYF	gliph2_455	gliph2	huang
CASSCGVAMEDNQYF	gliph2_455	gliph2	huang
CASNGRAMETQYF	gliph2_455	gliph2	huang
CASGLAVAMENIQYF	gliph2_455	gliph2	huang
CASSFAVAMENIQYF	gliph2_455	gliph2	huang
CASSLAVAMENIQYF	gliph2_455	gliph2	huang
CSARDHPSWAGTAEKLFF	gliph2_456	gliph2	huang
CSARDHPSWAGTTEKLFF	gliph2_456	gliph2	huang
CASSLNHPSWPGNTIYF	gliph2_456	gliph2	huang
CASSYSVPGAEQYF	gliph2_457	gliph2	huang
CASSYSVPGGGPDTQYF	gliph2_457	gliph2	huang
CASSYSVPKSEQFF	gliph2_457	gliph2	huang
CASSHRPDWNEKLFF	gliph2_458	gliph2	huang
CASTPDWNTEAFF	gliph2_458	gliph2	huang
CASSPDWNSYNGQFF	gliph2_458	gliph2	huang
CATSGPAVPVYGYTF	gliph2_459	gliph2	huang
CATSYPAVPVYGYTF	gliph2_459	gliph2	huang
CATSDPAVPVYGYTF	gliph2_459	gliph2	huang
CASSSVHDGANVLTF	gliph2_460	gliph2	huang
CAWSVHDGNQPQHF	gliph2_460	gliph2	huang
CAGSVHDGEETQYF	gliph2_460	gliph2	huang
CSAGTSGRLIAKNIQYF	gliph2_461	gliph2	huang
CASSLGLIAKAEANEKLFF	gliph2_461	gliph2	huang
CASSSGGLIAKNIQYF	gliph2_461	gliph2	huang
CASSSLIEPGLAFNEQFF	gliph2_462	gliph2	huang
CASSSLIEPGLAGNTDTQYF	gliph2_462	gliph2	huang
CASSSLIEPGLAVNTDTQYF	gliph2_462	gliph2	huang
CASSSPTGEFRLGSGANVLTF	gliph2_463	gliph2	huang
CASSGSSGTGEFRLWGTEAFF	gliph2_463	gliph2	huang
CSAKPSGGEFREQFF	gliph2_463	gliph2	huang
CSVDYMRRRTANTEAFF	gliph2_464	gliph2	huang
CRVDYMRRRNANTEAFF	gliph2_464	gliph2	huang
CSVEYMRRRTANTEAFF	gliph2_464	gliph2	huang
CASQFRDFSYNEQFF	gliph2_465	gliph2	huang
CSSQFRDFSYNGPFF	gliph2_465	gliph2	huang
CCSQFRDFSYDEPFF	gliph2_465	gliph2	huang
CSVVRDFGQGGDYGYTF	gliph2_466	gliph2	huang
CASSVRDFLYNEQFF	gliph2_466	gliph2	huang
CSVVRDFGEGGPYEQYF	gliph2_466	gliph2	huang
CSASLVGLVNNEQFF	gliph2_467	gliph2	huang
CASSFPLVNNTGELFF	gliph2_467	gliph2	huang
CASSLVNNEQFF	gliph2_467	gliph2	huang
CSVGSGWGMDTEAFF	gliph2_468	gliph2	huang
CSASPGWGMDTEAFF	gliph2_468	gliph2	huang
CRVGSGWGMDTEAFF	gliph2_468	gliph2	huang
CGSRPLVDRNTGRQYF	gliph2_469	gliph2	huang
CASSPLVDTQYF	gliph2_469	gliph2	huang
CASRPLVDRNTDTQYF	gliph2_469	gliph2	huang
CSSIKDGYNTEAFF	gliph2_470	gliph2	huang
CASIKDGYNTEACF	gliph2_470	gliph2	huang
CASIKDGYNTEAFF	gliph2_470	gliph2	huang
CASSEPVLRGQETQYF	gliph2_471	gliph2	huang
CAISEPVSEQYF	gliph2_471	gliph2	huang
CASSEPVGIGNTIYF	gliph2_471	gliph2	huang
CATSDFPAGEMNNQPQHF	gliph2_472	gliph2	huang
CASSLSRLAGEMNEQFF	gliph2_472	gliph2	huang
CSTRRPAGGGAGEMQYF	gliph2_472	gliph2	huang
CASSVPGHLKNIQYF	gliph2_473	gliph2	huang
CASSLAHLKNSGNTIYF	gliph2_473	gliph2	huang
CASSLSHLKNEQFF	gliph2_473	gliph2	huang
CASSFPLMRQGYGNQPQHF	gliph2_474	gliph2	huang
CASSFPLMRQRYGNQPQHF	gliph2_474	gliph2	huang
CASSFPLMRQGYGNQPKHF	gliph2_474	gliph2	huang
CSARPYWLRSGAVASTDTQYF	gliph2_475	gliph2	huang
CSARPYWLRSGAVPSTDKQYF	gliph2_475	gliph2	huang
CSARPYWLRSGAVPSTDTQYF	gliph2_475	gliph2	huang
CSARTSGNQNYPTDTQYF	gliph2_476	gliph2	huang
CSARRGSNQNYGYTF	gliph2_476	gliph2	huang
CSARRVRNQNYGYTF	gliph2_476	gliph2	huang
CASSYPGLAGVTDTQYF	gliph2_477	gliph2	huang
CASTLYPGLAGASTDTQYF	gliph2_477	gliph2	huang
CASSYPGLNYEQYF	gliph2_477	gliph2	huang
CSAYPGLDTGELFF	gliph2_477	gliph2	huang
CASSYPGLAGGRATDTQYF	gliph2_477	gliph2	huang
CASSLYPGLALVADTQYF	gliph2_477	gliph2	huang
CASSVADRCYNYQFF	gliph2_478	gliph2	huang
CSVVADRFPYEQYF	gliph2_478	gliph2	huang
CARSVADRGYNEQFF	gliph2_478	gliph2	huang
CASSVADRGPLNYGYTF	gliph2_478	gliph2	huang
CASSVADRGYNEQFF	gliph2_478	gliph2	huang
CASSVADRVNSPLHF	gliph2_478	gliph2	huang
CATSAMTGNHNEHFF	gliph2_479	gliph2	huang
CASSRAGGNHNEQFF	gliph2_479	gliph2	huang
CATSAMTGNHNEQFF	gliph2_479	gliph2	huang
CASSSGGNHNSPLHF	gliph2_479	gliph2	huang
CATSARTGNHNGQFF	gliph2_479	gliph2	huang
CGAREGGGANVLTF	gliph2_480	gliph2	huang
CVAREGGGANVLTF	gliph2_480	gliph2	huang
CRAREGGGANVLTF	gliph2_480	gliph2	huang
CSGRGGGGANVLTF	gliph2_480	gliph2	huang
CRCREGGGANVLTF	gliph2_480	gliph2	huang
CSAREGGGANVLTF	gliph2_480	gliph2	huang
CASSQFQGQGDEKYF	gliph2_481	gliph2	huang
CTRSQFQGQGDEQYF	gliph2_481	gliph2	huang
CASSQFQGGTEAFF	gliph2_481	gliph2	huang
CASSQFQGQGDEQDF	gliph2_481	gliph2	huang
CASSQFQGQGDEQYF	gliph2_481	gliph2	huang
CASQFQLAPSGQSPQHF	gliph2_481	gliph2	huang
CASSQLPGPFGGNQPQHF	gliph2_482	gliph2	huang
CSASQLPGQYYEQYF	gliph2_482	gliph2	huang
CASSQLPGGVAKNIQYF	gliph2_482	gliph2	huang
CASSQLPTQGGEQYF	gliph2_482	gliph2	huang
CASSQLPVQAGARGGTDTQYF	gliph2_482	gliph2	huang
CASSQLPGTSGGNEQFF	gliph2_482	gliph2	huang
CASSEAFPGQGVWGRTDTQYF	gliph2_483	gliph2	huang
CASSEAFLNTIYF	gliph2_483	gliph2	huang
CASSEAFDIFEKLFF	gliph2_483	gliph2	huang
CASSEAFETQYF	gliph2_483	gliph2	huang
CSAARWTLNTDTQYF	gliph2_484	gliph2	huang
CASSSRWTLRNEKLFF	gliph2_484	gliph2	huang
CSAARWTLNTDPQYF	gliph2_484	gliph2	huang
CATSSRWTLRNDKLFF	gliph2_484	gliph2	huang
CSARPYWLRSGAVASTDTQYF	gliph2_485	gliph2	huang
CSARPYWLRSGAVPSTDKQYF	gliph2_485	gliph2	huang
CSARPYWLRSGAVPSTDTQYF	gliph2_485	gliph2	huang
CSGTPYWLNEQFF	gliph2_485	gliph2	huang
CASSSAMTRGDTGELFF	gliph2_486	gliph2	huang
CATSAMTGNHNEHFF	gliph2_486	gliph2	huang
CASSAMTGRVNNEQFF	gliph2_486	gliph2	huang
CATSAMTGNHNEQFF	gliph2_486	gliph2	huang
CASSPPLVAGGRTRETQYF	gliph2_487	gliph2	huang
CASSPLVAGSSYEQYF	gliph2_487	gliph2	huang
CSARPPLVAGGPGWETQYF	gliph2_487	gliph2	huang
CASRPLVAGDTQYF	gliph2_487	gliph2	huang
CSVEEGGAQNYGYTF	gliph2_488	gliph2	huang
CAWSRGTAQNYGYTF	gliph2_488	gliph2	huang
CASKGGLAQNYGYTF	gliph2_488	gliph2	huang
CSVEEGCAQNYGYTF	gliph2_488	gliph2	huang
CASSLVPLRSGGAQETQYF	gliph2_489	gliph2	huang
CASSFPLRSNEQYF	gliph2_489	gliph2	huang
CASSPLRSPGQGALTQYF	gliph2_489	gliph2	huang
CASSLVPLRSGGSQETQYF	gliph2_489	gliph2	huang
CASSVDPLRSGTQYF	gliph2_489	gliph2	huang
CASSQLLSSWGNEQFF	gliph2_490	gliph2	huang
CASSQLLPGLGNEQFF	gliph2_490	gliph2	huang
CASSQLLTHPSYNEQFF	gliph2_490	gliph2	huang
CASSQLLGRTTNEKLFF	gliph2_490	gliph2	huang
CASSQLLAGSYEQYF	gliph2_490	gliph2	huang
CASSQVGRSRYRGSPLHF	gliph2_491	gliph2	huang
CASSQVGRAEETQYF	gliph2_491	gliph2	huang
CASSQVGRGQETQSF	gliph2_491	gliph2	huang
CASSQVGRGQETQYF	gliph2_491	gliph2	huang
CASSQVGRTNYGYTF	gliph2_491	gliph2	huang
CASSQVGRAFF	gliph2_491	gliph2	huang
CATSPSSAGANVLTF	gliph2_492	gliph2	huang
CATSPSSAYEQYF	gliph2_492	gliph2	huang
CASSHPSSAGGQETQYF	gliph2_492	gliph2	huang
CSASPSSASTDTQYF	gliph2_492	gliph2	huang
CASSQAPSSAGAF	gliph2_492	gliph2	huang
CASSPSSAGEEGELFF	gliph2_492	gliph2	huang
CASSEVETSTDPQYF	gliph2_493	gliph2	huang
CASSEVENTEAFF	gliph2_493	gliph2	huang
CASSEVEDTQYF	gliph2_493	gliph2	huang
CASSSEVEAFF	gliph2_493	gliph2	huang
CASSEVENTEDFF	gliph2_493	gliph2	huang
CASSEVEGTEAFF	gliph2_493	gliph2	huang
CSARGGLFSSYNSPLHF	gliph2_494	gliph2	huang
CASSLAGGLFTQYF	gliph2_494	gliph2	huang
CASSKGGLFTGELFF	gliph2_494	gliph2	huang
CARRFGGGLFTQYF	gliph2_494	gliph2	huang
CASSEVFSGGLFTYEQYF	gliph2_494	gliph2	huang
CASSQDPPGGLFYEQYF	gliph2_494	gliph2	huang
CSARDFLREGTDTQYF	gliph2_495	gliph2	huang
CASRRDFLRETQYF	gliph2_495	gliph2	huang
CASSRDFLRNTDTQYF	gliph2_495	gliph2	huang
CASSRDFLRETQYF	gliph2_495	gliph2	huang
CASSVRDFLYNEQFF	gliph2_495	gliph2	huang
CASSPGTSFGYTF	gliph2_496	gliph2	huang
CASSPETSFGYPF	gliph2_496	gliph2	huang
CASSSRTSFGDTQYF	gliph2_496	gliph2	huang
CASLTSFGTQYF	gliph2_496	gliph2	huang
CASTSFGVSPLHF	gliph2_496	gliph2	huang
CSASQLPGQYYEQYF	gliph2_497	gliph2	huang
CASSKGGQYYEQYF	gliph2_497	gliph2	huang
CASSRGGQYYEQYF	gliph2_497	gliph2	huang
CASSQGGQYYEQYF	gliph2_497	gliph2	huang
CASSQVTRQYYEQYF	gliph2_497	gliph2	huang
CARRQSRQGYNEQYF	gliph2_498	gliph2	huang
CASRQSRQGYNEQFF	gliph2_498	gliph2	huang
CASRQSRQCYNEQFF	gliph2_498	gliph2	huang
CASSQSRQSYTEAFF	gliph2_498	gliph2	huang
CASSDKSSSLSVYNEQFF	gliph2_499	gliph2	huang
CASKSSSGNTEAFF	gliph2_499	gliph2	huang
CASSEKSSSLSVYNEQFF	gliph2_499	gliph2	huang
CAISDKSSSLSVYNDLFF	gliph2_499	gliph2	huang
CRAPVQSWYGYTF	gliph2_500	gliph2	huang
CSAPGQSWYGYTF	gliph2_500	gliph2	huang
CSAPVQSWYGYTF	gliph2_500	gliph2	huang
CASSQGYSWYGYTF	gliph2_500	gliph2	huang
CSARGQSWYGYTGELFF	gliph2_500	gliph2	huang
CAWSVQGRRNYNEQFF	gliph2_501	gliph2	huang
CATQDSGGRNYNEQFF	gliph2_501	gliph2	huang
CSVHGGGVRNYNAQFF	gliph2_501	gliph2	huang
CASSPRRNYNYGYTF	gliph2_501	gliph2	huang
CSVHRRGVRNYNEQFF	gliph2_501	gliph2	huang
CASRAMRDRNYNEQFF	gliph2_501	gliph2	huang
CASSMPRTWGGQPQHF	gliph2_502	gliph2	huang
CASSMPRTGGGQPQHF	gliph2_502	gliph2	huang
CASSMPRRGGGQPQHF	gliph2_502	gliph2	huang
CASSAWAGWIEKLFF	gliph2_503	gliph2	huang
CASGPRTGWIEAFF	gliph2_503	gliph2	huang
CASSPGGGWIEQFF	gliph2_503	gliph2	huang
CATSRGHMISYNGQFF	gliph2_504	gliph2	huang
CATSRGHMISYNEQFF	gliph2_504	gliph2	huang
CATSRGHMISYKEEFF	gliph2_504	gliph2	huang
CSVARDMGGSTF	gliph2_505	gliph2	huang
CSVARDMGGYNF	gliph2_505	gliph2	huang
CSVARDMGGYTF	gliph2_505	gliph2	huang
CSAFGTGEWDYGYTF	gliph2_506	gliph2	huang
CSVDSAEWDYGYTF	gliph2_506	gliph2	huang
CAISEWDYEQYF	gliph2_506	gliph2	huang
CSVEPGWAMNTEAFF	gliph2_507	gliph2	huang
CSVSSGWAMNTEAFF	gliph2_507	gliph2	huang
CSVSPGWAMKETQYF	gliph2_507	gliph2	huang
CASRKMGTLPGSNQTQHF	gliph2_508	gliph2	huang
CASSKMGTLPGSKQPQHF	gliph2_508	gliph2	huang
CASSKMGTLPGSNQPQHF	gliph2_508	gliph2	huang
CASSFYSGGGIQYF	gliph2_509	gliph2	huang
CASTFYSGGAGETQYF	gliph2_509	gliph2	huang
CASSFYSGGNYNEQFF	gliph2_509	gliph2	huang
CASRAQIEAFF	gliph2_510	gliph2	huang
CSASRQIEQYF	gliph2_510	gliph2	huang
CASSDLGQIEAFF	gliph2_510	gliph2	huang
CASSQIEGNKIEQYF	gliph2_510	gliph2	huang
CASSHRQIENEAFF	gliph2_510	gliph2	huang
CDRSDLGQIEAFF	gliph2_510	gliph2	huang
CASSGLDIGVNQPQHF	gliph2_511	gliph2	huang
CASRVHIGVNSPLHF	gliph2_511	gliph2	huang
CASSVQIGVNSPLHF	gliph2_511	gliph2	huang
CASKRIGVNEKLFF	gliph2_511	gliph2	huang
CSARVIGVNEQFF	gliph2_511	gliph2	huang
CASSWPGDYTQYF	gliph2_512	gliph2	huang
CASSWPGDTQYF	gliph2_512	gliph2	huang
CASSPWPGDYGYTF	gliph2_512	gliph2	huang
CASSLGFWPGDSPRGYTF	gliph2_512	gliph2	huang
CDISRVAWSQKADPFF	gliph2_513	gliph2	huang
CASSVAWSGAGNEQFF	gliph2_513	gliph2	huang
CASSQVAWSGKTEAFF	gliph2_513	gliph2	huang
CASSQVAWSGNTEAFF	gliph2_513	gliph2	huang
CASSLAWDSPHSPLHF	gliph2_514	gliph2	huang
CASSQWDSPYEQYF	gliph2_514	gliph2	huang
CSARDQVWDSPLHF	gliph2_514	gliph2	huang
CASSFAWDSPHSPLHF	gliph2_514	gliph2	huang
CSSRDRVWDSPLHF	gliph2_514	gliph2	huang
CASSEWDSPGYTF	gliph2_514	gliph2	huang
CASSFKGGGLAGGPHTDTQYF	gliph2_515	gliph2	huang
CASSFKGGGTSYNEQFF	gliph2_515	gliph2	huang
CASSFKGGDSYEQYF	gliph2_515	gliph2	huang
CASSFKGGAEQYF	gliph2_515	gliph2	huang
CASSFKGGTRPYEQYF	gliph2_515	gliph2	huang
CGARGLIANEKLFF	gliph2_516	gliph2	huang
CSAEGLIAEKLSYEQYF	gliph2_516	gliph2	huang
CASGLIAGGPGEQFF	gliph2_516	gliph2	huang
CASSLGLIAKAEANEKLFF	gliph2_516	gliph2	huang
CASSSGGLIAKNIQYF	gliph2_516	gliph2	huang
CSAERGESKNEQFF	gliph2_517	gliph2	huang
CAISESKNAGTDTQYF	gliph2_517	gliph2	huang
CSARRSGGESKNIQYF	gliph2_517	gliph2	huang
CSARLSGGESKNIQYF	gliph2_517	gliph2	huang
CSAELPPALSKNIQYF	gliph2_518	gliph2	huang
CSASNPPALYGYTF	gliph2_518	gliph2	huang
CSASKPPALYGYPF	gliph2_518	gliph2	huang
CSAPPPALRNEQYF	gliph2_518	gliph2	huang
CSAPGRYNYGYTF	gliph2_519	gliph2	huang
CSARETGRYNYGYTF	gliph2_519	gliph2	huang
CATRDRYNYGYTF	gliph2_519	gliph2	huang
CSVEVRYNYGYTF	gliph2_519	gliph2	huang
CASGELGTFAGNTIYF	gliph2_520	gliph2	huang
CASSLGTFSEAFF	gliph2_520	gliph2	huang
CASSLGTFNSPLHF	gliph2_520	gliph2	huang
CASSLLLGTFGELFF	gliph2_520	gliph2	huang
CASSQDTARAFF	gliph2_521	gliph2	huang
CASSQDTALGGGTDTQYF	gliph2_521	gliph2	huang
CASSQDTARAGGTDTQYF	gliph2_521	gliph2	huang
CASSQDTALAGGTDTQYF	gliph2_521	gliph2	huang
CASSLLAGTDTQYF	gliph2_522	gliph2	huang
CAWSVLAGTDTQYF	gliph2_522	gliph2	huang
CASSALAGTDTQYF	gliph2_522	gliph2	huang
CASSELAGTDTQYF	gliph2_522	gliph2	huang
CAGSRTGSNEQFF	gliph2_523	gliph2	huang
CASSRTGSNEQFF	gliph2_523	gliph2	huang
CASSRTGSDEQYF	gliph2_523	gliph2	huang
CASSRTGSKEQFF	gliph2_523	gliph2	huang
CRAEPRDTQYF	gliph2_524	gliph2	huang
CRAGPRDTQYF	gliph2_524	gliph2	huang
CSAEPRDTPYF	gliph2_524	gliph2	huang
CSAEPRDTQYF	gliph2_524	gliph2	huang
CASSSQGSGELFF	gliph2_525	gliph2	huang
CASSSQGHGELFF	gliph2_525	gliph2	huang
CAGSSQGHGELFF	gliph2_525	gliph2	huang
CASSSQGPGELFF	gliph2_525	gliph2	huang
CASSLAPGQAREQYF	gliph2_526	gliph2	huang
CASSSGQAREQFF	gliph2_526	gliph2	huang
CASSQARELGHNEQFF	gliph2_526	gliph2	huang
CASQARENQYF	gliph2_526	gliph2	huang
CASQARETQYF	gliph2_526	gliph2	huang
CASSQDTRAPLHF	gliph2_527	gliph2	huang
CASSQDTRRNTIYF	gliph2_527	gliph2	huang
CASSQDTRSPLHF	gliph2_527	gliph2	huang
CASSQDTRLADTQYF	gliph2_527	gliph2	huang
CASSQDTREGYGYTF	gliph2_527	gliph2	huang
CASSYTWTFRGSYEQYF	gliph2_528	gliph2	huang
CASSYTWTVRGSYAQYF	gliph2_528	gliph2	huang
CASSYTWGNTEAFF	gliph2_528	gliph2	huang
CASSPKGEGPMNTEAFF	gliph2_529	gliph2	huang
CASSAKGEGPMNTEAFF	gliph2_529	gliph2	huang
CAISPKGEGPMNTEALF	gliph2_529	gliph2	huang
CASSAMGQINEKLFF	gliph2_530	gliph2	huang
CASSEMGQIYGYTF	gliph2_530	gliph2	huang
CASMGQIYEQYF	gliph2_530	gliph2	huang
CSASDPIRGLAGGNYYNEHFF	gliph2_531	gliph2	huang
CSARDPIRGLAGGNYYNQQFF	gliph2_531	gliph2	huang
CSARDPIRGLAGGNYYNEQFF	gliph2_531	gliph2	huang
CASSLDWEGTNTEAFF	gliph2_532	gliph2	huang
CASSQDWEGYTDTQYF	gliph2_532	gliph2	huang
CASRDWEGNDQPQHF	gliph2_532	gliph2	huang
CASSRALVQVYGYTF	gliph2_533	gliph2	huang
CASSRKVQVYNEQFF	gliph2_533	gliph2	huang
CASSQALVQVYGYTF	gliph2_533	gliph2	huang
CASRSFLGVNEQFF	gliph2_534	gliph2	huang
CASRSFLGSGNTIYF	gliph2_534	gliph2	huang
CASIRSFLSNTEAFF	gliph2_534	gliph2	huang
CASSMVVDQTQHF	gliph2_535	gliph2	huang
CASSATVVDQETQYF	gliph2_535	gliph2	huang
CASSMVVDQPQHF	gliph2_535	gliph2	huang
CASQGQPFEKLFF	gliph2_536	gliph2	huang
CASQGQPFEKPFF	gliph2_536	gliph2	huang
CASSLRGPFEKLFF	gliph2_536	gliph2	huang
CASSQAWDMDQPQHF	gliph2_537	gliph2	huang
CASRQGQAWDGYTF	gliph2_537	gliph2	huang
CASQAWDRGAEATEF	gliph2_537	gliph2	huang
CARSVAAFIGDEQFF	gliph2_538	gliph2	huang
CASSVAAFIGDEQFF	gliph2_538	gliph2	huang
CASSQFIGDTDQSDTQYF	gliph2_538	gliph2	huang
CSAKKQGSGNTESFF	gliph2_539	gliph2	huang
CSAKKQGSGNTEAFF	gliph2_539	gliph2	huang
CATKKQGLKFDTEAFF	gliph2_539	gliph2	huang
CAIKKQGANTIYF	gliph2_539	gliph2	huang
CACSSMRSNTGELFF	gliph2_540	gliph2	huang
CASSSMRSSTGELFF	gliph2_540	gliph2	huang
CASSSMRANTGGLFF	gliph2_540	gliph2	huang
CASSSMRSNTGELFF	gliph2_540	gliph2	huang
CASSHPPAPETQYF	gliph2_541	gliph2	huang
CASSDSPAPEAFF	gliph2_541	gliph2	huang
CATSRGPAPETQYF	gliph2_541	gliph2	huang
CASSDPPAPETQYF	gliph2_541	gliph2	huang
CSARVGLELRYNEQFF	gliph2_542	gliph2	huang
CSARVGLELRYDEQFF	gliph2_542	gliph2	huang
CSACVGLELRYNEQFF	gliph2_542	gliph2	huang
CSAHSGELRYEQYF	gliph2_542	gliph2	huang
CASSTLTDTQYF	gliph2_543	gliph2	huang
CASSPTRTGTLTDTQYF	gliph2_543	gliph2	huang
CASTTGTLTDTQYF	gliph2_543	gliph2	huang
CASSLYLGTLTDTQYF	gliph2_543	gliph2	huang
CASSYPGRTLTDTQYF	gliph2_543	gliph2	huang
CASSYSTLTDTQYF	gliph2_543	gliph2	huang
CSASQLPGQYYEQYF	gliph2_544	gliph2	huang
CASSKGGQYYEQYF	gliph2_544	gliph2	huang
CASSRGGQYYEQYF	gliph2_544	gliph2	huang
CGASQVPGQYYGHYF	gliph2_544	gliph2	huang
CASSQGGQYYEQYF	gliph2_544	gliph2	huang
CASSLAHSGGGYTF	gliph2_545	gliph2	huang
CASSLAHSTDTQYF	gliph2_545	gliph2	huang
CASSLAHSQETQYF	gliph2_545	gliph2	huang
CASSLAHSGNEQFF	gliph2_545	gliph2	huang
CSARVYRLVNTEAFF	gliph2_546	gliph2	huang
CATSRVYRGLNSPLHF	gliph2_546	gliph2	huang
CASSLRRVYRERSSEAFF	gliph2_546	gliph2	huang
CASSLGGRVYRAGELFF	gliph2_546	gliph2	huang
CAHKTDSDEQDF	gliph2_547	gliph2	huang
CAWKTDSYEQYF	gliph2_547	gliph2	huang
CAWKTDSDEQYF	gliph2_547	gliph2	huang
CAHKTDSYEQYF	gliph2_547	gliph2	huang
CASSQPRTSGLQVTLTDTQYF	gliph2_548	gliph2	huang
CASSQPRTSGLQFTLTDTQDF	gliph2_548	gliph2	huang
CASSQPRTSGLQFTLTDTQYF	gliph2_548	gliph2	huang
CASSQPRTGFEQYF	gliph2_548	gliph2	huang
CASSEPLGSVRGETQYF	gliph2_549	gliph2	huang
CASSEPLAGMGGGQYF	gliph2_549	gliph2	huang
CASSEPLQAAFYEQYF	gliph2_549	gliph2	huang
CASSEPLSRTDTQYF	gliph2_549	gliph2	huang
CASSGNSQVPNYGYTF	gliph2_550	gliph2	huang
CASRTTQVPNEKLFF	gliph2_550	gliph2	huang
CSASPGQVPNTEAFF	gliph2_550	gliph2	huang
CASSQVPNQPQHF	gliph2_550	gliph2	huang
CSASHRGVGTEAFF	gliph2_551	gliph2	huang
CSASHRGVGTESFF	gliph2_551	gliph2	huang
CSVSTRGVGTEAFF	gliph2_551	gliph2	huang
CSASRRGVGTEAFF	gliph2_551	gliph2	huang
CASSLGAGTYEQYF	gliph2_552	gliph2	huang
CASSFGAGTYEQYF	gliph2_552	gliph2	huang
CASSVGAGTYEQYF	gliph2_552	gliph2	huang
CAISVGAGTYEQYF	gliph2_552	gliph2	huang
CASSSIQGGPDSYEQYF	gliph2_553	gliph2	huang
CATSSSIQGPGAFF	gliph2_553	gliph2	huang
CASSSIQGANTEAFF	gliph2_553	gliph2	huang
CAESSIQYKEAFF	gliph2_553	gliph2	huang
CASSSIQYTEAFF	gliph2_553	gliph2	huang
CASSIVAREGNEQFF	gliph2_554	gliph2	huang
CASSIVAGYHNEQFF	gliph2_554	gliph2	huang
CASSIVADSYEQYF	gliph2_554	gliph2	huang
CASSIVATTETQYF	gliph2_554	gliph2	huang
CASSIVAGGDQPQHF	gliph2_554	gliph2	huang
CASSIVAAYGEQYF	gliph2_554	gliph2	huang
CASSPLAGGPWDTQYF	gliph2_555	gliph2	huang
CASMDGYPWDTQYF	gliph2_555	gliph2	huang
CASSRLAGGPWDTQYF	gliph2_555	gliph2	huang
CASSRPWDTEAFF	gliph2_555	gliph2	huang
CASSVNQIAGGYEQYF	gliph2_556	gliph2	huang
CASSLNQIAGGYEQYF	gliph2_556	gliph2	huang
CASTNNQIGDTQYF	gliph2_556	gliph2	huang
CAASRNQIGHAF	gliph2_556	gliph2	huang
CASSQDALAGGREQFF	gliph2_557	gliph2	huang
CARSQDALAGGREQFF	gliph2_557	gliph2	huang
CASSQDALNTEAFF	gliph2_557	gliph2	huang
CSANNGPSESTDTQYF	gliph2_558	gliph2	huang
CSANNGPSGRTGKEVF	gliph2_558	gliph2	huang
CSDHNGPSEGTDTQYF	gliph2_558	gliph2	huang
CASSQDWDRRNTIYF	gliph2_559	gliph2	huang
CASSQDWDRAPYF	gliph2_559	gliph2	huang
CASSQDWDGGEQYF	gliph2_559	gliph2	huang
CASSVVRGQYFPYEQYF	gliph2_560	gliph2	huang
CASSLGRGQYFPYEQYF	gliph2_560	gliph2	huang
CASSLVRGQYFPYEQYF	gliph2_560	gliph2	huang
CATSGPAVPVYGYTF	gliph2_561	gliph2	huang
CATSYPAVPVYGYTF	gliph2_561	gliph2	huang
CATSDPAVPVYGYTF	gliph2_561	gliph2	huang
CASSDPMGGCLSPRHF	gliph2_562	gliph2	huang
CASSDPMGGGLSPLHF	gliph2_562	gliph2	huang
CSARDPMGGGKNEQFF	gliph2_562	gliph2	huang
CSASGLDNPSAGGLFF	gliph2_563	gliph2	huang
CSASGLDNPATGELFF	gliph2_563	gliph2	huang
CSASGLDNPSTGELFF	gliph2_563	gliph2	huang
CASSQVFLARRAGGLFF	gliph2_564	gliph2	huang
CASSQVFLARRAGELFF	gliph2_564	gliph2	huang
CASSQVFLARRAGYLFF	gliph2_564	gliph2	huang
CASSVRDLKNYNEQFF	gliph2_565	gliph2	huang
CASSGGRTDLKNIQYF	gliph2_565	gliph2	huang
CSARDWRQDLKNTEAFF	gliph2_565	gliph2	huang
CASSFKSIGLADYEQYF	gliph2_566	gliph2	huang
CASSFGFKSTDTQYF	gliph2_566	gliph2	huang
CASSLAWPFKSGANVLTF	gliph2_566	gliph2	huang
CASGLAWPFKSGANVLTF	gliph2_566	gliph2	huang
CACSLAWPFKSVANVLTF	gliph2_566	gliph2	huang
CASSLSPLGQGAREKLFF	gliph2_567	gliph2	huang
CASSLSPLGSALQSSTDTQYF	gliph2_567	gliph2	huang
CASSHALSPLEQYF	gliph2_567	gliph2	huang
CASSLSPLVGAGYNEQFF	gliph2_567	gliph2	huang
CASSLSPLGVGGYTF	gliph2_567	gliph2	huang
CASSPFNRDGYTF	gliph2_568	gliph2	huang
CATSGQPFNYGYTF	gliph2_568	gliph2	huang
CASSPFNSGANVLTF	gliph2_568	gliph2	huang
CSASPFPFNTGELFF	gliph2_568	gliph2	huang
CASSARPFNSGANVLTF	gliph2_568	gliph2	huang
CASSLGPFNKQFF	gliph2_568	gliph2	huang
CASSQLPGPFGGNQPQHF	gliph2_569	gliph2	huang
CASSVQLPGLYEGGDTQYF	gliph2_569	gliph2	huang
CSASQLPGQYYEQYF	gliph2_569	gliph2	huang
CASSQLPGGVAKNIQYF	gliph2_569	gliph2	huang
CASSQLPGTSGGNEQFF	gliph2_569	gliph2	huang
CASGLVLGDPNTDTQYF	gliph2_570	gliph2	huang
CAWSVLGDPPNEQFF	gliph2_570	gliph2	huang
CASSLGDPWTGTNTEAFF	gliph2_570	gliph2	huang
CASSLGDPRDKQYF	gliph2_570	gliph2	huang
CASSLGDPRDTQYF	gliph2_570	gliph2	huang
CASSEWDRYSQPQHF	gliph2_571	gliph2	huang
CASSEWDTQYF	gliph2_571	gliph2	huang
CASSEWDSPGYTF	gliph2_571	gliph2	huang
CAISEWDYEQYF	gliph2_571	gliph2	huang
CASSPSKGGPRTNEKLFF	gliph2_572	gliph2	huang
CASSPSKGLHSYEQYF	gliph2_572	gliph2	huang
CASCPSKGLHSYEQYF	gliph2_572	gliph2	huang
CASSPSKGPGNTIYF	gliph2_572	gliph2	huang
CASSPSKGGQNTEAFF	gliph2_572	gliph2	huang
CSAGGPQEGNTGELFF	gliph2_573	gliph2	huang
CASPQEGNTEAFF	gliph2_573	gliph2	huang
CASSQEGNYGYTF	gliph2_573	gliph2	huang
CASSYSQEGNGYTF	gliph2_573	gliph2	huang
CSARDPQEGNTGELFF	gliph2_573	gliph2	huang
CASSLASLGQFRPQHF	gliph2_574	gliph2	huang
CASSLASRGQFRPQHF	gliph2_574	gliph2	huang
CAGSVGDTGELFF	gliph2_575	gliph2	huang
CASSVGMTGEQYF	gliph2_575	gliph2	huang
CASSVGGTGELFF	gliph2_575	gliph2	huang
CASSVGATGELFF	gliph2_575	gliph2	huang
CASSQGQGNQPQHF	gliph2_576	gliph2	huang
CASSQGQGNQPQQF	gliph2_576	gliph2	huang
CSSSQGQGNQPQHF	gliph2_576	gliph2	huang
CASSQGQGKQPQHF	gliph2_576	gliph2	huang
CSARDMARHEQYF	gliph2_577	gliph2	huang
CSVRMCYARHEKLFF	gliph2_577	gliph2	huang
CRARERARHEQYF	gliph2_577	gliph2	huang
CSARDMARHEKYF	gliph2_577	gliph2	huang
CSAREMARHEQYF	gliph2_577	gliph2	huang
CASSLTASGIGPTDTQYF	gliph2_578	gliph2	huang
CASTSSGIGPMGGYGDTF	gliph2_578	gliph2	huang
CASSRLGIGPPGEQYF	gliph2_578	gliph2	huang
CASSFGIGPRLETQYF	gliph2_578	gliph2	huang
CSAGIGPRWAGNTEAFF	gliph2_578	gliph2	huang
CASSYTGGVHTEAFF	gliph2_579	gliph2	huang
CATSTTQGVHTGELFF	gliph2_579	gliph2	huang
CSPITTQGVHTGELFF	gliph2_579	gliph2	huang
CASSLRGLGVHTQYF	gliph2_579	gliph2	huang
CASSVALQGVHTQYF	gliph2_579	gliph2	huang
CASITVDLTEAFF	gliph2_580	gliph2	huang
CARITGDLTEAFF	gliph2_580	gliph2	huang
CASSQSDLTETTQYF	gliph2_580	gliph2	huang
CASITGDLTEAFF	gliph2_580	gliph2	huang
CASSVAWSGAGNEQFF	gliph2_581	gliph2	huang
CASSQVAWSGKTEAFF	gliph2_581	gliph2	huang
CASSQVAWSGNTEAFF	gliph2_581	gliph2	huang
CASSLAWSGGGNTDTQYF	gliph2_581	gliph2	huang
CSARVEYEQFF	gliph2_582	gliph2	huang
CSARGRVEYEQYF	gliph2_582	gliph2	huang
CGARGRVEYEEDF	gliph2_582	gliph2	huang
CGARVEYAQFF	gliph2_582	gliph2	huang
CSARRPELMNTEAFF	gliph2_583	gliph2	huang
CASRELMGNQPQHF	gliph2_583	gliph2	huang
CASSLSVELMNTEAFF	gliph2_583	gliph2	huang
CATSDPGAELMNEQFF	gliph2_583	gliph2	huang
CASSEQARGENQYF	gliph2_584	gliph2	huang
CGSREQARGETQYF	gliph2_584	gliph2	huang
CASSEQARGETQYF	gliph2_584	gliph2	huang
CASSLDEQRVSTDKQDF	gliph2_585	gliph2	huang
CASSLDEQRVSTDTQYF	gliph2_585	gliph2	huang
CASSVDEQRVSTDTQYF	gliph2_585	gliph2	huang
CSARDFLREGTDTQYF	gliph2_586	gliph2	huang
CASRRDFLRETQYF	gliph2_586	gliph2	huang
CASSRDFLRETQYF	gliph2_586	gliph2	huang
CATSGPAVPVYGYTF	gliph2_587	gliph2	huang
CATSYPAVPVYGYTF	gliph2_587	gliph2	huang
CATSDPAVPVYGYTF	gliph2_587	gliph2	huang
CASSQVAWGGNTEAFF	gliph2_588	gliph2	huang
CASSQVAWSGKTEAFF	gliph2_588	gliph2	huang
CASSQVAWSGNTEAFF	gliph2_588	gliph2	huang
CATSRDVRAWTEAQFF	gliph2_589	gliph2	huang
CATSRDVRAWTDTQYF	gliph2_589	gliph2	huang
CATSRDVRAWTEAFF	gliph2_589	gliph2	huang
CASTRGQAIPAAGNEQFF	gliph2_590	gliph2	huang
CASTMGQAIPAAGNEQFF	gliph2_590	gliph2	huang
CASTMGQAIPAAGNDQFF	gliph2_590	gliph2	huang
CRARGTVHEQYF	gliph2_591	gliph2	huang
CSARGTIHEQFF	gliph2_591	gliph2	huang
CSARGTVHEQYF	gliph2_591	gliph2	huang
CASSTSGTSTDTQYF	gliph2_592	gliph2	huang
CASSTSGGSTDTQYF	gliph2_592	gliph2	huang
CASSTSGSSTDTQYF	gliph2_592	gliph2	huang
CSARPQGREETQYF	gliph2_593	gliph2	huang
CSARPQGREETKYF	gliph2_593	gliph2	huang
CSARPGGREETQYF	gliph2_593	gliph2	huang
CACSRQPSYEQYF	gliph2_594	gliph2	huang
CATSREPSYEQYF	gliph2_594	gliph2	huang
CAWSRQPSYEQYF	gliph2_594	gliph2	huang
CASSLGTVNSPLHF	gliph2_595	gliph2	huang
CASSSGTVNSPLHF	gliph2_595	gliph2	huang
CASSVGTVNSPLHF	gliph2_595	gliph2	huang
CASSSQGPGELFF	gliph2_596	gliph2	huang
CASSQQGPGELFF	gliph2_596	gliph2	huang
CASSHQGPGELFF	gliph2_596	gliph2	huang
CASGRQGSDEQFF	gliph2_597	gliph2	huang
CASRRQGSDEQYF	gliph2_597	gliph2	huang
CASRRQGSDEQFF	gliph2_597	gliph2	huang
CSASPQRDTIYF	gliph2_598	gliph2	huang
CSASPQRETIYF	gliph2_598	gliph2	huang
CASSPQRGTQYF	gliph2_598	gliph2	huang
CSGQNNEQFF	gliph2_599	gliph2	huang
CSVQNGEAFF	gliph2_599	gliph2	huang
CSVQNTEAFF	gliph2_599	gliph2	huang
CASSALIGYEQYF	gliph2_600	gliph2	huang
CASSALAGYEQYF	gliph2_600	gliph2	huang
CASSALTGYEEYF	gliph2_600	gliph2	huang
CSVEGGAGANVLTF	gliph2_601	gliph2	huang
CSVEGGGGANVLFF	gliph2_601	gliph2	huang
CSVEGGSGANVLTF	gliph2_601	gliph2	huang
CSVEGTGGANEQYF	gliph2_602	gliph2	huang
CSVEGTGGENEQYF	gliph2_602	gliph2	huang
CGEEGTGGANEQYF	gliph2_602	gliph2	huang
CASSPRLTPYEQYF	gliph2_603	gliph2	huang
CASRLTPANYEQYF	gliph2_603	gliph2	huang
CSVRRLTPDTQYF	gliph2_603	gliph2	huang
CASRLTPSTYEQYF	gliph2_603	gliph2	huang
CASRLTPEYTDTQYF	gliph2_603	gliph2	huang
CAGSPSGGTFNEQCF	gliph2_604	gliph2	huang
CASSQSGGTFNEQCF	gliph2_604	gliph2	huang
CASRRSGGTFNEQFF	gliph2_604	gliph2	huang
CASTGGTFNQPQHF	gliph2_604	gliph2	huang
CASSYSGGTFLQEQYF	gliph2_604	gliph2	huang
CASSPSGGTFNEQFF	gliph2_604	gliph2	huang
CARAPSGFTDTQYF	gliph2_605	gliph2	huang
CASRAPSGFANTGELFF	gliph2_605	gliph2	huang
CASSQGPSGFSYEQYF	gliph2_605	gliph2	huang
CASSLEPSGFYGYTF	gliph2_605	gliph2	huang
CSARETLGQGETQYF	gliph2_606	gliph2	huang
CSARDRETLYRFGNTIYF	gliph2_606	gliph2	huang
CASRETLGGNQPQHF	gliph2_606	gliph2	huang
CSARETLSTDTQYF	gliph2_606	gliph2	huang
CASNERGGGDTQYF	gliph2_607	gliph2	huang
CAWNERGGDETQYF	gliph2_607	gliph2	huang
CASTQNERGERETQYF	gliph2_607	gliph2	huang
CASSPRANERGYTF	gliph2_607	gliph2	huang
CASSSGPGTGYLDGYTF	gliph2_608	gliph2	huang
CSARGGSGTGYLNEQFF	gliph2_608	gliph2	huang
CASSAGTGYLSEQFF	gliph2_608	gliph2	huang
CAAGTGYLTGELFF	gliph2_608	gliph2	huang
CASSPILGLSSYEQYF	gliph2_609	gliph2	huang
CSAPILGTASNYGYTF	gliph2_609	gliph2	huang
CASSPILGEQYF	gliph2_609	gliph2	huang
CSAPILGASYEQYF	gliph2_609	gliph2	huang
CASSQDVAGGLQETQYF	gliph2_610	gliph2	huang
CASSQDVATGNEKLFF	gliph2_610	gliph2	huang
CASSQDVAQPQHF	gliph2_610	gliph2	huang
CASSQDVAGANVLTF	gliph2_610	gliph2	huang
CSAGPHSPGASHGINSPLHF	gliph2_611	gliph2	huang
CASGHSPGGGYYEHYF	gliph2_611	gliph2	huang
CSAHSPGPAGHSYNEQFF	gliph2_611	gliph2	huang
CISGLHSPGASYGIKSPLHF	gliph2_611	gliph2	huang
CASSLTPLPVRRTSTDTQYF	gliph2_612	gliph2	huang
CASSQPPVRRGGPPTDTQYF	gliph2_612	gliph2	huang
CSARPVRRGKEQFF	gliph2_612	gliph2	huang
CSARPVRRGNEQFF	gliph2_612	gliph2	huang
CASSLDRAFVNEQFF	gliph2_613	gliph2	huang
CASSPEFVNEQFF	gliph2_613	gliph2	huang
CASSLTSGGFVNEQFF	gliph2_613	gliph2	huang
CASRGSRWDFVNEQFF	gliph2_613	gliph2	huang
CASSSQRWYESTEAFF	gliph2_614	gliph2	huang
CASSQRWSTEAFF	gliph2_614	gliph2	huang
CASSQRWGAKNIQYF	gliph2_614	gliph2	huang
CASSQRWDTGELFF	gliph2_614	gliph2	huang
CSARQTDFSYNEQFF	gliph2_615	gliph2	huang
CSARDRDFSYNEQFF	gliph2_615	gliph2	huang
CASQFRDFSYNEQFF	gliph2_615	gliph2	huang
CSSQFRDFSYNGPFF	gliph2_615	gliph2	huang
CCSQFRDFSYDEPFF	gliph2_615	gliph2	huang
CSATDTGELFF	gliph2_616	gliph2	huang
CASTTTGELFF	gliph2_616	gliph2	huang
CASTNTGELFF	gliph2_616	gliph2	huang
CSATETGELFF	gliph2_616	gliph2	huang
CASSSSEVWDEQFF	gliph2_617	gliph2	huang
CASSEVWATVLNQPQHF	gliph2_617	gliph2	huang
CASSEVWGRDYGYTF	gliph2_617	gliph2	huang
CASSEVWGRSSYEQYF	gliph2_617	gliph2	huang
CASSITQSSYEQYF	gliph2_618	gliph2	huang
CASADTQSSYNSPLHF	gliph2_618	gliph2	huang
CASSLGGTQSSYEQYF	gliph2_618	gliph2	huang
CASSFQGGTQSSYEQYF	gliph2_618	gliph2	huang
CASSTPQGDLNEQYF	gliph2_619	gliph2	huang
CASSSTPQRSSYEQYF	gliph2_619	gliph2	huang
CASSTPQGPNEKLCF	gliph2_619	gliph2	huang
CASSTPQGPNEKLFF	gliph2_619	gliph2	huang
CASSETQGSYEQYF	gliph2_620	gliph2	huang
CASSETQNQPQHF	gliph2_620	gliph2	huang
CASSETQGPNYGYTF	gliph2_620	gliph2	huang
CASSETQGLQETQYF	gliph2_620	gliph2	huang
CASSHPLKEEKLFF	gliph2_621	gliph2	huang
CASSHPLAGGRTYNEQFF	gliph2_621	gliph2	huang
CASSHPLGGPQARGYTF	gliph2_621	gliph2	huang
CASSHPLGNEQFF	gliph2_621	gliph2	huang
CASSWPRGRVADTQYF	gliph2_622	gliph2	huang
CASSWPRVGTEAFF	gliph2_622	gliph2	huang
CAGSSWPRAEQYF	gliph2_622	gliph2	huang
CASSWPRGCVADTQYF	gliph2_622	gliph2	huang
CASGFIRGGFAYDEQFF	gliph2_623	gliph2	huang
CASSFIRGGFSYNEQFF	gliph2_623	gliph2	huang
CASSLFIRGQGTSPLHF	gliph2_623	gliph2	huang
CSAMFIRGPDTQYF	gliph2_623	gliph2	huang
CASSPGRGNTEAFF	gliph2_624	gliph2	huang
CASSPGDGNTEAFF	gliph2_624	gliph2	huang
CASSPGQGNTEAFF	gliph2_624	gliph2	huang
CASSPGTGNTEAFF	gliph2_624	gliph2	huang
CATSPGRGNTEAFF	gliph2_624	gliph2	huang
CASSFPLMRQGYGNQPQHF	gliph2_625	gliph2	huang
CASSFPLMRQRYGNQPQHF	gliph2_625	gliph2	huang
CASSFPLMRQGYGNQPKHF	gliph2_625	gliph2	huang
CSVPGQVYSSYEQYF	gliph2_626	gliph2	huang
CASSPRQVYSYEQYF	gliph2_626	gliph2	huang
CASSGQVYSNQPQHF	gliph2_626	gliph2	huang
CASTRGQAIPAAGNEQFF	gliph2_627	gliph2	huang
CASTMGQAIPAAGNEQFF	gliph2_627	gliph2	huang
CASTMGQAIPAAGNDQFF	gliph2_627	gliph2	huang
CASSLAWPFKSGANVLTF	gliph2_628	gliph2	huang
CASGLAWPFKSGANVLTF	gliph2_628	gliph2	huang
CACSLAWPFKSVANVLTF	gliph2_628	gliph2	huang
CASSEKDPLAWTQYF	gliph2_629	gliph2	huang
CAISEKDRAKGYEQYF	gliph2_629	gliph2	huang
CASSEKDGLRGPLHF	gliph2_629	gliph2	huang
CASSEALQGAYGYTF	gliph2_630	gliph2	huang
CASSEALQGQGPDTQYF	gliph2_630	gliph2	huang
CASSEALQAGGLYTQYF	gliph2_630	gliph2	huang
CASSLAWDSPHSPLHF	gliph2_631	gliph2	huang
CASSFAWDSPHSPLHF	gliph2_631	gliph2	huang
CASSLAGDSPHSPLHF	gliph2_631	gliph2	huang
CAWRITDGQPQHF	gliph2_632	gliph2	huang
CAWRITDGQPQQF	gliph2_632	gliph2	huang
CRAITDGKETPQHF	gliph2_632	gliph2	huang
CASSVDIGQTNTGELFF	gliph2_633	gliph2	huang
CSARDIGQARKLFF	gliph2_633	gliph2	huang
CTARDIGQARRLFF	gliph2_633	gliph2	huang
CSARLNRDLENEQFF	gliph2_634	gliph2	huang
CASSLNRDNYGYTF	gliph2_634	gliph2	huang
CSARLNRDRESGYTF	gliph2_634	gliph2	huang
CASSLNRDLGQFF	gliph2_634	gliph2	huang
CSARLNRDLYNEQFF	gliph2_634	gliph2	huang
CASSFGVSETQYF	gliph2_635	gliph2	huang
CASSESFGVSGNTIYF	gliph2_635	gliph2	huang
CAISEKFGVSGRNTEAFF	gliph2_635	gliph2	huang
CASTSFGVSPLHF	gliph2_635	gliph2	huang
CASRRGSWTVNTEAFF	gliph2_636	gliph2	huang
CASSQPWTVNNEQFF	gliph2_636	gliph2	huang
CASSPWTVNTEAFF	gliph2_636	gliph2	huang
CASSPWTVNTDTQYF	gliph2_636	gliph2	huang
CASSKDSGANVLTF	gliph2_637	gliph2	huang
CASRKDSGGAGQETQYF	gliph2_637	gliph2	huang
CASSKDSGLPYEQYF	gliph2_637	gliph2	huang
CASSAKDSGNVQFF	gliph2_637	gliph2	huang
CASRWDGDTKYF	gliph2_638	gliph2	huang
CASSWDGDTQYF	gliph2_638	gliph2	huang
CASSWDGDANYGYTF	gliph2_638	gliph2	huang
CASRWDGDTQYF	gliph2_638	gliph2	huang
CASSLKDRDEKLFF	gliph2_639	gliph2	huang
CASSLKDRAYEQYF	gliph2_639	gliph2	huang
CASSLKDRPAGYTF	gliph2_639	gliph2	huang
CAWLKDRSSSGNTIYF	gliph2_639	gliph2	huang
CSARLNRDLENEQFF	gliph2_640	gliph2	huang
CSARTDLENSPLHF	gliph2_640	gliph2	huang
CASSLDLENTEAFF	gliph2_640	gliph2	huang
CASSDLENTEAFF	gliph2_640	gliph2	huang
CASSQPVGNQPQHF	gliph2_641	gliph2	huang
CASSQPVLSYNEQFF	gliph2_641	gliph2	huang
CASSQPVLTSKTQYF	gliph2_641	gliph2	huang
CASSQPVQGQGHEQYF	gliph2_641	gliph2	huang
CASSELYEQYF	gliph2_642	gliph2	huang
CASSENYEQYF	gliph2_642	gliph2	huang
CASSEGYEQYF	gliph2_642	gliph2	huang
CAISEAYEQYF	gliph2_642	gliph2	huang
CASSEVYEQYF	gliph2_642	gliph2	huang
CASSEGAGANVLTF	gliph2_643	gliph2	huang
CRASQGAGANVLTF	gliph2_643	gliph2	huang
CSASQGAGANVLIF	gliph2_643	gliph2	huang
CSASQGAGANVLTF	gliph2_643	gliph2	huang
CASSSGAGANVLTF	gliph2_643	gliph2	huang
CASSVYTWETQYF	gliph2_644	gliph2	huang
CASSYTWTFRGSYEQYF	gliph2_644	gliph2	huang
CASSYTWTVRGSYAQYF	gliph2_644	gliph2	huang
CASSYTWGNTEAFF	gliph2_644	gliph2	huang
CASSERQFNIQYF	gliph2_645	gliph2	huang
CASSPRQFNQPQHF	gliph2_645	gliph2	huang
CACCPRQFNQPQYF	gliph2_645	gliph2	huang
CAGSSRQFNQPQHF	gliph2_645	gliph2	huang
CASSAPFKLGRGYEKLFF	gliph2_646	gliph2	huang
CASSLAWPFKSGANVLTF	gliph2_646	gliph2	huang
CASGLAWPFKSGANVLTF	gliph2_646	gliph2	huang
CACSLAWPFKSVANVLTF	gliph2_646	gliph2	huang
CASSKGTVNTGELFF	gliph2_647	gliph2	huang
CATKGTVTYEQYF	gliph2_647	gliph2	huang
CASSKGTVTDTQYF	gliph2_647	gliph2	huang
CALKGTVNTGELFF	gliph2_647	gliph2	huang
CASNTYAKGTVEAFF	gliph2_648	gliph2	huang
CASRLAYKGTVSYEQYF	gliph2_648	gliph2	huang
CASSLAYKGTVAYEQYF	gliph2_648	gliph2	huang
CASSLAYKGTVSYEQYF	gliph2_648	gliph2	huang
CASSYEWDREAFF	gliph2_649	gliph2	huang
CASSEWDRYSQPQHF	gliph2_649	gliph2	huang
CASSQEWDRVVTF	gliph2_649	gliph2	huang
CSAREWDRVSPITDTQYF	gliph2_649	gliph2	huang
CASSSGTGKRDEQYF	gliph2_650	gliph2	huang
CSAGGGKRDEKLFF	gliph2_650	gliph2	huang
CSASKRDEAFF	gliph2_650	gliph2	huang
CSAAKRDEQFF	gliph2_650	gliph2	huang
CASSRTGQIAKNIQYF	gliph2_651	gliph2	huang
CASSTRTGQITDTQYF	gliph2_651	gliph2	huang
CASTGQISGELFF	gliph2_651	gliph2	huang
CASAGTGQIAKNIQYF	gliph2_651	gliph2	huang
CASSLDGTWGNQPQHF	gliph2_652	gliph2	huang
CASSKTWGNTEAFF	gliph2_652	gliph2	huang
CAWRVTWGNEGYTF	gliph2_652	gliph2	huang
CASSYTWGNTEAFF	gliph2_652	gliph2	huang
CSVVRRVTSGATNQETQYF	gliph2_653	gliph2	huang
CSVVRRVTRGTTNQETQYF	gliph2_653	gliph2	huang
CSVVRRVTSGTTNQETQYF	gliph2_653	gliph2	huang
CSVVLRVTSGTTNQETQYF	gliph2_653	gliph2	huang
CSVVRRVTSWTTNQETQYF	gliph2_653	gliph2	huang
CASSAGRAGGPAKDVQYF	gliph2_654	gliph2	huang
CASSSGLAGGPAKNIQYF	gliph2_654	gliph2	huang
CASSSGLAGGPAKNSQYF	gliph2_654	gliph2	huang
CASSSGLAGGPAKTIQYF	gliph2_654	gliph2	huang
CASRSGLAGGPAKNIQYF	gliph2_654	gliph2	huang
CATGPRDRVHNEQFF	gliph2_655	gliph2	huang
CASSTRDRVHNEQFF	gliph2_655	gliph2	huang
CASSARDRVHNEQFF	gliph2_655	gliph2	huang
CASSWGIQGFSTDTQYF	gliph2_656	gliph2	huang
CSARDIQGFEKLFF	gliph2_656	gliph2	huang
CASSIQGFSIQYF	gliph2_656	gliph2	huang
CASQFRDFSYNEQFF	gliph2_657	gliph2	huang
CSSQFRDFSYNGPFF	gliph2_657	gliph2	huang
CCSQFRDFSYDEPFF	gliph2_657	gliph2	huang
CASSPFSANTGELFF	gliph2_658	gliph2	huang
CASSPFSANYGYTF	gliph2_658	gliph2	huang
CASSPFSANYVYTF	gliph2_658	gliph2	huang
CARRPGGNTEAFF	gliph2_659	gliph2	huang
CASRPGGNTEAFF	gliph2_659	gliph2	huang
CSARPGTNTEAFF	gliph2_659	gliph2	huang
CDSRPGVNTEAFF	gliph2_659	gliph2	huang
CAIRESGNEQFF	gliph2_660	gliph2	huang
CSAREQGNEQFF	gliph2_660	gliph2	huang
CSAREQGNEQYF	gliph2_660	gliph2	huang
CAIRETGNEQFF	gliph2_660	gliph2	huang
CSTNTDTQYF	gliph2_661	gliph2	huang
CSSNTYTQYF	gliph2_661	gliph2	huang
CSSNTDTQYF	gliph2_661	gliph2	huang
CASSSQGATDTQYF	gliph2_662	gliph2	huang
CASSWQGATDTQYF	gliph2_662	gliph2	huang
CASSLQGATDTQYF	gliph2_662	gliph2	huang
CSFEQGNTIYF	gliph2_663	gliph2	huang
CSVEVGNTIYF	gliph2_663	gliph2	huang
CSVEEGNTQYF	gliph2_663	gliph2	huang
CARGRGTQYF	gliph2_664	gliph2	huang
CSAGRDTQYF	gliph2_664	gliph2	huang
CARGRDTQYF	gliph2_664	gliph2	huang
CGVGTSSYEQYF	gliph2_665	gliph2	huang
CSGGTSCYEQYF	gliph2_665	gliph2	huang
CSVGTSSYEQYF	gliph2_665	gliph2	huang
CASSIGQVTGELFF	gliph2_666	gliph2	huang
CASSVGQVTGELFF	gliph2_666	gliph2	huang
CASSLGQVTGELFF	gliph2_666	gliph2	huang
CASSLVAGGSYEQYF	gliph2_667	gliph2	huang
CASSLVAGGRYEQYF	gliph2_667	gliph2	huang
CASSLVAGGFYEQYF	gliph2_667	gliph2	huang
CSARPGQGSYEQYF	gliph2_668	gliph2	huang
CASRYGQGSYEQYF	gliph2_668	gliph2	huang
CASRPGQGSYEQYF	gliph2_668	gliph2	huang
CASSLSGAGTDTQYF	gliph2_669	gliph2	huang
CATSLSGALTDTQYF	gliph2_669	gliph2	huang
CPSSLSGAGTDTQYF	gliph2_669	gliph2	huang
CASSTGSGANVLTF	gliph2_670	gliph2	huang
CSASTYSGANVLTF	gliph2_670	gliph2	huang
CASSTGSGANVLYF	gliph2_670	gliph2	huang
CSVEGGQGADTQYF	gliph2_671	gliph2	huang
CSVEGGRGADTQYF	gliph2_671	gliph2	huang
CSVEGGSGADTQYF	gliph2_671	gliph2	huang
CASSLLGGTDTQYF	gliph2_672	gliph2	huang
CASSLLTGTDTQYF	gliph2_672	gliph2	huang
CASSLLAGTDTQYF	gliph2_672	gliph2	huang
CSASQGISGNTIYF	gliph2_673	gliph2	huang
CASSQGLSGNTIYF	gliph2_673	gliph2	huang
CASSQGHSGNTIYF	gliph2_673	gliph2	huang
CASSSRVQETQYF	gliph2_674	gliph2	huang
CASSSRTQETQYF	gliph2_674	gliph2	huang
CASSSRSQETQYF	gliph2_674	gliph2	huang
CASSFGTVYGYTF	gliph2_675	gliph2	huang
CASSFGTEYGYTF	gliph2_675	gliph2	huang
CASSFGTNYGYTF	gliph2_675	gliph2	huang
CASRGTGDQPQHF	gliph2_676	gliph2	huang
CSARGTGSQPQHF	gliph2_676	gliph2	huang
CASRGTGNQPQHF	gliph2_676	gliph2	huang
CASRPGQGSYEQYF	gliph2_677	gliph2	huang
CASRPGQGSRELFF	gliph2_677	gliph2	huang
CSARPGQGSYEQYF	gliph2_677	gliph2	huang
CASSFGTGDHEQFF	gliph2_678	gliph2	huang
CASSFGTGDNEQFF	gliph2_678	gliph2	huang
CASSFGTGDNEAFF	gliph2_678	gliph2	huang
CASRRQGGDGYNF	gliph2_679	gliph2	huang
CASRRQGGYGYTF	gliph2_679	gliph2	huang
CAGRRQGGDGDTF	gliph2_679	gliph2	huang
CASSVNGPGYGYTF	gliph2_680	gliph2	huang
CASSNGPGQGPDNEQFF	gliph2_680	gliph2	huang
CASSLNGPGYGYTF	gliph2_680	gliph2	huang
CATSNGPGSNQPQHF	gliph2_680	gliph2	huang
CASSHQDSDSYEQYF	gliph2_681	gliph2	huang
CASGGQDSDTQYF	gliph2_681	gliph2	huang
CASSFQDSDSPLHF	gliph2_681	gliph2	huang
CASSQDSDSGNTIYF	gliph2_681	gliph2	huang
CASSQDQGRGGYNEQFF	gliph2_682	gliph2	huang
CASSQDQGGYEQYF	gliph2_682	gliph2	huang
CASSQDQGRGTGANVLTF	gliph2_682	gliph2	huang
CASSQDQGGYTF	gliph2_682	gliph2	huang
CASSQDALAGGREQFF	gliph2_683	gliph2	huang
CARSQDALAGGREQFF	gliph2_683	gliph2	huang
CSVDALAGYGYTF	gliph2_683	gliph2	huang
CATSDALASESRGEQFF	gliph2_683	gliph2	huang
CASSPGKDTQYF	gliph2_684	gliph2	huang
CASSPGQDTQYF	gliph2_684	gliph2	huang
CASSPGGDTQYF	gliph2_684	gliph2	huang
CASSPGTDTQYF	gliph2_684	gliph2	huang
CASSPGQDTKVF	gliph2_684	gliph2	huang
CASSELTVGGLDGELFF	gliph2_685	gliph2	huang
CASSELTGDTEAFF	gliph2_685	gliph2	huang
CASSELTDASSPLHF	gliph2_685	gliph2	huang
CASSELTREGSTDTQYF	gliph2_685	gliph2	huang
CASSELTGVTGANVLTF	gliph2_685	gliph2	huang
CVCGGGLLANNSQYF	gliph2_686	gliph2	huang
CAISESDLLANQPQHF	gliph2_686	gliph2	huang
CSVVLLANTGELFF	gliph2_686	gliph2	huang
CSARESLLANYGYTF	gliph2_686	gliph2	huang
CASSQSLGYTF	gliph2_687	gliph2	huang
CSAKSGQSLGYEQYF	gliph2_687	gliph2	huang
CASSQSLGQDYEQYF	gliph2_687	gliph2	huang
CASSLQSLGSSNEQFF	gliph2_687	gliph2	huang
CASSLANRAGLMNTEAFF	gliph2_688	gliph2	huang
CSSSLANRAGLMNTEAFF	gliph2_688	gliph2	huang
CVSSLANRAGLMNSEAFF	gliph2_688	gliph2	huang
CASSLANRAGLRNTEAFF	gliph2_688	gliph2	huang
CASSDQNTEAFF	gliph2_689	gliph2	huang
CSGKGTDQNTEAFF	gliph2_689	gliph2	huang
CASSPDQNTEAFF	gliph2_689	gliph2	huang
CSCPTDQNTIYF	gliph2_689	gliph2	huang
CATSRDLISYEQYF	gliph2_690	gliph2	huang
CASSLGNLISYNEQFF	gliph2_690	gliph2	huang
CASSLASLISYEQYF	gliph2_690	gliph2	huang
CASSVTGLISYEQYF	gliph2_690	gliph2	huang
CASSQREDQPQHF	gliph2_691	gliph2	huang
CASSILGREDQPQHF	gliph2_691	gliph2	huang
CSARSTHAREDQPKHF	gliph2_691	gliph2	huang
CSARSTHAREDQPQHF	gliph2_691	gliph2	huang
CSAEPRDTPYF	gliph2_692	gliph2	huang
CSAEPRDTQYF	gliph2_692	gliph2	huang
CRAEPRDTQYF	gliph2_692	gliph2	huang
CASSEPRDRGGSSYEQYF	gliph2_692	gliph2	huang
CASRFPGGRMANEKLF	gliph2_693	gliph2	huang
CASSKDRGMANEQFF	gliph2_693	gliph2	huang
CASSFPGGPMANEQFF	gliph2_693	gliph2	huang
CASSTAIGDRYF	gliph2_694	gliph2	huang
CSATSTAIYTF	gliph2_694	gliph2	huang
CASKRSTAISYEQYF	gliph2_694	gliph2	huang
CRAKSSHGGDTQYF	gliph2_695	gliph2	huang
CSAKSSHGGDTQDF	gliph2_695	gliph2	huang
CSAKSSHGGDTQYF	gliph2_695	gliph2	huang
CASSDKSSSLSVYNEQFF	gliph2_696	gliph2	huang
CASSDKSSALSVYNEQFF	gliph2_696	gliph2	huang
CAISDKSSSLSVYNDLFF	gliph2_696	gliph2	huang
CASSDVKGRTYGYTF	gliph2_697	gliph2	huang
CSARDVKGGRPYGYTF	gliph2_697	gliph2	huang
CSARDVKGLAGAGELFF	gliph2_697	gliph2	huang
CATSRQDNTEAFF	gliph2_698	gliph2	huang
CATSRQDNTEDFF	gliph2_698	gliph2	huang
CASSQDNTGSYEQYF	gliph2_698	gliph2	huang
CDSTAGLPMEQFF	gliph2_699	gliph2	huang
CASTAGLPMEQFF	gliph2_699	gliph2	huang
CASSDTGLPMFANTGELFF	gliph2_699	gliph2	huang
CSVFLDTQYF	gliph2_700	gliph2	huang
CASSQFLDTQYF	gliph2_700	gliph2	huang
CRVFLDTLYF	gliph2_700	gliph2	huang
CSARDERTPPQHF	gliph2_701	gliph2	huang
CASSQADERTTNEKLFF	gliph2_701	gliph2	huang
CSARDERTLLQHF	gliph2_701	gliph2	huang
CASSLTLAGEQYF	gliph2_702	gliph2	huang
CASSLRLAGELFF	gliph2_702	gliph2	huang
CASSLGLAGEQFF	gliph2_702	gliph2	huang
CASSLGLAGEQYF	gliph2_702	gliph2	huang
CASSFDRGNTEAFF	gliph2_703	gliph2	huang
CASSVDRGNTEAFF	gliph2_703	gliph2	huang
CASSEDRGNTEAFF	gliph2_703	gliph2	huang
CARSEDRGNTEAFF	gliph2_703	gliph2	huang
CASSPDRGNTEAFF	gliph2_703	gliph2	huang
CASSVGTLYGYTF	gliph2_704	gliph2	huang
CASSRLTLYGYTF	gliph2_704	gliph2	huang
CASGVGTLYGYTF	gliph2_704	gliph2	huang
CASSGRDTLYGYTF	gliph2_704	gliph2	huang
CARSVGTLYGYTF	gliph2_704	gliph2	huang
CASRVLQENSPLHF	gliph2_705	gliph2	huang
CSARNPQENSFFADTQYF	gliph2_705	gliph2	huang
CASSRKGQENSPLHF	gliph2_705	gliph2	huang
CSARNPQENSVFADTQYF	gliph2_705	gliph2	huang
CASNPVRVPYDEQYF	gliph2_706	gliph2	huang
CASTHVRVPYYEQYF	gliph2_706	gliph2	huang
CASTPVRVPYYEQYF	gliph2_706	gliph2	huang
CASSSQGIPPYEQYF	gliph2_707	gliph2	huang
CASSLKAGIPPEKLFF	gliph2_707	gliph2	huang
CASSLSRRAGIPPEAFF	gliph2_707	gliph2	huang
CSASNPPALYGYTF	gliph2_708	gliph2	huang
CATSDPALYEQYF	gliph2_708	gliph2	huang
CSASKPPALYGYPF	gliph2_708	gliph2	huang
CASCSEAEDTKYF	gliph2_709	gliph2	huang
CASSLEAEDTQYF	gliph2_709	gliph2	huang
CASSSEAEDTQYF	gliph2_709	gliph2	huang
CGSTRYRGCEQYF	gliph2_710	gliph2	huang
CASTRYRGCEKYF	gliph2_710	gliph2	huang
CASTRYRGCEQYF	gliph2_710	gliph2	huang
CASSDAPYSAEYNEQFF	gliph2_711	gliph2	huang
CASSDSPYSAEYNEQFF	gliph2_711	gliph2	huang
CASIASPYSAEYNEQFF	gliph2_711	gliph2	huang
CASSMPGLSGPKEQFF	gliph2_712	gliph2	huang
CASSYSMPGLNTEAFF	gliph2_712	gliph2	huang
CASSPMPGLDADTQYF	gliph2_712	gliph2	huang
CASSLALQANEKLFF	gliph2_713	gliph2	huang
CASSEALQAGGLYTQYF	gliph2_713	gliph2	huang
CASSALQAYEQYF	gliph2_713	gliph2	huang
CASSHALGGAGANVLTF	gliph2_714	gliph2	huang
CASSHALSPLEQYF	gliph2_714	gliph2	huang
CARSHALAGTTEKLFF	gliph2_714	gliph2	huang
CASSLLGQGKIGYTF	gliph2_715	gliph2	huang
CASSEYGKIGYVTGSYNEQFF	gliph2_715	gliph2	huang
CRANRGKGKIGEQFF	gliph2_715	gliph2	huang
CASSGTGNYGYTF	gliph2_716	gliph2	huang
CASSLTGNYGYTF	gliph2_716	gliph2	huang
CASSSTGNYGYTF	gliph2_716	gliph2	huang
CASSHTGNYGYTF	gliph2_716	gliph2	huang
CASSWTGNYGYTF	gliph2_716	gliph2	huang
CASSQGHGNQPQPF	gliph2_717	gliph2	huang
CSSSQGQGNQPQHF	gliph2_717	gliph2	huang
CASSQGQGNQPQHF	gliph2_717	gliph2	huang
CASSQGQGNQPQQF	gliph2_717	gliph2	huang
CASSLGGGQYGYPF	gliph2_718	gliph2	huang
CASSLGGGDYGYTF	gliph2_718	gliph2	huang
CASSLGGGPYGYTF	gliph2_718	gliph2	huang
CASSLGGGQYGYTF	gliph2_718	gliph2	huang
CSSSPRAGGVNEQFF	gliph2_719	gliph2	huang
CASSPRAGGGNEQFF	gliph2_719	gliph2	huang
CASSPRAGGGNEQYF	gliph2_719	gliph2	huang
CASSQAGTGELFF	gliph2_720	gliph2	huang
CASSQQGTGELFF	gliph2_720	gliph2	huang
CASSQQGTGEAFF	gliph2_720	gliph2	huang
CARSGLAGGTSTDTQCF	gliph2_721	gliph2	huang
CVSSGLAGGASTDTQYF	gliph2_721	gliph2	huang
CASSGLAGGTSTDTQYF	gliph2_721	gliph2	huang
CASSSGTGNTGELFF	gliph2_722	gliph2	huang
CSVSSGTGVTGELFF	gliph2_722	gliph2	huang
CSVSSGTGVTGEMFF	gliph2_722	gliph2	huang
CASSWDRGDTEAFF	gliph2_723	gliph2	huang
CSSSEDRGDTEAFF	gliph2_723	gliph2	huang
CASSLDRGDTEAFF	gliph2_723	gliph2	huang
CASSPRGGSNQPQHF	gliph2_724	gliph2	huang
CASSPRGNSNQPQHF	gliph2_724	gliph2	huang
CASSPRGLSNQPQHF	gliph2_724	gliph2	huang
CASSLQGASTEACF	gliph2_725	gliph2	huang
CASSLQGASTEAFF	gliph2_725	gliph2	huang
CGSSLQGASKEAFF	gliph2_725	gliph2	huang
CASRWDGDTKYF	gliph2_726	gliph2	huang
CASRGDGDTQYF	gliph2_726	gliph2	huang
CASRWDGDTQYF	gliph2_726	gliph2	huang
CSLSDRDYGYTF	gliph2_727	gliph2	huang
CASRDRDYGYTF	gliph2_727	gliph2	huang
CSVADRDYGYTF	gliph2_727	gliph2	huang
CASRGTVQETQYF	gliph2_728	gliph2	huang
CASGGTVQETQYF	gliph2_728	gliph2	huang
CSAEGTVQETQYF	gliph2_728	gliph2	huang
CARRPGGNTEAFF	gliph2_729	gliph2	huang
CASRPGGNTEAFF	gliph2_729	gliph2	huang
CASSPGGNTEAFF	gliph2_729	gliph2	huang
CASRGTGDQPQHF	gliph2_730	gliph2	huang
CSASGTGDQPQHF	gliph2_730	gliph2	huang
CASKGTGDQPQHF	gliph2_730	gliph2	huang
CASSLGLAGAQYV	gliph2_731	gliph2	huang
CASSLGLAGEQFF	gliph2_731	gliph2	huang
CASSLGLAGEQYF	gliph2_731	gliph2	huang
CASSLERGTEAFF	gliph2_732	gliph2	huang
CASSLEPGTEAFF	gliph2_732	gliph2	huang
CASSLEGGTEAFF	gliph2_732	gliph2	huang
CDSSLRGRKENKYF	gliph2_733	gliph2	huang
CASSLRGRKETQYF	gliph2_733	gliph2	huang
CASSAGAGGYTF	gliph2_734	gliph2	huang
CASSEGAGGYTF	gliph2_734	gliph2	huang
CSASNRDYGYTF	gliph2_735	gliph2	huang
CSARNRDYGYTF	gliph2_735	gliph2	huang
CASSLFPGREYF	gliph2_736	gliph2	huang
CASRLFPGREYF	gliph2_736	gliph2	huang
CSARGHGETQYF	gliph2_737	gliph2	huang
CSALGHGETQYF	gliph2_737	gliph2	huang
CAIGRRTDTQYF	gliph2_738	gliph2	huang
CASSRRTDTQYF	gliph2_738	gliph2	huang
CASSYSQGKAFF	gliph2_739	gliph2	huang
CASRYSQGKAFF	gliph2_739	gliph2	huang
CASESMNSPLHF	gliph2_740	gliph2	huang
CASKSMNSPLHF	gliph2_740	gliph2	huang
CASRSQGDTQYF	gliph2_741	gliph2	huang
CSVLSQGDTQYF	gliph2_741	gliph2	huang
CSASRQGEKLFF	gliph2_742	gliph2	huang
CSAPRQGEKLFF	gliph2_742	gliph2	huang
CSAAGLGEKLFF	gliph2_743	gliph2	huang
CSARGLGEKLFF	gliph2_743	gliph2	huang
CASNTQNTEAFF	gliph2_744	gliph2	huang
CASSTQNTEAFF	gliph2_744	gliph2	huang
CSVREFTYEQYF	gliph2_745	gliph2	huang
CSVGEFTYEQYF	gliph2_745	gliph2	huang
CASSLEGGTQYF	gliph2_746	gliph2	huang
CARRLEGGTQYF	gliph2_746	gliph2	huang
CSAVTSLGGYTF	gliph2_747	gliph2	huang
CRAGTSLGGYTF	gliph2_747	gliph2	huang
CSARIGTETQYF	gliph2_748	gliph2	huang
CSAPIGTETQYF	gliph2_748	gliph2	huang
CAISESGNEQFF	gliph2_749	gliph2	huang
CAIRESGNEQFF	gliph2_749	gliph2	huang
CSVYSQGLEAFF	gliph2_750	gliph2	huang
CASSSQGLEQYF	gliph2_750	gliph2	huang
CSASQGLGGYTF	gliph2_751	gliph2	huang
CAWEQGLGGYTF	gliph2_751	gliph2	huang
CASTWSQETQYF	gliph2_752	gliph2	huang
CASSWSQETQYF	gliph2_752	gliph2	huang
CARRRDPNEQFF	gliph2_753	gliph2	huang
CASSRDPNEQFF	gliph2_753	gliph2	huang
CASSAQGNTIYF	gliph2_754	gliph2	huang
CSARAQGNTQYF	gliph2_754	gliph2	huang
CSARNPDAQYF	gliph2_755	gliph2	huang
CSARNPDSQYF	gliph2_755	gliph2	huang
CASQARENQYF	gliph2_756	gliph2	huang
CASQARETQYF	gliph2_756	gliph2	huang
CSAKPNSPLHF	gliph2_757	gliph2	huang
CSAKPNSKIQF	gliph2_757	gliph2	huang
CSARGVGEAFF	gliph2_758	gliph2	huang
CASRGVGGYTF	gliph2_758	gliph2	huang
CSARVEYEQFF	gliph2_759	gliph2	huang
CGARVEYAQFF	gliph2_759	gliph2	huang
CSVVGHYEQYF	gliph2_760	gliph2	huang
CASVGHTEAFF	gliph2_760	gliph2	huang
CSVDRADTQYF	gliph2_761	gliph2	huang
CSVDRAETQYF	gliph2_761	gliph2	huang
CSATDTGELFF	gliph2_762	gliph2	huang
CASTDTYEQYF	gliph2_762	gliph2	huang
CARQARGTQYF	gliph2_763	gliph2	huang
CASQARETQYF	gliph2_763	gliph2	huang
CASSYKGTQYF	gliph2_764	gliph2	huang
CASSYKETQYF	gliph2_764	gliph2	huang
CSAREQPEAFF	gliph2_765	gliph2	huang
CATREYPEAFF	gliph2_765	gliph2	huang
CSAREDSPLHF	gliph2_766	gliph2	huang
CASRETSPEYF	gliph2_766	gliph2	huang
CASSQGLGAFF	gliph2_767	gliph2	huang
CASSQSLGYTF	gliph2_767	gliph2	huang
CAWSTVGLECF	gliph2_768	gliph2	huang
CAWSTGGLEFF	gliph2_768	gliph2	huang
CSARKKGKLFF	gliph2_769	gliph2	huang
CSARKTGKLFF	gliph2_769	gliph2	huang
CSAIRPPEQFF	gliph2_770	gliph2	huang
CSAIRVPEAFF	gliph2_770	gliph2	huang
CASSELHEQYF	gliph2_771	gliph2	huang
CASSEVHEQYF	gliph2_771	gliph2	huang
CSAVHHTEAFF	gliph2_772	gliph2	huang
CASVGHTEAFF	gliph2_772	gliph2	huang
CASSVTLEAFF	gliph2_773	gliph2	huang
CASSSTLEQYF	gliph2_773	gliph2	huang
CGSSLSLGYTF	gliph2_774	gliph2	huang
CASSQSLGYTF	gliph2_774	gliph2	huang
CSVENQNEQFF	gliph2_775	gliph2	huang
CSVERQNEQFF	gliph2_775	gliph2	huang
CSARELYGYTF	gliph2_776	gliph2	huang
CSARDLYGYTF	gliph2_776	gliph2	huang
CSATRVPEAFF	gliph2_777	gliph2	huang
CSAIRVPEAFF	gliph2_777	gliph2	huang
CAISASGDQYF	gliph2_778	gliph2	huang
CAIRASGDQYF	gliph2_778	gliph2	huang
CASTWGEKLFF	gliph2_779	gliph2	huang
CASSWGEKLFF	gliph2_779	gliph2	huang
CSGQNNEQFF	gliph2_780	gliph2	huang
CSGQVNEQFF	gliph2_780	gliph2	huang
CSAGDAGDF	gliph2_781	gliph2	huang
CSARDAGDF	gliph2_781	gliph2	huang
CASSEFLSYEQYF	gliph2_782	gliph2	huang
CASSQFLSYEQYF	gliph2_782	gliph2	huang
CASRGQTNYGYTF	gliph2_783	gliph2	huang
CALRTQTNYGYTF	gliph2_783	gliph2	huang
CSANPGGPDTQYF	gliph2_784	gliph2	huang
CASNSGGPDTQYF	gliph2_784	gliph2	huang
CSARLSGTSPLHF	gliph2_785	gliph2	huang
CSARRSGTSPLHF	gliph2_785	gliph2	huang
CSAVYRRGNTIYF	gliph2_786	gliph2	huang
CSAVDRRGNTIYF	gliph2_786	gliph2	huang
CRATSGRAKEQFF	gliph2_787	gliph2	huang
CRATRGRAKEQFF	gliph2_787	gliph2	huang
CASSIDPVKGQFF	gliph2_788	gliph2	huang
CASSSDPVKGQFF	gliph2_788	gliph2	huang
CASGTLGGGYTF	gliph2_789	gliph2	huang
CSAGTGGGGYTF	gliph2_789	gliph2	huang
CSARSGSKNIQYF	gliph2_790	gliph2	huang
CSARTGSKNIQYF	gliph2_790	gliph2	huang
CASRMNRRQGDTF	gliph2_791	gliph2	huang
CASRINRRQGDTF	gliph2_791	gliph2	huang
CASSRSRGTEAFF	gliph2_792	gliph2	huang
CATSESRGTEAFF	gliph2_792	gliph2	huang
CASSYRARDEQFF	gliph2_793	gliph2	huang
CASSTRARDEQFF	gliph2_793	gliph2	huang
CSARRTGSTEAFF	gliph2_794	gliph2	huang
CSVRDTGSTEAFF	gliph2_794	gliph2	huang
CAISEQNNQPQHF	gliph2_795	gliph2	huang
CASSIQNNQPQHF	gliph2_795	gliph2	huang
CSAGTFSNQPQHF	gliph2_796	gliph2	huang
CASGLFSNQPQHF	gliph2_796	gliph2	huang
CSARVLGINEQFF	gliph2_797	gliph2	huang
CSARILGINEQFF	gliph2_797	gliph2	huang
CASKAGATDTQYF	gliph2_798	gliph2	huang
CASKSGATDTQYF	gliph2_798	gliph2	huang
CSARQGARTEAFF	gliph2_799	gliph2	huang
CSARPGARTEAFF	gliph2_799	gliph2	huang
CSASHQAYYGYTF	gliph2_800	gliph2	huang
CSATHQAYYGYTF	gliph2_800	gliph2	huang
CSASKGVQEKLFF	gliph2_801	gliph2	huang
CSARKGVQEKLFF	gliph2_801	gliph2	huang
CRFFGDRGGEQYF	gliph2_802	gliph2	huang
CAWTGDRGGEQFF	gliph2_802	gliph2	huang
CASCSEAEDTKYF	gliph2_803	gliph2	huang
CASSSEAEDTQYF	gliph2_803	gliph2	huang
CASSFGSSYEQYF	gliph2_804	gliph2	huang
CASRFGSSYEQYF	gliph2_804	gliph2	huang
CSAVGETNYGYTF	gliph2_805	gliph2	huang
CSALGETNYGYTF	gliph2_805	gliph2	huang
CASPWQGEETQYF	gliph2_806	gliph2	huang
CASSWQGEETQYF	gliph2_806	gliph2	huang
CARSVCSGTQYF	gliph2_807	gliph2	huang
CASSVLSGTQYF	gliph2_807	gliph2	huang
CAWRAGQGARAFF	gliph2_808	gliph2	huang
CAWSAGQGARAFF	gliph2_808	gliph2	huang
CSVEVPGAKGYPF	gliph2_809	gliph2	huang
CSVEGPGAKGYTF	gliph2_809	gliph2	huang
CASTPQGAHEQYF	gliph2_810	gliph2	huang
CASSPQGAHEQYF	gliph2_810	gliph2	huang
CASSLRYGNGYTF	gliph2_811	gliph2	huang
CASSIRYGNGYTF	gliph2_811	gliph2	huang
CASSIPSTDTQYF	gliph2_812	gliph2	huang
CSVQIPSTDTQYF	gliph2_812	gliph2	huang
CSARGYREEAYF	gliph2_813	gliph2	huang
CSARGDREEAFF	gliph2_813	gliph2	huang
CSVGVGTGETQYF	gliph2_814	gliph2	huang
CSVDVGTGETQYF	gliph2_814	gliph2	huang
CASNDRPTDTQYF	gliph2_815	gliph2	huang
CASRDRPTDTQYF	gliph2_815	gliph2	huang
CSARQTGAGELFF	gliph2_816	gliph2	huang
CSARSTGAGELFF	gliph2_816	gliph2	huang
CASRLGGANVLTF	gliph2_817	gliph2	huang
CSAREGGANVLTF	gliph2_817	gliph2	huang
CATSRENTDTQYF	gliph2_818	gliph2	huang
CASSEENTDTQYF	gliph2_818	gliph2	huang
CASSQQGAGGYTF	gliph2_819	gliph2	huang
CSVNQQGAGGYTF	gliph2_819	gliph2	huang
CASRLGRKVGYTF	gliph2_820	gliph2	huang
CASSLGRKVGYTF	gliph2_820	gliph2	huang
CAIGGTRGETQYF	gliph2_821	gliph2	huang
CAISGTRGETQYF	gliph2_821	gliph2	huang
CASSLVDYNEQFF	gliph2_822	gliph2	huang
CASILVDYNEQFF	gliph2_822	gliph2	huang
CASSSLTGYGYTF	gliph2_823	gliph2	huang
CATSDLTGYGYTF	gliph2_823	gliph2	huang
CASSWGLYNEQFF	gliph2_824	gliph2	huang
CASSLGLYNEQFF	gliph2_824	gliph2	huang
CSATQGPGNTIYF	gliph2_825	gliph2	huang
CASGQGPGNTIYF	gliph2_825	gliph2	huang
CSVSDSGSLTQYF	gliph2_826	gliph2	huang
CSGADSGSLTQYF	gliph2_826	gliph2	huang
CASSTGTAYGYTF	gliph2_827	gliph2	huang
CSAHTGTAYGYTF	gliph2_827	gliph2	huang
CASNPEGNYGYTF	gliph2_828	gliph2	huang
CASSPEGNYGYTF	gliph2_828	gliph2	huang
CASSLGVWELAFF	gliph2_829	gliph2	huang
CASGLGVWELAFF	gliph2_829	gliph2	huang
CATRQGWGETQYF	gliph2_830	gliph2	huang
CATTQGWGETQYF	gliph2_830	gliph2	huang
CASSLEPGGEQYF	gliph2_831	gliph2	huang
CASRLEPGGEQYF	gliph2_831	gliph2	huang
CASRGTIQETQYF	gliph2_832	gliph2	huang
CSASGTIQETQYF	gliph2_832	gliph2	huang
CSVNGQGSEKLFF	gliph2_833	gliph2	huang
CSVYGQGSEKLFF	gliph2_833	gliph2	huang
CSAPLRGGYEQYF	gliph2_834	gliph2	huang
CSAPVRGGYEQYF	gliph2_834	gliph2	huang
CASGLVRAGELFF	gliph2_835	gliph2	huang
CASSLVRAGELFF	gliph2_835	gliph2	huang
CSVERELNTEAFF	gliph2_836	gliph2	huang
CSVEQELNTEAFF	gliph2_836	gliph2	huang
CASSQDPGSPQHF	gliph2_837	gliph2	huang
CASSLDPGSPLHF	gliph2_837	gliph2	huang
CASAQEVNTEAFF	gliph2_838	gliph2	huang
CGSGQEVNTEAFF	gliph2_838	gliph2	huang
CSASRGGRDEQFF	gliph2_839	gliph2	huang
CSANRGGRDEQFF	gliph2_839	gliph2	huang
CASRKKREGEQYF	gliph2_840	gliph2	huang
CASSKKREGEQYF	gliph2_840	gliph2	huang
CASSPRVTDTQYF	gliph2_841	gliph2	huang
CASRPRVTDTQYF	gliph2_841	gliph2	huang
CASPRGGQNGYTF	gliph2_842	gliph2	huang
CASTRGGQNGYTF	gliph2_842	gliph2	huang
CATLGQGDSPLHF	gliph2_843	gliph2	huang
CASGGQGDSPLHF	gliph2_843	gliph2	huang
CASNRDRDEKLFF	gliph2_844	gliph2	huang
CASNIDRDEKLFF	gliph2_844	gliph2	huang
CSVEGIRYEQYF	gliph2_845	gliph2	huang
CSAEGQRYEQYF	gliph2_845	gliph2	huang
CATRTGDGETQYF	gliph2_846	gliph2	huang
CATSTGDGETQYF	gliph2_846	gliph2	huang
CAWGVNSNQPQHF	gliph2_847	gliph2	huang
CAWSVNSNQPQHF	gliph2_847	gliph2	huang
CASKGAGVDEQYF	gliph2_848	gliph2	huang
CSARGAGVDEQFF	gliph2_848	gliph2	huang
CSARSPPIVMAREKFSSYNEQFF	gliph2_849	gliph2	huang
CSARGPPIVMAREKFSSYNEQFF	gliph2_849	gliph2	huang
CSARDPIRGLAGGNYYNQQFF	gliph2_850	gliph2	huang
CSARDPIRGLAGGNYYNEQFF	gliph2_850	gliph2	huang
CSARPYWLRSGAVPSTDKQYF	gliph2_851	gliph2	huang
CSARPYWLRSGAVPSTDTQYF	gliph2_851	gliph2	huang
CASSGIRRRLRLAGGHEEQFF	gliph2_852	gliph2	huang
CASSGIRRRLRLAGGHDEQFF	gliph2_852	gliph2	huang
CASSQDIRTEAFF	gliph2_853	gliph2	huang
CASSGDIRTEAFF	gliph2_853	gliph2	huang
CSARPYWLRSGAVASTDTQYF	gliph2_854	gliph2	huang
CSARPYWLRSGAVPSTDTQYF	gliph2_854	gliph2	huang
CASTDPLTSGGPLKSYNEQFF	gliph2_855	gliph2	huang
CASTDSLTSGGPLKSYNEQFF	gliph2_855	gliph2	huang
CSVVSQLNTEAFF	gliph2_856	gliph2	huang
CSVVAQLNTEAFF	gliph2_856	gliph2	huang
CSASDPIRGLAGGNYYNEHFF	gliph2_857	gliph2	huang
CSARDPIRGLAGGNYYNEQFF	gliph2_857	gliph2	huang
CASSTIGQWGSNPHSYEQYF	gliph2_858	gliph2	huang
CASSTIGQWGSNPHSYDQYF	gliph2_858	gliph2	huang
CARSLRLPVGEGDNSYEQYF	gliph2_859	gliph2	huang
CASSLRLPVGEGDNIYEQYF	gliph2_859	gliph2	huang
CASSSLIEPGLAGNTDTQYF	gliph2_860	gliph2	huang
CASSSLIEPGLAVNTDTQYF	gliph2_860	gliph2	huang
CASSTPIATGQGASVTEAFF	gliph2_861	gliph2	huang
CASSTPMATGQGASVTEAFF	gliph2_861	gliph2	huang
CASSKDFRGGGLWGANVLTF	gliph2_862	gliph2	huang
CATSRDFRGGGLWGANVLTF	gliph2_862	gliph2	huang
CSVGEAGNNEQFF	gliph2_863	gliph2	huang
CATGLAGNNEQFF	gliph2_863	gliph2	huang
CARSLRLPVGEGDNSYEQYF	gliph2_864	gliph2	huang
CASGLRLPVGEGDNSYEQYF	gliph2_864	gliph2	huang
CSVGPRRLAGGHPINEQFF	gliph2_865	gliph2	huang
CSVGPRRLAGGHPINVPFF	gliph2_865	gliph2	huang
CSVVVRVTGGMLSQENQYF	gliph2_866	gliph2	huang
CSVVVRVTGGMLSQETQYF	gliph2_866	gliph2	huang
CAWSVFGRGVVTNTVELFF	gliph2_867	gliph2	huang
CAWSVFGRGVVTNTGELFF	gliph2_867	gliph2	huang
CASSFSPPGLAEAKHIQYF	gliph2_868	gliph2	huang
CASSFSPPGLAEAKNIQYF	gliph2_868	gliph2	huang
CASSLVPLRSGGAQETQYF	gliph2_869	gliph2	huang
CASSLVPLRSGGSQETQYF	gliph2_869	gliph2	huang
CANSLEFGEKMGFNTEHFF	gliph2_870	gliph2	huang
CASSLEFGEKMGLNTEAFF	gliph2_870	gliph2	huang
CSASRTAPATGPGTGELFF	gliph2_871	gliph2	huang
CSASRTAPATGPSTGELFF	gliph2_871	gliph2	huang
CSVVRRVTSGATNQETQYF	gliph2_872	gliph2	huang
CSVVRRVTSGTTNQETQYF	gliph2_872	gliph2	huang
CASRQGLWGEQFF	gliph2_873	gliph2	huang
CASRPGLWGEQFF	gliph2_873	gliph2	huang
CSASGGGLAGLKSYNEQFF	gliph2_874	gliph2	huang
CSASGGGLAGRKSYNEQFF	gliph2_874	gliph2	huang
CSVVRRVTSGTTNQETQYF	gliph2_875	gliph2	huang
CSVVRRVTSWTTNQETQYF	gliph2_875	gliph2	huang
CASSFSPPGLAEAKNIQYF	gliph2_876	gliph2	huang
CDSSFSPPGRAEAKNIQYF	gliph2_876	gliph2	huang
CSVVRRVTRGTTNQETQYF	gliph2_877	gliph2	huang
CSVVRRVTSGTTNQETQYF	gliph2_877	gliph2	huang
CASSLVPLRSGGAQETQYF	gliph2_878	gliph2	huang
CASSLVPIRSGGAQETQYF	gliph2_878	gliph2	huang
CRARSLIRKGQDFSYEQYF	gliph2_879	gliph2	huang
CSARSLITKGQDFSYEQYF	gliph2_879	gliph2	huang
CATSRDLPGGGGPGVEQYF	gliph2_880	gliph2	huang
CATSRDRPGGGGPGVEQYF	gliph2_880	gliph2	huang
CSVVRRVTSGTTNQETQYF	gliph2_881	gliph2	huang
CSVVLRVTSGTTNQETQYF	gliph2_881	gliph2	huang
CSAAVAASTKQYF	gliph2_882	gliph2	huang
CSAAIAASTKQYF	gliph2_882	gliph2	huang
CSAGVVGNPGRFSGESAFF	gliph2_883	gliph2	huang
CSARVVGNPGRFSGESAFF	gliph2_883	gliph2	huang
CASSSGLAGGPAKNSQYF	gliph2_884	gliph2	huang
CASSSGLAGGPAKNIQYF	gliph2_884	gliph2	huang
CASSQDGQGIGTKNIQYF	gliph2_885	gliph2	huang
CASSQDGQGIGTKNSQYF	gliph2_885	gliph2	huang
CASTMGQAIPAAGNDQFF	gliph2_886	gliph2	huang
CASTMGQAIPAAGNEQFF	gliph2_886	gliph2	huang
CASSDKSSSLSVYNEQFF	gliph2_887	gliph2	huang
CAISDKSSSLSVYNDLFF	gliph2_887	gliph2	huang
CSAPSGPGTSSSYNEQFF	gliph2_888	gliph2	huang
CSAPSGPGTSSSYNAQFF	gliph2_888	gliph2	huang
CGVMGGTGNTIDF	gliph2_889	gliph2	huang
CSVMRGTGNTIYF	gliph2_889	gliph2	huang
CASSIGGPGLAGEENQYF	gliph2_890	gliph2	huang
CASSIGGPGLAGEETQYF	gliph2_890	gliph2	huang
CSATPSGASGSSYNEQFF	gliph2_891	gliph2	huang
CSATPSGASGSSYNAQFF	gliph2_891	gliph2	huang
CASSSGLAGGPAKNIQYF	gliph2_892	gliph2	huang
CASSSGLAGGPAKTIQYF	gliph2_892	gliph2	huang
CSVEIPPGTSGPQGTQYF	gliph2_893	gliph2	huang
CSVEIPPGTSGPQETQYF	gliph2_893	gliph2	huang
CASSLGRRLAGVFNEQFF	gliph2_894	gliph2	huang
CASSLGRRLAGVLNEQFF	gliph2_894	gliph2	huang
CASSKMGTLPGSKQPQHF	gliph2_895	gliph2	huang
CASSKMGTLPGSNQPQHF	gliph2_895	gliph2	huang
CSAREGLALIYSYNEQFF	gliph2_896	gliph2	huang
CSAREGLALIYSDNEQFF	gliph2_896	gliph2	huang
CASSVCGRESAGHQPPHF	gliph2_897	gliph2	huang
CASSVCGRESAGNQPQHF	gliph2_897	gliph2	huang
CSARDHPSWAGTAEKLFF	gliph2_898	gliph2	huang
CSARDHPSWAGTTEKLFF	gliph2_898	gliph2	huang
CASSLVRTSGGARDTQYF	gliph2_899	gliph2	huang
CASSLVRTSGGATDTQYF	gliph2_899	gliph2	huang
CSARDGGAGGSYKSPLDF	gliph2_900	gliph2	huang
CSARDGGAGGSYNSPLHF	gliph2_900	gliph2	huang
CASSQEVSYGYTF	gliph2_901	gliph2	huang
CASSREVSYGYTF	gliph2_901	gliph2	huang
CASSLAWPFKSGANVLTF	gliph2_902	gliph2	huang
CACSLAWPFKSVANVLTF	gliph2_902	gliph2	huang
CASSSGLAGGPGKNIQYF	gliph2_903	gliph2	huang
CASSSGLAGGPAKNIQYF	gliph2_903	gliph2	huang
CASSENPNQPQHF	gliph2_904	gliph2	huang
CASSLNPNQPQHF	gliph2_904	gliph2	huang
CASSSEAEDTQYF	gliph2_905	gliph2	huang
CASSLEAEDTQYF	gliph2_905	gliph2	huang
CASSLELAGGPMTGELFF	gliph2_906	gliph2	huang
CASSLELAGGPWTGELFF	gliph2_906	gliph2	huang
CSATPCTTPEAFF	gliph2_907	gliph2	huang
CSATPFTTPEAFF	gliph2_907	gliph2	huang
CSAPSGPGTSSSYNEQFF	gliph2_908	gliph2	huang
CSAPSGPGTSSAYNEQFF	gliph2_908	gliph2	huang
CASSLGAGTADSTDTKYF	gliph2_909	gliph2	huang
CASSLGAGTASSTDTQYF	gliph2_909	gliph2	huang
CSARVLGINEQFF	gliph2_910	gliph2	huang
CSARVIGINEQYF	gliph2_910	gliph2	huang
CSVIRGRGAGTGTDTKYF	gliph2_911	gliph2	huang
CSVIRGRGAGAGTDTQYF	gliph2_911	gliph2	huang
CASSLAVTGGTVGDTQYF	gliph2_912	gliph2	huang
CASSLAVTGGPVGDTQYF	gliph2_912	gliph2	huang
CSARNPQENSFFADTQYF	gliph2_913	gliph2	huang
CSARNPQENSVFADTQYF	gliph2_913	gliph2	huang
CASSQPGTGGAKEEKLFF	gliph2_914	gliph2	huang
CASSQPGTGDAKEEKLFF	gliph2_914	gliph2	huang
CASSQDTALGGGTDTQYF	gliph2_915	gliph2	huang
CASSQDTALAGGTDTQYF	gliph2_915	gliph2	huang
CASSIGGGPRVPYNEQFF	gliph2_916	gliph2	huang
CASSIGGGLRVPYNEQFF	gliph2_916	gliph2	huang
CASSQDTARAGGTDTQYF	gliph2_917	gliph2	huang
CASSQDTALAGGTDTQYF	gliph2_917	gliph2	huang
CASSDKSSSLSVYNEQFF	gliph2_918	gliph2	huang
CASSDKSSALSVYNEQFF	gliph2_918	gliph2	huang
CSAPSGPGTSSSYNEQFF	gliph2_919	gliph2	huang
CSAPSGPGSSSSYNEQFF	gliph2_919	gliph2	huang
CATLGQGDSPLHF	gliph2_920	gliph2	huang
CSALGVGDSPLHF	gliph2_920	gliph2	huang
CASSPLSNEKLFF	gliph2_921	gliph2	huang
CATSPPSNEKLFF	gliph2_921	gliph2	huang
CASSPFYARGATLGTQYF	gliph2_922	gliph2	huang
CASSPFYSRGATLGTQYF	gliph2_922	gliph2	huang
CASSYSPVGLAGRNEQFF	gliph2_923	gliph2	huang
CASSYSPAGLAGRNEQFF	gliph2_923	gliph2	huang
CASSTDALGTGVLKTQYF	gliph2_924	gliph2	huang
CASSTDAFGTGVLKTQYF	gliph2_924	gliph2	huang
CASSPSQGGGYTF	gliph2_925	gliph2	huang
CASSPGQGGGYTF	gliph2_925	gliph2	huang
CASCRSGEGGDTF	gliph2_926	gliph2	huang
CASSRSGEGGDTF	gliph2_926	gliph2	huang
CASSQVGRSRYRGSPLHF	gliph2_927	gliph2	huang
CASSQVGLSRYRGSPLHF	gliph2_927	gliph2	huang
CASSSRLRDSASTDTQYF	gliph2_928	gliph2	huang
CASSSRGRDSASTDTQYF	gliph2_928	gliph2	huang
CASSQESIAGGAHNEQFF	gliph2_929	gliph2	huang
CASSQEAIAGGAHNEQFF	gliph2_929	gliph2	huang
CSVIRWRGAGAGTDTQYF	gliph2_930	gliph2	huang
CSVIRGRGAGAGTDTQYF	gliph2_930	gliph2	huang
CASSQDLAGGRNQETQYF	gliph2_931	gliph2	huang
CASSQELAGGRNQETQYF	gliph2_931	gliph2	huang
CASTSVPRHDRLTGELFF	gliph2_932	gliph2	huang
CASTSLPRHDRLTGELFF	gliph2_932	gliph2	huang
CAWAGHTNQPQHF	gliph2_933	gliph2	huang
CAWAGQTNQPQHF	gliph2_933	gliph2	huang
CASSPPGQGSVGTDTQYF	gliph2_934	gliph2	huang
CASSPRGQGSVGTDTQYF	gliph2_934	gliph2	huang
CSSKSWGGETQYF	gliph2_935	gliph2	huang
CSAKSGGGETQYF	gliph2_935	gliph2	huang
CSVESPPGTSGPQETQYF	gliph2_936	gliph2	huang
CSVEIPPGTSGPQETQYF	gliph2_936	gliph2	huang
CASSVVGTSGSPTYEQYF	gliph2_937	gliph2	huang
CASSLVGTSGSPTYEQYF	gliph2_937	gliph2	huang
CASSQDRGREQYF	gliph2_938	gliph2	huang
CASSQLRGREQYF	gliph2_938	gliph2	huang
CCARASLSLGEYNSPIHF	gliph2_939	gliph2	huang
CSARDSLSLGEYNSPLHF	gliph2_939	gliph2	huang
CASSTQANTEAFF	gliph2_940	gliph2	huang
CASSTGANTEAFF	gliph2_940	gliph2	huang
CSAPGLYNYGYTF	gliph2_941	gliph2	huang
CSAPGRYNYGYTF	gliph2_941	gliph2	huang
CASTRGQAIPAAGNEQFF	gliph2_942	gliph2	huang
CASTMGQAIPAAGNEQFF	gliph2_942	gliph2	huang
CASSDKSSSLSVYNEQFF	gliph2_943	gliph2	huang
CASSEKSSSLSVYNEQFF	gliph2_943	gliph2	huang
CASSQDTGRGVYF	gliph2_944	gliph2	huang
CASSQGTGRGYTF	gliph2_944	gliph2	huang
CASSLRGQGIDSYNEQFF	gliph2_945	gliph2	huang
CASSFRGQGIDSYNEQFF	gliph2_945	gliph2	huang
CASSQGLADTQYF	gliph2_946	gliph2	huang
CASSQRLADTQYF	gliph2_946	gliph2	huang
CASSHGRDTEAFF	gliph2_947	gliph2	huang
CASSHHRDTEAFF	gliph2_947	gliph2	huang
CASSALGLAGARRNEQFF	gliph2_948	gliph2	huang
CASSTLGLAGARRNEQFF	gliph2_948	gliph2	huang
CASSSGLAGGPAKNIQYF	gliph2_949	gliph2	huang
CASRSGLAGGPAKNIQYF	gliph2_949	gliph2	huang
CASGLAWPFKSGANVLTF	gliph2_950	gliph2	huang
CASSLAWPFKSGANVLTF	gliph2_950	gliph2	huang
CSASSDRDYEQYF	gliph2_951	gliph2	huang
CASSSSRDYEQYF	gliph2_951	gliph2	huang
CASIQERGSRGGTDTQYF	gliph2_952	gliph2	huang
CASSQERGSRGGTDTQYF	gliph2_952	gliph2	huang
CASSYPSGPKRNTGELFF	gliph2_953	gliph2	huang
CAGRYPSGPKRNTGELFF	gliph2_953	gliph2	huang
CSASAPGLAGGPLYEQYF	gliph2_954	gliph2	huang
CSARAPGLAGGPLYEQYF	gliph2_954	gliph2	huang
CASIALGGRYSGANVLTF	gliph2_955	gliph2	huang
CASSALGGRYSGANVLTF	gliph2_955	gliph2	huang
CASSPGLAGVLGANVLTF	gliph2_956	gliph2	huang
CASGPGLAGVLGANVLTF	gliph2_956	gliph2	huang
CASRRKTGGLDSNNEQCF	gliph2_957	gliph2	huang
CASSRKTGGLDSNNEQFF	gliph2_957	gliph2	huang
CCTLVRFLAGDHNAQFF	gliph2_958	gliph2	huang
CSTLVRFLAGDHNEQFF	gliph2_958	gliph2	huang
CASSYSPTGELFF	gliph2_959	gliph2	huang
CASSYTPTGEQYF	gliph2_959	gliph2	huang
CASSLGDWLISTDTQYF	gliph2_960	gliph2	huang
CASSLGDWLISTDMQYF	gliph2_960	gliph2	huang
CASSELGLYGYTF	gliph2_961	gliph2	huang
CASSEAGLYGYTF	gliph2_961	gliph2	huang
CASSLSPTSGSYNAQFF	gliph2_962	gliph2	huang
CASSLSPTSGSYNEQFF	gliph2_962	gliph2	huang
CSARGLTGLAGGNEQFF	gliph2_963	gliph2	huang
CSARGLTGLAGGNAQFF	gliph2_963	gliph2	huang
CASSLDEQRVSTDKQDF	gliph2_964	gliph2	huang
CASSLDEQRVSTDTQYF	gliph2_964	gliph2	huang
CASSWGTTGAASATQYF	gliph2_965	gliph2	huang
CASSWGTTGAASGTQYF	gliph2_965	gliph2	huang
CASSINSNNEQFF	gliph2_966	gliph2	huang
CASSIASNNEQFF	gliph2_966	gliph2	huang
CSASSPGLAGGLQEQFF	gliph2_967	gliph2	huang
CSASSPGLAGGLHEQFF	gliph2_967	gliph2	huang
CASSPGQGLEAFF	gliph2_968	gliph2	huang
CASSPPQGLEQYF	gliph2_968	gliph2	huang
CATSWEKAGERFTEAFF	gliph2_969	gliph2	huang
CATSWEKAGERFAEAFF	gliph2_969	gliph2	huang
CASSVDGLAGVKGEQYF	gliph2_970	gliph2	huang
CASSVDGLAGVKYEQFF	gliph2_970	gliph2	huang
CSARRLGENIQYF	gliph2_971	gliph2	huang
CSARRTGENIQYF	gliph2_971	gliph2	huang
CASSVSLTAGMNAEAFF	gliph2_972	gliph2	huang
CASSVSLTAGMNTEAFF	gliph2_972	gliph2	huang
CASSLGQGGSRHQPQHF	gliph2_973	gliph2	huang
CASSLGQGGSRQQPQHF	gliph2_973	gliph2	huang
CASSRRGRAEQFF	gliph2_974	gliph2	huang
CASSRLGRAEAFF	gliph2_974	gliph2	huang
CASSLGSEGYRTYGYTF	gliph2_975	gliph2	huang
CASSLGSEGYRPYGYTF	gliph2_975	gliph2	huang
CASSQPNTGELFF	gliph2_976	gliph2	huang
CASSQFNTGELFF	gliph2_976	gliph2	huang
CACSYVGQGKRCF	gliph2_977	gliph2	huang
CASSYIGQGKLFF	gliph2_977	gliph2	huang
CASSTGTQRATYNEQFF	gliph2_978	gliph2	huang
CASSTGTQRATDNEQFF	gliph2_978	gliph2	huang
CASSLAYKGTVAYEQYF	gliph2_979	gliph2	huang
CASSLAYKGTVSYEQYF	gliph2_979	gliph2	huang
CASSESGGQGGDQPQHF	gliph2_980	gliph2	huang
CASSESGGQGGGQPQHF	gliph2_980	gliph2	huang
CSASSPGLAGGQHEQFF	gliph2_981	gliph2	huang
CSASSPGLAGGLHEQFF	gliph2_981	gliph2	huang
CSARRPTSGGAGNIQYF	gliph2_982	gliph2	huang
CSARRPTSGGAVNIQYF	gliph2_982	gliph2	huang
CAGSSWPRAEQYF	gliph2_983	gliph2	huang
CASSSSPRAEQYF	gliph2_983	gliph2	huang
CASSFSMDTEAFF	gliph2_984	gliph2	huang
CASSFYMDTEAFF	gliph2_984	gliph2	huang
CASSLGPGQGAEETQYF	gliph2_985	gliph2	huang
CASSLGPGQGAAETQYF	gliph2_985	gliph2	huang
CASSPMQRGGYTF	gliph2_986	gliph2	huang
CASSPRQRGGYTF	gliph2_986	gliph2	huang
CASSETRGSPLHF	gliph2_987	gliph2	huang
CASSEDRGSPLHF	gliph2_987	gliph2	huang
CASSFGAGPSGDQPQHF	gliph2_988	gliph2	huang
CASSFGAGPSWDQPQHF	gliph2_988	gliph2	huang
CSARGDSSLSAYNEQFF	gliph2_989	gliph2	huang
CSARGDSSLSSYNEQFF	gliph2_989	gliph2	huang
CASSPGPGLAQYNEQFF	gliph2_990	gliph2	huang
CASSPGPGLAGYNEQFF	gliph2_990	gliph2	huang
CASRGVDRGLYQETQYF	gliph2_991	gliph2	huang
CASRGVDRGLDQETQYF	gliph2_991	gliph2	huang
CASSPETSFGYPF	gliph2_992	gliph2	huang
CASSPGTSFGYTF	gliph2_992	gliph2	huang
CASSPHVGTEAFF	gliph2_993	gliph2	huang
CASSPLVGTEAFF	gliph2_993	gliph2	huang
CASSSTSGPYTF	gliph2_994	gliph2	huang
CASSSTSGAQFF	gliph2_994	gliph2	huang
CCARIPGGGWDTDTQYF	gliph2_995	gliph2	huang
CSARIPGGGGDTDTQYF	gliph2_995	gliph2	huang
CSVELEGRDTKYF	gliph2_996	gliph2	huang
CSVELAGRDTQYF	gliph2_996	gliph2	huang
CASSSQGLEQYF	gliph2_997	gliph2	huang
CASSSQGLLQFF	gliph2_997	gliph2	huang
CSVDYMRRRTANTEAFF	gliph2_998	gliph2	huang
CRVDYMRRRNANTEAFF	gliph2_998	gliph2	huang
CSARVLRAGFPTDTQYF	gliph2_999	gliph2	huang
CSARVLRAGAPTDTQYF	gliph2_999	gliph2	huang
CASSFNPSGARAGELFF	gliph2_1000	gliph2	huang
CASSFNPSGDRAGEMFF	gliph2_1000	gliph2	huang
CASSQDRTGVLNTEAFF	gliph2_1001	gliph2	huang
CASSQDRTGFLNTEAFF	gliph2_1001	gliph2	huang
CASSLGTPRVVNQPQHF	gliph2_1002	gliph2	huang
CASSLGTPRGVNQPQHF	gliph2_1002	gliph2	huang
CASSRGTSGSEAYEQYF	gliph2_1003	gliph2	huang
CASSRGTSGREAYEQYF	gliph2_1003	gliph2	huang
CASSPNPGATSTDTQYF	gliph2_1004	gliph2	huang
CASSPNPGETSTDTQYF	gliph2_1004	gliph2	huang
CSANIRTSGRFF	gliph2_1005	gliph2	huang
CSANIRTSDRFF	gliph2_1005	gliph2	huang
CASSLYRDDEQYF	gliph2_1006	gliph2	huang
CASSLVRDDEQYF	gliph2_1006	gliph2	huang
CASSDWRGTTGTDTQYF	gliph2_1007	gliph2	huang
CASSDWRGPTGTDTQYF	gliph2_1007	gliph2	huang
CASSHVRSLISGNTIYF	gliph2_1008	gliph2	huang
CASSHVRSRISGNTIYF	gliph2_1008	gliph2	huang
CASSPGAVKDNNQPQHF	gliph2_1009	gliph2	huang
CASSPGAVNDNNQPQHF	gliph2_1009	gliph2	huang
CSALAVGTDTQYF	gliph2_1010	gliph2	huang
CSRLAGGTDTQYF	gliph2_1010	gliph2	huang
CASSLSGGFGSNQPQHF	gliph2_1011	gliph2	huang
CASSLSGGQGSNQPQHF	gliph2_1011	gliph2	huang
CRARERARHEQYF	gliph2_1012	gliph2	huang
CSAREMARHEQYF	gliph2_1012	gliph2	huang
CASSQDLGATSTDTQYF	gliph2_1013	gliph2	huang
CASSQDLGGTSTDTQYF	gliph2_1013	gliph2	huang
CASSGGQGVSGANVLTF	gliph2_1014	gliph2	huang
CASSGGQGGSGANVLTF	gliph2_1014	gliph2	huang
CASSEGPNQPQHF	gliph2_1015	gliph2	huang
CASSENPNQPQHF	gliph2_1015	gliph2	huang
CSAGGTPGGGTYNEQFF	gliph2_1016	gliph2	huang
CSAGGTPAGGTYNEQYF	gliph2_1016	gliph2	huang
CASSLRDRDSGANVLTF	gliph2_1017	gliph2	huang
CASSLRDGDSGANVLTF	gliph2_1017	gliph2	huang
CASSPDRRDTQYF	gliph2_1018	gliph2	huang
CASSPTRRDTQYF	gliph2_1018	gliph2	huang
CASSPRDGSTGGYGYAF	gliph2_1019	gliph2	huang
CASSPRDESTGGYGYTF	gliph2_1019	gliph2	huang
CASSLASGQGSNQPQHF	gliph2_1020	gliph2	huang
CASSLAGGQGSNQPQHF	gliph2_1020	gliph2	huang
CASSPRAPGGYTF	gliph2_1021	gliph2	huang
CASSPGAPGGYTF	gliph2_1021	gliph2	huang
CASSPRFVDRGGYGYTF	gliph2_1022	gliph2	huang
CASSPRCVDRGGYGYTF	gliph2_1022	gliph2	huang
CASSLSGGQGSNQPQHF	gliph2_1023	gliph2	huang
CASSLSSGQGSNQPQHF	gliph2_1023	gliph2	huang
CASSKDPGPEQYF	gliph2_1024	gliph2	huang
CASSKEPGPEQYF	gliph2_1024	gliph2	huang
CATSRDRRGATNEKLFF	gliph2_1025	gliph2	huang
CETSRERRGATNEKLSF	gliph2_1025	gliph2	huang
CASSLASGQGSNQPQHF	gliph2_1026	gliph2	huang
CASSLSSGQGSNQPQHF	gliph2_1026	gliph2	huang
CSATRRAGGQSYNEQFF	gliph2_1027	gliph2	huang
CSATRLAGGQSYNEQFF	gliph2_1027	gliph2	huang
CASSDWRGTTGTDTQYF	gliph2_1028	gliph2	huang
CASSDGRGTTGTDTQYF	gliph2_1028	gliph2	huang
CASSSRYKEAWVETQYF	gliph2_1029	gliph2	huang
CASSSHYKEAWVETQYF	gliph2_1029	gliph2	huang
CASVGSGANVLTF	gliph2_1030	gliph2	huang
CSVVGAGANVLTF	gliph2_1030	gliph2	huang
CSALGPTNYGYTF	gliph2_1031	gliph2	huang
CSALGETNYGYTF	gliph2_1031	gliph2	huang
CSVSDRRPYEQYF	gliph2_1032	gliph2	huang
CASSDQRPYEQYF	gliph2_1032	gliph2	huang
CASSDSPYSAEYNEQFF	gliph2_1033	gliph2	huang
CASSDAPYSAEYNEQFF	gliph2_1033	gliph2	huang
CASSLGRGQYFPYEQYF	gliph2_1034	gliph2	huang
CASSLVRGQYFPYEQYF	gliph2_1034	gliph2	huang
CASSLAGGQGSNQPQHF	gliph2_1035	gliph2	huang
CASSLSGGQGSNQPQHF	gliph2_1035	gliph2	huang
CASSLTLVGTTNEKLFF	gliph2_1036	gliph2	huang
CASSLALVGTTNEKLFF	gliph2_1036	gliph2	huang
CASSWDGGPLGTDTQYF	gliph2_1037	gliph2	huang
CASSWEGGPLGTDTQYF	gliph2_1037	gliph2	huang
CASSFQRAGGSTDTQYF	gliph2_1038	gliph2	huang
CASSFRRAGGSTDTQYF	gliph2_1038	gliph2	huang
CRAGSPGGGGDTDTQYF	gliph2_1039	gliph2	huang
CGAGSAGGGGDTDTQYF	gliph2_1039	gliph2	huang
CVARVRGGGGDTDTQYF	gliph2_1040	gliph2	huang
CSARVPGGGGDTDTQYF	gliph2_1040	gliph2	huang
CASSVYTAGGPTDTQYF	gliph2_1041	gliph2	huang
CASSFYTAGGPTDTQYF	gliph2_1041	gliph2	huang
CASSVGSGREGYNEQFF	gliph2_1042	gliph2	huang
CASSGGSGREGYNEQFF	gliph2_1042	gliph2	huang
CASTPTIELEGPYEQYF	gliph2_1043	gliph2	huang
CASTSTIELEGPYEQYF	gliph2_1043	gliph2	huang
CASSVDEQRVSTDTQYF	gliph2_1044	gliph2	huang
CASSLDEQRVSTDTQYF	gliph2_1044	gliph2	huang
CSARGLTGLAGGNEQFF	gliph2_1045	gliph2	huang
CSARSLTGLAGGNEQFF	gliph2_1045	gliph2	huang
CDSSWGDGGGAYNEQFF	gliph2_1046	gliph2	huang
CASSLGDGGGAYNEQFF	gliph2_1046	gliph2	huang
CASSLGLAGLNTGELFF	gliph2_1047	gliph2	huang
CSASSGLAGLNTGELFF	gliph2_1047	gliph2	huang
CASSCIRGGFSYNEQFF	gliph2_1048	gliph2	huang
CASSFIRGGFSYNEQFF	gliph2_1048	gliph2	huang
CATVTGTGYEQYF	gliph2_1049	gliph2	huang
CSVVTGGGYEQYF	gliph2_1049	gliph2	huang
CASSFPSGGGDYNEQFF	gliph2_1050	gliph2	huang
CASSCPSGGGDYNEQFF	gliph2_1050	gliph2	huang
CASSVVRGQYFPYEQYF	gliph2_1051	gliph2	huang
CASSLVRGQYFPYEQYF	gliph2_1051	gliph2	huang
CASSLDSLYGYTF	gliph2_1052	gliph2	huang
CASSLDRLYGYTF	gliph2_1052	gliph2	huang
CATSKGARTEAFF	gliph2_1053	gliph2	huang
CSASKGSRTEAFF	gliph2_1053	gliph2	huang
CASSQEGGNTIYF	gliph2_1054	gliph2	huang
CASSQETGNTIYF	gliph2_1054	gliph2	huang
CVSSREPSTNDFYGYPF	gliph2_1055	gliph2	huang
CASSQEPSTNDFYGYTF	gliph2_1055	gliph2	huang
CASRPEIGGRFF	gliph2_1056	gliph2	huang
CASRPEIGELFF	gliph2_1056	gliph2	huang
CASGVTGQGLGGNEQFF	gliph2_1057	gliph2	huang
CASSVTGQGLGGNEQFF	gliph2_1057	gliph2	huang
CSAGPLAGGPFSETQYF	gliph2_1058	gliph2	huang
CSARPLAGGPFSETQYF	gliph2_1058	gliph2	huang
CSVDYMRRRTANTEAFF	gliph2_1059	gliph2	huang
CSVEYMRRRTANTEAFF	gliph2_1059	gliph2	huang
CASHRAGDGTGANVLTF	gliph2_1060	gliph2	huang
CASQRAGDGTGANVLTF	gliph2_1060	gliph2	huang
CACMPGGGGSNTGELCF	gliph2_1061	gliph2	huang
CASSPGGGGSNTGELFF	gliph2_1061	gliph2	huang
CASRLAYKGTVSYEQYF	gliph2_1062	gliph2	huang
CASSLAYKGTVSYEQYF	gliph2_1062	gliph2	huang
CAGRLGPGQGAEETQYF	gliph2_1063	gliph2	huang
CASSLGPGQGAEETQYF	gliph2_1063	gliph2	huang
CASRATRETGVKDTQYF	gliph2_1064	gliph2	huang
CASSATRETGVKDTQYF	gliph2_1064	gliph2	huang
CVARVRGGGGDTDTQYF	gliph2_1065	gliph2	huang
CGAGVRGGGGDTDTQYF	gliph2_1065	gliph2	huang
CSAPHSGASNTGGLFF	gliph2_1066	gliph2	huang
CSAPHSGASNTGELFF	gliph2_1066	gliph2	huang
CASSDSGYVYTF	gliph2_1067	gliph2	huang
CASSDSGYGYTF	gliph2_1067	gliph2	huang
CASSPDRAQAGNSLYF	gliph2_1068	gliph2	huang
CASSPDRAQAGNTIYF	gliph2_1068	gliph2	huang
CSARDRKEIQYF	gliph2_1069	gliph2	huang
CSARDRKETQYF	gliph2_1069	gliph2	huang
CASSPSYNEQFF	gliph2_1070	gliph2	huang
CASSPSYNAQFF	gliph2_1070	gliph2	huang
CSAPRQGETQYF	gliph2_1071	gliph2	huang
CSAPRQGEKLFF	gliph2_1071	gliph2	huang
CASSARQGRTYNDQFF	gliph2_1072	gliph2	huang
CASSARQGRTYNEQFF	gliph2_1072	gliph2	huang
CASSPGQPGGYTF	gliph2_1073	gliph2	huang
CASSPGAPGGYTF	gliph2_1073	gliph2	huang
CAISEQNNQPQHF	gliph2_1074	gliph2	huang
CAISEQSNQPQHF	gliph2_1074	gliph2	huang
CASSRSGQTGTGELFF	gliph2_1075	gliph2	huang
CASSRSGQTGTGVLFF	gliph2_1075	gliph2	huang
CATSRTLGRHTGELFF	gliph2_1076	gliph2	huang
CATSRTLGRHTGALFF	gliph2_1076	gliph2	huang
CASTAELGGAYNEQFF	gliph2_1077	gliph2	huang
CASTAELGGAYNDPFF	gliph2_1077	gliph2	huang
CATSRHPGQGLNEQFF	gliph2_1078	gliph2	huang
CATSRHPGQGLNVQFF	gliph2_1078	gliph2	huang
CATSSERPGAYNEQFF	gliph2_1079	gliph2	huang
CATSSERPGAYNGQFF	gliph2_1079	gliph2	huang
CSARDEDTYAKNMQYF	gliph2_1080	gliph2	huang
CSARDEDTYAKNIQYF	gliph2_1080	gliph2	huang
CSAPGQSWYGYTF	gliph2_1081	gliph2	huang
CSAPGQYWYGYTF	gliph2_1081	gliph2	huang
CATSRGHMISYNGQFF	gliph2_1082	gliph2	huang
CATSRGHMISYNEQFF	gliph2_1082	gliph2	huang
CASSLGVVGSNQPQHF	gliph2_1083	gliph2	huang
CASSLGVVGSNQHQHF	gliph2_1083	gliph2	huang
CARSHSSGGGYYGQYF	gliph2_1084	gliph2	huang
CASSHSSGGGYYEQYF	gliph2_1084	gliph2	huang
CSANRNLNTEAFF	gliph2_1085	gliph2	huang
CSANRNMNTEAFF	gliph2_1085	gliph2	huang
CASSFVPGQGAGGYTF	gliph2_1086	gliph2	huang
CASSFVPGQGAGVYTF	gliph2_1086	gliph2	huang
CAISESRGPEAFF	gliph2_1087	gliph2	huang
CAISESNGPEQFF	gliph2_1087	gliph2	huang
CASSQEMGLANYEQYF	gliph2_1088	gliph2	huang
CASSQEMGLANNEQFF	gliph2_1088	gliph2	huang
CASSLVGTHEQYF	gliph2_1089	gliph2	huang
CASSLVLTHEQYF	gliph2_1089	gliph2	huang
CASSRQEETQYF	gliph2_1090	gliph2	huang
CASSRQEENQYF	gliph2_1090	gliph2	huang
CASSLGDFQGAGGYTF	gliph2_1091	gliph2	huang
CASSLGDFQGARGYTF	gliph2_1091	gliph2	huang
CSARVGLELRYDEQFF	gliph2_1092	gliph2	huang
CSARVGLELRYNEQFF	gliph2_1092	gliph2	huang
CASSTRSGGITEELFF	gliph2_1093	gliph2	huang
CASSTRSGGITGELFF	gliph2_1093	gliph2	huang
CATSRIWDGELFF	gliph2_1094	gliph2	huang
CATSRIGDGELFF	gliph2_1094	gliph2	huang
CASSLFLDQPQHF	gliph2_1095	gliph2	huang
CASSLFEDQPQHF	gliph2_1095	gliph2	huang
CASSLGLRGQRGTQYF	gliph2_1096	gliph2	huang
CASSLGLRGQRETQYF	gliph2_1096	gliph2	huang
CASSSRWTLRNEKLFF	gliph2_1097	gliph2	huang
CATSSRWTLRNDKLFF	gliph2_1097	gliph2	huang
CASSQDLRETQYF	gliph2_1098	gliph2	huang
CASSQDRRETQYF	gliph2_1098	gliph2	huang
CATSRWDNQPQHF	gliph2_1099	gliph2	huang
CASSRWSNQPQHF	gliph2_1099	gliph2	huang
CATSRHPGVGLDTQYF	gliph2_1100	gliph2	huang
CAHSRHPGVGLNTQYF	gliph2_1100	gliph2	huang
CASGLVDRGRDHPQHF	gliph2_1101	gliph2	huang
CASGLVDRGRDQPQHF	gliph2_1101	gliph2	huang
CATSRGHMISYNEQFF	gliph2_1102	gliph2	huang
CATSRGHMISYKEEFF	gliph2_1102	gliph2	huang
CSARGVGGQGNEKLFF	gliph2_1103	gliph2	huang
CRARGVGGQGNGKLFF	gliph2_1103	gliph2	huang
CASSQVAWSGKTEAFF	gliph2_1104	gliph2	huang
CASSQVAWSGNTEAFF	gliph2_1104	gliph2	huang
CAGSQAAGAAKSPLHF	gliph2_1105	gliph2	huang
CASSQAAGAANSPLHF	gliph2_1105	gliph2	huang
CASSPASGGGRGTQYF	gliph2_1106	gliph2	huang
CASSPASGGGLGTQYF	gliph2_1106	gliph2	huang
CATSESRGTEAFF	gliph2_1107	gliph2	huang
CASSESTGTEAFF	gliph2_1107	gliph2	huang
CASSTRAGVDAYEQYF	gliph2_1108	gliph2	huang
CASSTRAGVDSYEQYF	gliph2_1108	gliph2	huang
CASKVGLAGGVGELFF	gliph2_1109	gliph2	huang
CASKVGLAGGAGELFF	gliph2_1109	gliph2	huang
CASKDRASSGANVLTF	gliph2_1110	gliph2	huang
CASKDRASSGTNVLTF	gliph2_1110	gliph2	huang
CASSPLSNEKLFF	gliph2_1111	gliph2	huang
CASSPLANEKLFF	gliph2_1111	gliph2	huang
CASSPSLQGQGYEQYF	gliph2_1112	gliph2	huang
CASSPSLQGQVYEQYF	gliph2_1112	gliph2	huang
CSAILPDAKSHQPQHF	gliph2_1113	gliph2	huang
CSAILPDAKSNQPQHF	gliph2_1113	gliph2	huang
CASSETAGLEQYF	gliph2_1114	gliph2	huang
CASSETPGLEQFF	gliph2_1114	gliph2	huang
CASSQAGTGGNSPLHF	gliph2_1115	gliph2	huang
CASSQAGTGGGSPLHF	gliph2_1115	gliph2	huang
CASRRSAGGELFF	gliph2_1116	gliph2	huang
CSARRSQGGELFF	gliph2_1116	gliph2	huang
CATQDSGGRNDNEQFF	gliph2_1117	gliph2	huang
CATQDSGGRNYNEQFF	gliph2_1117	gliph2	huang
CASSPLAGGPWDTQYF	gliph2_1118	gliph2	huang
CASSPLAGGPTDTQYF	gliph2_1118	gliph2	huang
CASSLAGTGGTDTQYF	gliph2_1119	gliph2	huang
CASSLAGTGRTDTQYF	gliph2_1119	gliph2	huang
CASSQGIWETQYF	gliph2_1120	gliph2	huang
CASSQGGWETQYF	gliph2_1120	gliph2	huang
CSVPQGAADTQYF	gliph2_1121	gliph2	huang
CSVPQGSADTQYF	gliph2_1121	gliph2	huang
CSARGGGTGIAGELFF	gliph2_1122	gliph2	huang
CSARGGGTGVAGELFF	gliph2_1122	gliph2	huang
CSASGLDNPATGELFF	gliph2_1123	gliph2	huang
CSASGLDNPSTGELFF	gliph2_1123	gliph2	huang
CASSISGGAGADTQYF	gliph2_1124	gliph2	huang
CASSISGGACADTQYF	gliph2_1124	gliph2	huang
CSAPGPFQETQYF	gliph2_1125	gliph2	huang
CSAPGPCQETQYF	gliph2_1125	gliph2	huang
CARSIGLLGRYNEQCF	gliph2_1126	gliph2	huang
CASSIGLLGIYNEQFF	gliph2_1126	gliph2	huang
CSARLSGGEAKNIQYF	gliph2_1127	gliph2	huang
CSARLSGGESKNIQYF	gliph2_1127	gliph2	huang
CASRPRPGVKLFF	gliph2_1128	gliph2	huang
CASRPRQGVKLFF	gliph2_1128	gliph2	huang
CATSDPSGNTIYF	gliph2_1129	gliph2	huang
CAWSDPPGNTIYF	gliph2_1129	gliph2	huang
CSAREGAVTEAFF	gliph2_1130	gliph2	huang
CRAREGSVTEAFF	gliph2_1130	gliph2	huang
CATGQGLEKLFF	gliph2_1131	gliph2	huang
CSAGQGLETQYF	gliph2_1131	gliph2	huang
CSASTGPTGFAYGYTF	gliph2_1132	gliph2	huang
CSASTGPTGCAYGYTF	gliph2_1132	gliph2	huang
CASSELEADTQYF	gliph2_1133	gliph2	huang
CASSELDADTQYF	gliph2_1133	gliph2	huang
CATSRGQEGLNTEAFF	gliph2_1134	gliph2	huang
CATSRGQEGMNTEAFF	gliph2_1134	gliph2	huang
CASSLTSGGAKNIQYF	gliph2_1135	gliph2	huang
CASSLTSGGTKNIQYF	gliph2_1135	gliph2	huang
CASSRDRGVNVGKLFF	gliph2_1136	gliph2	huang
CASSRDRGVDVGKLFF	gliph2_1136	gliph2	huang
CAWSRPQNYEQYF	gliph2_1137	gliph2	huang
CATSRPGNYEQYV	gliph2_1137	gliph2	huang
CASSPRTSGSADTQYF	gliph2_1138	gliph2	huang
CASSPRTSGRADTQYF	gliph2_1138	gliph2	huang
CASSDPMGGCLSPRHF	gliph2_1139	gliph2	huang
CASSDPMGGGLSPLHF	gliph2_1139	gliph2	huang
CASSSRPGQFNNEKFF	gliph2_1140	gliph2	huang
CASSSRPGQVNNEQFF	gliph2_1140	gliph2	huang
CASSDRVNSPLHF	gliph2_1141	gliph2	huang
CANSDRANSPLHF	gliph2_1141	gliph2	huang
CASSLYLGTRTDTQYF	gliph2_1142	gliph2	huang
CASSLYLGTLTDTQYF	gliph2_1142	gliph2	huang
CASIYSRDSAGNTIYF	gliph2_1143	gliph2	huang
CASIYSRDSSGNTIYF	gliph2_1143	gliph2	huang
CSARRIGGGYTGELFF	gliph2_1144	gliph2	huang
CSARRIGGGSTGELFF	gliph2_1144	gliph2	huang
CAWTTGHNSPLHF	gliph2_1145	gliph2	huang
CASTTGPNSPLHF	gliph2_1145	gliph2	huang
CASSLAAGTAGDTQYF	gliph2_1146	gliph2	huang
CASSLAAGTSGDTIYF	gliph2_1146	gliph2	huang
CASSLEVGAGYTF	gliph2_1147	gliph2	huang
CASSLESGAGYTF	gliph2_1147	gliph2	huang
CASSLLGGMGTDTQYF	gliph2_1148	gliph2	huang
CASSLLGGMATDTQYF	gliph2_1148	gliph2	huang
CASSLSPAPDNSPLHF	gliph2_1149	gliph2	huang
CASSLSPAPYNSPLHF	gliph2_1149	gliph2	huang
CASSQTGGEKLFF	gliph2_1150	gliph2	huang
CASSQTTGEKLFF	gliph2_1150	gliph2	huang
CSVLREMNTEAFF	gliph2_1151	gliph2	huang
CSVLRELNTEAFF	gliph2_1151	gliph2	huang
CASSLKGGVSYNEQFF	gliph2_1152	gliph2	huang
CASSLKGGSSYNEQFF	gliph2_1152	gliph2	huang
CASSDPELAGGNEQFF	gliph2_1153	gliph2	huang
CASSDPELGGGNEQFF	gliph2_1153	gliph2	huang
CSARTSGGSSYNEQFF	gliph2_1154	gliph2	huang
CSARTSGGGSYNEQFF	gliph2_1154	gliph2	huang
CATTEGSTDTQYF	gliph2_1155	gliph2	huang
CASTEGGTDTQYF	gliph2_1155	gliph2	huang
CATSRDGYRELFF	gliph2_1156	gliph2	huang
CATSRDEYRELFF	gliph2_1156	gliph2	huang
CRATSGGANEQFF	gliph2_1157	gliph2	huang
CRATSGRANEQFF	gliph2_1157	gliph2	huang
CASSQQMNQPQHF	gliph2_1158	gliph2	huang
CATSQQGNQPQHF	gliph2_1158	gliph2	huang
CASSPGTFLSYNEQFF	gliph2_1159	gliph2	huang
CASSPGTFRSYNEQFF	gliph2_1159	gliph2	huang
CASSQAAGGANSPLPF	gliph2_1160	gliph2	huang
CASSQAAGAANSPLHF	gliph2_1160	gliph2	huang
CSARNPPGEAEYF	gliph2_1161	gliph2	huang
CSARNPAGEAEYF	gliph2_1161	gliph2	huang
CASSQVAWGGNTEAFF	gliph2_1162	gliph2	huang
CASSQVAWSGNTEAFF	gliph2_1162	gliph2	huang
CASSPGSEYGYTF	gliph2_1163	gliph2	huang
CASSPGQEYGYTF	gliph2_1163	gliph2	huang
CSARAPGLGGFNEQFF	gliph2_1164	gliph2	huang
CSARAPGLAGFNEQFF	gliph2_1164	gliph2	huang
CATSDRGTSRGETQYF	gliph2_1165	gliph2	huang
CATSDRGTARGETQYF	gliph2_1165	gliph2	huang
CASSRLPGKGTYEQYF	gliph2_1166	gliph2	huang
CASSRLPGTGTYEQYF	gliph2_1166	gliph2	huang
CASSLGSGFVQETQYF	gliph2_1167	gliph2	huang
CASSLGSGRVQETQYF	gliph2_1167	gliph2	huang
CASSHGPGDHQETQYF	gliph2_1168	gliph2	huang
CASSHGPGHHQETQYF	gliph2_1168	gliph2	huang
CASSVGGRQYTDTQYF	gliph2_1169	gliph2	huang
CASSVGGRRYTDTQYF	gliph2_1169	gliph2	huang
CSGGLAGGGSYNEQFF	gliph2_1170	gliph2	huang
CSAGLAGGVSYNEQFF	gliph2_1170	gliph2	huang
CASSLGGPALGETQYF	gliph2_1171	gliph2	huang
CASSLGGPSLGETQYF	gliph2_1171	gliph2	huang
CASSMPRTWGGQPQHF	gliph2_1172	gliph2	huang
CASSMPRTGGGQPQHF	gliph2_1172	gliph2	huang
CASSDQGPYEQYF	gliph2_1173	gliph2	huang
CASSDQRPYEQYF	gliph2_1173	gliph2	huang
CASSWPRGRVADTQYF	gliph2_1174	gliph2	huang
CASSWPRGCVADTQYF	gliph2_1174	gliph2	huang
CASSQGGTSSYNEQFF	gliph2_1175	gliph2	huang
CASSQGGTLSYNEQFF	gliph2_1175	gliph2	huang
CAGSPGGHGGTDTQYF	gliph2_1176	gliph2	huang
CASSPGGHRGTDTQYF	gliph2_1176	gliph2	huang
CASSQPGHPSSYEQYF	gliph2_1177	gliph2	huang
CASSQPGHSSSYEQYF	gliph2_1177	gliph2	huang
CSALPPGLVSTDTQYF	gliph2_1178	gliph2	huang
CSALPPGLASTDTQYF	gliph2_1178	gliph2	huang
CASSSQGGVGGTEAFF	gliph2_1179	gliph2	huang
CASSSQGGTGGTEAFF	gliph2_1179	gliph2	huang
CSAISGGADTQYF	gliph2_1180	gliph2	huang
CSAISGVADTQYF	gliph2_1180	gliph2	huang
CSSRVDLSGGLDTQYF	gliph2_1181	gliph2	huang
CSARVDLAGGLDTQYF	gliph2_1181	gliph2	huang
CSARDRTWGAYNEQFF	gliph2_1182	gliph2	huang
CSARDRTGGAYNEQFF	gliph2_1182	gliph2	huang
CASSLSIAFEAFF	gliph2_1183	gliph2	huang
CASSLSIGFEAFF	gliph2_1183	gliph2	huang
CAWSGGLQQPQHF	gliph2_1184	gliph2	huang
CSISGGLGQPQHF	gliph2_1184	gliph2	huang
CSALPPGLASTDTQYF	gliph2_1185	gliph2	huang
CSALPPGRASTDTQYF	gliph2_1185	gliph2	huang
CSARVLGINEQFF	gliph2_1186	gliph2	huang
CSARVLGVNEQFF	gliph2_1186	gliph2	huang
CSARDRRTGSYNEQFF	gliph2_1187	gliph2	huang
CSARDRRLGSYNEQFF	gliph2_1187	gliph2	huang
CASSPGTGRSYNEQFF	gliph2_1188	gliph2	huang
CASSPGTFRSYNEQFF	gliph2_1188	gliph2	huang
CSARAPGLAGFNEQFF	gliph2_1189	gliph2	huang
CSARAPGRAGFNEQFF	gliph2_1189	gliph2	huang
CAWSVKGNQPQHF	gliph2_1190	gliph2	huang
CAWSVKGFQPQHF	gliph2_1190	gliph2	huang
CSATEGSKDTQYF	gliph2_1191	gliph2	huang
CATTEGSTDTQYF	gliph2_1191	gliph2	huang
CARSQHEITYSSGYAF	gliph2_1192	gliph2	huang
CASSQHEMTYSSGYTF	gliph2_1192	gliph2	huang
CASSRDRNEQFF	gliph2_1193	gliph2	huang
CATSRDRNTIYF	gliph2_1193	gliph2	huang
CASSMPRTGGGQPQHF	gliph2_1194	gliph2	huang
CASSMPRRGGGQPQHF	gliph2_1194	gliph2	huang
CASSVYTWETQYF	gliph2_1195	gliph2	huang
CASSVYTRETQYF	gliph2_1195	gliph2	huang
CASSSLAFYEQYF	gliph2_1196	gliph2	huang
CASSSLAGYEQYF	gliph2_1196	gliph2	huang
CASSSTGASGANVLTF	gliph2_1197	gliph2	huang
CASSSTGVSGANVLTF	gliph2_1197	gliph2	huang
CASSGGGRGAGETQYF	gliph2_1198	gliph2	huang
CAGSGGGWGAGETQYF	gliph2_1198	gliph2	huang
CASSSPGGGLSYEQYF	gliph2_1199	gliph2	huang
CTSSSPGQGLSYEQYF	gliph2_1199	gliph2	huang
CASSPPPDAMNTEAFF	gliph2_1200	gliph2	huang
CASSPPPGAMNTEAFF	gliph2_1200	gliph2	huang
CASSLASLGQFRPQHF	gliph2_1201	gliph2	huang
CASSLASRGQFRPQHF	gliph2_1201	gliph2	huang
CASSELESYEQYF	gliph2_1202	gliph2	huang
CASSELENYEQFF	gliph2_1202	gliph2	huang
CASSVGSALAVFEQYF	gliph2_1203	gliph2	huang
CASSVGSSLAVFEQYF	gliph2_1203	gliph2	huang
CASSPGQPGGYTF	gliph2_1204	gliph2	huang
CASSPGQGGGYTF	gliph2_1204	gliph2	huang
CAWAGHTNQPQHF	gliph2_1205	gliph2	huang
CAWAGHTHQPQHF	gliph2_1205	gliph2	huang
CASSELDTDTQYF	gliph2_1206	gliph2	huang
CASSELDADTQYF	gliph2_1206	gliph2	huang
CASSVNRGHEQFF	gliph2_1207	gliph2	huang
CAISVNRCHEQFF	gliph2_1207	gliph2	huang
CAISESGGSSYNEQFF	gliph2_1208	gliph2	huang
CASSESGISSYNEQFF	gliph2_1208	gliph2	huang
CSAGPTGDEKLLF	gliph2_1209	gliph2	huang
CSAGPTGTEKLFF	gliph2_1209	gliph2	huang
CASIYDRGKSPYEQYF	gliph2_1210	gliph2	huang
CASIYDRVKSPYEQYF	gliph2_1210	gliph2	huang
CATSSERTGAYNEQFF	gliph2_1211	gliph2	huang
CATSSERPGAYNEQFF	gliph2_1211	gliph2	huang
CARSFTGRAAYNEQFF	gliph2_1212	gliph2	huang
CASSFTGLAAYNEQFF	gliph2_1212	gliph2	huang
CSSRDGGHGLLGPQHF	gliph2_1213	gliph2	huang
CSARDGGQGLLGPQHF	gliph2_1213	gliph2	huang
CASSQDSRGRGNEQFF	gliph2_1214	gliph2	huang
CASSQDARGRGNEQFF	gliph2_1214	gliph2	huang
CSVKGQGPGTQYF	gliph2_1215	gliph2	huang
CSVKGQGSGTQYF	gliph2_1215	gliph2	huang
CSAAIAASTKQYF	gliph2_1216	gliph2	huang
CSAAIAAATKQYF	gliph2_1216	gliph2	huang
CASSDPELAGGNEQFF	gliph2_1217	gliph2	huang
CASSDPGLAGGNEQYF	gliph2_1217	gliph2	huang
CSARKIGEPRGHEQFF	gliph2_1218	gliph2	huang
CSARKIWEPRGHEQFF	gliph2_1218	gliph2	huang
CASSIDPVKGQFF	gliph2_1219	gliph2	huang
CASSIDPGKGQFF	gliph2_1219	gliph2	huang
CASREGVLKLNTEAFF	gliph2_1220	gliph2	huang
CASREGGLKLNTEAFF	gliph2_1220	gliph2	huang
CSARDRTLGSYNEQFF	gliph2_1221	gliph2	huang
CSARDRRLGSYNEQFF	gliph2_1221	gliph2	huang
CASSLNPGQPQHF	gliph2_1222	gliph2	huang
CASSLNPNQPQHF	gliph2_1222	gliph2	huang
CASSPTGQDGYTF	gliph2_1223	gliph2	huang
CASSPTGWDGYTF	gliph2_1223	gliph2	huang
CASSWTSGGGTDTQYF	gliph2_1224	gliph2	huang
CASSWTNGGGTDTQYF	gliph2_1224	gliph2	huang
CASSQGDAGELFF	gliph2_1225	gliph2	huang
CASSQGDTGEAFF	gliph2_1225	gliph2	huang
CASSLSGAAEAFF	gliph2_1226	gliph2	huang
CASSLSGNAEAFF	gliph2_1226	gliph2	huang
CSARAPRRAGFNEQFF	gliph2_1227	gliph2	huang
CSARAPGRAGFNEQFF	gliph2_1227	gliph2	huang
CASSLDIRGEQFF	gliph2_1228	gliph2	huang
CASSLDIPGELFF	gliph2_1228	gliph2	huang
CSARHQSGRSGNEQFF	gliph2_1229	gliph2	huang
CSARHQRGRSGNEQFF	gliph2_1229	gliph2	huang
CASSQSGADTQYF	gliph2_1230	gliph2	huang
CASSQSGIDTQYF	gliph2_1230	gliph2	huang
CSVLFFVGGPGNEQFF	gliph2_1231	gliph2	huang
CSVLFFGGGPGNEQFF	gliph2_1231	gliph2	huang
CATSRWDSQPQYF	gliph2_1232	gliph2	huang
CATSRWDNQPQHF	gliph2_1232	gliph2	huang
CASSARQGRTYNEQFF	gliph2_1233	gliph2	huang
CASSARPGRTYNEQFF	gliph2_1233	gliph2	huang
CASSQVAWSGNTEAFF	gliph2_1234	gliph2	huang
CASSQVDWSGNTEAFF	gliph2_1234	gliph2	huang
CASSGTGYQPQHF	gliph2_1235	gliph2	huang
CSASGTGDQPQHF	gliph2_1235	gliph2	huang
CASSLGGRQYTDTQYF	gliph2_1236	gliph2	huang
CASSLGCRQYTDTQYF	gliph2_1236	gliph2	huang
CASSGRANEKLFF	gliph2_1237	gliph2	huang
CASSGRAEEKLFF	gliph2_1237	gliph2	huang
CRARDLVAGATGELFF	gliph2_1238	gliph2	huang
CSARDLLAGATGELFF	gliph2_1238	gliph2	huang
CASSFRRKTGTDTQYF	gliph2_1239	gliph2	huang
CASSFRLKTGTDTQYF	gliph2_1239	gliph2	huang
CASSLEQKQPQHF	gliph2_1240	gliph2	huang
CASSLEQNQPQHF	gliph2_1240	gliph2	huang
CASTAELGGAYNEQFF	gliph2_1241	gliph2	huang
CSSTAEWGGAYNEQFF	gliph2_1241	gliph2	huang
CASSLPSTGAATEAFF	gliph2_1242	gliph2	huang
CASSLPATGAATEAFF	gliph2_1242	gliph2	huang
CASSLAWDSPHSPLHF	gliph2_1243	gliph2	huang
CASSLAGDSPHSPLHF	gliph2_1243	gliph2	huang
CSVEEPRQTEQFF	gliph2_1244	gliph2	huang
CSVEEPRHTEAFF	gliph2_1244	gliph2	huang
CASSLALGGFGNTIYF	gliph2_1245	gliph2	huang
CASSLAFGGFGNTIYF	gliph2_1245	gliph2	huang
CASSFGEGGGNTEAFF	gliph2_1246	gliph2	huang
CASSFGQGGGNTEAFF	gliph2_1246	gliph2	huang
CATSDYGDIQYF	gliph2_1247	gliph2	huang
CASSDYGDTQYF	gliph2_1247	gliph2	huang
CASSQGLADTQYF	gliph2_1248	gliph2	huang
CASSQGLGDTQYF	gliph2_1248	gliph2	huang
CSSSLGWTAAFF	gliph2_1249	gliph2	huang
CASSLGWTEAFF	gliph2_1249	gliph2	huang
CASSLGNNRLNTEAFF	gliph2_1250	gliph2	huang
CASSLGINRLNTEAFF	gliph2_1250	gliph2	huang
CASSEVWGRSSYEQYF	gliph2_1251	gliph2	huang
CASSEGWGRSSYEQYF	gliph2_1251	gliph2	huang
CSVVGCGQSRTDTQYF	gliph2_1252	gliph2	huang
CSVVGFGQSRTDTQYF	gliph2_1252	gliph2	huang
CSARPPGSTEAFF	gliph2_1253	gliph2	huang
CSARPPGNTEAFF	gliph2_1253	gliph2	huang
CSARKSWEPRGHEQFF	gliph2_1254	gliph2	huang
CSARKIWEPRGHEQFF	gliph2_1254	gliph2	huang
CASSLSSGGYTDTQYF	gliph2_1255	gliph2	huang
CASSLDSGGYTDTQYF	gliph2_1255	gliph2	huang
CASSLRGTGGTDTQYF	gliph2_1256	gliph2	huang
CASSLAGTGGTDTQYF	gliph2_1256	gliph2	huang
CASSQDRGETQYF	gliph2_1257	gliph2	huang
CASSQDRRETQYF	gliph2_1257	gliph2	huang
CAISEFVSRGDYGYTF	gliph2_1258	gliph2	huang
CAISEVVSRGDYGYTF	gliph2_1258	gliph2	huang
CASSLRKPPGAGELFF	gliph2_1259	gliph2	huang
CASSLMKPPGAGELFF	gliph2_1259	gliph2	huang
CATSRLPGQGLNEQFF	gliph2_1260	gliph2	huang
CATSRHPGQGLNEQFF	gliph2_1260	gliph2	huang
CASSPLGGAGANVLTF	gliph2_1261	gliph2	huang
CASSPYGGAGANVLTF	gliph2_1261	gliph2	huang
CAGSLEGTSGVYEQYF	gliph2_1262	gliph2	huang
CASSLDGTSGVYEQYF	gliph2_1262	gliph2	huang
CASSLGGTRSYNEQFF	gliph2_1263	gliph2	huang
CASSLTGTRSYNEQFF	gliph2_1263	gliph2	huang
CSARASGGEAKNIQYF	gliph2_1264	gliph2	huang
CSARAGGGEAKNIQYF	gliph2_1264	gliph2	huang
CSVYGQGNEKLFF	gliph2_1265	gliph2	huang
CSVYGQGSEKLFF	gliph2_1265	gliph2	huang
CASSELEADTQYF	gliph2_1266	gliph2	huang
CASSELEVDTQYF	gliph2_1266	gliph2	huang
CASSRTGSANTGELFF	gliph2_1267	gliph2	huang
CASSRAGSANTGELFF	gliph2_1267	gliph2	huang
CSVDSAEGRVNQPQHF	gliph2_1268	gliph2	huang
CSVDSSEGRVNQPQHF	gliph2_1268	gliph2	huang
CASSLASGRVQETQYF	gliph2_1269	gliph2	huang
CASSLGSGRVQETQYF	gliph2_1269	gliph2	huang
CASAPVAGGHTGELFF	gliph2_1270	gliph2	huang
CASAPIAGGHTGELFF	gliph2_1270	gliph2	huang
CASSLTGGHGNQPQHF	gliph2_1271	gliph2	huang
CASSLVGGHGNQPQHF	gliph2_1271	gliph2	huang
CSAPGPFRETQYF	gliph2_1272	gliph2	huang
CSAPGPFQETQYF	gliph2_1272	gliph2	huang
CAWSRSGSSGANVLTF	gliph2_1273	gliph2	huang
CAWSHSGSSGANVLTF	gliph2_1273	gliph2	huang
CASSFGAGRIQETQYF	gliph2_1274	gliph2	huang
CASSPGAGRIQETQYF	gliph2_1274	gliph2	huang
CASSVEGYYEQYF	gliph2_1275	gliph2	huang
CASSVEGAYEQYF	gliph2_1275	gliph2	huang
CARRRDPNEQFF	gliph2_1276	gliph2	huang
CSARRDPNGQYF	gliph2_1276	gliph2	huang
CAWSPGGPYSNQPQHF	gliph2_1277	gliph2	huang
CAWSMGGPYSNQPQHF	gliph2_1277	gliph2	huang
CAWSIGARPQYF	gliph2_1278	gliph2	huang
CAWSIWARPQYF	gliph2_1278	gliph2	huang
CATSRDQIGHSF	gliph2_1279	gliph2	huang
CATSRDQIVHSF	gliph2_1279	gliph2	huang
CAWSVGPIYGYTF	gliph2_1280	gliph2	huang
CAWSVGPTYGYTF	gliph2_1280	gliph2	huang
CSGPRQVITEAFF	gliph2_1281	gliph2	huang
CSAPRQVNTEAFF	gliph2_1281	gliph2	huang
CATSINPVTPQHF	gliph2_1282	gliph2	huang
CATSINPGTPQHF	gliph2_1282	gliph2	huang
CSARAPGLAGFNEQFF	gliph2_1283	gliph2	huang
CSARVPGLAGFNEQFF	gliph2_1283	gliph2	huang
CASSAWVEGRGTEAFF	gliph2_1284	gliph2	huang
CASSEWVEGRGTEAFF	gliph2_1284	gliph2	huang
CASSLFDSNEQFF	gliph2_1285	gliph2	huang
CASSLFDYNEQFF	gliph2_1285	gliph2	huang
CSARRSGGESKNIQYF	gliph2_1286	gliph2	huang
CSARLSGGESKNIQYF	gliph2_1286	gliph2	huang
CASSFTGLAAYNEQFF	gliph2_1287	gliph2	huang
CASSCTGLAAYNEQFF	gliph2_1287	gliph2	huang
CASSGGGRGAGETQYF	gliph2_1288	gliph2	huang
CASSVGGRGAGETQYF	gliph2_1288	gliph2	huang
CASSLGVGALTDTQYF	gliph2_1289	gliph2	huang
CASSSGVGALTDTQYF	gliph2_1289	gliph2	huang
CASSQSRGETQYF	gliph2_1290	gliph2	huang
CASSQSRSETQYF	gliph2_1290	gliph2	huang
CASSEDRDSPLHF	gliph2_1291	gliph2	huang
CASSEDRGSPLHF	gliph2_1291	gliph2	huang
CASSFVPGQGAGGYTF	gliph2_1292	gliph2	huang
CASSCVPGQGAGGYTF	gliph2_1292	gliph2	huang
CASSLASGGATDTQYF	gliph2_1293	gliph2	huang
CASSSASGGATDTQYF	gliph2_1293	gliph2	huang
CSVLVFVGGPGNEQFF	gliph2_1294	gliph2	huang
CSVLFFVGGPGNEQFF	gliph2_1294	gliph2	huang
CASSVDTGGSYNEQFF	gliph2_1295	gliph2	huang
CASSLDTGGSYNEQFF	gliph2_1295	gliph2	huang
CSASTRAADTQYF	gliph2_1296	gliph2	huang
CASSTRATDTQYF	gliph2_1296	gliph2	huang
CASSLNQIAGGYEQYF	gliph2_1297	gliph2	huang
CASSVNQIAGGYEQYF	gliph2_1297	gliph2	huang
CASSGHLNTEAFF	gliph2_1298	gliph2	huang
CASSGHLGTEAFF	gliph2_1298	gliph2	huang
CSARKGGGEAKNIQYF	gliph2_1299	gliph2	huang
CSARAGGGEAKNIQYF	gliph2_1299	gliph2	huang
CSAGVAGGRSYNEQFF	gliph2_1300	gliph2	huang
CSAGKAGGRSYNEQFF	gliph2_1300	gliph2	huang
CASSARRNTEAFF	gliph2_1301	gliph2	huang
CASSARRDTEAFF	gliph2_1301	gliph2	huang
CSSSGPLDRGRDTQYF	gliph2_1302	gliph2	huang
CASSRPLDRGRDTQYF	gliph2_1302	gliph2	huang
CASRQERLALPYEQYF	gliph2_1303	gliph2	huang
CASRPERLALPYEQYF	gliph2_1303	gliph2	huang
CASSVGGRQYTDTQYF	gliph2_1304	gliph2	huang
CASSLGGRQYTDTQYF	gliph2_1304	gliph2	huang
CSARVIGVNEQFF	gliph2_1305	gliph2	huang
CSARVIGINEQYF	gliph2_1305	gliph2	huang
CASSQGSITQYF	gliph2_1306	gliph2	huang
CASSQGSDTQYF	gliph2_1306	gliph2	huang
CASSQTSGGAADTQYF	gliph2_1307	gliph2	huang
CAISGTSGGAADTQYF	gliph2_1307	gliph2	huang
CASKGAGVDEQYF	gliph2_1308	gliph2	huang
CASKGAGVYEQYF	gliph2_1308	gliph2	huang
CASSHGQVATNEKLFF	gliph2_1309	gliph2	huang
CASSPGQVATNEKLFF	gliph2_1309	gliph2	huang
CASRVGGGGAGETQYF	gliph2_1310	gliph2	huang
CAGRGGGGGAGETQYF	gliph2_1310	gliph2	huang
CASSYGPDTQYF	gliph2_1311	gliph2	huang
CASSYGPETQYF	gliph2_1311	gliph2	huang
CASSLPSTGAATEAFF	gliph2_1312	gliph2	huang
CASSVPSTGAATEAFF	gliph2_1312	gliph2	huang
CSASQTSGGAGETQYF	gliph2_1313	gliph2	huang
CASSSTSGGAGETQYF	gliph2_1313	gliph2	huang
CASSLAWDSPHSPLHF	gliph2_1314	gliph2	huang
CASSFAWDSPHSPLHF	gliph2_1314	gliph2	huang
CSALAPGDRYTDTQYF	gliph2_1315	gliph2	huang
CSALGPGDRYTDTKYF	gliph2_1315	gliph2	huang
CIAWETGYARPYF	gliph2_1316	gliph2	huang
CSAWETGYSRQYF	gliph2_1316	gliph2	huang
CATSSPGQGSTGELFF	gliph2_1317	gliph2	huang
CATSAPGQGSTGELFF	gliph2_1317	gliph2	huang
CASSSRGVGGTGELFF	gliph2_1318	gliph2	huang
CASSARGVGGTGELFF	gliph2_1318	gliph2	huang
CSALNRVKAGANVLTF	gliph2_1319	gliph2	huang
CSALDRVKAGANVLTF	gliph2_1319	gliph2	huang
CSARDAGTASNQPQHF	gliph2_1320	gliph2	huang
CSAREAGTASNQPQHF	gliph2_1320	gliph2	huang
CASSQGGGVGAFF	gliph2_1321	gliph2	huang
CASSQGGGAGFNF	gliph2_1321	gliph2	huang
CATSESRGTEAFF	gliph2_1322	gliph2	huang
CAISESRGPEAFF	gliph2_1322	gliph2	huang
CRATSGRAKEQFF	gliph2_1323	gliph2	huang
CRATSGRANEQFF	gliph2_1323	gliph2	huang
CASSLFTSATNEKLFF	gliph2_1324	gliph2	huang
CASSVFTSATNEKLFF	gliph2_1324	gliph2	huang
CATSDPGGGELFF	gliph2_1325	gliph2	huang
CASSDPGGYEQYF	gliph2_1325	gliph2	huang
CSASSPGAASLNEQFF	gliph2_1326	gliph2	huang
CSASPPGAASLNEQFF	gliph2_1326	gliph2	huang
CASSPLAGGPWDTQYF	gliph2_1327	gliph2	huang
CASSRLAGGPWDTQYF	gliph2_1327	gliph2	huang
CSARDRGAEQYF	gliph2_1328	gliph2	huang
CSARDAGAEQYF	gliph2_1328	gliph2	huang
CASSFLPAEKLFF	gliph2_1329	gliph2	huang
CASSFLPAAKLFF	gliph2_1329	gliph2	huang
CAWSGPGQGLNTEALF	gliph2_1330	gliph2	huang
CAWSVPGQGLNTEAFF	gliph2_1330	gliph2	huang
CASSELENTEAFF	gliph2_1331	gliph2	huang
CASSELENYEQFF	gliph2_1331	gliph2	huang
CASSAPGNSPLHF	gliph2_1332	gliph2	huang
CASSAPGNAPLHF	gliph2_1332	gliph2	huang
CSVEGPGANGYFF	gliph2_1333	gliph2	huang
CSVEGPGAKGYTF	gliph2_1333	gliph2	huang
CASSLNSGREAFF	gliph2_1334	gliph2	huang
CASSLNSGGEQFF	gliph2_1334	gliph2	huang
CASSIKGGIRRQPQHF	gliph2_1335	gliph2	huang
CCNYIKGGIRRQPQHF	gliph2_1335	gliph2	huang
CATSDSYEYIQYF	gliph2_1336	gliph2	huang
CATSDSYEDIQYF	gliph2_1336	gliph2	huang
CASSSIQYTEAFF	gliph2_1337	gliph2	huang
CAESSIQYKEAFF	gliph2_1337	gliph2	huang
CSARVGLELRYNEQFF	gliph2_1338	gliph2	huang
CSACVGLELRYNEQFF	gliph2_1338	gliph2	huang
CASSQEPGGRQDTQYF	gliph2_1339	gliph2	huang
CASRQEPGGRQDTQYF	gliph2_1339	gliph2	huang
CSAGTSGSRSYNEQFF	gliph2_1340	gliph2	huang
CSAPTSGSRSYNEQFF	gliph2_1340	gliph2	huang
CASIEGPRTAPDTPYF	gliph2_1341	gliph2	huang
CASSEGPRTAPDTQYF	gliph2_1341	gliph2	huang
CASRQTGQGGVEKLFF	gliph2_1342	gliph2	huang
CASSQTGQGGVEKLFF	gliph2_1342	gliph2	huang
CSARGSIGIYTGELFF	gliph2_1343	gliph2	huang
CSASGSIGIYTGELFF	gliph2_1343	gliph2	huang
CAWSGGSSGEAFF	gliph2_1344	gliph2	huang
CASSGGSSYEQYF	gliph2_1344	gliph2	huang
CRVEGGRDAEAFF	gliph2_1345	gliph2	huang
CSVEGGRDTEAFF	gliph2_1345	gliph2	huang
CASSQDTRAPLHF	gliph2_1346	gliph2	huang
CASSQDTRSPLHF	gliph2_1346	gliph2	huang
CASSEGRVDEQYF	gliph2_1347	gliph2	huang
CASSEGRVVEAFF	gliph2_1347	gliph2	huang
CASRPSGISFNNEQFF	gliph2_1348	gliph2	huang
CASSPSGISFNNEQFF	gliph2_1348	gliph2	huang
CSPITTQGVHTGELFF	gliph2_1349	gliph2	huang
CATSTTQGVHTGELFF	gliph2_1349	gliph2	huang
CASGGGGGGAGETQYF	gliph2_1350	gliph2	huang
CAGRGGGGGAGETQYF	gliph2_1350	gliph2	huang
CASGGQGGAGANVRTF	gliph2_1351	gliph2	huang
CASSGQGGAGANVLTF	gliph2_1351	gliph2	huang
CASSQRGQDTQYF	gliph2_1352	gliph2	huang
CASSQRGQGTQYF	gliph2_1352	gliph2	huang
CASSEGPNQPQHF	gliph2_1353	gliph2	huang
CASSEGPNSPLHF	gliph2_1353	gliph2	huang
CASSRDRKTEAFF	gliph2_1354	gliph2	huang
CAISRDRKSEAFF	gliph2_1354	gliph2	huang
CSAGSGVGNEQFF	gliph2_1355	gliph2	huang
CSAGSGVGKEQFF	gliph2_1355	gliph2	huang
CASSPMTSLSSYEQYF	gliph2_1356	gliph2	huang
CACLPMTSLSSYEQYF	gliph2_1356	gliph2	huang
CGRRLGQQGPHEEQYF	gliph2_1357	gliph2	huang
CASSLGQQGPHEEQYF	gliph2_1357	gliph2	huang
CASCPSKGLHSYEQYF	gliph2_1358	gliph2	huang
CASSPSKGLHSYEQYF	gliph2_1358	gliph2	huang
CSVGGFGQSRTDTQYF	gliph2_1359	gliph2	huang
CSVVGFGQSRTDTQYF	gliph2_1359	gliph2	huang
CSASGQPPCEQYF	gliph2_1360	gliph2	huang
CSASGQPPYEQYF	gliph2_1360	gliph2	huang
CAWKRDRQETQYF	gliph2_1361	gliph2	huang
CAGKRDRQGTQYF	gliph2_1361	gliph2	huang
CASNLRRPSGSDTQYF	gliph2_1362	gliph2	huang
CASSLRRPSGSDTQYF	gliph2_1362	gliph2	huang
CSALPGQGLSNQPQHF	gliph2_1363	gliph2	huang
CSARPGQGLSNQPQHF	gliph2_1363	gliph2	huang
CASSWDREAEQYF	gliph2_1364	gliph2	huang
CASSWDREREQYF	gliph2_1364	gliph2	huang
CSASEGRGGPQHF	gliph2_1365	gliph2	huang
CATSEGRGQPQHF	gliph2_1365	gliph2	huang
CSVRFFVGGPGNEQCF	gliph2_1366	gliph2	huang
CSVLFFVGGPGNEQFF	gliph2_1366	gliph2	huang
CSATEDMNQPQHF	gliph2_1367	gliph2	huang
CSATEDMNQRQHF	gliph2_1367	gliph2	huang
CASSSGQGGTQYF	gliph2_1368	gliph2	huang
CASSSGQGGGYTF	gliph2_1368	gliph2	huang
CASSRGNGNIQYF	gliph2_1369	gliph2	huang
CSASRGNGNTIYF	gliph2_1369	gliph2	huang
CASSLDPGSGYTF	gliph2_1370	gliph2	huang
CASSLDPGSPLHF	gliph2_1370	gliph2	huang
CSATDRGPAVMGF	gliph2_1371	gliph2	huang
CSATDRGPAGMGF	gliph2_1371	gliph2	huang
CASSSGLGEAQYF	gliph2_1372	gliph2	huang
CASSSGLGETQYF	gliph2_1372	gliph2	huang
CASSQFLGDTQYF	gliph2_1373	gliph2	huang
CASSQFLGDEQFF	gliph2_1373	gliph2	huang
CASSPLRTDTQYF	gliph2_1374	gliph2	huang
CASSPLRTDAQYF	gliph2_1374	gliph2	huang
CASSMVVDQTQHF	gliph2_1375	gliph2	huang
CASSMVVDQPQHF	gliph2_1375	gliph2	huang
CASSLARGGSYGYTF	gliph2_1376	gliph2	huang
CASSLARGGSYEQYF	gliph2_1376	gliph2	huang
CSVEGRERGALFF	gliph2_1377	gliph2	huang
CSVEGRERGELFF	gliph2_1377	gliph2	huang
CAWAGLNLNEQFF	gliph2_1378	gliph2	huang
CAWAGLNLNVQFF	gliph2_1378	gliph2	huang
CAGSSAGTESGNLHF	gliph2_1379	gliph2	huang
CASSSAGTESGTLHF	gliph2_1379	gliph2	huang
CASSQQGAGGYTF	gliph2_1380	gliph2	huang
CASSQQGAGELFF	gliph2_1380	gliph2	huang
CASSNQGREAFF	gliph2_1381	gliph2	huang
CASSNQGTEAFF	gliph2_1381	gliph2	huang
CASSLGVWELAFF	gliph2_1382	gliph2	huang
CASSLGVWETQYF	gliph2_1382	gliph2	huang
CASSPGQGTGYTF	gliph2_1383	gliph2	huang
CASSPGQGTIQYF	gliph2_1383	gliph2	huang
CASSLVLNNGRFF	gliph2_1384	gliph2	huang
CASSLVLNNEQFF	gliph2_1384	gliph2	huang
CASSQDPGDTQYF	gliph2_1385	gliph2	huang
CASSQDPGDGYTF	gliph2_1385	gliph2	huang
CSARGGRGYNSPLHF	gliph2_1386	gliph2	huang
CSARGGRGYNSHLHF	gliph2_1386	gliph2	huang
CASSRRGRAEQFF	gliph2_1387	gliph2	huang
CASSRRGRADQFF	gliph2_1387	gliph2	huang
CASRSRVSYEQYF	gliph2_1388	gliph2	huang
CASRSRVSYGYTF	gliph2_1388	gliph2	huang
CAGTGSGANILTF	gliph2_1389	gliph2	huang
CASTGSGANVLTF	gliph2_1389	gliph2	huang
CASSQDLGESGVF	gliph2_1390	gliph2	huang
CASSQDLGEAGVF	gliph2_1390	gliph2	huang
CASSRGAGETQYF	gliph2_1391	gliph2	huang
CSASRGAGENLFF	gliph2_1391	gliph2	huang
CASSYSLQGRSKHYF	gliph2_1392	gliph2	huang
CASSYSLQGRSEAFF	gliph2_1392	gliph2	huang
CASSAQGTGELFF	gliph2_1393	gliph2	huang
CASSAQGTGRAFF	gliph2_1393	gliph2	huang
CASSLAGTEKLFF	gliph2_1394	gliph2	huang
CASSLAGTETQYF	gliph2_1394	gliph2	huang
CASSPQGAHGQYF	gliph2_1395	gliph2	huang
CASSPQGAHEQYF	gliph2_1395	gliph2	huang
CASSLGASYEQYF	gliph2_1396	gliph2	huang
CASSLGASYGYTF	gliph2_1396	gliph2	huang
CASSLEGQANSPLHF	gliph2_1397	gliph2	huang
CASSLEGQANSEAFF	gliph2_1397	gliph2	huang
CASSSTVNQTQHF	gliph2_1398	gliph2	huang
CASSSTVNQPQHF	gliph2_1398	gliph2	huang
CSAQRRLRGLGELFF	gliph2_1399	gliph2	huang
CSAQRRLRGLGALFF	gliph2_1399	gliph2	huang
CATSRGKGLDNKQFF	gliph2_1400	gliph2	huang
CATSRGKGLDNEQFF	gliph2_1400	gliph2	huang
CSARPGTHSNQRQHF	gliph2_1401	gliph2	huang
CSARPGTHSNQPQHF	gliph2_1401	gliph2	huang
CASSSGLLGCQCF	gliph2_1402	gliph2	huang
CASSSGLLGWQFF	gliph2_1402	gliph2	huang
CASSNNQGTKNNQDF	gliph2_1403	gliph2	huang
CASSNNQGTKNIQYF	gliph2_1403	gliph2	huang
CASRGRGPYEQYF	gliph2_1404	gliph2	huang
CASRGRGPYDQSF	gliph2_1404	gliph2	huang
CASRRDFLRETQYF	gliph2_1405	gliph2	huang
CASSRDFLRETQYF	gliph2_1405	gliph2	huang
CSAARDRNTGELFF	gliph2_1406	gliph2	huang
CASDRDRNTGELFF	gliph2_1406	gliph2	huang
CSATDGTGSYEQYF	gliph2_1407	gliph2	huang
CASRDGTGSYEQYF	gliph2_1407	gliph2	huang
CASGQEDRNYGYTF	gliph2_1408	gliph2	huang
CASSQEDRNYGYTF	gliph2_1408	gliph2	huang
CASSQGQSKNIQYF	gliph2_1409	gliph2	huang
CASRQGQSKNIHYF	gliph2_1409	gliph2	huang
CSARETGGGQPQHF	gliph2_1410	gliph2	huang
CASSETGGGQPQHF	gliph2_1410	gliph2	huang
CSTSITLKNTEAFF	gliph2_1411	gliph2	huang
CSATITLKNTEAFF	gliph2_1411	gliph2	huang
CASSPSGGTLNAQFF	gliph2_1412	gliph2	huang
CASSPSGGTLNEQFF	gliph2_1412	gliph2	huang
CAVREGGATDTQYF	gliph2_1413	gliph2	huang
CAISEGGATDTQYF	gliph2_1413	gliph2	huang
CATSSPDRGLVVNTF	gliph2_1414	gliph2	huang
CATSSPDRGLVGYTF	gliph2_1414	gliph2	huang
CASVVGAGGGEQYF	gliph2_1415	gliph2	huang
CAGSVGAGGGEQDF	gliph2_1415	gliph2	huang
CASSLMAGGQEIQYF	gliph2_1416	gliph2	huang
CASSLMAGGQETQYF	gliph2_1416	gliph2	huang
CSAKPGGGPIGVQYF	gliph2_1417	gliph2	huang
CSAKPGGGPIGEQYF	gliph2_1417	gliph2	huang
CASSPSRAEQYF	gliph2_1418	gliph2	huang
CAISESRAEQYF	gliph2_1418	gliph2	huang
CASSRAGGSYNGQFF	gliph2_1419	gliph2	huang
CASSRAGGSYNEQFF	gliph2_1419	gliph2	huang
CASSPPTTFTETQYF	gliph2_1420	gliph2	huang
CASSPPTTFTEPQYF	gliph2_1420	gliph2	huang
CASRRPHGQETQYF	gliph2_1421	gliph2	huang
CASHRPHGQETQYF	gliph2_1421	gliph2	huang
CASSQDRREAFF	gliph2_1422	gliph2	huang
CASSQVRRELFF	gliph2_1422	gliph2	huang
CASSAKRGGRENQYF	gliph2_1423	gliph2	huang
CASSAKRGGRETQYF	gliph2_1423	gliph2	huang
CSALQLAGGYNEQFF	gliph2_1424	gliph2	huang
CSALQLAGGYNGQFF	gliph2_1424	gliph2	huang
CSVEDLRPNTEAFF	gliph2_1425	gliph2	huang
CSVDDLRPNTEAFF	gliph2_1425	gliph2	huang
CSARGESTVGGELFF	gliph2_1426	gliph2	huang
CCARGESTVGGGLFF	gliph2_1426	gliph2	huang
CASSLTPSTYEQYF	gliph2_1427	gliph2	huang
CASRLTPSTYEQYF	gliph2_1427	gliph2	huang
CASSLAGTVTEELFF	gliph2_1428	gliph2	huang
CASSLAGTVTEKLFF	gliph2_1428	gliph2	huang
CASSPRARPGEQYF	gliph2_1429	gliph2	huang
CASGPRARPGEQYF	gliph2_1429	gliph2	huang
CASSAVQGLDEQYF	gliph2_1430	gliph2	huang
CASRAVQGLDEQYF	gliph2_1430	gliph2	huang
CSARAGRAKNIQYF	gliph2_1431	gliph2	huang
CSGGAGRAKNIQYF	gliph2_1431	gliph2	huang
CASSLAISGNTIYF	gliph2_1432	gliph2	huang
CASRLAISGNTIYF	gliph2_1432	gliph2	huang
CSASRRGVGTEAFF	gliph2_1433	gliph2	huang
CSIARRGVGTEAFF	gliph2_1433	gliph2	huang
CASSTSGGGTEAFF	gliph2_1434	gliph2	huang
CASRTSGGGTEAFF	gliph2_1434	gliph2	huang
CASSVGQGKETQYF	gliph2_1435	gliph2	huang
CASRVGQGKETQYF	gliph2_1435	gliph2	huang
CASSLSVPASQPQHF	gliph2_1436	gliph2	huang
CASSLSVPASQTEHF	gliph2_1436	gliph2	huang
CASTPSGYYNEQFF	gliph2_1437	gliph2	huang
CSAFPSGYYNEQFF	gliph2_1437	gliph2	huang
CSSQFRDFSYNGPFF	gliph2_1438	gliph2	huang
CASQFRDFSYNEQFF	gliph2_1438	gliph2	huang
CASLSGGITDTQYF	gliph2_1439	gliph2	huang
CAIKSGGITDTQYF	gliph2_1439	gliph2	huang
CASSVLGGVYNEQFF	gliph2_1440	gliph2	huang
CASSVLGGVYNAQFF	gliph2_1440	gliph2	huang
CSAARWTLNTDPQYF	gliph2_1441	gliph2	huang
CSAARWTLNTDTQYF	gliph2_1441	gliph2	huang
CASSPPRGTETQYF	gliph2_1442	gliph2	huang
CARRPPRGTETQYF	gliph2_1442	gliph2	huang
CSATPGTGGRQPQHF	gliph2_1443	gliph2	huang
CSATPGTGGRQHQHF	gliph2_1443	gliph2	huang
CSARPVGGNQPQHF	gliph2_1444	gliph2	huang
CSALPVGGNQPQHF	gliph2_1444	gliph2	huang
CSAPTGLAGGEQFF	gliph2_1445	gliph2	huang
CASRTGLAGGEQYF	gliph2_1445	gliph2	huang
CASSQDDRNQPQHF	gliph2_1446	gliph2	huang
CASRQDDRNQPQHF	gliph2_1446	gliph2	huang
CASSLDGRAQEPRYF	gliph2_1447	gliph2	huang
CASSLDGRAQETQYF	gliph2_1447	gliph2	huang
CRAGRISGANVLTF	gliph2_1448	gliph2	huang
CASSRISGANVLTF	gliph2_1448	gliph2	huang
CASWGAGAWNEQFF	gliph2_1449	gliph2	huang
CASRGAGAWNEQFF	gliph2_1449	gliph2	huang
CASRSKDRGNEQFF	gliph2_1450	gliph2	huang
CASSSKDRGNEQFF	gliph2_1450	gliph2	huang
CASSAGTGTAPLHF	gliph2_1451	gliph2	huang
CASVAGTGTAPLHF	gliph2_1451	gliph2	huang
CASSLAVAMENSQYF	gliph2_1452	gliph2	huang
CASSLAVAMENIQYF	gliph2_1452	gliph2	huang
CGSREQARGETQYF	gliph2_1453	gliph2	huang
CASSEQARGETQYF	gliph2_1453	gliph2	huang
CAWRSRGGDETQYF	gliph2_1454	gliph2	huang
CAWSSRGGDETQYF	gliph2_1454	gliph2	huang
CSATRTASSYEQYF	gliph2_1455	gliph2	huang
CASLRTASSYEQYF	gliph2_1455	gliph2	huang
CASRWGGSTGELFF	gliph2_1456	gliph2	huang
CASSWGGSTGELFF	gliph2_1456	gliph2	huang
CASSLGTGGYNEQFF	gliph2_1457	gliph2	huang
CANSLGTGGYNKQFF	gliph2_1457	gliph2	huang
CASSSGTANEKLFF	gliph2_1458	gliph2	huang
CASTSGTANEKLFF	gliph2_1458	gliph2	huang
CSSIPRDGLYEQYF	gliph2_1459	gliph2	huang
CASSPRDGLYEQYF	gliph2_1459	gliph2	huang
CSALGSVNAATQYF	gliph2_1460	gliph2	huang
CSARGSVNAATQYF	gliph2_1460	gliph2	huang
CSATDSRGSSPQYF	gliph2_1461	gliph2	huang
CSARDSRGSSPLHF	gliph2_1461	gliph2	huang
CASSPRQFNQPQHF	gliph2_1462	gliph2	huang
CACCPRQFNQPQYF	gliph2_1462	gliph2	huang
CATRLGAGGGEQYF	gliph2_1463	gliph2	huang
CASSLGAGGGEQYF	gliph2_1463	gliph2	huang
CASSIGSSGNTIYF	gliph2_1464	gliph2	huang
CSARIGSSGNTIYF	gliph2_1464	gliph2	huang
CSARGLGSTDTQYF	gliph2_1465	gliph2	huang
CSAKGLGSTDTQYF	gliph2_1465	gliph2	huang
CASSSSTVNTEAFF	gliph2_1466	gliph2	huang
CASGSSTVNTEAFF	gliph2_1466	gliph2	huang
CASAKVRGTGEQYF	gliph2_1467	gliph2	huang
CASLKVRGTGELFF	gliph2_1467	gliph2	huang
CASSGTTGANVLTF	gliph2_1468	gliph2	huang
CASAGTTGANVRTF	gliph2_1468	gliph2	huang
CASSSGTGNNEQFF	gliph2_1469	gliph2	huang
CASNSGTGNNEQFF	gliph2_1469	gliph2	huang
CASSPGTSDYEQYF	gliph2_1470	gliph2	huang
CASGPGTSDYEQYF	gliph2_1470	gliph2	huang
CASSFQAGETYAQYF	gliph2_1471	gliph2	huang
CASSFQAGETYEQYF	gliph2_1471	gliph2	huang
CARGPDRRAYEQYF	gliph2_1472	gliph2	huang
CASSPDRRAYEQYF	gliph2_1472	gliph2	huang
CSARDRTGDEKLFF	gliph2_1473	gliph2	huang
CSARSRTGDEKLFF	gliph2_1473	gliph2	huang
CASSLDPGPLTGQYF	gliph2_1474	gliph2	huang
CASSLDPGPLTEQYF	gliph2_1474	gliph2	huang
CASSPGVGPQETQYF	gliph2_1475	gliph2	huang
CASSPGVGPQENQYF	gliph2_1475	gliph2	huang
CAGSEVPGRGGYTF	gliph2_1476	gliph2	huang
CASSQVPGRGGYTF	gliph2_1476	gliph2	huang
CASSPLGRNTGELFF	gliph2_1477	gliph2	huang
CASSPLGRNTVERFF	gliph2_1477	gliph2	huang
CASSQGGTGANEQYF	gliph2_1478	gliph2	huang
CASSQGGTGAIEQYF	gliph2_1478	gliph2	huang
CASSSREGRDGYTF	gliph2_1479	gliph2	huang
CASSCREGRDGYTF	gliph2_1479	gliph2	huang
CASSPGLNSYEQYF	gliph2_1480	gliph2	huang
CASSSGLNSYEQYF	gliph2_1480	gliph2	huang
CASRLLAGTYEQYF	gliph2_1481	gliph2	huang
CASRRLAGTYEQYF	gliph2_1481	gliph2	huang
CSVEGQGGSLYGYTF	gliph2_1482	gliph2	huang
CSVEGQGGSLHGYTF	gliph2_1482	gliph2	huang
CASSLRSRGYEQYF	gliph2_1483	gliph2	huang
CASSFRSRGYEQYF	gliph2_1483	gliph2	huang
CASRKLYNEQFF	gliph2_1484	gliph2	huang
CASRKLYKEQFF	gliph2_1484	gliph2	huang
CASSDPPAPETQYF	gliph2_1485	gliph2	huang
CASSHPPAPETQYF	gliph2_1485	gliph2	huang
CSDRDSQGASREAFF	gliph2_1486	gliph2	huang
CSARDSQGASTEAFF	gliph2_1486	gliph2	huang
CSATPGGYPYNEQFF	gliph2_1487	gliph2	huang
CSATPGGYPYHEQFF	gliph2_1487	gliph2	huang
CASSPGTESNQPQHF	gliph2_1488	gliph2	huang
CASSPGTESNSPLHF	gliph2_1488	gliph2	huang
CAISGASGTYNEQFF	gliph2_1489	gliph2	huang
CAISGASGTYKEQFF	gliph2_1489	gliph2	huang
CASSQAGGGMATPYF	gliph2_1490	gliph2	huang
CASSQAGGGMDTQYF	gliph2_1490	gliph2	huang
CSALQLAGGYNEQFF	gliph2_1491	gliph2	huang
CSALQLAGGYDEQFF	gliph2_1491	gliph2	huang
CATSSPDRGLVGYTF	gliph2_1492	gliph2	huang
CATSSPDRGLFGYTF	gliph2_1492	gliph2	huang
CSVLRGAAYNEQFF	gliph2_1493	gliph2	huang
CASLLGAAYNEQFF	gliph2_1493	gliph2	huang
CASSFRTGELFF	gliph2_1494	gliph2	huang
CASSFRTYEQYF	gliph2_1494	gliph2	huang
CSASWASGRGETQYF	gliph2_1495	gliph2	huang
CSASWASGRGQTQYF	gliph2_1495	gliph2	huang
CASSHVDRSYGYTF	gliph2_1496	gliph2	huang
CASSLVDRSYGYTF	gliph2_1496	gliph2	huang
CSARTSGGGTGELFF	gliph2_1497	gliph2	huang
CCARTSGGGTEELFF	gliph2_1497	gliph2	huang
CAWSARGGDETQYF	gliph2_1498	gliph2	huang
CAWSSRGGDETQYF	gliph2_1498	gliph2	huang
CASSPGLAGVGEQFF	gliph2_1499	gliph2	huang
CASSPGLAGVEEQYF	gliph2_1499	gliph2	huang
CASSVSGGGANEQFF	gliph2_1500	gliph2	huang
CASSVSGGGAKEQFF	gliph2_1500	gliph2	huang
CASSLMRGGTETQYF	gliph2_1501	gliph2	huang
CASSLMRGGTDTQYF	gliph2_1501	gliph2	huang
CASSTNRGQETQYF	gliph2_1502	gliph2	huang
CASSRNRGQETQYF	gliph2_1502	gliph2	huang
CATSPAGAWNEQFF	gliph2_1503	gliph2	huang
CAPSSAGAWNEQFF	gliph2_1503	gliph2	huang
CCSQFRDFSYDEPFF	gliph2_1504	gliph2	huang
CASQFRDFSYNEQFF	gliph2_1504	gliph2	huang
CATRLGAGGGEQYF	gliph2_1505	gliph2	huang
CASRFGAGGGEQYF	gliph2_1505	gliph2	huang
CGSRDYNPPLHF	gliph2_1506	gliph2	huang
CASRDYNSPRHF	gliph2_1506	gliph2	huang
CASSLPDRAGGTQYF	gliph2_1507	gliph2	huang
CASSLPDRAGETQYF	gliph2_1507	gliph2	huang
CASSLVSGLPEELFF	gliph2_1508	gliph2	huang
CASSLVSGLPGELFF	gliph2_1508	gliph2	huang
CASSKGLVKFDEQFF	gliph2_1509	gliph2	huang
CASSKGLVKVDEQFF	gliph2_1509	gliph2	huang
CASSLAGTMDTEAFF	gliph2_1510	gliph2	huang
CASSLAGTMNTEAFF	gliph2_1510	gliph2	huang
CASRHQGYEQYF	gliph2_1511	gliph2	huang
CSARHQGNEQFF	gliph2_1511	gliph2	huang
CASSLDHIREKLFF	gliph2_1512	gliph2	huang
CASSWDHIREKLFF	gliph2_1512	gliph2	huang
CASSLALAGAGEQFF	gliph2_1513	gliph2	huang
CASSLALAGTGELFF	gliph2_1513	gliph2	huang
CASSAGTSAVAEQFF	gliph2_1514	gliph2	huang
CASSAGTSALAEQFF	gliph2_1514	gliph2	huang
CAGYTGRANYGYTF	gliph2_1515	gliph2	huang
CASYQGRANYGYTF	gliph2_1515	gliph2	huang
CSAGGTSNEQFF	gliph2_1516	gliph2	huang
CSAGGTSGELFF	gliph2_1516	gliph2	huang
CAISQTSGAFGIQYF	gliph2_1517	gliph2	huang
CAISQTSGAVGIQYF	gliph2_1517	gliph2	huang
CASSQDGGKGYGYTF	gliph2_1518	gliph2	huang
CASSQDGGKSYGYTF	gliph2_1518	gliph2	huang
CASSRGVGYKSPLHF	gliph2_1519	gliph2	huang
CASSRGVGYNSPLHF	gliph2_1519	gliph2	huang
CSASRQGKGVGEQYF	gliph2_1520	gliph2	huang
CSASRQGKGTGELFF	gliph2_1520	gliph2	huang
CSASPGWGMNTEAFF	gliph2_1521	gliph2	huang
CSASPGWGMDTEAFF	gliph2_1521	gliph2	huang
CSVGGGWGMNTEAFF	gliph2_1522	gliph2	huang
CSVGGGWGMATEAFF	gliph2_1522	gliph2	huang
CSARDRAETQYF	gliph2_1523	gliph2	huang
CSARDFAETQYF	gliph2_1523	gliph2	huang
CASRTQGGGTEAFF	gliph2_1524	gliph2	huang
CASRGQGGGTEAFF	gliph2_1524	gliph2	huang
CASSLGRSTGELFF	gliph2_1525	gliph2	huang
CASSVGRSTGELFF	gliph2_1525	gliph2	huang
CASSLYQGSDTKAFF	gliph2_1526	gliph2	huang
CASSLYQGSVTKAFF	gliph2_1526	gliph2	huang
CASSVSRTTYEKYF	gliph2_1527	gliph2	huang
CASSLSRTTYEQYF	gliph2_1527	gliph2	huang
CSVVVGQWDTEAFF	gliph2_1528	gliph2	huang
CSVVPGQWDTEAFF	gliph2_1528	gliph2	huang
CASSPVSGGGYEQYF	gliph2_1529	gliph2	huang
CASSPVSGGAYEQYF	gliph2_1529	gliph2	huang
CASSQARGGSDTQYF	gliph2_1530	gliph2	huang
CATSQARGGTDTQYF	gliph2_1530	gliph2	huang
CASSLEPGGVTEAFF	gliph2_1531	gliph2	huang
CASSLEPGGNTEAFF	gliph2_1531	gliph2	huang
CASSTRDRGSYEQYF	gliph2_1532	gliph2	huang
CASSTRDRGAYEQYF	gliph2_1532	gliph2	huang
CASSSRDRGPYEQYF	gliph2_1533	gliph2	huang
CASSSRDRGHYEQYF	gliph2_1533	gliph2	huang
CASSTNRGGETQYF	gliph2_1534	gliph2	huang
CASSSNRGGETQYF	gliph2_1534	gliph2	huang
CSARNPRGPAQPQHF	gliph2_1535	gliph2	huang
CSARNPRGPDQPQHF	gliph2_1535	gliph2	huang
CASSYSTSGNEQFF	gliph2_1536	gliph2	huang
CAISESTSGNEQFF	gliph2_1536	gliph2	huang
CSARGLSSYHSPLHF	gliph2_1537	gliph2	huang
CSARGLSSYNSPLHF	gliph2_1537	gliph2	huang
CASSFQRGGQETQYF	gliph2_1538	gliph2	huang
CASSFQRGGGETQYF	gliph2_1538	gliph2	huang
CASSVLGEGYTF	gliph2_1539	gliph2	huang
CAISVLGGGYTF	gliph2_1539	gliph2	huang
CASSPTTAGTTEAFF	gliph2_1540	gliph2	huang
CASSPTTAGITEAFF	gliph2_1540	gliph2	huang
CASSYSRGPYEQYF	gliph2_1541	gliph2	huang
CASSLSRGPYEQYF	gliph2_1541	gliph2	huang
CASSYFGGNQPQHF	gliph2_1542	gliph2	huang
CATSNFGGNQPQHF	gliph2_1542	gliph2	huang
CASSLTPSTYEQYF	gliph2_1543	gliph2	huang
CASSSTPSTYEQYF	gliph2_1543	gliph2	huang
CASSPLASSSNEQFF	gliph2_1544	gliph2	huang
CASSPLASSYNEQFF	gliph2_1544	gliph2	huang
CASSSRTSGSYEQYF	gliph2_1545	gliph2	huang
CASSSRTSGAYEQYF	gliph2_1545	gliph2	huang
CASSALAEYNEQFF	gliph2_1546	gliph2	huang
CASSPLAEYNEQFF	gliph2_1546	gliph2	huang
CASSLADSGRFF	gliph2_1547	gliph2	huang
CASSLADYGYTF	gliph2_1547	gliph2	huang
CASSTASGSYGKYF	gliph2_1548	gliph2	huang
CASSQASGSYGQYF	gliph2_1548	gliph2	huang
CSASFSSGSTDTQYF	gliph2_1549	gliph2	huang
CASSFSSGSADTQYF	gliph2_1549	gliph2	huang
CASSCGGATRGYTF	gliph2_1550	gliph2	huang
CASSFGGATRGYTF	gliph2_1550	gliph2	huang
CSADPGQRTQYF	gliph2_1551	gliph2	huang
CSADPGERTQYF	gliph2_1551	gliph2	huang
CASSFGTGDHEQFF	gliph2_1552	gliph2	huang
CASSLGTGDHEQFF	gliph2_1552	gliph2	huang
CAISREDRGNTEAFF	gliph2_1553	gliph2	huang
CAISREDRGSTEAFF	gliph2_1553	gliph2	huang
CSATQLLAGYNEQFF	gliph2_1554	gliph2	huang
CSATQLLAGRNEQFF	gliph2_1554	gliph2	huang
CATSRDQIGHSF	gliph2_1555	gliph2	huang
CAASRNQIGHAF	gliph2_1555	gliph2	huang
CASSLSGTGEYEQYF	gliph2_1556	gliph2	huang
CASSLSGTGIYEQYF	gliph2_1556	gliph2	huang
CSARPRLSYNEQFF	gliph2_1557	gliph2	huang
CSARERLSYNEQFF	gliph2_1557	gliph2	huang
CASSPGTGGIGELFF	gliph2_1558	gliph2	huang
CASSPGTGGPGELFF	gliph2_1558	gliph2	huang
CASSETSGGHNEQFF	gliph2_1559	gliph2	huang
CASSETSGGYNEQFF	gliph2_1559	gliph2	huang
CASSLDPGPNTEAFF	gliph2_1560	gliph2	huang
CASSLDPGPLTEQYF	gliph2_1560	gliph2	huang
CASSLDPGGPSPLHF	gliph2_1561	gliph2	huang
CASSLDPGGNSPLHF	gliph2_1561	gliph2	huang
CAISSEDRGVTEAFF	gliph2_1562	gliph2	huang
CAISSEDRGNTEAFF	gliph2_1562	gliph2	huang
CASSEGLAGVNEQFF	gliph2_1563	gliph2	huang
CASSEGLAGSNEQFF	gliph2_1563	gliph2	huang
CSARLNRDLYNEQFF	gliph2_1564	gliph2	huang
CSARLNRDLENEQFF	gliph2_1564	gliph2	huang
CARSPNRVGHQPPDF	gliph2_1565	gliph2	huang
CASSPNRVGNQPQHF	gliph2_1565	gliph2	huang
CARSLEGGASEKLFF	gliph2_1566	gliph2	huang
CASSLEGGAREKLFF	gliph2_1566	gliph2	huang
CASSLDGDTNQPQHF	gliph2_1567	gliph2	huang
CASSLDGDTSQPQHF	gliph2_1567	gliph2	huang
CASGGQGYEQYF	gliph2_1568	gliph2	huang
CSAGGQTYEQYF	gliph2_1568	gliph2	huang
CASRKKSSGDNVLTF	gliph2_1569	gliph2	huang
CASRKKSSGANVLTF	gliph2_1569	gliph2	huang
CSASNPPALYGYTF	gliph2_1570	gliph2	huang
CSASKPPALYGYPF	gliph2_1570	gliph2	huang
CASSVNGPGYGYTF	gliph2_1571	gliph2	huang
CASSLNGPGYGYTF	gliph2_1571	gliph2	huang
CASSLDRGETQPQHF	gliph2_1572	gliph2	huang
CASSLDRGATQPQHF	gliph2_1572	gliph2	huang
CASSVSSSYNEQFF	gliph2_1573	gliph2	huang
CASSPSSSYNEQFF	gliph2_1573	gliph2	huang
CASSIGLAIYNEQFF	gliph2_1574	gliph2	huang
CASSIGLAGYNEQFF	gliph2_1574	gliph2	huang
CASSLVLARDNEQFF	gliph2_1575	gliph2	huang
CASSLVLAGDNEQFF	gliph2_1575	gliph2	huang
CASSRTGRLSYEQYF	gliph2_1576	gliph2	huang
CASSRTGRSSYEQYF	gliph2_1576	gliph2	huang
CASSLSTGANTEAFF	gliph2_1577	gliph2	huang
CASSLSTGVNTEAFF	gliph2_1577	gliph2	huang
CASSGPGGPGELFF	gliph2_1578	gliph2	huang
CASSLPGGPGELFF	gliph2_1578	gliph2	huang
CASSVQGSSDTQYF	gliph2_1579	gliph2	huang
CASSLQGSSDTQYF	gliph2_1579	gliph2	huang
CAWESGQGAYEQYF	gliph2_1580	gliph2	huang
CASEPGQGAYEQYF	gliph2_1580	gliph2	huang
CASSHSRGPQHF	gliph2_1581	gliph2	huang
CASSHSGGPQFF	gliph2_1581	gliph2	huang
CASSPSRGNQPQHF	gliph2_1582	gliph2	huang
CASSKSRGNQPQHF	gliph2_1582	gliph2	huang
CASSLTQVNTEAFF	gliph2_1583	gliph2	huang
CASSSTQVNTEAFF	gliph2_1583	gliph2	huang
CASSRTGGVGTEAFF	gliph2_1584	gliph2	huang
CASSRTGGMGTEAFF	gliph2_1584	gliph2	huang
CASSLTPGLGTEAFF	gliph2_1585	gliph2	huang
CSSSLTPGVGTEDYF	gliph2_1585	gliph2	huang
CASSQVGAEYNEQFF	gliph2_1586	gliph2	huang
CASSQVGADYNEQFF	gliph2_1586	gliph2	huang
CASSQDRATGNTIYF	gliph2_1587	gliph2	huang
CASSQDRAAGNTIYF	gliph2_1587	gliph2	huang
CSAPPLASYNEQFF	gliph2_1588	gliph2	huang
CSAPGLASYNEQFF	gliph2_1588	gliph2	huang
CASRVNTGELFF	gliph2_1589	gliph2	huang
CASRVNRGEAFF	gliph2_1589	gliph2	huang
CSASNRLSVVGGYTF	gliph2_1590	gliph2	huang
CSASNRLSFVGGYTF	gliph2_1590	gliph2	huang
CASSPGGPTGELFF	gliph2_1591	gliph2	huang
CATSRGGPTGELFF	gliph2_1591	gliph2	huang
CASRRQPPESDTQYF	gliph2_1592	gliph2	huang
CASRRQPPDSDTQYF	gliph2_1592	gliph2	huang
CSASFHRGLGEQYF	gliph2_1593	gliph2	huang
CSASLHRGLGEQYF	gliph2_1593	gliph2	huang
CASSQSQGADGYTF	gliph2_1594	gliph2	huang
CASSRSQGADGYTF	gliph2_1594	gliph2	huang
CAISDPGRTQETQYF	gliph2_1595	gliph2	huang
CASSDPGRFQETQYF	gliph2_1595	gliph2	huang
CASSSSVLETEAFF	gliph2_1596	gliph2	huang
CASSTSVLETEAFF	gliph2_1596	gliph2	huang
CASSVPGAEDTQYF	gliph2_1597	gliph2	huang
CASSLPGAEDTQYF	gliph2_1597	gliph2	huang
CASSVGTVGTGELFF	gliph2_1598	gliph2	huang
CASSVGTVNTGELFF	gliph2_1598	gliph2	huang
CASSPLWGGGDEQYF	gliph2_1599	gliph2	huang
CASSPLWGRGDEQYF	gliph2_1599	gliph2	huang
CASSSRRGSYNEQFF	gliph2_1600	gliph2	huang
CASSSRRGKYNEQFF	gliph2_1600	gliph2	huang
CASSLSPGAGNTIYF	gliph2_1601	gliph2	huang
CASSLSPGSGNTIYF	gliph2_1601	gliph2	huang
CASSDREGTGELFF	gliph2_1602	gliph2	huang
CASSLREGTGELFF	gliph2_1602	gliph2	huang
CASSLDSGWDTQYF	gliph2_1603	gliph2	huang
CASSVDSGWDTQYF	gliph2_1603	gliph2	huang
CASNRGAPDTGELFF	gliph2_1604	gliph2	huang
CASNRGAPNTGELFF	gliph2_1604	gliph2	huang
CATSDGGFNYGYTF	gliph2_1605	gliph2	huang
CATSGGGFNYGYTF	gliph2_1605	gliph2	huang
CAWSVRGQCNEKLFF	gliph2_1606	gliph2	huang
CAWSVRGQFNEKLFF	gliph2_1606	gliph2	huang
CASSLVPGVGYEQYF	gliph2_1607	gliph2	huang
CASSLVPGLGYEQYF	gliph2_1607	gliph2	huang
CASSVGQLDTYEQYF	gliph2_1608	gliph2	huang
CASSVGQLETYEQYF	gliph2_1608	gliph2	huang
CASSPGTENNSPLHF	gliph2_1609	gliph2	huang
CASSPGTESNSPLHF	gliph2_1609	gliph2	huang
CASSLEGAVNYGYTF	gliph2_1610	gliph2	huang
CASSLEGAANYGYTF	gliph2_1610	gliph2	huang
CAGSLMRGVTDTQYF	gliph2_1611	gliph2	huang
CASSLMRGGTDTQYF	gliph2_1611	gliph2	huang
CASSFRSRAYEQYF	gliph2_1612	gliph2	huang
CASSLRSRAYEQYF	gliph2_1612	gliph2	huang
CASSPSGGYLNEQFF	gliph2_1613	gliph2	huang
CASSPSGGTLNEQFF	gliph2_1613	gliph2	huang
CSARRGSNPNYGYTF	gliph2_1614	gliph2	huang
CSARRGSNQNYGYTF	gliph2_1614	gliph2	huang
CASSFQRGGQETQYF	gliph2_1615	gliph2	huang
CASSFQRGPQETQYF	gliph2_1615	gliph2	huang
CASSEAGVPDYGYTF	gliph2_1616	gliph2	huang
CAISEAGVADYGYTF	gliph2_1616	gliph2	huang
CASSPQDSMGYGYTF	gliph2_1617	gliph2	huang
CASSPQDSRGYGYTF	gliph2_1617	gliph2	huang
CASSEGLYTGELFF	gliph2_1618	gliph2	huang
CASSKGLYTGELFF	gliph2_1618	gliph2	huang
CSARGQPSVQETQYF	gliph2_1619	gliph2	huang
CSARGQPSGQETQYF	gliph2_1619	gliph2	huang
CASSLRQGGNTEAFF	gliph2_1620	gliph2	huang
CASSLRQGANTEAFF	gliph2_1620	gliph2	huang
CATSRDQNEQFF	gliph2_1621	gliph2	huang
CATSRGQNEQFF	gliph2_1621	gliph2	huang
CASSRGEGAGETQYF	gliph2_1622	gliph2	huang
CASSRGEGPGETQYF	gliph2_1622	gliph2	huang
CASSLEPSGTGELFF	gliph2_1623	gliph2	huang
CASSLEPSNTGELFF	gliph2_1623	gliph2	huang
CASSSRDRGTDTQYF	gliph2_1624	gliph2	huang
CASSSRDRNTDTQYF	gliph2_1624	gliph2	huang
CASSDGARVSYEQYF	gliph2_1625	gliph2	huang
CASSDGARGSYEQYF	gliph2_1625	gliph2	huang
CASSPRQFNQPQHF	gliph2_1626	gliph2	huang
CAGSSRQFNQPQHF	gliph2_1626	gliph2	huang
CSARDRDFSYNEQFF	gliph2_1627	gliph2	huang
CSARDRDFPYNEQFF	gliph2_1627	gliph2	huang
CASSVDAGSYGYTF	gliph2_1628	gliph2	huang
CASSLDAGSYGYTF	gliph2_1628	gliph2	huang
CASSPPGKTIYF	gliph2_1629	gliph2	huang
CASSPPIKTQYF	gliph2_1629	gliph2	huang
CASSSSGGNLYTQYF	gliph2_1630	gliph2	huang
CASSSSGGDLYTQYF	gliph2_1630	gliph2	huang
CASSLEPGANTEAFF	gliph2_1631	gliph2	huang
CASSLEPGGNTEAFF	gliph2_1631	gliph2	huang
CASSVVGSGNTIYF	gliph2_1632	gliph2	huang
CASSGVGSGNTIYF	gliph2_1632	gliph2	huang
CSAREGTTQETQYF	gliph2_1633	gliph2	huang
CSARLGTTQETQYF	gliph2_1633	gliph2	huang
CASSLEGGAREKLFF	gliph2_1634	gliph2	huang
CASSLEGGGREKLFF	gliph2_1634	gliph2	huang
CSASGQGAVNSPLHF	gliph2_1635	gliph2	huang
CASSGQGAYNSPLHF	gliph2_1635	gliph2	huang
CASSQEQGGYTF	gliph2_1636	gliph2	huang
CASSQDQGGYTF	gliph2_1636	gliph2	huang
CASSTPGGQNGQFF	gliph2_1637	gliph2	huang
CGGSAPGGQNGQFF	gliph2_1637	gliph2	huang
CASSSLTTAGEQYF	gliph2_1638	gliph2	huang
CASSALTTAGEQYF	gliph2_1638	gliph2	huang
CASSPAYFRETQYF	gliph2_1639	gliph2	huang
CASSQAYFRETQYF	gliph2_1639	gliph2	huang
CASSVIAGSHEQYF	gliph2_1640	gliph2	huang
CASSLIAGSHEQYF	gliph2_1640	gliph2	huang
CSARDERQGASAFF	gliph2_1641	gliph2	huang
CSAREERQGASAFF	gliph2_1641	gliph2	huang
CASSRGTGSRYEKYF	gliph2_1642	gliph2	huang
CASSRGTGIRYEQYF	gliph2_1642	gliph2	huang
CSARNDRSQETQYF	gliph2_1643	gliph2	huang
CSAREDRSQETQYF	gliph2_1643	gliph2	huang
CASSPLGINTGELFF	gliph2_1644	gliph2	huang
CASSPLGRNTGELFF	gliph2_1644	gliph2	huang
CASSGDVGTAEQYF	gliph2_1645	gliph2	huang
CASSGEVGTAEQYF	gliph2_1645	gliph2	huang
CASSQEGGLNYEQYF	gliph2_1646	gliph2	huang
CASSQEGVLNYEQYF	gliph2_1646	gliph2	huang
CASSLVPVLGYEQYF	gliph2_1647	gliph2	huang
CASSLVPGLGYEQYF	gliph2_1647	gliph2	huang
CSVEGGPKGTDTKYF	gliph2_1648	gliph2	huang
CSVEGGPTGTDTQYF	gliph2_1648	gliph2	huang
CASSPGGFSGNTIYF	gliph2_1649	gliph2	huang
CASSPGGRSGNTIYF	gliph2_1649	gliph2	huang
CASSELANHREKLFF	gliph2_1650	gliph2	huang
CASSELADHREKLFF	gliph2_1650	gliph2	huang
CASSQALGQVYGYTF	gliph2_1651	gliph2	huang
CASSQALVQVYGYTF	gliph2_1651	gliph2	huang
CASSPGSANYGYTF	gliph2_1652	gliph2	huang
CASSPFSANYGYTF	gliph2_1652	gliph2	huang
CACHRDSYNSPLHF	gliph2_1653	gliph2	huang
CASHRASYNSPLHF	gliph2_1653	gliph2	huang
CASSYPGTGNEKLFF	gliph2_1654	gliph2	huang
CASSYPGQGNEKLFF	gliph2_1654	gliph2	huang
CASSLAGVIDQPQHF	gliph2_1655	gliph2	huang
CASSLAGGIDQPQHF	gliph2_1655	gliph2	huang
CASRSNKIMNTEAFF	gliph2_1656	gliph2	huang
CASRSNKSMNTEAFF	gliph2_1656	gliph2	huang
CAISEEDRGRTEAFF	gliph2_1657	gliph2	huang
CAISEEDKGRTEAFF	gliph2_1657	gliph2	huang
CSARSRDSANEKLFF	gliph2_1658	gliph2	huang
CSARSRDRANEKLFF	gliph2_1658	gliph2	huang
CSAKPGGWPIGEQYF	gliph2_1659	gliph2	huang
CSAKPGGGPIGEQYF	gliph2_1659	gliph2	huang
CASSLSTSNQPQHF	gliph2_1660	gliph2	huang
CASSLGTSNQPQHF	gliph2_1660	gliph2	huang
CASSTPGQGAKEQYF	gliph2_1661	gliph2	huang
CASSTPGRGAKEQYF	gliph2_1661	gliph2	huang
CSASPGQVPNTEAFF	gliph2_1662	gliph2	huang
CASSPGQGPNTEAFF	gliph2_1662	gliph2	huang
CASSPRGTGGNEQFF	gliph2_1663	gliph2	huang
CASSPRGGGGNEQFF	gliph2_1663	gliph2	huang
CASSLHMVDYGYTF	gliph2_1664	gliph2	huang
CASSLQMVDYGYTF	gliph2_1664	gliph2	huang
CASSLGGGAKNIQYF	gliph2_1665	gliph2	huang
CASSLGGSAKNIQYF	gliph2_1665	gliph2	huang
CASSQDRTGGNTIYF	gliph2_1666	gliph2	huang
CASSQDRGGGNTIYF	gliph2_1666	gliph2	huang
CASSSRGRSNYGYPF	gliph2_1667	gliph2	huang
CASSSRGQSNYGYTF	gliph2_1667	gliph2	huang
CASSSRDRNTDTQYF	gliph2_1668	gliph2	huang
CASSSRDSNTDTQYF	gliph2_1668	gliph2	huang
CAWISPGLATDTQYF	gliph2_1669	gliph2	huang
CGWISPGRATDTQYF	gliph2_1669	gliph2	huang
CASSLDPGPNTEAFF	gliph2_1670	gliph2	huang
CASSLDPSPNTEAFF	gliph2_1670	gliph2	huang
CASSDRGRNQPQHF	gliph2_1671	gliph2	huang
CASSDTGRNQPQHF	gliph2_1671	gliph2	huang
CASSILGQATDTQYF	gliph2_1672	gliph2	huang
CASSILGEATDTQYF	gliph2_1672	gliph2	huang
CSAREAKSSYNEQFF	gliph2_1673	gliph2	huang
CSAREAKRSYNEQFF	gliph2_1673	gliph2	huang
CASRTQGGGTEAFF	gliph2_1674	gliph2	huang
CASRTSGGGTEAFF	gliph2_1674	gliph2	huang
CSARTGGTGTEAFF	gliph2_1675	gliph2	huang
CSARTRGTGTEAFF	gliph2_1675	gliph2	huang
CSALGTSGTYEQYF	gliph2_1676	gliph2	huang
CSALGSSGTYEQYF	gliph2_1676	gliph2	huang
CASSRLGLDTGELFF	gliph2_1677	gliph2	huang
CAISRLGRDTGELFF	gliph2_1677	gliph2	huang
CSARAAGTGTEAFF	gliph2_1678	gliph2	huang
CSARASGTGTEAFF	gliph2_1678	gliph2	huang
CSATDGLQPQHF	gliph2_1679	gliph2	huang
CSATDGNQPQHF	gliph2_1679	gliph2	huang
CASSQDVSGANVLTF	gliph2_1680	gliph2	huang
CASSQDVAGANVLTF	gliph2_1680	gliph2	huang
CSALTSVGTQYF	gliph2_1681	gliph2	huang
CASLTSFGTQYF	gliph2_1681	gliph2	huang
CASSFLPNTGELFF	gliph2_1682	gliph2	huang
CASSFGPNTGELFF	gliph2_1682	gliph2	huang
CASSSEGGVDEQFF	gliph2_1683	gliph2	huang
CASSSVGGVDEQFF	gliph2_1683	gliph2	huang
CSGPGVSDTQYF	gliph2_1684	gliph2	huang
CSGPGVTDTQYF	gliph2_1684	gliph2	huang
CASSLVASGQPQHF	gliph2_1685	gliph2	huang
CASSLEASGQPQHF	gliph2_1685	gliph2	huang
CASSVSAGLGYEQFF	gliph2_1686	gliph2	huang
CASSVSASLGYEQFF	gliph2_1686	gliph2	huang
CASSPAGLSYGYTF	gliph2_1687	gliph2	huang
CASSPPGLSYGYTF	gliph2_1687	gliph2	huang
CASSSTGDSNYGYTF	gliph2_1688	gliph2	huang
CASSSTGTSNYGYTF	gliph2_1688	gliph2	huang
CASSLAGSLNTEAFF	gliph2_1689	gliph2	huang
CASSLAGWLNTEAFF	gliph2_1689	gliph2	huang
CASSGTSGYTDEQFF	gliph2_1690	gliph2	huang
CASSGTRGYTDEQFF	gliph2_1690	gliph2	huang
CASSLGQGAKNIQYF	gliph2_1691	gliph2	huang
CASSLGGGAKNIQYF	gliph2_1691	gliph2	huang
CSARPEQGWNTEAFF	gliph2_1692	gliph2	huang
CSARPEKGWNTEACF	gliph2_1692	gliph2	huang
CSARDVDTEAFF	gliph2_1693	gliph2	huang
CRSREVDTEAFF	gliph2_1693	gliph2	huang
CASILSGTGTEAFF	gliph2_1694	gliph2	huang
CASILCGTGTEAFF	gliph2_1694	gliph2	huang
CASSLRRVLNTEAFF	gliph2_1695	gliph2	huang
CASSLRPVLNTEAFF	gliph2_1695	gliph2	huang
CASSWGIAAGNTIYF	gliph2_1696	gliph2	huang
CASSWGSAAGNTIYF	gliph2_1696	gliph2	huang
CASSYGTGAGEKLFF	gliph2_1697	gliph2	huang
CASSYGKGAGEKLFF	gliph2_1697	gliph2	huang
CSATGLAGTQYF	gliph2_1698	gliph2	huang
CSATVLAGTQYF	gliph2_1698	gliph2	huang
CGSSSVNRADGYTF	gliph2_1699	gliph2	huang
CASSSLNRADGYTF	gliph2_1699	gliph2	huang
CASRVAGRTDTQYF	gliph2_1700	gliph2	huang
CSARVQGRTDTQYF	gliph2_1700	gliph2	huang
CSARDVGVSYNEQFF	gliph2_1701	gliph2	huang
CSARDVAVSYNEQFF	gliph2_1701	gliph2	huang
CASSSRDGGNSPLHF	gliph2_1702	gliph2	huang
CATSSRGGGNSPLHF	gliph2_1702	gliph2	huang
CASSLSLQSYNEQFF	gliph2_1703	gliph2	huang
CASSLSGQSYNEQFF	gliph2_1703	gliph2	huang
CASKGTEGSNQPQHF	gliph2_1704	gliph2	huang
CASKGTGGSNQPQHF	gliph2_1704	gliph2	huang
CASSQALGQVYGYTF	gliph2_1705	gliph2	huang
CASSQARGQVYGYTF	gliph2_1705	gliph2	huang
CSARPVGGNQPQHF	gliph2_1706	gliph2	huang
CASRPGGGNQPQHF	gliph2_1706	gliph2	huang
CSVEEGGAQNYGYTF	gliph2_1707	gliph2	huang
CSVEEGCAQNYGYTF	gliph2_1707	gliph2	huang
CASSESARGETQYF	gliph2_1708	gliph2	huang
CASSEQARGETQYF	gliph2_1708	gliph2	huang
CATSRGAAGQETQYF	gliph2_1709	gliph2	huang
CATSRGTAGQETQYF	gliph2_1709	gliph2	huang
CSARDQVWDSPLHF	gliph2_1710	gliph2	huang
CSSRDRVWDSPLHF	gliph2_1710	gliph2	huang
CASSEAAANEKLFF	gliph2_1711	gliph2	huang
CASSEVAANEKLFF	gliph2_1711	gliph2	huang
CASSGQGSKNIQYF	gliph2_1712	gliph2	huang
CASSGTGSKNIQYF	gliph2_1712	gliph2	huang
CSARAEGLYNYGYSF	gliph2_1713	gliph2	huang
CSARAERLYNYGYTF	gliph2_1713	gliph2	huang
CASSPFWGTGELFF	gliph2_1714	gliph2	huang
CASSPCWGTGELFF	gliph2_1714	gliph2	huang
CASSPLTGRTEKLFF	gliph2_1715	gliph2	huang
CASSPLAGRTEKLFF	gliph2_1715	gliph2	huang
CASSPTGTSTDTQYF	gliph2_1716	gliph2	huang
CASSPTSTSTDTQYF	gliph2_1716	gliph2	huang
CASSDRCGGQETQYF	gliph2_1717	gliph2	huang
CASSDRFGGQETQYF	gliph2_1717	gliph2	huang
CSASTGGKDSPLHF	gliph2_1718	gliph2	huang
CSASTRGKDSPLHF	gliph2_1718	gliph2	huang
CASSLPLAGEDEQYF	gliph2_1719	gliph2	huang
CARSLPRAGEDEQYF	gliph2_1719	gliph2	huang
CSVVVGQWDTEAFF	gliph2_1720	gliph2	huang
CSVVVCQWDTEAFF	gliph2_1720	gliph2	huang
CASSLTSGDYNEQFF	gliph2_1721	gliph2	huang
CASSLTRGDYNEQFF	gliph2_1721	gliph2	huang
CASSRPESSYEQYF	gliph2_1722	gliph2	huang
CASSRTESSYEQYF	gliph2_1722	gliph2	huang
CASSRSTGEGTEAFF	gliph2_1723	gliph2	huang
CASSRSPGEGTEAFF	gliph2_1723	gliph2	huang
CARSFFGGGEEKLFF	gliph2_1724	gliph2	huang
CASSFFRGGEEKLFF	gliph2_1724	gliph2	huang
CASTLSTDTQYF	gliph2_1725	gliph2	huang
CSATLSSDTQYF	gliph2_1725	gliph2	huang
CASSRLIAGYNEQFF	gliph2_1726	gliph2	huang
CSASRLLAGYNEQFF	gliph2_1726	gliph2	huang
CASPEVEVNTEAFF	gliph2_1727	gliph2	huang
CASPEGEVNTEAFF	gliph2_1727	gliph2	huang
CASSLVAGGGDTQYF	gliph2_1728	gliph2	huang
CASSLVGGGGDTQYF	gliph2_1728	gliph2	huang
RASSLTNTNTGELFF	gliph2_1729	gliph2	huang
CASSLTGTNTGELFF	gliph2_1729	gliph2	huang
CASRGRTVEGSPLHF	gliph2_1730	gliph2	huang
CASRGRSVEGSPLPF	gliph2_1730	gliph2	huang
CIARERRQAVGGYTF	gliph2_1731	gliph2	huang
CSARERGQAVGGYTF	gliph2_1731	gliph2	huang
CASSLGTRPYNEQFF	gliph2_1732	gliph2	huang
CASSLGDRPYNEQFF	gliph2_1732	gliph2	huang
CASRKGLYEQYF	gliph2_1733	gliph2	huang
CSARDGLYEQYV	gliph2_1733	gliph2	huang
CASSLEGQANSPLHF	gliph2_1734	gliph2	huang
CASSLVGQANSPLHF	gliph2_1734	gliph2	huang
CASSVALLGGEQYF	gliph2_1735	gliph2	huang
CASSVVLLGGEQFF	gliph2_1735	gliph2	huang
CASSLIQGDTGELFF	gliph2_1736	gliph2	huang
CASSLAQGDTGELFF	gliph2_1736	gliph2	huang
CASRRDDNEQFF	gliph2_1737	gliph2	huang
CARRRDPNEQFF	gliph2_1737	gliph2	huang
CASSRSSSVQETQYF	gliph2_1738	gliph2	huang
CASSRISSVQETQYF	gliph2_1738	gliph2	huang
CSAKGQANTGELFF	gliph2_1739	gliph2	huang
CSAKGPANTGELFF	gliph2_1739	gliph2	huang
CATSRDPNRAGELFF	gliph2_1740	gliph2	huang
CATSREPNRAGELFF	gliph2_1740	gliph2	huang
CASSSRGDITYEQYF	gliph2_1741	gliph2	huang
CASSSIGDITYEQYF	gliph2_1741	gliph2	huang
CASSLVGAQAYEQYF	gliph2_1742	gliph2	huang
CASSLGGAQAYEQYF	gliph2_1742	gliph2	huang
CASTRDSGANVLTF	gliph2_1743	gliph2	huang
CASTRSSGANVLTF	gliph2_1743	gliph2	huang
CASSLGPGPYGYTF	gliph2_1744	gliph2	huang
CASSLMPGPYGYTF	gliph2_1744	gliph2	huang
CASSLVAGGFYEQYF	gliph2_1745	gliph2	huang
CASSLDAGGFYEQYF	gliph2_1745	gliph2	huang
CASSLALAGVNEQFF	gliph2_1746	gliph2	huang
CASSLGLAGVNEQFF	gliph2_1746	gliph2	huang
CASSLGLAGINEQYF	gliph2_1747	gliph2	huang
CASSLALAGINEQFF	gliph2_1747	gliph2	huang
CASSLAGQGGYGYTF	gliph2_1748	gliph2	huang
CASSLRGQGGYGYTF	gliph2_1748	gliph2	huang
CASRAGGANEKLFF	gliph2_1749	gliph2	huang
CAERAVGANEKLFF	gliph2_1749	gliph2	huang
CASSLTGQGRETQYF	gliph2_1750	gliph2	huang
CASSLWGQGRETQYF	gliph2_1750	gliph2	huang
CSAADAWGSYNEQFF	gliph2_1751	gliph2	huang
CSAADDWGSYNEQFF	gliph2_1751	gliph2	huang
CASSFRAGETYEQYF	gliph2_1752	gliph2	huang
CASSFQAGETYEQYF	gliph2_1752	gliph2	huang
CATSRERSGTDTQYF	gliph2_1753	gliph2	huang
CATSRDRSGTDTQYF	gliph2_1753	gliph2	huang
CASSKQPGGTEAFF	gliph2_1754	gliph2	huang
CASSKHPGGTEAFF	gliph2_1754	gliph2	huang
CSAVPRQGVSTEAFF	gliph2_1755	gliph2	huang
CSAVPGQGVSTEAFF	gliph2_1755	gliph2	huang
CASSLKAGSHEQYF	gliph2_1756	gliph2	huang
CASSLIAGSHEQYF	gliph2_1756	gliph2	huang
CASSSTTGNNEQFF	gliph2_1757	gliph2	huang
CASSSGTGNNEQFF	gliph2_1757	gliph2	huang
CATSSGGGGNSPLHF	gliph2_1758	gliph2	huang
CATSSRGGGNSPLHF	gliph2_1758	gliph2	huang
CSASGSQSFTEAFF	gliph2_1759	gliph2	huang
CSASGRQSFTEAFF	gliph2_1759	gliph2	huang
CASSGLVDTQYF	gliph2_1760	gliph2	huang
CASSPLVDTQYF	gliph2_1760	gliph2	huang
CASSTAGGQNEQFF	gliph2_1761	gliph2	huang
CASSTPGGQNEQFF	gliph2_1761	gliph2	huang
CASSPQGAEAFF	gliph2_1762	gliph2	huang
CASSPQRAEQYF	gliph2_1762	gliph2	huang
CASSLRGGDPDTQYF	gliph2_1763	gliph2	huang
CASSLLGGDPDTQYF	gliph2_1763	gliph2	huang
CSAREIRGGNQPQHF	gliph2_1764	gliph2	huang
CSAREERGGNQPQHF	gliph2_1764	gliph2	huang
CAIGASPETQYF	gliph2_1765	gliph2	huang
CSAGAMPETQYF	gliph2_1765	gliph2	huang
CASSDREGTGELFF	gliph2_1766	gliph2	huang
CATSDRTGTGELFF	gliph2_1766	gliph2	huang
CASSYDRGGGETQYF	gliph2_1767	gliph2	huang
CASSYQRGGGETQYF	gliph2_1767	gliph2	huang
CASSLVQYSYEQYF	gliph2_1768	gliph2	huang
CASSLVSYSYEQYF	gliph2_1768	gliph2	huang
CAISGVRQSTDTQYF	gliph2_1769	gliph2	huang
CAISGFRQSTDTQYF	gliph2_1769	gliph2	huang
CASSGQEGGNIKYF	gliph2_1770	gliph2	huang
CASSGQGGGNIQYF	gliph2_1770	gliph2	huang
CASAQRGQYTGERGF	gliph2_1771	gliph2	huang
CASAQKGQYTGELFF	gliph2_1771	gliph2	huang
CASSPMGADNSPLHF	gliph2_1772	gliph2	huang
CASSPAGADNSPLHF	gliph2_1772	gliph2	huang
CASSEGSYTGELFF	gliph2_1773	gliph2	huang
CASSEGLYTGELFF	gliph2_1773	gliph2	huang
CASRTGARPYEQYF	gliph2_1774	gliph2	huang
CASRTGSRPYEQYF	gliph2_1774	gliph2	huang
CASSFQRGGGETQYF	gliph2_1775	gliph2	huang
CGRSFPRGGGETQYF	gliph2_1775	gliph2	huang
CASSEVADNSPLHF	gliph2_1776	gliph2	huang
CASSEVGDNSPLHF	gliph2_1776	gliph2	huang
CASSFSGGEYEQYF	gliph2_1777	gliph2	huang
CASSFSSGEYEQYF	gliph2_1777	gliph2	huang
CASSPWTGLGYIQYF	gliph2_1778	gliph2	huang
CASSPVTGLGYIQYF	gliph2_1778	gliph2	huang
CASSPFWGTGELFF	gliph2_1779	gliph2	huang
CASSPFLGTGELFF	gliph2_1779	gliph2	huang
CASSDDGEPQHF	gliph2_1780	gliph2	huang
CASSDEGEPQHF	gliph2_1780	gliph2	huang
CASSHVAGGLNEQDF	gliph2_1781	gliph2	huang
CASSHLAGGLNEQYF	gliph2_1781	gliph2	huang
CASSVTGTGNTEAFF	gliph2_1782	gliph2	huang
CAWSVRGTGNTEAFF	gliph2_1782	gliph2	huang
CASSQGPGGNTIYF	gliph2_1783	gliph2	huang
CASSQGLGGNTIYF	gliph2_1783	gliph2	huang
CASSQQDPLAGTQYF	gliph2_1784	gliph2	huang
CASSQKDPLAGTQYF	gliph2_1784	gliph2	huang
CASSPRQGPNTEAFF	gliph2_1785	gliph2	huang
CASSPGQGPNTEAFF	gliph2_1785	gliph2	huang
CSAREGGGIYEQYF	gliph2_1786	gliph2	huang
CSAREGQGIYEQYF	gliph2_1786	gliph2	huang
CASRTGTGGSPLHF	gliph2_1787	gliph2	huang
CAWRTGPGGSPLHF	gliph2_1787	gliph2	huang
CSAGERSSTDTQYF	gliph2_1788	gliph2	huang
CATGERLSTDTQYF	gliph2_1788	gliph2	huang
CSVELVSGQNIQYF	gliph2_1789	gliph2	huang
CSVELVAGQNIQYF	gliph2_1789	gliph2	huang
CASSPGAAGTEAFF	gliph2_1790	gliph2	huang
CASSPGFAGTEAFF	gliph2_1790	gliph2	huang
CASTQANSGNTIYF	gliph2_1791	gliph2	huang
CSVTQASSGNTIYF	gliph2_1791	gliph2	huang
CASSYGPDTQYF	gliph2_1792	gliph2	huang
CASSYAPDTQYF	gliph2_1792	gliph2	huang
CSVEGGSFNEKLFF	gliph2_1793	gliph2	huang
CSVEGGRFNEKLFF	gliph2_1793	gliph2	huang
CASSLVGGAKNIQYF	gliph2_1794	gliph2	huang
CASSLGGGAKNIQYF	gliph2_1794	gliph2	huang
CASSLRTRAYEQYF	gliph2_1795	gliph2	huang
CASSLRSRAYEQYF	gliph2_1795	gliph2	huang
CASSPPMGGTEAFF	gliph2_1796	gliph2	huang
CASSPPRGGTEAFF	gliph2_1796	gliph2	huang
CSVGLANYGYTF	gliph2_1797	gliph2	huang
CSVGQANYGYTF	gliph2_1797	gliph2	huang
CASSASNSNQPQHF	gliph2_1798	gliph2	huang
CASSASGSNQPQHF	gliph2_1798	gliph2	huang
CSARDCNDRADTQYF	gliph2_1799	gliph2	huang
CSARDFNDRADTQYF	gliph2_1799	gliph2	huang
CASSPDSRAYEQYF	gliph2_1800	gliph2	huang
CASSPDRRAYEQYF	gliph2_1800	gliph2	huang
CSARDLAGHNEQFF	gliph2_1801	gliph2	huang
CSARDLTGHNEQFF	gliph2_1801	gliph2	huang
CSVGGEGSIDQPQHF	gliph2_1802	gliph2	huang
CSVGGAGSIDQPQHF	gliph2_1802	gliph2	huang
CARSALSTAGEQYF	gliph2_1803	gliph2	huang
CASSALTTAGEQYF	gliph2_1803	gliph2	huang
CASSLSLQSYNEQFF	gliph2_1804	gliph2	huang
CASSLGLQSYNEQFF	gliph2_1804	gliph2	huang
CSARGERGRTDTQYF	gliph2_1805	gliph2	huang
CSARGDRGRTDTQYF	gliph2_1805	gliph2	huang
CASSPRTGLYEQYF	gliph2_1806	gliph2	huang
CASSPRDGLYEQYF	gliph2_1806	gliph2	huang
CASSLTGFRDEKLFF	gliph2_1807	gliph2	huang
CASSLAGFRDEKLFF	gliph2_1807	gliph2	huang
CASSSFRGSTDTQYF	gliph2_1808	gliph2	huang
CASSSVRGSTDTQYF	gliph2_1808	gliph2	huang
CSARVFFRGTGELFF	gliph2_1809	gliph2	huang
CSGRVCFRGTGELFF	gliph2_1809	gliph2	huang
CASSGQQIYNEQFF	gliph2_1810	gliph2	huang
CASSGQGIYNEQFF	gliph2_1810	gliph2	huang
CASSPGRSEQYF	gliph2_1811	gliph2	huang
CASSPDRSEQYF	gliph2_1811	gliph2	huang
CATSRDLTGPEQYF	gliph2_1812	gliph2	huang
CATSRDRTGPEQYF	gliph2_1812	gliph2	huang
CSARRATNTGELFF	gliph2_1813	gliph2	huang
CSARRAGNTGELFF	gliph2_1813	gliph2	huang
CASSLGSVRQHQHF	gliph2_1814	gliph2	huang
CASSLGSVRQPQHF	gliph2_1814	gliph2	huang
CASSLTSQSRETQYF	gliph2_1815	gliph2	huang
CASSLASQSRETQYF	gliph2_1815	gliph2	huang
CAGSGRGGGETQYF	gliph2_1816	gliph2	huang
CAWSGRAGGETQYF	gliph2_1816	gliph2	huang
CASSPKMEGVSPLHF	gliph2_1817	gliph2	huang
CASSPNMEGVSPLHF	gliph2_1817	gliph2	huang
CASSRADSVYSPLHF	gliph2_1818	gliph2	huang
CASSRSDSVYSPLHF	gliph2_1818	gliph2	huang
CASSQDRRAGDTQYF	gliph2_1819	gliph2	huang
CASSQERRAGDTQYF	gliph2_1819	gliph2	huang
CSATSGEGGNEQFF	gliph2_1820	gliph2	huang
CSATSGGGGNEQFF	gliph2_1820	gliph2	huang
CSATTSTSSTDTQYF	gliph2_1821	gliph2	huang
CSATTGTSSTDTQYF	gliph2_1821	gliph2	huang
CASSLRLAGEDEQYF	gliph2_1822	gliph2	huang
CASSLPLAGEDEQYF	gliph2_1822	gliph2	huang
CSASLGWGSDDTQYF	gliph2_1823	gliph2	huang
CSASLWWGSDDTQYF	gliph2_1823	gliph2	huang
CASSIAGSSYNEQFF	gliph2_1824	gliph2	huang
CASSIGGSSYNEQFF	gliph2_1824	gliph2	huang
CSASISTSSTDTQYF	gliph2_1825	gliph2	huang
CSASIGTSSTDTQYF	gliph2_1825	gliph2	huang
CAISPALSSPEQYF	gliph2_1826	gliph2	huang
CASSPAISSPEQYF	gliph2_1826	gliph2	huang
CASSLVAGGRYEQYF	gliph2_1827	gliph2	huang
CASSLGAGGRYEQDF	gliph2_1827	gliph2	huang
CASSLAGSLNTEAFF	gliph2_1828	gliph2	huang
CASSLQGSLNTEAFF	gliph2_1828	gliph2	huang
CASSLGLGVAGELFF	gliph2_1829	gliph2	huang
CASSLVLGVAGELFF	gliph2_1829	gliph2	huang
CASSLQGRGYEQYF	gliph2_1830	gliph2	huang
CASSLQQRGYEQYF	gliph2_1830	gliph2	huang
CASSLGGGPYGYTF	gliph2_1831	gliph2	huang
CASSLGPGPYGYTF	gliph2_1831	gliph2	huang
CASSLALAGAGEQFF	gliph2_1832	gliph2	huang
CASSWALAGAGEKFF	gliph2_1832	gliph2	huang
CASTHVRVPYYEQYF	gliph2_1833	gliph2	huang
CASTPVRVPYYEQYF	gliph2_1833	gliph2	huang
CSARYWTGGTDTQYF	gliph2_1834	gliph2	huang
CSARGWTGGTDTQYF	gliph2_1834	gliph2	huang
CASSPPGTVSYEQYF	gliph2_1835	gliph2	huang
CASSSPGTVSYEQYF	gliph2_1835	gliph2	huang
CASSFGGGGNTQYF	gliph2_1836	gliph2	huang
CASSFGNGGNTQYF	gliph2_1836	gliph2	huang
CASSQDQGGYEQYF	gliph2_1837	gliph2	huang
CASSQDGGGYEQYF	gliph2_1837	gliph2	huang
CSAPWASGANVLTF	gliph2_1838	gliph2	huang
CSAPWAWGANVLTF	gliph2_1838	gliph2	huang
CASSLVAGGFYEQYF	gliph2_1839	gliph2	huang
CASSQVAGGFYEQYF	gliph2_1839	gliph2	huang
CASSQGRRGVSIQYF	gliph2_1840	gliph2	huang
CASSEGRRGVSIQYF	gliph2_1840	gliph2	huang
CDSSVTPGVGTEAFF	gliph2_1841	gliph2	huang
CSSSLTPGVGTEDYF	gliph2_1841	gliph2	huang
CASSPTTGGYEQFF	gliph2_1842	gliph2	huang
CSASPTSGGYEQYF	gliph2_1842	gliph2	huang
CASSLGGGLDYGYTF	gliph2_1843	gliph2	huang
CASSYGGGLDYGYTF	gliph2_1843	gliph2	huang
CSARSGTSGGYEQYF	gliph2_1844	gliph2	huang
CSARAGTSGGYEQYF	gliph2_1844	gliph2	huang
CASSLRLRSTDTQYF	gliph2_1845	gliph2	huang
CASSERLRSTDTQYF	gliph2_1845	gliph2	huang
CASRSPGTGNTEAFF	gliph2_1846	gliph2	huang
CASRPPGTGNTEAFF	gliph2_1846	gliph2	huang
CASSRLQGNTGELFF	gliph2_1847	gliph2	huang
CAISELQGNTGELFF	gliph2_1847	gliph2	huang
CASSSGQGSQPQHF	gliph2_1848	gliph2	huang
CVISSGHGSQPPHF	gliph2_1848	gliph2	huang
CASSKDTYSNQPQHF	gliph2_1849	gliph2	huang
CASSRDTYSNQPQHF	gliph2_1849	gliph2	huang
CSIEGGTGVDTQYF	gliph2_1850	gliph2	huang
CSVEGGQGVDTQYF	gliph2_1850	gliph2	huang
CASSVYGQGAETQYF	gliph2_1851	gliph2	huang
CASSLYGQGAETQYF	gliph2_1851	gliph2	huang
CASSLSGTGIYEQYF	gliph2_1852	gliph2	huang
CASSASGTGIYEQYF	gliph2_1852	gliph2	huang
CASRAVSGSDEQYF	gliph2_1853	gliph2	huang
CASRAVYGSDEQYF	gliph2_1853	gliph2	huang
CSAITDRKETPQHF	gliph2_1854	gliph2	huang
CRAITDGKETPQHF	gliph2_1854	gliph2	huang
CSARDPGGVSNEQFF	gliph2_1855	gliph2	huang
CSARGPGGVSNEQIF	gliph2_1855	gliph2	huang
CASSCRDRGRNTIYF	gliph2_1856	gliph2	huang
CASSYRDRGRNTIYF	gliph2_1856	gliph2	huang
CSVVSGWGMNTEAFF	gliph2_1857	gliph2	huang
CSVVAGWGMNTEAFF	gliph2_1857	gliph2	huang
CASSNNDYEQYF	gliph2_1858	gliph2	huang
CASSRNDYEQYF	gliph2_1858	gliph2	huang
CSACWATSGTDTQYF	gliph2_1859	gliph2	huang
CSACCATSGTDTQYF	gliph2_1859	gliph2	huang
CASSVGLGNTGELFF	gliph2_1860	gliph2	huang
CASSLGLGNTGELFF	gliph2_1860	gliph2	huang
CASWGGVDNQPQHF	gliph2_1861	gliph2	huang
CASWGGVENQPQHF	gliph2_1861	gliph2	huang
CASSSQGATDTQYF	gliph2_1862	gliph2	huang
CASSSQGGTDTQYF	gliph2_1862	gliph2	huang
CASSLVDRSYGYTF	gliph2_1863	gliph2	huang
CASSLVDSSYGYTF	gliph2_1863	gliph2	huang
CASSEGSYTGELFF	gliph2_1864	gliph2	huang
CAWSEGSNTGELFF	gliph2_1864	gliph2	huang
CASSRQGATETQYF	gliph2_1865	gliph2	huang
CASSRQGVTETQYF	gliph2_1865	gliph2	huang
CATSEVGNTGELFF	gliph2_1866	gliph2	huang
CASSEVGDTGELFF	gliph2_1866	gliph2	huang
CASSFQGKDTEAFF	gliph2_1867	gliph2	huang
CASSFQGGDTEAFF	gliph2_1867	gliph2	huang
CGRTLRGTETYEQYF	gliph2_1868	gliph2	huang
CASTSRGTETYEQYF	gliph2_1868	gliph2	huang
CSARGSGGYNEQFF	gliph2_1869	gliph2	huang
CSARGSGAYNEQFF	gliph2_1869	gliph2	huang
CSARVPGSNTEAFF	gliph2_1870	gliph2	huang
CSARVPGTNTEAFF	gliph2_1870	gliph2	huang
CARSGGARGYGQFF	gliph2_1871	gliph2	huang
CASSGGADGYGQYF	gliph2_1871	gliph2	huang
CASSDRGSNYGYTF	gliph2_1872	gliph2	huang
CAWSDRGANYGYTF	gliph2_1872	gliph2	huang
CSASPGDSNTEAFF	gliph2_1873	gliph2	huang
CASSPGDGNTEAFF	gliph2_1873	gliph2	huang
CASSLGYGGYYEQYF	gliph2_1874	gliph2	huang
CASSVGYGGYYEQYF	gliph2_1874	gliph2	huang
CASTKGGGYQETNYF	gliph2_1875	gliph2	huang
CASTQGGGYQETQYF	gliph2_1875	gliph2	huang
CASSLDSGGPYGYTF	gliph2_1876	gliph2	huang
CASSVDSGGPYGYTF	gliph2_1876	gliph2	huang
CASSVRQGGADTQYF	gliph2_1877	gliph2	huang
CATSRRQGGADTQYF	gliph2_1877	gliph2	huang
CSVTPGLAVYNEQFF	gliph2_1878	gliph2	huang
CASTHGLAVYNEQFF	gliph2_1878	gliph2	huang
CAGSVHDGEETQYF	gliph2_1879	gliph2	huang
CAWSVHDSEETQYF	gliph2_1879	gliph2	huang
CASLKVRATGELFF	gliph2_1880	gliph2	huang
CASLKVRGTGELFF	gliph2_1880	gliph2	huang
CSARGLITNEKLFF	gliph2_1881	gliph2	huang
CGARGLIANEKLFF	gliph2_1881	gliph2	huang
CASSWTSRSSYEQYF	gliph2_1882	gliph2	huang
CASSGTSRSSYEQYF	gliph2_1882	gliph2	huang
CSVLPSTGGGYGYTF	gliph2_1883	gliph2	huang
CSVLSSTGGGYGYTF	gliph2_1883	gliph2	huang
CASSLTPSTYEQYF	gliph2_1884	gliph2	huang
CASSLTPATYEQYF	gliph2_1884	gliph2	huang
CASSVALLGNTIYF	gliph2_1885	gliph2	huang
CASSVALAGNTIYF	gliph2_1885	gliph2	huang
CASSLGLALYNEQFF	gliph2_1886	gliph2	huang
CANSKGLALYNEQFF	gliph2_1886	gliph2	huang
CSANELDGGRGTQYF	gliph2_1887	gliph2	huang
CSANALDGGRGTQYF	gliph2_1887	gliph2	huang
CAATQQGETQYF	gliph2_1888	gliph2	huang
CATTGQGETQYF	gliph2_1888	gliph2	huang
CSARDRGGSNEQFF	gliph2_1889	gliph2	huang
CASRDRGLSNEQYF	gliph2_1889	gliph2	huang
CSAERGVSTDTQYF	gliph2_1890	gliph2	huang
CSAERGVRTDTQYF	gliph2_1890	gliph2	huang
CASSVMAGGQETQYF	gliph2_1891	gliph2	huang
CASSLMAGGQETQYF	gliph2_1891	gliph2	huang
CASGNGGAGDTQYF	gliph2_1892	gliph2	huang
CASGNGGGGDTQYF	gliph2_1892	gliph2	huang
CSAREGGAGNQPQHF	gliph2_1893	gliph2	huang
CAWRSGGAGNQPQHF	gliph2_1893	gliph2	huang
CASSVERVEVGYTF	gliph2_1894	gliph2	huang
CASSVERGEVGYTF	gliph2_1894	gliph2	huang
CASSPWGQPQHF	gliph2_1895	gliph2	huang
CASSLWGQPQHF	gliph2_1895	gliph2	huang
CASSYRGLAKNIQYF	gliph2_1896	gliph2	huang
CASSSRGLAKNIQYF	gliph2_1896	gliph2	huang
CSASSPGTKNIQYF	gliph2_1897	gliph2	huang
CSASSPGPKNIQYF	gliph2_1897	gliph2	huang
CASSVGVGSSYEQYF	gliph2_1898	gliph2	huang
CASSLGVGSSYEQYF	gliph2_1898	gliph2	huang
CAGSWVAGGGDTQYF	gliph2_1899	gliph2	huang
CASSLVAGGGDTQYF	gliph2_1899	gliph2	huang
CASSGGADGYEQYF	gliph2_1900	gliph2	huang
CSASGGALGYEQYF	gliph2_1900	gliph2	huang
CASSRGEGAGETQYF	gliph2_1901	gliph2	huang
CASSKGEGAGETQYF	gliph2_1901	gliph2	huang
CSARARRAGQETQYF	gliph2_1902	gliph2	huang
CSARDRRAGQETQYF	gliph2_1902	gliph2	huang
CAISREDRGNTEAFF	gliph2_1903	gliph2	huang
CAISSEDRGNTEAFF	gliph2_1903	gliph2	huang
CSARGPGSNYGYTF	gliph2_1904	gliph2	huang
CSARGPGANYGYNF	gliph2_1904	gliph2	huang
CASRGRTVEGSPLHF	gliph2_1905	gliph2	huang
CAGRARTVEGSPLHF	gliph2_1905	gliph2	huang
CSATLGRGENTEAFF	gliph2_1906	gliph2	huang
CSATRGRGENTEAFF	gliph2_1906	gliph2	huang
CASSQGLSGNTIYF	gliph2_1907	gliph2	huang
CASSQGLGGNTIYF	gliph2_1907	gliph2	huang
CASSSRGVATEAFF	gliph2_1908	gliph2	huang
CASSSRGGATEAFF	gliph2_1908	gliph2	huang
CATALPGPRNNEQFF	gliph2_1909	gliph2	huang
CALARPGPRNNEQFF	gliph2_1909	gliph2	huang
CASSRGEGPGETQYF	gliph2_1910	gliph2	huang
CASSLGEGPGETQYF	gliph2_1910	gliph2	huang
CAGLRQGAHQPQHF	gliph2_1911	gliph2	huang
CAGLRQGSHQPQHF	gliph2_1911	gliph2	huang
CASSRTESSYEQYF	gliph2_1912	gliph2	huang
CASSRTEVSYEQYF	gliph2_1912	gliph2	huang
CASSETSGGHNEQFF	gliph2_1913	gliph2	huang
CASSVTSGGHNEQFF	gliph2_1913	gliph2	huang
CSVRSGGTAYEQYF	gliph2_1914	gliph2	huang
CAVRSGGQAYEQYF	gliph2_1914	gliph2	huang
CASSLGGTLGEQFF	gliph2_1915	gliph2	huang
CASSLGGSLGEQYF	gliph2_1915	gliph2	huang
CASSLGWNTGELFF	gliph2_1916	gliph2	huang
CASSLGWTTGELFF	gliph2_1916	gliph2	huang
CASSGGGGLNTEAFF	gliph2_1917	gliph2	huang
CASSSGGGLNTEAFF	gliph2_1917	gliph2	huang
CASRPGQVWQPQHF	gliph2_1918	gliph2	huang
CASRPGQGWQPQHF	gliph2_1918	gliph2	huang
CASSSSGGVNTEAFF	gliph2_1919	gliph2	huang
CASSNSGGVNTEAFF	gliph2_1919	gliph2	huang
CASSLLGASQETQYF	gliph2_1920	gliph2	huang
CASSWLGASQETQYF	gliph2_1920	gliph2	huang
CASSKISRVGPQHF	gliph2_1921	gliph2	huang
CASSKISLVGPQPF	gliph2_1921	gliph2	huang
CATSTDSHMNTEAFF	gliph2_1922	gliph2	huang
CATSRDSHMNTEAFF	gliph2_1922	gliph2	huang
CAISENDRGGTEAFF	gliph2_1923	gliph2	huang
CAISQNDRGGTEAFF	gliph2_1923	gliph2	huang
CASSLEASGQPQHF	gliph2_1924	gliph2	huang
CARSLEAAGQPQHF	gliph2_1924	gliph2	huang
CSARDIGHARKLFF	gliph2_1925	gliph2	huang
CSARDIGQARKLFF	gliph2_1925	gliph2	huang
CATSSAGTRGTQYF	gliph2_1926	gliph2	huang
CATSSAGARGTQYF	gliph2_1926	gliph2	huang
CSVALAGSSYNEQFF	gliph2_1927	gliph2	huang
CSGARAGSSYNEQFF	gliph2_1927	gliph2	huang
CTSSHQQGLRETQYF	gliph2_1928	gliph2	huang
CASSPQQGLRETQYF	gliph2_1928	gliph2	huang
CASSTRDRVHNEQFF	gliph2_1929	gliph2	huang
CASSARDRVHNEQFF	gliph2_1929	gliph2	huang
CASSRTSGNTDTQYF	gliph2_1930	gliph2	huang
CASSDTSGNTDTQYF	gliph2_1930	gliph2	huang
CASSFLGAMGNGYTF	gliph2_1931	gliph2	huang
CASSLLGAMGNGYTF	gliph2_1931	gliph2	huang
CASRRAGGPIDTQYF	gliph2_1932	gliph2	huang
CASRLAGGPIDTQYF	gliph2_1932	gliph2	huang
CASSVTGFRDEKLFF	gliph2_1933	gliph2	huang
CASSLTGFRDEKLFF	gliph2_1933	gliph2	huang
CASSHGTKNTEAFF	gliph2_1934	gliph2	huang
CASSHGTANTEAFF	gliph2_1934	gliph2	huang
CASSCTRDSNSPLHF	gliph2_1935	gliph2	huang
CASSFTRDSNSPLHF	gliph2_1935	gliph2	huang
CASSIGQVTGELFF	gliph2_1936	gliph2	huang
CASSIGQNTGELFF	gliph2_1936	gliph2	huang
CASSRALVQVYGYTF	gliph2_1937	gliph2	huang
CASSQALVQVYGYTF	gliph2_1937	gliph2	huang
CASSPRAGERGYTF	gliph2_1938	gliph2	huang
CASSPRANERGYTF	gliph2_1938	gliph2	huang
CASRNGGGYNEQFF	gliph2_1939	gliph2	huang
CASRNGGSYNEQFF	gliph2_1939	gliph2	huang
CASSPWTVNTEAFF	gliph2_1940	gliph2	huang
CASSPWTGNTEAFF	gliph2_1940	gliph2	huang
CSARVTGGEGYGYTF	gliph2_1941	gliph2	huang
CCSRGTGGEGYGYTF	gliph2_1941	gliph2	huang
CASSVALLGGEQYF	gliph2_1942	gliph2	huang
CASSVALMGGELFF	gliph2_1942	gliph2	huang
CASSEKGLGIEQFF	gliph2_1943	gliph2	huang
CASSEKGRGIEQFF	gliph2_1943	gliph2	huang
CASSLRQGKNIQYF	gliph2_1944	gliph2	huang
CASSLRQAKNIQYF	gliph2_1944	gliph2	huang
CASSPGTRGTDTQYF	gliph2_1945	gliph2	huang
CASSIGTRGTDTQYF	gliph2_1945	gliph2	huang
CASSLRTSTDTQYF	gliph2_1946	gliph2	huang
CASSLRTVTDTQYF	gliph2_1946	gliph2	huang
CASGRTSGEYEQYF	gliph2_1947	gliph2	huang
CARGRTSREYEQYF	gliph2_1947	gliph2	huang
CASSQRQGTNYGYTF	gliph2_1948	gliph2	huang
CASSHRQGTNYGYTF	gliph2_1948	gliph2	huang
CASSLGQAPDTQYF	gliph2_1949	gliph2	huang
CASSLGQVPDTQYF	gliph2_1949	gliph2	huang
CSVEGGRYNEKLFF	gliph2_1950	gliph2	huang
CSVEGGRFNEKLFF	gliph2_1950	gliph2	huang
CSARGQPSGQETQYF	gliph2_1951	gliph2	huang
CSARDQPSGQETQYF	gliph2_1951	gliph2	huang
CASRWRGLSYEQYF	gliph2_1952	gliph2	huang
CASRWRGSSYEQYF	gliph2_1952	gliph2	huang
CASSLSHLKNEQFF	gliph2_1953	gliph2	huang
CASSLSHGKNEQFF	gliph2_1953	gliph2	huang
CASSLFGGAQPQHF	gliph2_1954	gliph2	huang
CASSLFGAAQPQHF	gliph2_1954	gliph2	huang
CASSVGDRNLDTQYF	gliph2_1955	gliph2	huang
CASSLGDRNLDTQYF	gliph2_1955	gliph2	huang
CASSQGDRAHQPQHF	gliph2_1956	gliph2	huang
CASSPGDRAHQPQHF	gliph2_1956	gliph2	huang
CASSPRLAGGDEQFF	gliph2_1957	gliph2	huang
CASSSRLAGGDEQYF	gliph2_1957	gliph2	huang
CASSQRGGRNEQFF	gliph2_1958	gliph2	huang
CASSQRGERNEQFF	gliph2_1958	gliph2	huang
CASSLEGRPYGYTF	gliph2_1959	gliph2	huang
CASSLEGGPYGYTF	gliph2_1959	gliph2	huang
CASSVEGGAREKLFF	gliph2_1960	gliph2	huang
CASSLEGGAREKLFF	gliph2_1960	gliph2	huang
CSASWTSGGAETQYF	gliph2_1961	gliph2	huang
CSAIWTSGGAETQYF	gliph2_1961	gliph2	huang
CASSSPGGVTDTQYF	gliph2_1962	gliph2	huang
CAGRSPGGVTDTQYF	gliph2_1962	gliph2	huang
CSVDSGQVNNGELFF	gliph2_1963	gliph2	huang
CSVASGQVNNGELFF	gliph2_1963	gliph2	huang
CASSLVPGLGYEQYF	gliph2_1964	gliph2	huang
CASILVPGLGYEQYF	gliph2_1964	gliph2	huang
CATNPRTGAGETQYF	gliph2_1965	gliph2	huang
CATKPRTGAGETQYF	gliph2_1965	gliph2	huang
CASSPLAGQETQYF	gliph2_1966	gliph2	huang
CASSPLAEQETQYF	gliph2_1966	gliph2	huang
CSALLAGAVYNEQFF	gliph2_1967	gliph2	huang
CRARLAGAVYNEQFF	gliph2_1967	gliph2	huang
CATSRDRSGTDTQYF	gliph2_1968	gliph2	huang
CATIRDRSGTDTQYF	gliph2_1968	gliph2	huang
CASSFNRRGNEQFF	gliph2_1969	gliph2	huang
CASSFNRAGNEQFF	gliph2_1969	gliph2	huang
CATKDPDHYNEQFF	gliph2_1970	gliph2	huang
CATKDPDSYNEQFF	gliph2_1970	gliph2	huang
CASRLLAGVYNEQFF	gliph2_1971	gliph2	huang
CASSLLAGVYNEQFF	gliph2_1971	gliph2	huang
CSAEGQGGYNEQFF	gliph2_1972	gliph2	huang
CSAEGQGTYNEQFF	gliph2_1972	gliph2	huang
CASTDRDQPQHF	gliph2_1973	gliph2	huang
CSATRRDQPQHF	gliph2_1973	gliph2	huang
CASSPTARLETQYF	gliph2_1974	gliph2	huang
CASSPTARWETQYF	gliph2_1974	gliph2	huang
CSARGSGRAYNEQFF	gliph2_1975	gliph2	huang
CSASGSGRAYNEQFF	gliph2_1975	gliph2	huang
CSASSQGAGDTQYF	gliph2_1976	gliph2	huang
CASSSQGATDTQYF	gliph2_1976	gliph2	huang
CASRPPGGSNEKLFF	gliph2_1977	gliph2	huang
CASSPPGGSNEKLFF	gliph2_1977	gliph2	huang
CASSVALLGGTQYF	gliph2_1978	gliph2	huang
CASSVALLAGTQYF	gliph2_1978	gliph2	huang
CASSYAGGGTEAFF	gliph2_1979	gliph2	huang
CASSYAGGNTEAFF	gliph2_1979	gliph2	huang
CASSTNRGGETQYF	gliph2_1980	gliph2	huang
CASSTNRGQETQYF	gliph2_1980	gliph2	huang
CATSPAGAWNEQFF	gliph2_1981	gliph2	huang
CATSPAGAGNEQFF	gliph2_1981	gliph2	huang
CSVVSGWGMNTEAFF	gliph2_1982	gliph2	huang
CSVSSGWGMNTEAFF	gliph2_1982	gliph2	huang
CAYGEGTGSSYEQYF	gliph2_1983	gliph2	huang
CASSEGTGSSYEQYF	gliph2_1983	gliph2	huang
CASSPAETVHEQYF	gliph2_1984	gliph2	huang
CASSPAETAHEQYF	gliph2_1984	gliph2	huang
CASGLAVAMENIQYF	gliph2_1985	gliph2	huang
CASSLAVAMENIQYF	gliph2_1985	gliph2	huang
CASSPFSANYGYTF	gliph2_1986	gliph2	huang
CASSPFSANYVYTF	gliph2_1986	gliph2	huang
CSARVGGSYNSPLHF	gliph2_1987	gliph2	huang
CASSVGGSYNSPLHF	gliph2_1987	gliph2	huang
CASRSWQLSYNEQFF	gliph2_1988	gliph2	huang
CASSSWQLSYNEQFF	gliph2_1988	gliph2	huang
CSALQLAGGYNEQFF	gliph2_1989	gliph2	huang
CSAIQLAGGYNEQFF	gliph2_1989	gliph2	huang
CSAKPGGGPIGEQYF	gliph2_1990	gliph2	huang
CSATPGGGPIGEQYF	gliph2_1990	gliph2	huang
CSVEGGQGVDTQYF	gliph2_1991	gliph2	huang
CSVEGGQGADTQYF	gliph2_1991	gliph2	huang
CSAWEGGDEQFF	gliph2_1992	gliph2	huang
CSAWTGGDEQFF	gliph2_1992	gliph2	huang
CASSPDSGSYGQYF	gliph2_1993	gliph2	huang
CASSPDSGTYGQYF	gliph2_1993	gliph2	huang
CSAPSGTRDSPLHF	gliph2_1994	gliph2	huang
CSAPSGTRVSPLHF	gliph2_1994	gliph2	huang
CASSVEQGGYGYTF	gliph2_1995	gliph2	huang
CASSVEQGSYGYTF	gliph2_1995	gliph2	huang
CASSEQARGENQYF	gliph2_1996	gliph2	huang
CASSEQARGETQYF	gliph2_1996	gliph2	huang
CASDQVRSGKNIQYF	gliph2_1997	gliph2	huang
CASGQVRSGKNIQYF	gliph2_1997	gliph2	huang
CASSLRQGGNTEAFF	gliph2_1998	gliph2	huang
CASRLRQGGNTEAFF	gliph2_1998	gliph2	huang
CASRSSDRGYSPLHF	gliph2_1999	gliph2	huang
CASSSSDRGYSPLHF	gliph2_1999	gliph2	huang
CSARYLGGNYGYTF	gliph2_2000	gliph2	huang
CSARYLGGSYGYPF	gliph2_2000	gliph2	huang
CASSYFGGNQPQHF	gliph2_2001	gliph2	huang
CASSYFGGIQPQHF	gliph2_2001	gliph2	huang
CASGLDGRAQETQYF	gliph2_2002	gliph2	huang
CASSLDGRAQETQYF	gliph2_2002	gliph2	huang
CASSPAGLSYGYTF	gliph2_2003	gliph2	huang
CASSPAGLGYGYTF	gliph2_2003	gliph2	huang
CASRPPENTGELFF	gliph2_2004	gliph2	huang
CASRPPENAGERFF	gliph2_2004	gliph2	huang
CASSLWDRVIYEQYF	gliph2_2005	gliph2	huang
CASTLWDRVIYEQDF	gliph2_2005	gliph2	huang
CASSMDRGNYGYTF	gliph2_2006	gliph2	huang
CASSMDRGDYGYTF	gliph2_2006	gliph2	huang
CSAYSSGGSTDTQYF	gliph2_2007	gliph2	huang
CASSSSGGSTDTQYF	gliph2_2007	gliph2	huang
CASSLRTRAYEQYF	gliph2_2008	gliph2	huang
CASSLRTRSYEQYF	gliph2_2008	gliph2	huang
CASIKGGQGALGYTF	gliph2_2009	gliph2	huang
CASSKGGQGALGYTF	gliph2_2009	gliph2	huang
CASSKGGQFYEQYF	gliph2_2010	gliph2	huang
CASSKGGQYYEQYF	gliph2_2010	gliph2	huang
CASSLSLGGYGYTF	gliph2_2011	gliph2	huang
CASSLSLGNYGYTF	gliph2_2011	gliph2	huang
CASSLQGGEDTQYF	gliph2_2012	gliph2	huang
CASSLQGGTDTQYF	gliph2_2012	gliph2	huang
CASSLMAGGQETQYF	gliph2_2013	gliph2	huang
CASRLMAGGQETQYF	gliph2_2013	gliph2	huang
CASSLWGAAYNEQFF	gliph2_2014	gliph2	huang
CASRLWGAAYNEQFF	gliph2_2014	gliph2	huang
CASSRNRGQETQYF	gliph2_2015	gliph2	huang
CASSRNRGRETQYF	gliph2_2015	gliph2	huang
CASSLNWGNTEAFF	gliph2_2016	gliph2	huang
CASSLNWGDTEAFF	gliph2_2016	gliph2	huang
CASSLSGGASEQFF	gliph2_2017	gliph2	huang
CASSLSGGQSEQYF	gliph2_2017	gliph2	huang
CASTPSGSSYNEQFF	gliph2_2018	gliph2	huang
CASSPSGSSYNEQFF	gliph2_2018	gliph2	huang
CASRLTGGRNQPQHF	gliph2_2019	gliph2	huang
CASSLTGGRNQPQHF	gliph2_2019	gliph2	huang
CASSGHRGSGELFF	gliph2_2020	gliph2	huang
CAWSGHRGRGEQYF	gliph2_2020	gliph2	huang
CASSTPGGQNGQFF	gliph2_2021	gliph2	huang
CASSTPGGQNEQFF	gliph2_2021	gliph2	huang
CASSVGLASYGYTF	gliph2_2022	gliph2	huang
CASSVGLANYGYTF	gliph2_2022	gliph2	huang
CAWSVSSGRNEQFF	gliph2_2023	gliph2	huang
CASSVSSGNNEQFF	gliph2_2023	gliph2	huang
CSASSGGASDKQYF	gliph2_2024	gliph2	huang
CSASSGGASDTQYF	gliph2_2024	gliph2	huang
CASSQDGGVYEQYF	gliph2_2025	gliph2	huang
CASSQDGGGYEQYF	gliph2_2025	gliph2	huang
CASRPGGANENLFF	gliph2_2026	gliph2	huang
CASRPGGANEKLFF	gliph2_2026	gliph2	huang
CSATEGPWEQYF	gliph2_2027	gliph2	huang
CSATQGPWEQYF	gliph2_2027	gliph2	huang
CASSARGGVNGYTF	gliph2_2028	gliph2	huang
CASSARGGLNGYTF	gliph2_2028	gliph2	huang
CASSQRQGSDIQYF	gliph2_2029	gliph2	huang
CASSQRQGSDTQYF	gliph2_2029	gliph2	huang
CAPSLGAGGGGQYF	gliph2_2030	gliph2	huang
CASSLGAGGGEQYF	gliph2_2030	gliph2	huang
CASSEGSGGGELFF	gliph2_2031	gliph2	huang
CAWSEGSGGGTQYF	gliph2_2031	gliph2	huang
CASSSGTENEKLFF	gliph2_2032	gliph2	huang
CASSSGTEQEKLFF	gliph2_2032	gliph2	huang
CASSPAGSLNEQFF	gliph2_2033	gliph2	huang
CASSPAGSYNEQFF	gliph2_2033	gliph2	huang
CASSCGAGGGEKYF	gliph2_2034	gliph2	huang
CAGSCGAGGGAQYF	gliph2_2034	gliph2	huang
CASNRGSYTDTQYF	gliph2_2035	gliph2	huang
CASNRGSYTDKQYF	gliph2_2035	gliph2	huang
CASSLGDRGDMQYF	gliph2_2036	gliph2	huang
CASSLGDRGDIQYF	gliph2_2036	gliph2	huang
CASSQGGQYYEQYF	gliph2_2037	gliph2	huang
CASSQGGQFYEQYF	gliph2_2037	gliph2	huang
CASSLQGAAEKLFF	gliph2_2038	gliph2	huang
CASSLQGASEKLFF	gliph2_2038	gliph2	huang
CASSSQGGVQPQHF	gliph2_2039	gliph2	huang
CASSSQGGGQPQHF	gliph2_2039	gliph2	huang
CASSFRSRAYEQYF	gliph2_2040	gliph2	huang
CASSFRSRGYEQYF	gliph2_2040	gliph2	huang
CASSQFTGAGEQFF	gliph2_2041	gliph2	huang
CASSQFTGAGGQFF	gliph2_2041	gliph2	huang
CASSARQGQDEQYF	gliph2_2042	gliph2	huang
CASSARQGSDEQYF	gliph2_2042	gliph2	huang
CASSNRQGADTQYF	gliph2_2043	gliph2	huang
CASSNRQGADEQYF	gliph2_2043	gliph2	huang
CASSQARGTGELFF	gliph2_2044	gliph2	huang
CASSQARGTGGLFF	gliph2_2044	gliph2	huang
CSARDIGQARKLFF	gliph2_2045	gliph2	huang
CTARDIGQARRLFF	gliph2_2045	gliph2	huang
CSATGDRGLYCYTF	gliph2_2046	gliph2	huang
CSATGDRGLYGYTF	gliph2_2046	gliph2	huang
CASSFYRGSETQYF	gliph2_2047	gliph2	huang
CASSFYRGLETQYF	gliph2_2047	gliph2	huang
CASSLGSIHYEQYF	gliph2_2048	gliph2	huang
CASSLGSISYEQYF	gliph2_2048	gliph2	huang
CASSTPGGENEQFF	gliph2_2049	gliph2	huang
CASSTPGGQNEQFF	gliph2_2049	gliph2	huang
CASSRRSGNTEAFF	gliph2_2050	gliph2	huang
CASSRRSGDTEAFF	gliph2_2050	gliph2	huang
CASSLLTGTDTQYF	gliph2_2051	gliph2	huang
CASSLLTGADTQYF	gliph2_2051	gliph2	huang
CSALSNLGADTQYF	gliph2_2052	gliph2	huang
CSALSNLGTDTQYF	gliph2_2052	gliph2	huang
CSAKTSGGVYEQYF	gliph2_2053	gliph2	huang
CSAKTSGGVYVQYF	gliph2_2053	gliph2	huang
CASSLGDPRDTQYF	gliph2_2054	gliph2	huang
CASSLGDPRDKQYF	gliph2_2054	gliph2	huang
CASSLQGETYEQYF	gliph2_2055	gliph2	huang
CASSLQGEAYEQYF	gliph2_2055	gliph2	huang
CSARRGSYKSPLHF	gliph2_2056	gliph2	huang
CSARRGSYNSPLHF	gliph2_2056	gliph2	huang
CARSSKDRGKEQVF	gliph2_2057	gliph2	huang
CASSSKDRGNEQFF	gliph2_2057	gliph2	huang
CSVEDPGSSYEQYF	gliph2_2058	gliph2	huang
CSVEDPGSSDEQYF	gliph2_2058	gliph2	huang
CASSLKRGGYEQYF	gliph2_2059	gliph2	huang
CASSLKRGGYDQYF	gliph2_2059	gliph2	huang
CASSGRSSTDTQYF	gliph2_2060	gliph2	huang
CASSGRSSTETQYF	gliph2_2060	gliph2	huang
CSASTYSGANVLTF	gliph2_2061	gliph2	huang
CSASTYSGANDLTF	gliph2_2061	gliph2	huang
CSASRRSNTGGLFF	gliph2_2062	gliph2	huang
CSASRRSNTGELFF	gliph2_2062	gliph2	huang
CASSRGTDRDRYTF	gliph2_2063	gliph2	huang
CASSRGTDRDGYTF	gliph2_2063	gliph2	huang
CSAILGEKDDEQYF	gliph2_2064	gliph2	huang
CSAILGEKDYEQYF	gliph2_2064	gliph2	huang
CSAGLTRAKNMQYF	gliph2_2065	gliph2	huang
CSAGLTRAKNIQYF	gliph2_2065	gliph2	huang
CASSFSSGEYEQYF	gliph2_2066	gliph2	huang
CASSFSSGEFEQYF	gliph2_2066	gliph2	huang
CASRRPHGQETQYF	gliph2_2067	gliph2	huang
CASRRPHGQGTQYF	gliph2_2067	gliph2	huang
CASSLDGTGTTLHF	gliph2_2068	gliph2	huang
CASSLDGTGTEAFF	gliph2_2068	gliph2	huang
CASSPPRGTDTQYF	gliph2_2069	gliph2	huang
CASSPPRGTETQYF	gliph2_2069	gliph2	huang
CASSLSGGRNEQFF	gliph2_2070	gliph2	huang
CASSLSGGRTEAFF	gliph2_2070	gliph2	huang
CASSHQGSNYGYTF	gliph2_2071	gliph2	huang
CPSSHQGSNYSYTF	gliph2_2071	gliph2	huang
CASSQEDGSYEQYF	gliph2_2072	gliph2	huang
CASSQEDGSYGYTF	gliph2_2072	gliph2	huang
CATRQGGLGKEQFF	gliph2_2073	gliph2	huang
CATRQGGLGNEQFF	gliph2_2073	gliph2	huang
CSAKGQANTEELLF	gliph2_2074	gliph2	huang
CSAKGQANTGELFF	gliph2_2074	gliph2	huang
CSARNGLAGYGYTF	gliph2_2075	gliph2	huang
CSARNGLAGDGYTF	gliph2_2075	gliph2	huang
CSALSRASEQYF	gliph2_2076	gliph2	huang
CSALTRASEQYF	gliph2_2076	gliph2	huang
CSARDLTGRSEAFF	gliph2_2077	gliph2	huang
CSARDLTGRYEQYF	gliph2_2077	gliph2	huang
CSARTGEGEETQYF	gliph2_2078	gliph2	huang
CSARTGEGEENQYF	gliph2_2078	gliph2	huang
CSARPVRRGKEQFF	gliph2_2079	gliph2	huang
CSARPVRRGNEQFF	gliph2_2079	gliph2	huang
CASSAGTGVETQYF	gliph2_2080	gliph2	huang
CASSAGTGVGTKYF	gliph2_2080	gliph2	huang
CSALAGGPPDTQYF	gliph2_2081	gliph2	huang
CSALAGGPPDKQYF	gliph2_2081	gliph2	huang
CSAKGLRTYNAQFF	gliph2_2082	gliph2	huang
CSAKGLRTYNEQFF	gliph2_2082	gliph2	huang
CASSPDSGSYGQYF	gliph2_2083	gliph2	huang
CASSPDSGSDGQYF	gliph2_2083	gliph2	huang
CSARQGLVNYGYTF	gliph2_2084	gliph2	huang
CSARQGLVNDGYTF	gliph2_2084	gliph2	huang
CASSPGLGTYEQYF	gliph2_2085	gliph2	huang
CASSPGLGTGELFF	gliph2_2085	gliph2	huang
CSVITGTAGNTIYF	gliph2_2086	gliph2	huang
CSVITGTAGNNIYF	gliph2_2086	gliph2	huang
CASSQFASSYEQYF	gliph2_2087	gliph2	huang
CASSQFASSDEQYF	gliph2_2087	gliph2	huang
CASSYRRGQQPQHF	gliph2_2088	gliph2	huang
CASSYRRGQLPQHF	gliph2_2088	gliph2	huang
CSAHRGGTYNEQFF	gliph2_2089	gliph2	huang
CSAHRGGTYNAQFF	gliph2_2089	gliph2	huang
CASSVALLGGTQYF	gliph2_2090	gliph2	huang
CASSVALLGGEQYF	gliph2_2090	gliph2	huang
CSGGAGRAKNMQYF	gliph2_2091	gliph2	huang
CSGGAGRAKNIQYF	gliph2_2091	gliph2	huang
CAWSEGSGGGTQYF	gliph2_2092	gliph2	huang
CASSEGSGGNTIYF	gliph2_2092	gliph2	huang
CASSRERGPDTQYF	gliph2_2093	gliph2	huang
CASSRERGPETKYF	gliph2_2093	gliph2	huang
CASSGGADGYGQYF	gliph2_2094	gliph2	huang
CASSGGADGYEQYF	gliph2_2094	gliph2	huang
CASGNGGAGDTQYF	gliph2_2095	gliph2	huang
CASGNGGAGDKLYF	gliph2_2095	gliph2	huang
CASSSAGGIDEQFF	gliph2_2096	gliph2	huang
CASSSAGGIEEQFF	gliph2_2096	gliph2	huang
CARSVCSGTQYF	gliph2_2097	gliph2	huang
CASSLCSGTQYF	gliph2_2097	gliph2	huang
CASSQGGQYYEQYF	gliph2_2098	gliph2	huang
CASSQGGQYAEAFF	gliph2_2098	gliph2	huang
CAWKGRGRYNEQFF	gliph2_2099	gliph2	huang
CAWKGRGRYHEQFF	gliph2_2099	gliph2	huang
CASSYVSRTDTQYF	gliph2_2100	gliph2	huang
CASSYVSRTETQYF	gliph2_2100	gliph2	huang
CASRDRGLSNEQYF	gliph2_2101	gliph2	huang
CASRDRGLSYEQYF	gliph2_2101	gliph2	huang
CSASHRTGTGDLFF	gliph2_2102	gliph2	huang
CSASHRTGTGELFF	gliph2_2102	gliph2	huang
CASSLEAGGPNTQYF	gliph2_2103	gliph2	huang
CASSLEAGGPNEQFF	gliph2_2103	gliph2	huang
CASSQDSTTEAFF	gliph2_2104	gliph2	huang
CASSQDSGTEQYF	gliph2_2104	gliph2	huang
CSAVTGGDEQYF	gliph2_2105	gliph2	huang
CSAWTGGDEQFF	gliph2_2105	gliph2	huang
CASSLVTSGAYYGQYF	gliph2_2106	gliph2	huang
CASSLVTSGAYYEQYF	gliph2_2106	gliph2	huang
CASSPRVASGYTF	gliph2_2107	gliph2	huang
CASSPRTASGYTF	gliph2_2107	gliph2	huang
CASSSPGGTGNQPQHF	gliph2_2108	gliph2	huang
CASSLPGGTGNQPQQF	gliph2_2108	gliph2	huang
CSARDGGAPGGLVF	gliph2_2109	gliph2	huang
CSARDGGAPGELFF	gliph2_2109	gliph2	huang
CSARDGARAQNTEAFF	gliph2_2110	gliph2	huang
CSAREGARAQNTEAFF	gliph2_2110	gliph2	huang
CASGPGLAGRETQYF	gliph2_2111	gliph2	huang
CASGPGRAGRETQYF	gliph2_2111	gliph2	huang
CASSQVRPGPKGTDTDTQYF	gliph2_2112	gliph2	huang
CASSLEGPKGTIYF	gliph2_2112	gliph2	huang
CASSVRGGNPKGTQETQYF	gliph2_2112	gliph2	huang
CSVEGGPKGTDTKYF	gliph2_2112	gliph2	huang
CASSVPSTGAATEAFF	gliph2_2113	gliph2	huang
CASSVPSTSGVFTGELFF	gliph2_2113	gliph2	huang
CASSPFVPSTNEKLFF	gliph2_2113	gliph2	huang
CATSEGTVPSTDTQYF	gliph2_2113	gliph2	huang
CASRPGVAGVPSTDTQYF	gliph2_2113	gliph2	huang
CSARDVKMSSYNSPLHF	gliph2_2114	gliph2	huang
CSARDVKGGRPYGYTF	gliph2_2114	gliph2	huang
CSARDVKGLAGAGELFF	gliph2_2114	gliph2	huang
CSAYRGINSPLHF	gliph2_2115	gliph2	huang
CRAYRGINAPHHF	gliph2_2115	gliph2	huang
CRAYRGINSPLHF	gliph2_2115	gliph2	huang
CASSYYLSGANVLTF	gliph2_2116	gliph2	huang
CAIGTYYLAGNQPQHF	gliph2_2116	gliph2	huang
CSAIKSGYYLMNTEAFF	gliph2_2116	gliph2	huang
CASSHGERENEKFF	gliph2_2117	gliph2	huang
CASSHGERDNEQCF	gliph2_2117	gliph2	huang
CASSHGERDNEQFF	gliph2_2117	gliph2	huang
CSARDKGFYEQYF	gliph2_2118	gliph2	huang
CANSRDKGFNQPQHF	gliph2_2118	gliph2	huang
CATSRDKGFNQPQHF	gliph2_2118	gliph2	huang
CASSLANRAGLMNTEAFF	gliph2_2119	gliph2	huang
CSSSLANRAGLMNTEAFF	gliph2_2119	gliph2	huang
CVSSLANRAGLMNSEAFF	gliph2_2119	gliph2	huang
CSARDPELNQPQHF	gliph2_2120	gliph2	huang
CASSDPELAGGNEQFF	gliph2_2120	gliph2	huang
CASSDPELGGGNEQFF	gliph2_2120	gliph2	huang
CASSRSMMGTGELFF	gliph2_2121	gliph2	huang
CASSRSMNTEAFF	gliph2_2121	gliph2	huang
CASSRSMTSPDTQYF	gliph2_2121	gliph2	huang
CSAKAVPDYSNQPQHF	gliph2_2122	gliph2	huang
CASSEAGVPDYGYTF	gliph2_2122	gliph2	huang
CASLPGMGVPDYGYTF	gliph2_2122	gliph2	huang
CASSLTGGTDTQYF	gliph2_2123	gliph2	huang
CASSLLGGTDTQYF	gliph2_2123	gliph2	huang
CASSLKGGTDTQYF	gliph2_2123	gliph2	huang
CASSLQGGTDTQYF	gliph2_2123	gliph2	huang
CASSLGGGTDTQYF	gliph2_2123	gliph2	huang
CATSPGRGNTEAFF	gliph2_2124	gliph2	huang
CASSPGRGNTEAFF	gliph2_2124	gliph2	huang
CSASRGRGNTEAFF	gliph2_2124	gliph2	huang
CATSSGRGNTEAFF	gliph2_2124	gliph2	huang
CASSSPGTDTQYF	gliph2_2125	gliph2	huang
CASSSVGTDTQYF	gliph2_2125	gliph2	huang
CASSSDGTDTQYF	gliph2_2125	gliph2	huang
CSKSSGGTDTQYF	gliph2_2125	gliph2	huang
CAWSTGRNTEAFF	gliph2_2126	gliph2	huang
CASSVGRNTEAFF	gliph2_2126	gliph2	huang
CASSYGRNTEAFF	gliph2_2126	gliph2	huang
CASSQGRNTEAFF	gliph2_2126	gliph2	huang
CASSAGRNTEAFF	gliph2_2126	gliph2	huang
CASSDPMGGCLSPRHF	gliph2_2127	gliph2	huang
CASDPMETAGELFF	gliph2_2127	gliph2	huang
CASSDPMGGGLSPLHF	gliph2_2127	gliph2	huang
CSARDPMGGGKNEQFF	gliph2_2127	gliph2	huang
CASSWGLGHPPYEQYF	gliph2_2128	gliph2	huang
CASSWGLGHPPYERYF	gliph2_2128	gliph2	huang
CASSLAGHPPFEAFF	gliph2_2128	gliph2	huang
CASTRGQAIPAAGNEQFF	gliph2_2129	gliph2	huang
CASTMGQAIPAAGNEQFF	gliph2_2129	gliph2	huang
CASTMGQAIPAAGNDQFF	gliph2_2129	gliph2	huang
CASSPRQFSYEQYF	gliph2_2130	gliph2	huang
CASSPRQFNQPQHF	gliph2_2130	gliph2	huang
CACCPRQFNQPQYF	gliph2_2130	gliph2	huang
CASSQPDRPDEKLFF	gliph2_2131	gliph2	huang
CASTSQPDRVDGYTF	gliph2_2131	gliph2	huang
CASSQPDRALQGTTEAFF	gliph2_2131	gliph2	huang
CSASIGIRDSGEAFF	gliph2_2132	gliph2	huang
CSARGSIGIYTGELFF	gliph2_2132	gliph2	huang
CSASGSIGIYTGELFF	gliph2_2132	gliph2	huang
CASSIEVWGYNEQFF	gliph2_2133	gliph2	huang
CASSEVWGRDYGYTF	gliph2_2133	gliph2	huang
CASSEVWGRSSYEQYF	gliph2_2133	gliph2	huang
CASSLGNNRLNTEAFF	gliph2_2134	gliph2	huang
CASSLGINRLNTEAFF	gliph2_2134	gliph2	huang
CSVGQGVNRLNSPLHF	gliph2_2134	gliph2	huang
CASSLAFGSQIYEQYF	gliph2_2135	gliph2	huang
CASSFGSQGRHGYTF	gliph2_2135	gliph2	huang
CASSQERFGSQTDTQYF	gliph2_2135	gliph2	huang
CSALETTSTDTQYF	gliph2_2136	gliph2	huang
CASSLETTDTQYF	gliph2_2136	gliph2	huang
CASSLETTGLANIQYF	gliph2_2136	gliph2	huang
CSVDYMRRRTANTEAFF	gliph2_2137	gliph2	huang
CRVDYMRRRNANTEAFF	gliph2_2137	gliph2	huang
CSVEYMRRRTANTEAFF	gliph2_2137	gliph2	huang
CASTTGGPIETQYF	gliph2_2138	gliph2	huang
CCSTTGGPIETQYF	gliph2_2138	gliph2	huang
CASSGSVPIETQYF	gliph2_2138	gliph2	huang
CASSQDPVPDQPEHF	gliph2_2139	gliph2	huang
CASSQDPVPDQPQHF	gliph2_2139	gliph2	huang
CRARSLIRKGQDFSYEQYF	gliph2_2140	gliph2	huang
CSARSLITKGQDFSYEQYF	gliph2_2140	gliph2	huang
CASSGLLFTDTQYF	gliph2_2141	gliph2	huang
CASSRGLLFSGNTIYF	gliph2_2141	gliph2	huang
CSARDEDTYAKNIQYF	gliph2_2142	gliph2	huang
CSARDEDTYAKNMQYF	gliph2_2142	gliph2	huang
CASSASGGQFF	gliph2_2143	gliph2	huang
CASSASGEQFF	gliph2_2143	gliph2	huang
CAISASGDQYF	gliph2_2143	gliph2	huang
CASSLRTGETQYF	gliph2_2144	gliph2	huang
CASSLRTRETQYF	gliph2_2144	gliph2	huang
CASSLRTKETQYF	gliph2_2144	gliph2	huang
CASSVGSSYNEKFF	gliph2_2145	gliph2	huang
CASSVSSSYNEQFF	gliph2_2145	gliph2	huang
CASSVGSSYNEQFF	gliph2_2145	gliph2	huang
CSARGQGAHEKYF	gliph2_2146	gliph2	huang
CASRGQGANEQYF	gliph2_2146	gliph2	huang
CSARGQGAHEQYF	gliph2_2146	gliph2	huang
CASSLNRNTEAFF	gliph2_2147	gliph2	huang
CASSFNRNTEAFF	gliph2_2147	gliph2	huang
CASSTNRNTEAFF	gliph2_2147	gliph2	huang
CSVRDRGDTEAFF	gliph2_2148	gliph2	huang
CASRDRGDTEAFF	gliph2_2148	gliph2	huang
CSVSDRGDTEAFF	gliph2_2148	gliph2	huang
CASSSGTGELFF	gliph2_2149	gliph2	huang
CATSSGSGELFF	gliph2_2149	gliph2	huang
CATSSGAGEQYF	gliph2_2149	gliph2	huang
CASSYSNTGELFF	gliph2_2150	gliph2	huang
CASSYSTTGELFF	gliph2_2150	gliph2	huang
CASSYSPTGELFF	gliph2_2150	gliph2	huang
CSASLPTGELFF	gliph2_2151	gliph2	huang
CSASLPTGEQFF	gliph2_2151	gliph2	huang
CASSLPSGEQYF	gliph2_2151	gliph2	huang
CASSLDSSSYNEQCF	gliph2_2152	gliph2	huang
CASSRDSSSYNEQFF	gliph2_2152	gliph2	huang
CASSLDSSSYNEQFF	gliph2_2152	gliph2	huang
CSARTGGDYGYTF	gliph2_2153	gliph2	huang
CSARTGGYYGYTF	gliph2_2153	gliph2	huang
CASRTGGNYGYTF	gliph2_2153	gliph2	huang
CARSQGVNSPLHF	gliph2_2154	gliph2	huang
CASSQGVNSPLHF	gliph2_2154	gliph2	huang
CASSEGVNSPHHF	gliph2_2154	gliph2	huang
CASSRQDQPQHF	gliph2_2155	gliph2	huang
CSASRGDQPQHF	gliph2_2155	gliph2	huang
CATSRDDQPQHF	gliph2_2155	gliph2	huang
CASSTGTSTDTQYF	gliph2_2156	gliph2	huang
CASSTGISTDTQYF	gliph2_2156	gliph2	huang
CATSTGRSTDTQYF	gliph2_2156	gliph2	huang
CASSLGVGETQYF	gliph2_2157	gliph2	huang
CASSAGVGETQYF	gliph2_2157	gliph2	huang
CASSTGVGETQYF	gliph2_2157	gliph2	huang
CSARDGGRVKGEAFF	gliph2_2158	gliph2	huang
CSAPPGRVKGETQYF	gliph2_2158	gliph2	huang
CASSVDGLAGVKGEQYF	gliph2_2158	gliph2	huang
CASVPGAVKGEKLFF	gliph2_2158	gliph2	huang
CSASRGPSTDTQYF	gliph2_2159	gliph2	huang
CASSLGPSTDTQYF	gliph2_2159	gliph2	huang
CASSSGPSTDTQYF	gliph2_2159	gliph2	huang
CASSRGPSTDTQYF	gliph2_2159	gliph2	huang
CASWDSTDTQYF	gliph2_2160	gliph2	huang
CAISDSTDTQYF	gliph2_2160	gliph2	huang
CASSDSTDTQYF	gliph2_2160	gliph2	huang
CASYDSTDTQYF	gliph2_2160	gliph2	huang
CARGDYEQYF	gliph2_2161	gliph2	huang
CASGDYEQYF	gliph2_2161	gliph2	huang
CASSDYEQYF	gliph2_2161	gliph2	huang
CAGGDYEQYF	gliph2_2161	gliph2	huang
CASSLTGGEYF	gliph2_2162	gliph2	huang
CASSLTGELFF	gliph2_2162	gliph2	huang
CASSLTGEQFF	gliph2_2162	gliph2	huang
CASSLTGERFF	gliph2_2162	gliph2	huang
CASSQPFTYEQYF	gliph2_2163	gliph2	huang
CATSGQPFNYGYTF	gliph2_2163	gliph2	huang
CASQGQPFEKLFF	gliph2_2163	gliph2	huang
CASQGQPFEKPFF	gliph2_2163	gliph2	huang
CSASHRGVGTEAFF	gliph2_2164	gliph2	huang
CASRHRGVRDEQCF	gliph2_2164	gliph2	huang
CASRHRGVRDEQFF	gliph2_2164	gliph2	huang
CSASHRGVGTESFF	gliph2_2164	gliph2	huang
CASSADFSSTDTQYF	gliph2_2165	gliph2	huang
CASSRAFSSTEAFF	gliph2_2165	gliph2	huang
CASSFSSTGSPQHF	gliph2_2165	gliph2	huang
CAWRLQFSSTDTQYF	gliph2_2165	gliph2	huang
CASSLAWDSPHSPLHF	gliph2_2166	gliph2	huang
CASSFAWDSPHSPLHF	gliph2_2166	gliph2	huang
CASSLAGDSPHSPLHF	gliph2_2166	gliph2	huang
CATSGQPFNYGYTF	gliph2_2167	gliph2	huang
CASQGQPFEKLFF	gliph2_2167	gliph2	huang
CASQGQPFEKPFF	gliph2_2167	gliph2	huang
CSAPRLGTEAFF	gliph2_2168	gliph2	huang
CASSRLGTEAFF	gliph2_2168	gliph2	huang
CSAPRLGTEPFF	gliph2_2168	gliph2	huang
CAWSARGSNQPQHF	gliph2_2169	gliph2	huang
CASSASGSNQPQHF	gliph2_2169	gliph2	huang
CASSAQGSNQPQHF	gliph2_2169	gliph2	huang
CASSWGDTQYF	gliph2_2170	gliph2	huang
CSVGWGDTQYF	gliph2_2170	gliph2	huang
CAGSWGDTQYF	gliph2_2170	gliph2	huang
CASRPSTDTQYF	gliph2_2171	gliph2	huang
CSARPSTDTQYF	gliph2_2171	gliph2	huang
CASSPSTDTQYF	gliph2_2171	gliph2	huang
CASRPGGNTEAFF	gliph2_2172	gliph2	huang
CSARPPGNTEAFF	gliph2_2172	gliph2	huang
CARRPGGNTEAFF	gliph2_2172	gliph2	huang
CSARGSLNTEDFF	gliph2_2173	gliph2	huang
CASRPSLNTEAFF	gliph2_2173	gliph2	huang
CSARGSLNTEAFF	gliph2_2173	gliph2	huang
CASSRDPNEQFF	gliph2_2174	gliph2	huang
CASSRDRNEQFF	gliph2_2174	gliph2	huang
CATSRDQNEQFF	gliph2_2174	gliph2	huang
CAISLIKNTEAFF	gliph2_2175	gliph2	huang
CASSLIENTEAFF	gliph2_2175	gliph2	huang
CASSLIKNTEAFF	gliph2_2175	gliph2	huang
CASSPSTTVFHTGYTF	gliph2_2176	gliph2	huang
CSARDRDRGFHTGELFF	gliph2_2176	gliph2	huang
CAWSRGGQPQHF	gliph2_2177	gliph2	huang
CASSTGGQPQHF	gliph2_2177	gliph2	huang
CASSPGGQPQHF	gliph2_2177	gliph2	huang
CASSRGGQPQHF	gliph2_2177	gliph2	huang
CARSQARLNEQFF	gliph2_2178	gliph2	huang
CASSQARLNEQFF	gliph2_2178	gliph2	huang
CASSQARLPSTDTQYF	gliph2_2178	gliph2	huang
CASCLGRAGIDGELFF	gliph2_2179	gliph2	huang
CASSLGLAGIDGELFF	gliph2_2179	gliph2	huang
CSSSYGIAGIDGEQFF	gliph2_2179	gliph2	huang
CASSVGGRQYTDTQYF	gliph2_2180	gliph2	huang
CASSLGGRQYTDTQYF	gliph2_2180	gliph2	huang
CASSLGCRQYTDTQYF	gliph2_2180	gliph2	huang
CASSRISSYNEQFF	gliph2_2181	gliph2	huang
CASSRISGANVLTF	gliph2_2181	gliph2	huang
CASSRISGGAFTDTQYF	gliph2_2181	gliph2	huang
CASSRISSVQETQYF	gliph2_2181	gliph2	huang
CASSLTGNTEAFF	gliph2_2182	gliph2	huang
CAISLLGNTEAFF	gliph2_2182	gliph2	huang
CASSLRGNTEAFF	gliph2_2182	gliph2	huang
CASSLDGNTEAFF	gliph2_2182	gliph2	huang
CASSLGGNTEAFF	gliph2_2182	gliph2	huang
CASSLMGNTEAFF	gliph2_2182	gliph2	huang
CASSLPGNTEAFF	gliph2_2182	gliph2	huang
CASSPSKGLHSYEQYF	gliph2_2183	gliph2	huang
CASCPSKGLHSYEQYF	gliph2_2183	gliph2	huang
CASSSLPAGLHSTDTQYF	gliph2_2183	gliph2	huang
CAISASGGGGLHSTDTQYF	gliph2_2183	gliph2	huang
CASSLGNSNQPQHF	gliph2_2184	gliph2	huang
CASSLGTSNQPQHF	gliph2_2184	gliph2	huang
CAASLGASNQPQHF	gliph2_2184	gliph2	huang
CASSLGRSNQPQYF	gliph2_2184	gliph2	huang
CASSLGASNQPQHF	gliph2_2184	gliph2	huang
CSARTTQETQYF	gliph2_2185	gliph2	huang
CASRTTQVPNEKLFF	gliph2_2185	gliph2	huang
CSARTTQHRYEQYF	gliph2_2185	gliph2	huang
CSVEEAILNEQFF	gliph2_2186	gliph2	huang
CSVATGILNEKLFF	gliph2_2186	gliph2	huang
CASSLGILNEKLFF	gliph2_2186	gliph2	huang
CSAGTFSNQPQHF	gliph2_2187	gliph2	huang
CASSPGTFSPDTQYF	gliph2_2187	gliph2	huang
CASRKGTFSSAFF	gliph2_2187	gliph2	huang
CASSLGTFSEAFF	gliph2_2187	gliph2	huang
CASSAQGTGELFF	gliph2_2188	gliph2	huang
CASSPQGTGELFF	gliph2_2188	gliph2	huang
CASSQQGTGELFF	gliph2_2188	gliph2	huang
CASSQQGTGEAFF	gliph2_2188	gliph2	huang
CASSLGREGEQYF	gliph2_2189	gliph2	huang
CAGSLGRAGELFF	gliph2_2189	gliph2	huang
CASSLGRTGEQYF	gliph2_2189	gliph2	huang
CSETSGGTDTQYF	gliph2_2190	gliph2	huang
CASTEGGTDTQYF	gliph2_2190	gliph2	huang
CIATSGGTDTQYF	gliph2_2190	gliph2	huang
CASSFQGGDTEAFF	gliph2_2191	gliph2	huang
CASSRQGGDTEAFF	gliph2_2191	gliph2	huang
CASSQQGGDTEAFF	gliph2_2191	gliph2	huang
CASSLTQGNTGELFF	gliph2_2192	gliph2	huang
CASSLPQGNTGELFF	gliph2_2192	gliph2	huang
CASSLGQGNTGELFF	gliph2_2192	gliph2	huang
CAWSRGGQPQHF	gliph2_2193	gliph2	huang
CASSRSGQPQHF	gliph2_2193	gliph2	huang
CASSRGGQPQHF	gliph2_2193	gliph2	huang
CASSRSATNEKLFF	gliph2_2194	gliph2	huang
CASSRQATNEKLFF	gliph2_2194	gliph2	huang
CASSRTATNEKLFF	gliph2_2194	gliph2	huang
CASSRQVEAFF	gliph2_2195	gliph2	huang
CSPSRQGEYTF	gliph2_2195	gliph2	huang
CSASRQIEQYF	gliph2_2195	gliph2	huang
CASSTGEGYGYTF	gliph2_2196	gliph2	huang
CASSTGDGYGYTF	gliph2_2196	gliph2	huang
CASSTGQGYGYTF	gliph2_2196	gliph2	huang
CASSQDRGETQYF	gliph2_2197	gliph2	huang
CASSQSRGETQYF	gliph2_2197	gliph2	huang
CASSQRRGETQYF	gliph2_2197	gliph2	huang
CASSLEGTDTQYF	gliph2_2198	gliph2	huang
CASSLETTDTQYF	gliph2_2198	gliph2	huang
CASSLERTDTQYF	gliph2_2198	gliph2	huang
CSPGRGPNTEAFF	gliph2_2199	gliph2	huang
CSSGRGFNTEAFF	gliph2_2199	gliph2	huang
CSIGRGMNTEAFF	gliph2_2199	gliph2	huang
CASSLSREKLFF	gliph2_2200	gliph2	huang
CASSLSKEKLFF	gliph2_2200	gliph2	huang
CASSLSNEKLFF	gliph2_2200	gliph2	huang
CTSSLRTANTEAFF	gliph2_2201	gliph2	huang
CASSLRTANTEAFF	gliph2_2201	gliph2	huang
CASSLRTENTEAFF	gliph2_2201	gliph2	huang
CASSPGTDTQYF	gliph2_2202	gliph2	huang
CASSPRTDTQYF	gliph2_2202	gliph2	huang
CASSPNTDTQYF	gliph2_2202	gliph2	huang
CASSPHTDTQYF	gliph2_2202	gliph2	huang
CASSPSTDTQYF	gliph2_2202	gliph2	huang
CASSQGAGVFNIQYF	gliph2_2203	gliph2	huang
CASSPSGTFNIQYF	gliph2_2203	gliph2	huang
CASSERQFNIQYF	gliph2_2203	gliph2	huang
CASSFSPPGLAEAKHIQYF	gliph2_2204	gliph2	huang
CASSFSPPGLAEAKNIQYF	gliph2_2204	gliph2	huang
CDSSFSPPGRAEAKNIQYF	gliph2_2204	gliph2	huang
CASSRGLAMTGELFF	gliph2_2205	gliph2	huang
CASSPGLAMIQETQYF	gliph2_2205	gliph2	huang
CASSTGLAMGNEQFF	gliph2_2205	gliph2	huang
CSANIQGKAQFF	gliph2_2206	gliph2	huang
CSANIQGNEQFF	gliph2_2206	gliph2	huang
CASNIQGPPNTGELFF	gliph2_2206	gliph2	huang
CSSSKVRKVIPRGYTF	gliph2_2207	gliph2	huang
CASSKVRKVIPRGYTF	gliph2_2207	gliph2	huang
CSADRGYLDGYTF	gliph2_2208	gliph2	huang
CSARGGGYLDEKLFF	gliph2_2208	gliph2	huang
CSARESLLANYGYTF	gliph2_2209	gliph2	huang
CASSRAESLLYGYTF	gliph2_2209	gliph2	huang
CASKGTFEQYF	gliph2_2210	gliph2	huang
CASRKGTFSSAFF	gliph2_2210	gliph2	huang
CASSQTNEQFF	gliph2_2211	gliph2	huang
CASSQSNEQFF	gliph2_2211	gliph2	huang
CASSQYNEQFF	gliph2_2211	gliph2	huang
CASSQLNEQYF	gliph2_2211	gliph2	huang
CSSQGSGANVLTF	gliph2_2212	gliph2	huang
CAIQGSGANVLTF	gliph2_2212	gliph2	huang
CASVGSGANVLTF	gliph2_2212	gliph2	huang
CASTGSGANVLTF	gliph2_2212	gliph2	huang
CAGSLGRAGELFF	gliph2_2213	gliph2	huang
CASSLGLAGEQFF	gliph2_2213	gliph2	huang
CASSLGLAGEQYF	gliph2_2213	gliph2	huang
CASSLGDAGELFF	gliph2_2213	gliph2	huang
CASSQVIGHYGYTF	gliph2_2214	gliph2	huang
CASSQVIGRGGQETQYF	gliph2_2214	gliph2	huang
CASSQVIGRQDQETQYF	gliph2_2214	gliph2	huang
CATSRDKGFNQPQHF	gliph2_2215	gliph2	huang
CANSRDKGFNQPQHF	gliph2_2215	gliph2	huang
CATSRDKGGNQPQHF	gliph2_2215	gliph2	huang
CASSLVSYGYTF	gliph2_2216	gliph2	huang
CASSLVGYGYTF	gliph2_2216	gliph2	huang
CASSLVWYGYTF	gliph2_2216	gliph2	huang
CASSPGSYNEQFF	gliph2_2217	gliph2	huang
CASSPGGYNEQFF	gliph2_2217	gliph2	huang
CASSPGRYNEQFF	gliph2_2217	gliph2	huang
CASSVGLAGEQYF	gliph2_2218	gliph2	huang
CASSLGLAGEQFF	gliph2_2218	gliph2	huang
CASSLGLAGEQYF	gliph2_2218	gliph2	huang
CGVGTSSYEQYF	gliph2_2219	gliph2	huang
CSVTTSSYEQYF	gliph2_2219	gliph2	huang
CSVGTSSYEQYF	gliph2_2219	gliph2	huang
CASRDSSYEQYF	gliph2_2220	gliph2	huang
CSARDDSYEQYF	gliph2_2220	gliph2	huang
CSARDNSYEQYF	gliph2_2220	gliph2	huang
CATSVGSYNEQFF	gliph2_2221	gliph2	huang
CASSVGGYNEQFF	gliph2_2221	gliph2	huang
CASSVGPYNEQFF	gliph2_2221	gliph2	huang
CSASLPGTDTQYF	gliph2_2222	gliph2	huang
CSASRPGTDTQYF	gliph2_2222	gliph2	huang
CASSSPGTDTQYF	gliph2_2222	gliph2	huang
CASSSRYKEAWVETQYF	gliph2_2223	gliph2	huang
CASSSHYKEAWVETQYF	gliph2_2223	gliph2	huang
CASSPPTTFTETQYF	gliph2_2224	gliph2	huang
CASSPPTTFTEPQYF	gliph2_2224	gliph2	huang
CASSYTTPLGGGSYEQYF	gliph2_2225	gliph2	huang
CAWSHTTPLRYEQYF	gliph2_2225	gliph2	huang
CASSVVRGQYFPYEQYF	gliph2_2226	gliph2	huang
CASSLGRGQYFPYEQYF	gliph2_2226	gliph2	huang
CASSLVRGQYFPYEQYF	gliph2_2226	gliph2	huang
CARSRGGTETQYF	gliph2_2227	gliph2	huang
CASSRGGTETQYF	gliph2_2227	gliph2	huang
CASSRGGWETQYF	gliph2_2227	gliph2	huang
CASSRGGEETQYF	gliph2_2227	gliph2	huang
CATSRDNQPQHF	gliph2_2228	gliph2	huang
CASSRSNQPQHF	gliph2_2228	gliph2	huang
CAISRTNQPQHF	gliph2_2228	gliph2	huang
CSASRGNQPQHF	gliph2_2228	gliph2	huang
CASSQGTGDFLKRPQYF	gliph2_2229	gliph2	huang
CASSPGVFLKGGYTF	gliph2_2229	gliph2	huang
CASSWTGGMAFLKETQYF	gliph2_2229	gliph2	huang
CASSMKEGIRRQPQNF	gliph2_2230	gliph2	huang
CASSIKGGIRRQPQHF	gliph2_2230	gliph2	huang
CCNYIKGGIRRQPQHF	gliph2_2230	gliph2	huang
CSAREGGTFF	gliph2_2231	gliph2	huang
CASREGGAFF	gliph2_2231	gliph2	huang
CSERENGYTF	gliph2_2231	gliph2	huang
CSARTDSNQPQHF	gliph2_2232	gliph2	huang
CASRTGSNQPQHF	gliph2_2232	gliph2	huang
CACRTDSNQPQHF	gliph2_2232	gliph2	huang
CASSVGGGGETQYF	gliph2_2233	gliph2	huang
CGSSVGGGGETQYF	gliph2_2233	gliph2	huang
CASSVGQGGETQYF	gliph2_2233	gliph2	huang
CSASGGDNQPQHF	gliph2_2234	gliph2	huang
CAWSGGDNQPQHF	gliph2_2234	gliph2	huang
CASSGGANQPQHF	gliph2_2234	gliph2	huang
CSASTGTGELFF	gliph2_2235	gliph2	huang
CSAPTGTGELFF	gliph2_2235	gliph2	huang
CSALTGTGELFF	gliph2_2235	gliph2	huang
CASSRDRGYNEQFF	gliph2_2236	gliph2	huang
CAWSRDRGRNEQYF	gliph2_2236	gliph2	huang
CAWSRDRGGNEQYF	gliph2_2236	gliph2	huang
CASSPGTGNYGYTF	gliph2_2237	gliph2	huang
CAWSYGTGNYGYTF	gliph2_2237	gliph2	huang
CASSRGTGNYGYTF	gliph2_2237	gliph2	huang
CASSLGPRDTQYF	gliph2_2238	gliph2	huang
CASSLGPADTQYF	gliph2_2238	gliph2	huang
CASSLGPGDTQYF	gliph2_2238	gliph2	huang
CSASRRSNTGELFF	gliph2_2239	gliph2	huang
CASSRTSNTGELFF	gliph2_2239	gliph2	huang
CAISRDSNTGELFF	gliph2_2239	gliph2	huang
CSATDGNQPQHF	gliph2_2240	gliph2	huang
CSASDGNQPQHF	gliph2_2240	gliph2	huang
CSVSDGNQPQHF	gliph2_2240	gliph2	huang
CASSLARGSYNEQFF	gliph2_2241	gliph2	huang
CASSLAYGSYNEQFF	gliph2_2241	gliph2	huang
CASSLAGGSYNEQFF	gliph2_2241	gliph2	huang
CASSEGPNQPQHF	gliph2_2242	gliph2	huang
CASSEGLNQPQHF	gliph2_2242	gliph2	huang
CASSEGSNQPQHF	gliph2_2242	gliph2	huang
CSASRQGEKLFF	gliph2_2243	gliph2	huang
CASSRTGEKLFF	gliph2_2243	gliph2	huang
CSASRGGEKLFF	gliph2_2243	gliph2	huang
CAASLGASNQPQHF	gliph2_2244	gliph2	huang
CASSLGASNQPQHF	gliph2_2244	gliph2	huang
CARSGGASNQPQHF	gliph2_2244	gliph2	huang
CASSRQGDYGYTF	gliph2_2245	gliph2	huang
CASSPQGDYGYTF	gliph2_2245	gliph2	huang
CASSLQGDYGYTF	gliph2_2245	gliph2	huang
CASSDYGDTQYF	gliph2_2246	gliph2	huang
CASSDRGDTQYF	gliph2_2246	gliph2	huang
CASSESGSSYEQYF	gliph2_2247	gliph2	huang
CAISESDSSYEQYF	gliph2_2247	gliph2	huang
CASSQGLNQPQHF	gliph2_2248	gliph2	huang
CASSQGLGQPQHF	gliph2_2248	gliph2	huang
CASSPRTGTGNTIYF	gliph2_2249	gliph2	huang
CASSPRTGPGNTIYF	gliph2_2249	gliph2	huang
CASSYSISDNTEAFF	gliph2_2250	gliph2	huang
CASSYSISENTEAFF	gliph2_2250	gliph2	huang
CASSLSGGSGYTF	gliph2_2251	gliph2	huang
CASSLSEGSGAFF	gliph2_2251	gliph2	huang
CASSPRVTDTQYF	gliph2_2252	gliph2	huang
CASSNRVTDTQYF	gliph2_2252	gliph2	huang
CASRRLAGDTGELFF	gliph2_2253	gliph2	huang
CSARGLAGDTGELFF	gliph2_2253	gliph2	huang
CASSSTVDQPQHF	gliph2_2254	gliph2	huang
CASSSTVNQPQHF	gliph2_2254	gliph2	huang
CASSPGAHTGELFF	gliph2_2255	gliph2	huang
CASSMGAHTGELFF	gliph2_2255	gliph2	huang
CASSLAGTETQYF	gliph2_2256	gliph2	huang
CASSLAVTETQYF	gliph2_2256	gliph2	huang
CASRGSYTEAFF	gliph2_2257	gliph2	huang
CAGGGSYTEAFF	gliph2_2257	gliph2	huang
CSAREWSYNEQFF	gliph2_2258	gliph2	huang
CAIREGSYNEQFF	gliph2_2258	gliph2	huang
CASSPQGAHEQYF	gliph2_2259	gliph2	huang
CASSPQGATEAFF	gliph2_2259	gliph2	huang
CASSLQPDTQYF	gliph2_2260	gliph2	huang
CASSPQPDTQYF	gliph2_2260	gliph2	huang
CASSGHVNTEAFF	gliph2_2261	gliph2	huang
CASSGHLNTEAFF	gliph2_2261	gliph2	huang
CASSIGAPNYGYTF	gliph2_2262	gliph2	huang
CAISGGAPNYGYTF	gliph2_2262	gliph2	huang
CASSLGGTQMSYEQYF	gliph2_2263	gliph2	huang
CASSLGGTQSSYEQYF	gliph2_2263	gliph2	huang
CASSSKSGTYNEQFF	gliph2_2264	gliph2	huang
CASSSSSGTYNEQFF	gliph2_2264	gliph2	huang
CASSSPGTGGYEQYF	gliph2_2265	gliph2	huang
CASSSPGTGIYEQYF	gliph2_2265	gliph2	huang
CASSSTLKQYF	gliph2_2266	gliph2	huang
CASSSTLEQYF	gliph2_2266	gliph2	huang
CASSRTATNEKLFF	gliph2_2267	gliph2	huang
CASSRTTTNEKLFF	gliph2_2267	gliph2	huang
CASSVGATGELFF	gliph2_2268	gliph2	huang
CASSVVATGELFF	gliph2_2268	gliph2	huang
CAWSKDRGGTEAFF	gliph2_2269	gliph2	huang
CAWSKDRGRTEAFF	gliph2_2269	gliph2	huang
CASSYSNTGELFF	gliph2_2270	gliph2	huang
CASSYVNTGELFF	gliph2_2270	gliph2	huang
CASSQGLGAFF	gliph2_2271	gliph2	huang
CASSQGLEQYF	gliph2_2271	gliph2	huang
CASSFDGTDTQYF	gliph2_2272	gliph2	huang
CASSSDGTDTQYF	gliph2_2272	gliph2	huang
CASSDRGNTGELFF	gliph2_2273	gliph2	huang
CSASDRANTGELFF	gliph2_2273	gliph2	huang
CASSSSAGGTDTQYF	gliph2_2274	gliph2	huang
CASSDSAGGTDTQYF	gliph2_2274	gliph2	huang
CASSLSTGVNTEAFF	gliph2_2275	gliph2	huang
CASSLTTGVNTEAFF	gliph2_2275	gliph2	huang
CASSEGEGQPQHF	gliph2_2276	gliph2	huang
CATSEGRGQPQHF	gliph2_2276	gliph2	huang
CASSLLGGTDTQYF	gliph2_2277	gliph2	huang
CASSRLGGTDTQYF	gliph2_2277	gliph2	huang
CASTRGAGTGELFF	gliph2_2278	gliph2	huang
CSVVRGAGTGELFF	gliph2_2278	gliph2	huang
CASSGTVTYEQYF	gliph2_2279	gliph2	huang
CASSGTPTYEQYF	gliph2_2279	gliph2	huang
CASSLGDSPLHF	gliph2_2280	gliph2	huang
CASSLGDSEQYF	gliph2_2280	gliph2	huang
CASSLGPGGYGQYF	gliph2_2281	gliph2	huang
CASSLGPGPYGYTF	gliph2_2281	gliph2	huang
CSASRTDYGYTF	gliph2_2282	gliph2	huang
CASRRTDYGYTF	gliph2_2282	gliph2	huang
CSVEGGRGATTQYF	gliph2_2283	gliph2	huang
CSVEGGRGADTQYF	gliph2_2283	gliph2	huang
CATAAGSYEQYF	gliph2_2284	gliph2	huang
CAGAAGGYEQYF	gliph2_2284	gliph2	huang
CSVERGVTDTQYF	gliph2_2285	gliph2	huang
CSAWRGVTDTQYF	gliph2_2285	gliph2	huang
CASSPGGSGYGYTF	gliph2_2286	gliph2	huang
CARSPGGFGYGYTF	gliph2_2286	gliph2	huang
CASREGTYEQYF	gliph2_2287	gliph2	huang
CSVREFTYEQYF	gliph2_2287	gliph2	huang
CASSSQTVGTEAFF	gliph2_2288	gliph2	huang
CASSSQAVGTEAFF	gliph2_2288	gliph2	huang
CASSLEPEETQYF	gliph2_2289	gliph2	huang
CASSSEPEETQYF	gliph2_2289	gliph2	huang
CASSTQYNEQFF	gliph2_2290	gliph2	huang
CAWSTQGNEQFF	gliph2_2290	gliph2	huang
CAISNSNQPQHF	gliph2_2291	gliph2	huang
CASSNSNSPLHF	gliph2_2291	gliph2	huang
CASRGGGKSTEAFF	gliph2_2292	gliph2	huang
CSARGGGASTEAFF	gliph2_2292	gliph2	huang
CASSFADSNQPQHF	gliph2_2293	gliph2	huang
CASSLADSNQPQHF	gliph2_2293	gliph2	huang
CASSQGLNTEAFF	gliph2_2294	gliph2	huang
CSVSQGLYTEAFF	gliph2_2294	gliph2	huang
CASSLRSRSYEQYF	gliph2_2295	gliph2	huang
CASSLRTRSYEQYF	gliph2_2295	gliph2	huang
CASGPTDTQYF	gliph2_2296	gliph2	huang
CRAGPRDTQYF	gliph2_2296	gliph2	huang
CASSYRSSYNSPLHF	gliph2_2297	gliph2	huang
CASSYSSSYNSPLHF	gliph2_2297	gliph2	huang
CASSLGQGANYGYTF	gliph2_2298	gliph2	huang
CASSLGQGAGYGYTF	gliph2_2298	gliph2	huang
CASSLDSGWDTQYF	gliph2_2299	gliph2	huang
CASSLDSGGDTQYF	gliph2_2299	gliph2	huang
CASSPGQGGTQYF	gliph2_2300	gliph2	huang
CASSPGQGGGYTF	gliph2_2300	gliph2	huang
CSASRGTGNTIYF	gliph2_2301	gliph2	huang
CSVMRGTGNTIYF	gliph2_2301	gliph2	huang
CASSFRGGAEAFF	gliph2_2302	gliph2	huang
CASSFKGGAEQYF	gliph2_2302	gliph2	huang
CAWRAIGANVLTF	gliph2_2303	gliph2	huang
CSARASGANVLTF	gliph2_2303	gliph2	huang
CASSRDRSSYEQYF	gliph2_2304	gliph2	huang
CSASRDGSSYEQYF	gliph2_2304	gliph2	huang
CASSPNRGGSYNEQFF	gliph2_2305	gliph2	huang
CASSPVRGGSYNEQFF	gliph2_2305	gliph2	huang
CASSGRANEKLFF	gliph2_2306	gliph2	huang
CASSFRANEKLFF	gliph2_2306	gliph2	huang
CASSRSGQPQHF	gliph2_2307	gliph2	huang
CASSRSNQPQHF	gliph2_2307	gliph2	huang
CASSLALSYEQYF	gliph2_2308	gliph2	huang
CASSLALSWELFF	gliph2_2308	gliph2	huang
CASLRASGANVLTF	gliph2_2309	gliph2	huang
CRGSRASGANVLTF	gliph2_2309	gliph2	huang
CASSLKGANVLTF	gliph2_2310	gliph2	huang
CASSLKGANGLTF	gliph2_2310	gliph2	huang
CSARVEYEQFF	gliph2_2311	gliph2	huang
CSARVEGEQFF	gliph2_2311	gliph2	huang
CASSLRLEQFF	gliph2_2312	gliph2	huang
CASSSRLEQYF	gliph2_2312	gliph2	huang
CATSLEANTGELFF	gliph2_2313	gliph2	huang
CASSLELNTGELFF	gliph2_2313	gliph2	huang
CASSPGVGPQETQYF	gliph2_2314	gliph2	huang
CASSPGVGLQETQYF	gliph2_2314	gliph2	huang
CASSSRLEQYF	gliph2_2315	gliph2	huang
CASSSTLEQYF	gliph2_2315	gliph2	huang
CARRTSGATGELFF	gliph2_2316	gliph2	huang
CSARTSGNTGELFF	gliph2_2316	gliph2	huang
CASSFSSGGHNEQFF	gliph2_2317	gliph2	huang
CASSFSSGGDNEQFF	gliph2_2317	gliph2	huang
CASRDRGLSYEQYF	gliph2_2318	gliph2	huang
CASRWRGLSYEQYF	gliph2_2318	gliph2	huang
CASSLVRSGYTF	gliph2_2319	gliph2	huang
CASSLWRSGYTF	gliph2_2319	gliph2	huang
CASSLTNEKLFF	gliph2_2320	gliph2	huang
CAISDTNEKLFF	gliph2_2320	gliph2	huang
CASRGTVQETQYF	gliph2_2321	gliph2	huang
CASRGTIQETQYF	gliph2_2321	gliph2	huang
CATSSGSNEQFF	gliph2_2322	gliph2	huang
CATSSGSGELFF	gliph2_2322	gliph2	huang
CSAGTGRAKNIQYF	gliph2_2323	gliph2	huang
CSAGTGGAKNIQYF	gliph2_2323	gliph2	huang
CASSRAGNYEQYF	gliph2_2324	gliph2	huang
CASSRAGNYGQNF	gliph2_2324	gliph2	huang
CASSLAGSSGNTIYF	gliph2_2325	gliph2	huang
CASSLAGGSGNTIYF	gliph2_2325	gliph2	huang
CASSGQGGSTEAFF	gliph2_2326	gliph2	huang
CASSGQGGNTEAFF	gliph2_2326	gliph2	huang
CASSLGDLSYEQYF	gliph2_2327	gliph2	huang
CASSFGDLSYEQYF	gliph2_2327	gliph2	huang
CASSKTWGNTEAFF	gliph2_2328	gliph2	huang
CASSYTWGNTEAFF	gliph2_2328	gliph2	huang
CASSTSGGSTDTQYF	gliph2_2329	gliph2	huang
CASSTSGGTTDTQYF	gliph2_2329	gliph2	huang
CASSLAGGYGNTIYF	gliph2_2330	gliph2	huang
CASSLAGGSGNTIYF	gliph2_2330	gliph2	huang
CASRREVNTEAFF	gliph2_2331	gliph2	huang
CASMREVNTEAFF	gliph2_2331	gliph2	huang
CASTASYGYTF	gliph2_2332	gliph2	huang
CSATGSYGYTF	gliph2_2332	gliph2	huang
CATGLAGNNEQFF	gliph2_2333	gliph2	huang
CASSLAGNNEQFF	gliph2_2333	gliph2	huang
CASSQRGTEAFF	gliph2_2334	gliph2	huang
CSASQRNTEAFF	gliph2_2334	gliph2	huang
CASSLDRGRNEQFF	gliph2_2335	gliph2	huang
CAWSRDRGRNEQYF	gliph2_2335	gliph2	huang
CAWSVGPTYGYTF	gliph2_2336	gliph2	huang
CASSTGPTYGYTF	gliph2_2336	gliph2	huang
CSASQGLGGYTF	gliph2_2337	gliph2	huang
CASSQGPGGPFF	gliph2_2337	gliph2	huang
CASSLDLNSPLHF	gliph2_2338	gliph2	huang
CASSLGLNSPLHF	gliph2_2338	gliph2	huang
CASSLDRGGNQPQHF	gliph2_2339	gliph2	huang
CASSLDRGRNQPQHF	gliph2_2339	gliph2	huang
CASSYDRNYGYTF	gliph2_2340	gliph2	huang
CASSYDFNYGYTF	gliph2_2340	gliph2	huang
CASSPRQGYYGYTF	gliph2_2341	gliph2	huang
CASSPRQRYYGYTF	gliph2_2341	gliph2	huang
CASSLMGGGTDTQYF	gliph2_2342	gliph2	huang
CASSLMRGGTDTQYF	gliph2_2342	gliph2	huang
CASSGTVTYEQYF	gliph2_2343	gliph2	huang
CATKGTVTYEQYF	gliph2_2343	gliph2	huang
CASSFGVSETQYF	gliph2_2344	gliph2	huang
CASSFGVWETQYF	gliph2_2344	gliph2	huang
CASSLAGGLFTQYF	gliph2_2345	gliph2	huang
CAWSLAGGLETQYF	gliph2_2345	gliph2	huang
CASSLDAGGGYEQYF	gliph2_2346	gliph2	huang
CASSLDAGGFYEQYF	gliph2_2346	gliph2	huang
CSARALHTDTQYF	gliph2_2347	gliph2	huang
CSARAGHTDTQYF	gliph2_2347	gliph2	huang
CASSPGGGLQETQYF	gliph2_2348	gliph2	huang
CASSPGVGLQETQYF	gliph2_2348	gliph2	huang
CASSVGTVQETQYF	gliph2_2349	gliph2	huang
CASSVGTSQETQYF	gliph2_2349	gliph2	huang
CASSPGLGTGELFF	gliph2_2350	gliph2	huang
CASSPFLGTGELFF	gliph2_2350	gliph2	huang
CASSSVGTDTQYF	gliph2_2351	gliph2	huang
CASSSVGSDTQYF	gliph2_2351	gliph2	huang
CSARDQQGNYGYTF	gliph2_2352	gliph2	huang
CSARDQQGGYGYTF	gliph2_2352	gliph2	huang
CASSLDPGSGYTF	gliph2_2353	gliph2	huang
CASSLDPGDGYTF	gliph2_2353	gliph2	huang
CASSLFEDQPQHF	gliph2_2354	gliph2	huang
CASSLGEDQPQHF	gliph2_2354	gliph2	huang
CSASGTSDEQYF	gliph2_2355	gliph2	huang
CSASGTSYEQYF	gliph2_2355	gliph2	huang
CAWRKRGTSGSPTLTDTQYF	gliph2_2356	gliph2	huang
CASSQPRTSGLQVTLTDTQYF	gliph2_2356	gliph2	huang
CASSQPRTSGLQFTLTDTQDF	gliph2_2356	gliph2	huang
CASSQPRTSGLQFTLTDTQYF	gliph2_2356	gliph2	huang
CASSDKSSSLSVYNEQFF	gliph2_2357	gliph2	huang
CASSDKSSALSVYNEQFF	gliph2_2357	gliph2	huang
CAISDKSSSLSVYNDLFF	gliph2_2357	gliph2	huang
CASSPGRGEQYF	gliph2_2358	gliph2	huang
CASSPGRGEQFF	gliph2_2358	gliph2	huang
CASSPGWGELFF	gliph2_2358	gliph2	huang
CASSPGQGEQYV	gliph2_2358	gliph2	huang
CASSLGGYNEQFF	gliph2_2359	gliph2	huang
CASSLGRYNEQFF	gliph2_2359	gliph2	huang
CASSLGPYNEQFF	gliph2_2359	gliph2	huang
CASSLGLYNEQFF	gliph2_2359	gliph2	huang
CASIYDRGKSPYEQYF	gliph2_2360	gliph2	huang
CASIYDRVKSPYEQYF	gliph2_2360	gliph2	huang
CASSFFSGGVTGELFF	gliph2_2361	gliph2	huang
CASSRFFSGANVLTF	gliph2_2361	gliph2	huang
CASSFFSGVYNEQFF	gliph2_2361	gliph2	huang
CASSPLQVTNTGELFF	gliph2_2362	gliph2	huang
CASSHRLQVTDTQYF	gliph2_2362	gliph2	huang
CASSKGLQVTGELFF	gliph2_2362	gliph2	huang
CATSAMTGNHNEHFF	gliph2_2363	gliph2	huang
CASSAMTGRVNNEQFF	gliph2_2363	gliph2	huang
CATSAMTGNHNEQFF	gliph2_2363	gliph2	huang
CSVSQGLYTEAFF	gliph2_2364	gliph2	huang
CASSQGEYTEAFF	gliph2_2364	gliph2	huang
CASSQGDYTEAFF	gliph2_2364	gliph2	huang
CASSLGGWETQYF	gliph2_2365	gliph2	huang
CASSRGGWETQYF	gliph2_2365	gliph2	huang
CASSQGGWETQYF	gliph2_2365	gliph2	huang
CASSEVENTEAFF	gliph2_2366	gliph2	huang
CASSEVENTEDFF	gliph2_2366	gliph2	huang
CASSWVENTEAFF	gliph2_2366	gliph2	huang
CASSPRDRGSYEQYF	gliph2_2367	gliph2	huang
CASSTRDRGSYEQYF	gliph2_2367	gliph2	huang
CASSRRDRGSYEQYF	gliph2_2367	gliph2	huang
CSATGAYGYTF	gliph2_2368	gliph2	huang
CRITGDYGYTF	gliph2_2368	gliph2	huang
CSATGSYGYTF	gliph2_2368	gliph2	huang
CASSLRNTGELFF	gliph2_2369	gliph2	huang
CASSLGNTGELFF	gliph2_2369	gliph2	huang
CASSLSNTGELFF	gliph2_2369	gliph2	huang
CASSLLAGAYNEQFF	gliph2_2370	gliph2	huang
CASSLLAGIYNEQFF	gliph2_2370	gliph2	huang
CASSLLAGVYNEQFF	gliph2_2370	gliph2	huang
CASSVGGRDTEAFF	gliph2_2371	gliph2	huang
CASSLGGRDTEAFF	gliph2_2371	gliph2	huang
CASSEGGRDTEAFF	gliph2_2371	gliph2	huang
CASSLAMNTEAFF	gliph2_2372	gliph2	huang
CASSLVMNTEAFF	gliph2_2372	gliph2	huang
CASSLHMNTEAFF	gliph2_2372	gliph2	huang
CASSQDHGELFF	gliph2_2373	gliph2	huang
CASSQDAGEQFF	gliph2_2373	gliph2	huang
CASSQDFGEQFF	gliph2_2373	gliph2	huang
CASTRGLNTEAFF	gliph2_2374	gliph2	huang
CASSRGLNTEAFF	gliph2_2374	gliph2	huang
CASARGLNTEAFF	gliph2_2374	gliph2	huang
CSASLSGTDTQYF	gliph2_2375	gliph2	huang
CASSLSMTDTQYF	gliph2_2375	gliph2	huang
CASSLSITDTQYF	gliph2_2375	gliph2	huang
CASSPLPPEKNTEAFF	gliph2_2376	gliph2	huang
CASSPPEKLAGRNTGELFF	gliph2_2376	gliph2	huang
CASSLDGNTEAFF	gliph2_2377	gliph2	huang
CASSLDANTEAFF	gliph2_2377	gliph2	huang
CASSLDLNTEAFF	gliph2_2377	gliph2	huang
CATSLDINTEAFF	gliph2_2377	gliph2	huang
CAWSRGGQPQHF	gliph2_2378	gliph2	huang
CSASRGNQPQHF	gliph2_2378	gliph2	huang
CSASRGDQPQHF	gliph2_2378	gliph2	huang
CASSRGGQPQHF	gliph2_2378	gliph2	huang
CASSLTGERFF	gliph2_2379	gliph2	huang
CASSLTGEQFF	gliph2_2379	gliph2	huang
CASSLTGELFF	gliph2_2379	gliph2	huang
CASSLTYEQYF	gliph2_2379	gliph2	huang
CASSPGNYGYTF	gliph2_2380	gliph2	huang
CASSSGNYGYTF	gliph2_2380	gliph2	huang
CSASGGNYGYTF	gliph2_2380	gliph2	huang
CSVSGGNYGYTF	gliph2_2380	gliph2	huang
CASSFSYEQYF	gliph2_2381	gliph2	huang
CSASSSYEHYF	gliph2_2381	gliph2	huang
CSASSSYEQYF	gliph2_2381	gliph2	huang
CSASDSYEQYF	gliph2_2381	gliph2	huang
CASSISYEQYF	gliph2_2381	gliph2	huang
CASSRSYEQYF	gliph2_2381	gliph2	huang
CASSLSYEQYF	gliph2_2381	gliph2	huang
CAWSVSYEQYF	gliph2_2381	gliph2	huang
CASSIFQGTGETQYF	gliph2_2382	gliph2	huang
CASIFQPTGENTEAFF	gliph2_2382	gliph2	huang
CSVEIFQGSYEQYF	gliph2_2382	gliph2	huang
CASSLGDEQFF	gliph2_2383	gliph2	huang
CASSMGDEQFF	gliph2_2383	gliph2	huang
CASSGGDEQFF	gliph2_2383	gliph2	huang
CASSPGDEQDF	gliph2_2383	gliph2	huang
CASSPGDEQYF	gliph2_2383	gliph2	huang
CASSLAGAGNTIYF	gliph2_2384	gliph2	huang
CASSLAGYGNTIYF	gliph2_2384	gliph2	huang
CASSLAGIGNTIYF	gliph2_2384	gliph2	huang
CASSTTNTEAFF	gliph2_2385	gliph2	huang
CASSTDNTEAFF	gliph2_2385	gliph2	huang
CASSTQNTEAFF	gliph2_2385	gliph2	huang
CATSSGSNEQFF	gliph2_2386	gliph2	huang
CASSSGYNEQFF	gliph2_2386	gliph2	huang
CAGSSGYNEQFF	gliph2_2386	gliph2	huang
CAWKTDSYEQYF	gliph2_2387	gliph2	huang
CASRTDSYEQYF	gliph2_2387	gliph2	huang
CAHKTDSYEQYF	gliph2_2387	gliph2	huang
CASSYAGGGTEAFF	gliph2_2388	gliph2	huang
CASSLAGGGTEAFF	gliph2_2388	gliph2	huang
CASSTAGGGTEAFF	gliph2_2388	gliph2	huang
CASSPGGQPQHF	gliph2_2389	gliph2	huang
CASSPWGQPQHF	gliph2_2389	gliph2	huang
CASSPVGQPQHF	gliph2_2389	gliph2	huang
CASSLNTGELFF	gliph2_2390	gliph2	huang
CASSLNYGELFF	gliph2_2390	gliph2	huang
CASSLNRGEQFF	gliph2_2390	gliph2	huang
CATGTGSYEQYF	gliph2_2391	gliph2	huang
CSVGTSSYEQYF	gliph2_2391	gliph2	huang
CGVGTSSYEQYF	gliph2_2391	gliph2	huang
CASSPGRGNTEAFF	gliph2_2392	gliph2	huang
CASSPDRGNTEAFF	gliph2_2392	gliph2	huang
CATSPGRGNTEAFF	gliph2_2392	gliph2	huang
CASSLDGLTDTQYF	gliph2_2393	gliph2	huang
CASSLDGVTDTQYF	gliph2_2393	gliph2	huang
CASSLDGLTDTQDF	gliph2_2393	gliph2	huang
CAISDSTEQFF	gliph2_2394	gliph2	huang
CASSHSTEAFF	gliph2_2394	gliph2	huang
CAISESTEQFF	gliph2_2394	gliph2	huang
CSTRTGTNQPQHF	gliph2_2395	gliph2	huang
CSARTGPNQPQHF	gliph2_2395	gliph2	huang
CASRTGSNQPQHF	gliph2_2395	gliph2	huang
CASSRTGGNYGYTF	gliph2_2396	gliph2	huang
CAISGTGGNYGYTF	gliph2_2396	gliph2	huang
CASSLTGGNYGYTF	gliph2_2396	gliph2	huang
CASSYSNTGELFF	gliph2_2397	gliph2	huang
CASSPSNTGELFF	gliph2_2397	gliph2	huang
CASSLSNTGELFF	gliph2_2397	gliph2	huang
CASSKGLQVTGELFF	gliph2_2398	gliph2	huang
CSARGLQVNQPQHF	gliph2_2398	gliph2	huang
CSARGGLQVLSEAFF	gliph2_2398	gliph2	huang
CASGRGYEQYF	gliph2_2399	gliph2	huang
CSAGRGHEQYF	gliph2_2399	gliph2	huang
CSEGRGGEQYF	gliph2_2399	gliph2	huang
CSIGRGTEAFF	gliph2_2399	gliph2	huang
CASSQEESSYNEQFF	gliph2_2400	gliph2	huang
CASSQEKSSYNEQFF	gliph2_2400	gliph2	huang
CASSQAGTNTEAFF	gliph2_2401	gliph2	huang
CASSQAGMNTEAFF	gliph2_2401	gliph2	huang
CASSSRTQETQYF	gliph2_2402	gliph2	huang
CASSSATQETQYF	gliph2_2402	gliph2	huang
CASSDQGDSYEQYF	gliph2_2403	gliph2	huang
CASSEQGDSYEQYF	gliph2_2403	gliph2	huang
CASSPQGTGELFF	gliph2_2404	gliph2	huang
CSARPQGTGELFF	gliph2_2404	gliph2	huang
CASSLGQGVNYGYTF	gliph2_2405	gliph2	huang
CASSLGQGANYGYTF	gliph2_2405	gliph2	huang
CASRWGGGTGELFF	gliph2_2406	gliph2	huang
CASRWGGSTGELFF	gliph2_2406	gliph2	huang
CSVHREMNTEAFF	gliph2_2407	gliph2	huang
CSVLREMNTEAFF	gliph2_2407	gliph2	huang
CASSPGQGVQYF	gliph2_2408	gliph2	huang
CASSPGQGEQYV	gliph2_2408	gliph2	huang
CASSLALITEAFF	gliph2_2409	gliph2	huang
CASSLALNTEAFF	gliph2_2409	gliph2	huang
CASSLLQGGYGYTF	gliph2_2410	gliph2	huang
CASSLLQGGLGYTF	gliph2_2410	gliph2	huang
CSARSDGNTEAFF	gliph2_2411	gliph2	huang
CSARSDTNTEAFF	gliph2_2411	gliph2	huang
CASSLYYNEQFF	gliph2_2412	gliph2	huang
CASSSYYNEQFF	gliph2_2412	gliph2	huang
CASSLALAGINEQFF	gliph2_2413	gliph2	huang
CASSLALAGVNEQFF	gliph2_2413	gliph2	huang
CASSLAGVETQYF	gliph2_2414	gliph2	huang
CASSLAGVEKLFF	gliph2_2414	gliph2	huang
CASSFDRWNTEAFF	gliph2_2415	gliph2	huang
CASSFDRGNTEAFF	gliph2_2415	gliph2	huang
CASSEVEDTQYF	gliph2_2416	gliph2	huang
CASSEVVDTQYF	gliph2_2416	gliph2	huang
CASSYSPNEQFF	gliph2_2417	gliph2	huang
CASSYSGNEQYF	gliph2_2417	gliph2	huang
CSARRGSGANVLTF	gliph2_2418	gliph2	huang
CASNRGSGANVLTF	gliph2_2418	gliph2	huang
CSARWASGANVLTF	gliph2_2419	gliph2	huang
CSAPWASGANVLTF	gliph2_2419	gliph2	huang
CASSLAPGLGTEAFF	gliph2_2420	gliph2	huang
CASSLTPGLGTEAFF	gliph2_2420	gliph2	huang
CASSPSRAEQYF	gliph2_2421	gliph2	huang
CASSPQRAEQYF	gliph2_2421	gliph2	huang
CASSLESSGEQFF	gliph2_2422	gliph2	huang
CASSLESAGELFF	gliph2_2422	gliph2	huang
CASSPLLSGEAFF	gliph2_2423	gliph2	huang
CASSPLVSGEAFF	gliph2_2423	gliph2	huang
CASSQGRVTEAFF	gliph2_2424	gliph2	huang
CASSQGRNTEAFF	gliph2_2424	gliph2	huang
CASRRTGSNYGYTF	gliph2_2425	gliph2	huang
CASRRTGANYGYTF	gliph2_2425	gliph2	huang
CASSVDAGRETQYF	gliph2_2426	gliph2	huang
CASSVGAGRETQYF	gliph2_2426	gliph2	huang
CASSQDRDQPQHF	gliph2_2427	gliph2	huang
CASSQDLDQPQHF	gliph2_2427	gliph2	huang
CASRRTDYGYTF	gliph2_2428	gliph2	huang
CSARWTDYGYTF	gliph2_2428	gliph2	huang
CAWTGTDSNQPQHF	gliph2_2429	gliph2	huang
CSARGTDSNQPQHF	gliph2_2429	gliph2	huang
CSASRTDYGYTF	gliph2_2430	gliph2	huang
CASSRGDYGYTF	gliph2_2430	gliph2	huang
CSVGTSGPYNEQFF	gliph2_2431	gliph2	huang
CSVGTSGGYNEQFF	gliph2_2431	gliph2	huang
CASSLGLAGTYVQYF	gliph2_2432	gliph2	huang
CASSLGLAGTYEQYF	gliph2_2432	gliph2	huang
CASSLRVGETQYF	gliph2_2433	gliph2	huang
CASSLGVGETQYF	gliph2_2433	gliph2	huang
CASSQGGRMNTEAFF	gliph2_2434	gliph2	huang
CASSLGGRMNTEAFF	gliph2_2434	gliph2	huang
CASKTGGTGELFF	gliph2_2435	gliph2	huang
CASKLGGTGELFF	gliph2_2435	gliph2	huang
CASSFGVWETQYF	gliph2_2436	gliph2	huang
CASSLGVWETQYF	gliph2_2436	gliph2	huang
CASSIVGTGELFF	gliph2_2437	gliph2	huang
CASSIVLTGELFF	gliph2_2437	gliph2	huang
CAITGRGPYEQYF	gliph2_2438	gliph2	huang
CASRGRGPYEQYF	gliph2_2438	gliph2	huang
CASSQAGGRTGELFF	gliph2_2439	gliph2	huang
CASSQAGGNTGELFF	gliph2_2439	gliph2	huang
CASSLLRTGKNEQFF	gliph2_2440	gliph2	huang
CASSLLRRGKNEQLF	gliph2_2440	gliph2	huang
CSATETGELFF	gliph2_2441	gliph2	huang
CAGAETGEQYF	gliph2_2441	gliph2	huang
CASRDTGGAYNEQFF	gliph2_2442	gliph2	huang
CASRGTGGAYNEQFF	gliph2_2442	gliph2	huang
CASSGTVGANVLTF	gliph2_2443	gliph2	huang
CASSGTTGANVLTF	gliph2_2443	gliph2	huang
CASSSGPGGNEQFF	gliph2_2444	gliph2	huang
CASSPGPGGNEQFF	gliph2_2444	gliph2	huang
CASSLGVGGETQYF	gliph2_2445	gliph2	huang
CASSLGVWGETQYF	gliph2_2445	gliph2	huang
CASSEQGGNTEAFF	gliph2_2446	gliph2	huang
CASSEQGMNTEAFF	gliph2_2446	gliph2	huang
CAVSRGGSDEQYF	gliph2_2447	gliph2	huang
CASSRTGSDEQYF	gliph2_2447	gliph2	huang
CASSLTGVNTGELFF	gliph2_2448	gliph2	huang
CASSLGGVNTGELFF	gliph2_2448	gliph2	huang
CASSEIENTEAFF	gliph2_2449	gliph2	huang
CASSLIENTEAFF	gliph2_2449	gliph2	huang
CSARETGSQPQHF	gliph2_2450	gliph2	huang
CSARGTGSQPQHF	gliph2_2450	gliph2	huang
CASSRSATNEKLFF	gliph2_2451	gliph2	huang
CASSQSATNEKLFF	gliph2_2451	gliph2	huang
CASSLQVSGNTIYF	gliph2_2452	gliph2	huang
CASSLSVSGNTIYF	gliph2_2452	gliph2	huang
CATSEVGNTGELFF	gliph2_2453	gliph2	huang
CASSERGNTGELFF	gliph2_2453	gliph2	huang
CASSLQGVGTEAFF	gliph2_2454	gliph2	huang
CASSPQGVGTEAFF	gliph2_2454	gliph2	huang
CASSRDNGELFF	gliph2_2455	gliph2	huang
CASSLDNGELFF	gliph2_2455	gliph2	huang
CASSFAGGADTQYF	gliph2_2456	gliph2	huang
CASSFSGGADTQYF	gliph2_2456	gliph2	huang
CSARGQGNTGELFF	gliph2_2457	gliph2	huang
CASRGQLNTGELFF	gliph2_2457	gliph2	huang
CASSSRGLGEQYF	gliph2_2458	gliph2	huang
CASSSRGTGELFF	gliph2_2458	gliph2	huang
CASSLEGGTQYF	gliph2_2459	gliph2	huang
CASSVEGGTQYF	gliph2_2459	gliph2	huang
CASSGGQGAGETQYF	gliph2_2460	gliph2	huang
CASSVGQGAGETQYF	gliph2_2460	gliph2	huang
CASSALAGTDTQYF	gliph2_2461	gliph2	huang
CASSAAAGTDTQYF	gliph2_2461	gliph2	huang
CASSPTSTSTDTQYF	gliph2_2462	gliph2	huang
CASSPTSGSTDTQYF	gliph2_2462	gliph2	huang
CASSRTGGAGELFF	gliph2_2463	gliph2	huang
CASSRRGGAGELFF	gliph2_2463	gliph2	huang
CASQGPMNTEAFF	gliph2_2464	gliph2	huang
CAIQGVMNTEAFF	gliph2_2464	gliph2	huang
CSAVRVMNTEAFF	gliph2_2465	gliph2	huang
CSAVRFMNTEAFF	gliph2_2465	gliph2	huang
CASSLRGVTDTQYF	gliph2_2466	gliph2	huang
CASSLRTVTDTQYF	gliph2_2466	gliph2	huang
CASSDRVNSPLHF	gliph2_2467	gliph2	huang
CASSDEVNSPLHF	gliph2_2467	gliph2	huang
CASSDASSGNTIYF	gliph2_2468	gliph2	huang
CASSEASSGNTIYF	gliph2_2468	gliph2	huang
CASSLGVAGGQETQYF	gliph2_2469	gliph2	huang
CASSLGLAGGQETQYF	gliph2_2469	gliph2	huang
CASSRGRVEQYF	gliph2_2470	gliph2	huang
CASSPGRVEQFF	gliph2_2470	gliph2	huang
CSATDGTGSYEQYF	gliph2_2471	gliph2	huang
CASTWGTGSYEQYF	gliph2_2471	gliph2	huang
CSASGTIQETQYF	gliph2_2472	gliph2	huang
CASSSTIQETQYF	gliph2_2472	gliph2	huang
CAVSRGGSDEQYF	gliph2_2473	gliph2	huang
CSASRGGRDEQFF	gliph2_2473	gliph2	huang
CSASGLGDTQYF	gliph2_2474	gliph2	huang
CASSGLVDTQYF	gliph2_2474	gliph2	huang
CASSFGPGEKLFF	gliph2_2475	gliph2	huang
CASSFGPGETQYF	gliph2_2475	gliph2	huang
CASARGLNTEAFF	gliph2_2476	gliph2	huang
CASAEGLNTEAFF	gliph2_2476	gliph2	huang
CASSPFLSSYNEQFF	gliph2_2477	gliph2	huang
CASSPWLSSYNEQFF	gliph2_2477	gliph2	huang
CASSGLAGTGELFF	gliph2_2478	gliph2	huang
CASSFLAGTGELFF	gliph2_2478	gliph2	huang
CASSRDNTDTQYF	gliph2_2479	gliph2	huang
CATSRENTDTQYF	gliph2_2479	gliph2	huang
CSASVYSGANVLTF	gliph2_2480	gliph2	huang
CSASTYSGANVLTF	gliph2_2480	gliph2	huang
CSASPSSFEQFF	gliph2_2481	gliph2	huang
CASSPSSNEQYF	gliph2_2481	gliph2	huang
CASRAGGANEKLFF	gliph2_2482	gliph2	huang
CASRPGGANEKLFF	gliph2_2482	gliph2	huang
CASSLVGYGYTF	gliph2_2483	gliph2	huang
CASSRVGYGYTF	gliph2_2483	gliph2	huang
CASSLAAGYEQYF	gliph2_2484	gliph2	huang
CASSLGAGYEQFF	gliph2_2484	gliph2	huang
CSARGTDTGELFF	gliph2_2485	gliph2	huang
CSSRGTDPGELFF	gliph2_2485	gliph2	huang
CASSQAGGNTGELFF	gliph2_2486	gliph2	huang
CASSQRGGNTGELFF	gliph2_2486	gliph2	huang
CASSQADYGYTF	gliph2_2487	gliph2	huang
CASSLADYGYTF	gliph2_2487	gliph2	huang
CASSRGGQHYEQYF	gliph2_2488	gliph2	huang
CASSRGGQYYEQYF	gliph2_2488	gliph2	huang
CASSQGQGRNTGELFF	gliph2_2489	gliph2	huang
CGGSAGQGRNTGELFF	gliph2_2489	gliph2	huang
CASSGASGYNEQFF	gliph2_2490	gliph2	huang
CASSGASSYNEQFF	gliph2_2490	gliph2	huang
CASSPAGSYNEQFF	gliph2_2491	gliph2	huang
CASSPAGVYNEQFF	gliph2_2491	gliph2	huang
CASSPSPGSGNTIYF	gliph2_2492	gliph2	huang
CASSLSPGSGNTIYF	gliph2_2492	gliph2	huang
CASSPSQGGGYTF	gliph2_2493	gliph2	huang
CASSLSQGGGYTF	gliph2_2493	gliph2	huang
CSVEGGGGANVLFF	gliph2_2494	gliph2	huang
CSGRGGGGANVLTF	gliph2_2494	gliph2	huang
CSAGVEEQFF	gliph2_2495	gliph2	huang
CAGGQEEQFF	gliph2_2495	gliph2	huang
CASSVGTSQETQYF	gliph2_2496	gliph2	huang
CASSVGVSQETQYF	gliph2_2496	gliph2	huang
CASSLLLNTEAFF	gliph2_2497	gliph2	huang
CASSPLLNTEAFF	gliph2_2497	gliph2	huang
CASSNRGRNTEAFF	gliph2_2498	gliph2	huang
CSASNRGANTEAFF	gliph2_2498	gliph2	huang
CATSRDNSPLHF	gliph2_2499	gliph2	huang
CATSRDNQPQHF	gliph2_2499	gliph2	huang
CASSFGQGTEAFF	gliph2_2500	gliph2	huang
CASSFGQGSEQFF	gliph2_2500	gliph2	huang
CASSLTTGVNTEAFF	gliph2_2501	gliph2	huang
CASSPTTGVNTEAFF	gliph2_2501	gliph2	huang
CASSQPVGNQPQHF	gliph2_2502	gliph2	huang
CASSQVVGNQPQHF	gliph2_2502	gliph2	huang
CASSVTSGGGTDTQYF	gliph2_2503	gliph2	huang
CASSWTSGGGTDTQYF	gliph2_2503	gliph2	huang
CASSLQGGSYNEQFF	gliph2_2504	gliph2	huang
CASALQGGSYNEQFF	gliph2_2504	gliph2	huang
CAVGDTQYF	gliph2_2505	gliph2	huang
CSAGDAGDF	gliph2_2505	gliph2	huang
CASSLTADTEAFF	gliph2_2506	gliph2	huang
CSASLTANTEAFF	gliph2_2506	gliph2	huang
CASSQGLGQPQHF	gliph2_2507	gliph2	huang
CSISGGLGQPQHF	gliph2_2507	gliph2	huang
CASSQQGANTGELFF	gliph2_2508	gliph2	huang
CASSEQGANTGELFF	gliph2_2508	gliph2	huang
CSARDRAETQYF	gliph2_2509	gliph2	huang
CSARDRKETQYF	gliph2_2509	gliph2	huang
CAIREGSYNEQFF	gliph2_2510	gliph2	huang
CATSEGSYNEQFF	gliph2_2510	gliph2	huang
CASSASGLYEQYF	gliph2_2511	gliph2	huang
CASSASGAYEQYF	gliph2_2511	gliph2	huang
CASSLQGVGTEAFF	gliph2_2512	gliph2	huang
CASSLQGSGTEAFF	gliph2_2512	gliph2	huang
CASSEGLAGVNEQFF	gliph2_2513	gliph2	huang
CASSLGLAGVNEQFF	gliph2_2513	gliph2	huang
CASSDTSGGAGNEQFF	gliph2_2514	gliph2	huang
CASSYTSGGAGNEQFF	gliph2_2514	gliph2	huang
CASARGLNTEAFF	gliph2_2515	gliph2	huang
CSVARDLNTEAFF	gliph2_2515	gliph2	huang
CASSPDLDTQYF	gliph2_2516	gliph2	huang
CASSPRLDTQYF	gliph2_2516	gliph2	huang
CASSLLGTPEAFF	gliph2_2517	gliph2	huang
CASSLLGTGELFF	gliph2_2517	gliph2	huang
CATSRGSGGYNEQFF	gliph2_2518	gliph2	huang
CASSLGSGGYNEQFF	gliph2_2518	gliph2	huang
CASSLGLAGGQGTQYF	gliph2_2519	gliph2	huang
CASSLGLAGGQETQYF	gliph2_2519	gliph2	huang
CASSQAGETYEQYF	gliph2_2520	gliph2	huang
CASSHAGETYEQYF	gliph2_2520	gliph2	huang
CASSELEDEQYF	gliph2_2521	gliph2	huang
CASSLLEDEQFF	gliph2_2521	gliph2	huang
CASSLQGALETQYF	gliph2_2522	gliph2	huang
CASSLQGAQETQYF	gliph2_2522	gliph2	huang
CASSVGDSPLHF	gliph2_2523	gliph2	huang
CASSLGDSPLHF	gliph2_2523	gliph2	huang
CSASPQRETIYF	gliph2_2524	gliph2	huang
CASSPQGETQYF	gliph2_2524	gliph2	huang
CAVGDTQYF	gliph2_2525	gliph2	huang
CASTDTQYF	gliph2_2525	gliph2	huang
CASSLGGVADTQYF	gliph2_2526	gliph2	huang
CASSLVGVADTQYF	gliph2_2526	gliph2	huang
CASSWDGDTQYF	gliph2_2527	gliph2	huang
CSASWDGNTIYF	gliph2_2527	gliph2	huang
CASSYSRAGGRFFGTGELFF	gliph2_2528	gliph2	huang
CASSAVGGGAFFGTDTQYF	gliph2_2528	gliph2	huang
CASIFFGTSGAPGYTQYF	gliph2_2529	gliph2	huang
CASSFFGTSGAPGDTQYF	gliph2_2529	gliph2	huang
CASGFIIPGQGPHSNQPQHF	gliph2_2530	gliph2	huang
CASRKTALRGLSPHSNQPQHF	gliph2_2530	gliph2	huang
CAIRAGGGTGELFF	gliph2_2531	gliph2	huang
CASRPGGGTGELFF	gliph2_2531	gliph2	huang
CASRWGGGTGELFF	gliph2_2531	gliph2	huang
CASSRDQRELFF	gliph2_2532	gliph2	huang
CATSRDQNEQFF	gliph2_2532	gliph2	huang
CATSRDQTEAFF	gliph2_2532	gliph2	huang
CAISDSTDTQYF	gliph2_2533	gliph2	huang
CASSDSTDTQYF	gliph2_2533	gliph2	huang
CASSDRTDTQYF	gliph2_2533	gliph2	huang
CATSRDLNTEAFF	gliph2_2534	gliph2	huang
CASSTDLNTEAFF	gliph2_2534	gliph2	huang
CASSLDLNTEAFF	gliph2_2534	gliph2	huang
CASSYGGAFF	gliph2_2535	gliph2	huang
CASSLGGYNF	gliph2_2535	gliph2	huang
CASSLGGYTF	gliph2_2535	gliph2	huang
CSARTGEGYTF	gliph2_2536	gliph2	huang
CSARTGLGYTF	gliph2_2536	gliph2	huang
CSARTGEGDTF	gliph2_2536	gliph2	huang
CASSVGGNQPQHF	gliph2_2537	gliph2	huang
CASSLGGNQPQHF	gliph2_2537	gliph2	huang
CASSQGGNQPQHF	gliph2_2537	gliph2	huang
CASSPGGNQPQHF	gliph2_2537	gliph2	huang
CSASPGGNQPQHF	gliph2_2537	gliph2	huang
CASYLFQGSPLHF	gliph2_2538	gliph2	huang
CASRYLFRDPMGSPLHF	gliph2_2538	gliph2	huang
CASKRTSGFLDTQYF	gliph2_2539	gliph2	huang
CASGLVQGFLDTEAFF	gliph2_2539	gliph2	huang
CASSPGVEQYF	gliph2_2540	gliph2	huang
CASSPGREQYF	gliph2_2540	gliph2	huang
CASSPGDEQDF	gliph2_2540	gliph2	huang
CASSPGDEQYF	gliph2_2540	gliph2	huang
CASSLVSPGGAVPIYTDTQYF	gliph2_2541	gliph2	huang
CSARPYWLRSGAVPSTDKQYF	gliph2_2541	gliph2	huang
CSARPYWLRSGAVPSTDTQYF	gliph2_2541	gliph2	huang
CAISESGNEQFF	gliph2_2542	gliph2	huang
CASSEEGNEQFF	gliph2_2542	gliph2	huang
CASSERGNEQFF	gliph2_2542	gliph2	huang
CASSPDRRYGYTF	gliph2_2543	gliph2	huang
CASSPDRDYGYTF	gliph2_2543	gliph2	huang
CASSPDRIYGYTF	gliph2_2543	gliph2	huang
CSAGGTEAFF	gliph2_2544	gliph2	huang
CSAGRTEAFF	gliph2_2544	gliph2	huang
CSAGNTEAFF	gliph2_2544	gliph2	huang
CASSLQGAGANVLTF	gliph2_2545	gliph2	huang
CASSLQGSGANVLTF	gliph2_2545	gliph2	huang
CASSLQGFGANVLTF	gliph2_2545	gliph2	huang
CAGSSGYNEQFF	gliph2_2546	gliph2	huang
CASSLGYNEQFF	gliph2_2546	gliph2	huang
CASSSGYNEQFF	gliph2_2546	gliph2	huang
CASSLATGNYGYTF	gliph2_2547	gliph2	huang
CASSLDTGNYGYTF	gliph2_2547	gliph2	huang
CASSLSTGNYGYTF	gliph2_2547	gliph2	huang
CASSLGSSGNTIYF	gliph2_2548	gliph2	huang
CASSLDSSGNTIYF	gliph2_2548	gliph2	huang
CASSLKSSGNTIYF	gliph2_2548	gliph2	huang
CASSQGGGYTF	gliph2_2549	gliph2	huang
CASSQGLGAFF	gliph2_2549	gliph2	huang
CASSQGSGADF	gliph2_2549	gliph2	huang
CVSSREPSTNDFYGYPF	gliph2_2550	gliph2	huang
CASSQEPSTNDFYGYTF	gliph2_2550	gliph2	huang
CPSSQGYADEKLFF	gliph2_2551	gliph2	huang
CASSQGYADEKLFF	gliph2_2551	gliph2	huang
CASSVGGYADTQYF	gliph2_2551	gliph2	huang
CASTRGGSGEQYF	gliph2_2552	gliph2	huang
CASTRRGSGEQYF	gliph2_2552	gliph2	huang
CASLSGGAYNEQFF	gliph2_2553	gliph2	huang
CASLSGGSYNEQFF	gliph2_2553	gliph2	huang
CASSSQGGTDTQYF	gliph2_2554	gliph2	huang
CASSLQGGTDTQYF	gliph2_2554	gliph2	huang
CASSLRGRKETQYF	gliph2_2555	gliph2	huang
CAGSWRGRKETQYF	gliph2_2555	gliph2	huang
CASSSTGGYGYTF	gliph2_2556	gliph2	huang
CASSSTGGWGYTF	gliph2_2556	gliph2	huang
CSARAGGYYGYTF	gliph2_2557	gliph2	huang
CSARTGGYYGYTF	gliph2_2557	gliph2	huang
CASSQAGNTIYF	gliph2_2558	gliph2	huang
CSASQGGNTIYF	gliph2_2558	gliph2	huang
CASSYTAGGTEAFF	gliph2_2559	gliph2	huang
CASSCTAGGTEAFF	gliph2_2559	gliph2	huang
CASSRAVNEQFF	gliph2_2560	gliph2	huang
CASSRLVNEQFF	gliph2_2560	gliph2	huang
CASSYSGVSYNEQFF	gliph2_2561	gliph2	huang
CASSYSGTSYNEQFF	gliph2_2561	gliph2	huang
CASSRGAWETQYF	gliph2_2562	gliph2	huang
CASSRGGWETQYF	gliph2_2562	gliph2	huang
CASSLSTGNYGYTF	gliph2_2563	gliph2	huang
CASSPSTGNYGYTF	gliph2_2563	gliph2	huang
CASSRQGADEQYF	gliph2_2564	gliph2	huang
CAISGQGADEQFF	gliph2_2564	gliph2	huang
CASSLEVRGGGQYF	gliph2_2565	gliph2	huang
CASSLEVRGSGQYF	gliph2_2565	gliph2	huang
CATTGQGETQYF	gliph2_2566	gliph2	huang
CASRGQGETQYF	gliph2_2566	gliph2	huang
CASSLARPNTGELFF	gliph2_2567	gliph2	huang
CASSLAGPNTGELFF	gliph2_2567	gliph2	huang
CASSFARNTEAFF	gliph2_2568	gliph2	huang
CASSFNRNTEAFF	gliph2_2568	gliph2	huang
CASWDRVNTGELFF	gliph2_2569	gliph2	huang
CASKDRVNTGELFF	gliph2_2569	gliph2	huang
CASSPQGAEAFF	gliph2_2570	gliph2	huang
CASSPEGAEAFF	gliph2_2570	gliph2	huang
CSAGGLAGDEQFF	gliph2_2571	gliph2	huang
CSAGGLAGYEQYF	gliph2_2571	gliph2	huang
CASSYSGGGTEAFF	gliph2_2572	gliph2	huang
CASSYAGGGTEAFF	gliph2_2572	gliph2	huang
CASSEGGSYEQYF	gliph2_2573	gliph2	huang
CASSEGHSYEQYF	gliph2_2573	gliph2	huang
CASSLQVGGETQYF	gliph2_2574	gliph2	huang
CASSLGVGGETQYF	gliph2_2574	gliph2	huang
CASSLILYNEQFF	gliph2_2575	gliph2	huang
CASSLGLYNEQFF	gliph2_2575	gliph2	huang
CASSPGTGDYEQYF	gliph2_2576	gliph2	huang
CASSPGTSDYEQYF	gliph2_2576	gliph2	huang
CASSIGWTEAFF	gliph2_2577	gliph2	huang
CASSLGWTEAFF	gliph2_2577	gliph2	huang
CASRWRGSSYEQYF	gliph2_2578	gliph2	huang
CSARKRGSSYEQYF	gliph2_2578	gliph2	huang
CASSPQGAEAFF	gliph2_2579	gliph2	huang
CASSTQGAEQYF	gliph2_2579	gliph2	huang
CASSLAHSQETQYF	gliph2_2580	gliph2	huang
CASSLAGSQETQYF	gliph2_2580	gliph2	huang
CASSRDQRELFF	gliph2_2581	gliph2	huang
CATSRDDREAFF	gliph2_2581	gliph2	huang
CASSPGGDTQYF	gliph2_2582	gliph2	huang
CASSPGGDEQFF	gliph2_2582	gliph2	huang
CASSPQPDTQYF	gliph2_2583	gliph2	huang
CSASPQRDTIYF	gliph2_2583	gliph2	huang
CASSLRATGELFF	gliph2_2584	gliph2	huang
CASSLRNTGELFF	gliph2_2584	gliph2	huang
CASSRAYQETQYF	gliph2_2585	gliph2	huang
CATSRAPQETQYF	gliph2_2585	gliph2	huang
CASSLSLSYEQYF	gliph2_2586	gliph2	huang
CASSLALSYEQYF	gliph2_2586	gliph2	huang
CASSQTLGGELFF	gliph2_2587	gliph2	huang
CASSQFLGGEQFF	gliph2_2587	gliph2	huang
CASSQADTQYF	gliph2_2588	gliph2	huang
CAWGQADTQYF	gliph2_2588	gliph2	huang
CATSGLASNQPQHF	gliph2_2589	gliph2	huang
CARSGGASNQPQHF	gliph2_2589	gliph2	huang
CASSFRDGSYEQYF	gliph2_2590	gliph2	huang
CASSFRGGSYEQYF	gliph2_2590	gliph2	huang
CASSGQGIYNEQFF	gliph2_2591	gliph2	huang
CASSGQGPYNEQFF	gliph2_2591	gliph2	huang
CASSLEPGTEAFF	gliph2_2592	gliph2	huang
CASSLEPGGEQYF	gliph2_2592	gliph2	huang
CSLSDRDYGYTF	gliph2_2593	gliph2	huang
CSLSDGDYGYTF	gliph2_2593	gliph2	huang
CASSYNNQPQHF	gliph2_2594	gliph2	huang
CAISWNNQPQHF	gliph2_2594	gliph2	huang
CASSGSGGSNQPQHF	gliph2_2595	gliph2	huang
CASSESGGSNQPQHF	gliph2_2595	gliph2	huang
CSASFTGTGGYTF	gliph2_2596	gliph2	huang
CASSFTGTGEAFF	gliph2_2596	gliph2	huang
CASSLGQGVNGYTF	gliph2_2597	gliph2	huang
CASSLGQGVTGYTF	gliph2_2597	gliph2	huang
CASSPSSNEQYF	gliph2_2598	gliph2	huang
CASSPSYNEQFF	gliph2_2598	gliph2	huang
CATSDRTGTGELFF	gliph2_2599	gliph2	huang
CSASHRTGTGELFF	gliph2_2599	gliph2	huang
CASSPGVNTEAFF	gliph2_2600	gliph2	huang
CDSRPGVNTEAFF	gliph2_2600	gliph2	huang
CASSLSLSGNTIYF	gliph2_2601	gliph2	huang
CASSLSVSGNTIYF	gliph2_2601	gliph2	huang
CSASKRDEAFF	gliph2_2602	gliph2	huang
CSAAKRDEQFF	gliph2_2602	gliph2	huang
CASRREGNTEAFF	gliph2_2603	gliph2	huang
CASRREVNTEAFF	gliph2_2603	gliph2	huang
CASSVLAGGKDTQYF	gliph2_2604	gliph2	huang
CTSSILAGGKDTQYF	gliph2_2604	gliph2	huang
CASSLDHNSPLHF	gliph2_2605	gliph2	huang
CASSLDLNSPLHF	gliph2_2605	gliph2	huang
CASSQGDAGELFF	gliph2_2606	gliph2	huang
CASSLGDAGELFF	gliph2_2606	gliph2	huang
CAGSGRGGGETQYF	gliph2_2607	gliph2	huang
CSASGMGGGETQYF	gliph2_2607	gliph2	huang
CASSLGSVRQPQHF	gliph2_2608	gliph2	huang
CASSLGSVSQPQHF	gliph2_2608	gliph2	huang
CASSLGGLTEAFF	gliph2_2609	gliph2	huang
CASSEGGLTEAFF	gliph2_2609	gliph2	huang
CASSDRGNTEAFF	gliph2_2610	gliph2	huang
CASSDDGNTEQYV	gliph2_2610	gliph2	huang
CATSDPSSYEQYF	gliph2_2611	gliph2	huang
CASSPPSSYEQYF	gliph2_2611	gliph2	huang
CASSLTGGNIQYF	gliph2_2612	gliph2	huang
CASSLPGGNIQYF	gliph2_2612	gliph2	huang
CSARNRDYGYTF	gliph2_2613	gliph2	huang
CSARNREYGYTF	gliph2_2613	gliph2	huang
CASSPRLTGELFF	gliph2_2614	gliph2	huang
CASSPQLTGELFF	gliph2_2614	gliph2	huang
CASSLGTDEKLFF	gliph2_2615	gliph2	huang
CASSLGTYEKLFF	gliph2_2615	gliph2	huang
CSVDDRGDEQFF	gliph2_2616	gliph2	huang
CSGDSRGDEQFF	gliph2_2616	gliph2	huang
CASSEGEGQPQHF	gliph2_2617	gliph2	huang
CASSTGEGQPQHF	gliph2_2617	gliph2	huang
CASSPASGYTF	gliph2_2618	gliph2	huang
CASSPQSGYTF	gliph2_2618	gliph2	huang
CASSEQGGNTEAFF	gliph2_2619	gliph2	huang
CAISEIGGNTEAFF	gliph2_2619	gliph2	huang
CASATGGLTEAFF	gliph2_2620	gliph2	huang
CASATGGSTESFF	gliph2_2620	gliph2	huang
CASSSGQGSYNEQFF	gliph2_2621	gliph2	huang
CASSSGQGHYNEQFF	gliph2_2621	gliph2	huang
CSARLGPTDTQYF	gliph2_2622	gliph2	huang
CSARGGPTDTQYF	gliph2_2622	gliph2	huang
CASSGYSSGANVLTF	gliph2_2623	gliph2	huang
CASSGESSGANVLTF	gliph2_2623	gliph2	huang
CASSTGVGETQYF	gliph2_2624	gliph2	huang
CATSTGDGETQYF	gliph2_2624	gliph2	huang
CASSEDRGSPLHF	gliph2_2625	gliph2	huang
CASSDDRGSPLHF	gliph2_2625	gliph2	huang
CASSPGQGGGYTF	gliph2_2626	gliph2	huang
CASSSGQGGGYTF	gliph2_2626	gliph2	huang
CASSPPGQGNSPLHF	gliph2_2627	gliph2	huang
CASSQPGQGNSPLHF	gliph2_2627	gliph2	huang
CASSLIREKLFF	gliph2_2628	gliph2	huang
CASSLSREKLFF	gliph2_2628	gliph2	huang
CASSLEAGYGYTF	gliph2_2629	gliph2	huang
CASSLDAGYGYTF	gliph2_2629	gliph2	huang
CSARKTGKLFF	gliph2_2630	gliph2	huang
CSARGTGKAFF	gliph2_2630	gliph2	huang
CAWSHGTSNQPQHF	gliph2_2631	gliph2	huang
CASSLGTSNQPQHF	gliph2_2631	gliph2	huang
CASSLDNQPQHF	gliph2_2632	gliph2	huang
CASSLDGQPQHF	gliph2_2632	gliph2	huang
CASSPDRGAYEQYF	gliph2_2633	gliph2	huang
CASSPDRRAYEQYF	gliph2_2633	gliph2	huang
CASSYQRGGGETQYF	gliph2_2634	gliph2	huang
CASSFQRGGGETQYF	gliph2_2634	gliph2	huang
CARSLWAGGGEQYF	gliph2_2635	gliph2	huang
CASSLGAGGGEQYF	gliph2_2635	gliph2	huang
CASSLGTSSGNTIYF	gliph2_2636	gliph2	huang
CASSSGTSSGNTIYF	gliph2_2636	gliph2	huang
CASSSGQLYGYTF	gliph2_2637	gliph2	huang
CASSSGQDYGYTF	gliph2_2637	gliph2	huang
CSARVQGGNQPQHF	gliph2_2638	gliph2	huang
CASRGQGGNQPQHF	gliph2_2638	gliph2	huang
CASSSRRGSYNEQFF	gliph2_2639	gliph2	huang
CASSSRAGSYNEQFF	gliph2_2639	gliph2	huang
CASSLAGTDTQYF	gliph2_2640	gliph2	huang
CASSLAGTETQYF	gliph2_2640	gliph2	huang
CASRMGQEAFF	gliph2_2641	gliph2	huang
CSARLGQEQYF	gliph2_2641	gliph2	huang
CASSLGGGGGDTQYF	gliph2_2642	gliph2	huang
CASSLVGGGGDTQYF	gliph2_2642	gliph2	huang
CASSEGAGANVLTF	gliph2_2643	gliph2	huang
CASSEGQGANVLTF	gliph2_2643	gliph2	huang
CASSLGGGPYGYTF	gliph2_2644	gliph2	huang
CASSLEGGPYGYTF	gliph2_2644	gliph2	huang
CASSSGTENEKLFF	gliph2_2645	gliph2	huang
CASSSGTANEKLFF	gliph2_2645	gliph2	huang
CASSLSAGGQETQYF	gliph2_2646	gliph2	huang
CASSLMAGGQETQYF	gliph2_2646	gliph2	huang
CASSQRGQDTQYF	gliph2_2647	gliph2	huang
CASSQRGTDTQYF	gliph2_2647	gliph2	huang
CASSLESSGEQFF	gliph2_2648	gliph2	huang
CASSLELSGEQYF	gliph2_2648	gliph2	huang
CASSQQANTEAFF	gliph2_2649	gliph2	huang
CASSTQANTEAFF	gliph2_2649	gliph2	huang
CASSLSSGGHNEQFF	gliph2_2650	gliph2	huang
CASSFSSGGHNEQFF	gliph2_2650	gliph2	huang
CASSLDTGNYGYTF	gliph2_2651	gliph2	huang
CAWSLDRGNYGYTF	gliph2_2651	gliph2	huang
CSASPGTAYGYTF	gliph2_2652	gliph2	huang
CASSTGTAYGYTF	gliph2_2652	gliph2	huang
CASSYRTQETQYF	gliph2_2653	gliph2	huang
CASSSRTQETQYF	gliph2_2653	gliph2	huang
CASSPGQGANYGYTF	gliph2_2654	gliph2	huang
CASSLGQGANYGYTF	gliph2_2654	gliph2	huang
CASSQEGYTEAFF	gliph2_2655	gliph2	huang
CASSQTGYTEAFF	gliph2_2655	gliph2	huang
CASSLDPGANYGYTF	gliph2_2656	gliph2	huang
CASSLGPGANYGYTF	gliph2_2656	gliph2	huang
CASSSGQRDTQYF	gliph2_2657	gliph2	huang
CASSSGQGDTQYF	gliph2_2657	gliph2	huang
CASSPPYGTEYQETQYF	gliph2_2658	gliph2	huang
CASSPPYQETQYF	gliph2_2658	gliph2	huang
CASSPPYGTAEAFF	gliph2_2658	gliph2	huang
CASSFSTDTQYF	gliph2_2659	gliph2	huang
CASSDSTDTQYF	gliph2_2659	gliph2	huang
CAISDSTDTQYF	gliph2_2659	gliph2	huang
CASSPSTDTQYF	gliph2_2659	gliph2	huang
CASSSSTDTQYF	gliph2_2659	gliph2	huang
CATSCGADTQYF	gliph2_2660	gliph2	huang
CATSFGADTQYF	gliph2_2660	gliph2	huang
CSASAGADTQYF	gliph2_2660	gliph2	huang
CSASPGGNQPQHF	gliph2_2661	gliph2	huang
CASSPGDNQPQHF	gliph2_2661	gliph2	huang
CASSPGGNQPQHF	gliph2_2661	gliph2	huang
CASSPGQGNTEAFF	gliph2_2662	gliph2	huang
CASSPGQGGTEAFF	gliph2_2662	gliph2	huang
CASSPGQGHTEAFF	gliph2_2662	gliph2	huang
CASSPGDEQYF	gliph2_2663	gliph2	huang
CSASPRDEQYF	gliph2_2663	gliph2	huang
CASSPGDEQDF	gliph2_2663	gliph2	huang
CASSQGNNQPQHF	gliph2_2664	gliph2	huang
CASSQGLNQPQHF	gliph2_2664	gliph2	huang
CASSQGGNQPQHF	gliph2_2664	gliph2	huang
CATGGRSTDTQYF	gliph2_2665	gliph2	huang
CSMGGQSTDTQYF	gliph2_2665	gliph2	huang
CAAGGYSTDTQYF	gliph2_2665	gliph2	huang
CSVEMQSISSF	gliph2_2666	gliph2	huang
CASSEMQRATF	gliph2_2666	gliph2	huang
CATSEGQGEMQPQHF	gliph2_2667	gliph2	huang
CASSPGAEMQEAQYF	gliph2_2667	gliph2	huang
CASSLTQVNTEAFF	gliph2_2668	gliph2	huang
CASSSTQVNTEAFF	gliph2_2668	gliph2	huang
CASIEGPRTAPDTPYF	gliph2_2669	gliph2	huang
CASSEGPRTAPGPQYF	gliph2_2669	gliph2	huang
CASSEGPRTAPDTQYF	gliph2_2669	gliph2	huang
CAWSLGGSQPQHF	gliph2_2670	gliph2	huang
CASSLGGGQPQHF	gliph2_2670	gliph2	huang
CASSLGGNQPQHF	gliph2_2670	gliph2	huang
CASSRSGGSYNEQFF	gliph2_2671	gliph2	huang
CASSHSGGSYNEQFF	gliph2_2671	gliph2	huang
CASSVSGGSYNEQFF	gliph2_2671	gliph2	huang
CSKSSGGTDTQYF	gliph2_2672	gliph2	huang
CIATSGGTDTQYF	gliph2_2672	gliph2	huang
CSETSGGTDTQYF	gliph2_2672	gliph2	huang
CASSLGDSYNEQFF	gliph2_2673	gliph2	huang
CASSLGGSYNEQFF	gliph2_2673	gliph2	huang
CASSLGASYNEQFF	gliph2_2673	gliph2	huang
CASSPGRGEQYF	gliph2_2674	gliph2	huang
CASSLGRGEQYF	gliph2_2674	gliph2	huang
CASSPGRGEQFF	gliph2_2674	gliph2	huang
CASSGTGGSYEQYF	gliph2_2675	gliph2	huang
CASSGTGFSYEQYF	gliph2_2675	gliph2	huang
CAISGTGSSYEQYF	gliph2_2675	gliph2	huang
CASSLAGSYEQYF	gliph2_2676	gliph2	huang
CASSLALSYEQYF	gliph2_2676	gliph2	huang
CASSLAYSYEQYF	gliph2_2676	gliph2	huang
CASSRSGSTDTQYF	gliph2_2677	gliph2	huang
CASSRRGSTDTQYF	gliph2_2677	gliph2	huang
CASSRQGSTDTQYF	gliph2_2677	gliph2	huang
CASSLLQPPLNGYTF	gliph2_2678	gliph2	huang
CASSLLQPSTDTQYF	gliph2_2678	gliph2	huang
CDSSYLSMRGGHLSYNEQFF	gliph2_2679	gliph2	huang
CSATLVGTGVPHLSYEQYF	gliph2_2679	gliph2	huang
CSAIPAAYEQYF	gliph2_2680	gliph2	huang
CSAIPAAYGTGKNIQYF	gliph2_2680	gliph2	huang
CSVEEPRNTIYF	gliph2_2681	gliph2	huang
CSVEEPRNTQYF	gliph2_2681	gliph2	huang
CSVEAFPRDYRRKADTQYF	gliph2_2682	gliph2	huang
CASSSRGQGRKADTQYF	gliph2_2682	gliph2	huang
CAPFEARLQETQYF	gliph2_2683	gliph2	huang
CASSEARLSTDTQYF	gliph2_2683	gliph2	huang
CSVLKSTAGTEAFF	gliph2_2684	gliph2	huang
CSCLKSTNTGELFF	gliph2_2684	gliph2	huang
CASSLGGWETQYF	gliph2_2685	gliph2	huang
CASSLGGVETQYF	gliph2_2685	gliph2	huang
CASSLGGRETQYF	gliph2_2685	gliph2	huang
CASSLGGQETQYF	gliph2_2685	gliph2	huang
CASSLAGGTEAFF	gliph2_2686	gliph2	huang
CASSLVGGTEAFF	gliph2_2686	gliph2	huang
CASSLEGGTEAFF	gliph2_2686	gliph2	huang
CASSLKGGTEAFF	gliph2_2686	gliph2	huang
CTSSETTEAFF	gliph2_2687	gliph2	huang
CASSENTEAFF	gliph2_2687	gliph2	huang
CAISESTEQFF	gliph2_2687	gliph2	huang
CASSETTEAFF	gliph2_2687	gliph2	huang
CASSMDRGNYGYTF	gliph2_2688	gliph2	huang
CAWSLDRGNYGYTF	gliph2_2688	gliph2	huang
CATSGGSSTDTQYF	gliph2_2689	gliph2	huang
CASSGRSSTDTQYF	gliph2_2689	gliph2	huang
CASSLGASYEQYF	gliph2_2690	gliph2	huang
CASSLGAGYEQFF	gliph2_2690	gliph2	huang
CASSFDREETQYF	gliph2_2691	gliph2	huang
CASSSDREETQYF	gliph2_2691	gliph2	huang
CASSQEGSYTF	gliph2_2692	gliph2	huang
CASSQEGEQYF	gliph2_2692	gliph2	huang
CASSLTGTGGGETQYF	gliph2_2693	gliph2	huang
CAISLSGTGGGETQYF	gliph2_2693	gliph2	huang
CSARTSGRETQYF	gliph2_2694	gliph2	huang
CSARTSGGETQYF	gliph2_2694	gliph2	huang
CASSLVGTDTQYF	gliph2_2695	gliph2	huang
CASSSVGTDTQYF	gliph2_2695	gliph2	huang
CASSPGTGGTEAFF	gliph2_2696	gliph2	huang
CASSPGQGGTEAFF	gliph2_2696	gliph2	huang
CATSTGSDTQYF	gliph2_2697	gliph2	huang
CASSQGSDTQYF	gliph2_2697	gliph2	huang
CASSLEGYTEAFF	gliph2_2698	gliph2	huang
CASSQEGYTEAFF	gliph2_2698	gliph2	huang
CASSLAGVETQYF	gliph2_2699	gliph2	huang
CASSLATVETQYF	gliph2_2699	gliph2	huang
CASSFDREETQYF	gliph2_2700	gliph2	huang
CAISFDRGETQYF	gliph2_2700	gliph2	huang
CASSQGSDTQYF	gliph2_2701	gliph2	huang
CASSQGVDTQYF	gliph2_2701	gliph2	huang
CSARDRRNTGELFF	gliph2_2702	gliph2	huang
CSARDMRNTGELFF	gliph2_2702	gliph2	huang
CASSPGTGRNEAFF	gliph2_2703	gliph2	huang
CASSLGTGRNEQFF	gliph2_2703	gliph2	huang
CASSLGPGANYGYTF	gliph2_2704	gliph2	huang
CASSLGQGANYGYTF	gliph2_2704	gliph2	huang
CASSLGRVSYEQYF	gliph2_2705	gliph2	huang
CASSLGRASYEQYF	gliph2_2705	gliph2	huang
CSATRGSTDTQYF	gliph2_2706	gliph2	huang
CATTEGSTDTQYF	gliph2_2706	gliph2	huang
CAWSTGRNTEAFF	gliph2_2707	gliph2	huang
CASSTNRNTEAFF	gliph2_2707	gliph2	huang
CASSTAGGGTEAFF	gliph2_2708	gliph2	huang
CASSTSGGGTEAFF	gliph2_2708	gliph2	huang
CASSLSGSSYNSPLHF	gliph2_2709	gliph2	huang
CASSLQGSSYNSPLHF	gliph2_2709	gliph2	huang
CASSEGPGGTIYF	gliph2_2710	gliph2	huang
CASSTGPGGTQYF	gliph2_2710	gliph2	huang
CASSRGRPTEAFF	gliph2_2711	gliph2	huang
CASSPGRPTEAFF	gliph2_2711	gliph2	huang
CASSQTMNTEAFF	gliph2_2712	gliph2	huang
CASSQGMNTEAFF	gliph2_2712	gliph2	huang
CSVEGESYGYTF	gliph2_2713	gliph2	huang
CSAEGRSYGYTF	gliph2_2713	gliph2	huang
CASRDRGLSYEQYF	gliph2_2714	gliph2	huang
CASRDRGVSYEQYF	gliph2_2714	gliph2	huang
CAISIGGSYNSPLHF	gliph2_2715	gliph2	huang
CASSVGGSYNSPLHF	gliph2_2715	gliph2	huang
CTSRSRGDTQYF	gliph2_2716	gliph2	huang
CASRSQGDTQYF	gliph2_2716	gliph2	huang
CASSRNRGRETQYF	gliph2_2717	gliph2	huang
CASSLNRGRETQYF	gliph2_2717	gliph2	huang
CAISGTNDEQYF	gliph2_2718	gliph2	huang
CSASGTSDEQYF	gliph2_2718	gliph2	huang
CATSRPGNYEQYV	gliph2_2719	gliph2	huang
CASSRAGNYEQYF	gliph2_2719	gliph2	huang
CASSQGGQFYEQYF	gliph2_2720	gliph2	huang
CASSKGGQFYEQYF	gliph2_2720	gliph2	huang
CAWSTQGNEQFF	gliph2_2721	gliph2	huang
CASSTQGAEQYF	gliph2_2721	gliph2	huang
CSATGTGMYNEQFF	gliph2_2722	gliph2	huang
CSATGTGIYNEQFF	gliph2_2722	gliph2	huang
CASSPLQGNTEAFF	gliph2_2723	gliph2	huang
CASSPGQGNTEAFF	gliph2_2723	gliph2	huang
CASSLDPGNTIYF	gliph2_2724	gliph2	huang
CASSLDSGNTIYF	gliph2_2724	gliph2	huang
CASLGQGDTEAFF	gliph2_2725	gliph2	huang
CASRGQGDTEAFF	gliph2_2725	gliph2	huang
CASSLSTGNYGYTF	gliph2_2726	gliph2	huang
CASSLSLGNYGYTF	gliph2_2726	gliph2	huang
CASGGRDTEAFF	gliph2_2727	gliph2	huang
CSAGGGDTEAFF	gliph2_2727	gliph2	huang
CASSIRQGGTGELFF	gliph2_2728	gliph2	huang
CASSLRQGGTGELFF	gliph2_2728	gliph2	huang
CASSRTGGNYGYTF	gliph2_2729	gliph2	huang
CSANRTGGNYGYTF	gliph2_2729	gliph2	huang
CASSYTGGGGELFF	gliph2_2730	gliph2	huang
CASSYTGGGNEQFF	gliph2_2730	gliph2	huang
CASSPSTGNYGYTF	gliph2_2731	gliph2	huang
CASSPSTGGYGYTF	gliph2_2731	gliph2	huang
CASSPGRATEAFF	gliph2_2732	gliph2	huang
CASSPGRPTEAFF	gliph2_2732	gliph2	huang
CASSARRNTEAFF	gliph2_2733	gliph2	huang
CASSAGRNTEAFF	gliph2_2733	gliph2	huang
CASSLDPGDGYTF	gliph2_2734	gliph2	huang
CASSQDPGDGYTF	gliph2_2734	gliph2	huang
CSARNSNQPQHF	gliph2_2735	gliph2	huang
CSARNSNHPQHF	gliph2_2735	gliph2	huang
CASSEGPNSPLHF	gliph2_2736	gliph2	huang
CASSEGVNSPHHF	gliph2_2736	gliph2	huang
CSARSGGNTGELFF	gliph2_2737	gliph2	huang
CSAPSGGNTGELFF	gliph2_2737	gliph2	huang
CATSRQGTTEAFF	gliph2_2738	gliph2	huang
CATSRQGTSEAFF	gliph2_2738	gliph2	huang
CASSSGTGNTGELFF	gliph2_2739	gliph2	huang
CASSSGTENTGELFF	gliph2_2739	gliph2	huang
CASSLSGSSYNEQFF	gliph2_2740	gliph2	huang
CASSLSGQSYNEQFF	gliph2_2740	gliph2	huang
CASKRDSYNEQFF	gliph2_2741	gliph2	huang
CSARRDSYNEQFF	gliph2_2741	gliph2	huang
CASSLQGGGYEQYF	gliph2_2742	gliph2	huang
CASSLQGRGYEQYF	gliph2_2742	gliph2	huang
CASSWVENTEAFF	gliph2_2743	gliph2	huang
CSASWVLNTEAFF	gliph2_2743	gliph2	huang
CATSRDLNTEAFF	gliph2_2744	gliph2	huang
CSVARDLNTEAFF	gliph2_2744	gliph2	huang
CSASDIEQFF	gliph2_2745	gliph2	huang
CASSDYEQYF	gliph2_2745	gliph2	huang
CASSPAGSGNTIYF	gliph2_2746	gliph2	huang
CASSPGGSGNTIYF	gliph2_2746	gliph2	huang
CASSLVTGTDTQYF	gliph2_2747	gliph2	huang
CASSLLTGTDTQYF	gliph2_2747	gliph2	huang
CSGVSGSSGNTIYF	gliph2_2748	gliph2	huang
CSVVAGSSGNTIYF	gliph2_2748	gliph2	huang
CASSVRRQETQYF	gliph2_2749	gliph2	huang
CASSDRRQETQYF	gliph2_2749	gliph2	huang
CASSYPGSSYNEQFF	gliph2_2750	gliph2	huang
CASSPPGSSYNEQFF	gliph2_2750	gliph2	huang
CSAGLAGSSYNEQFF	gliph2_2751	gliph2	huang
CSVALAGSSYNEQFF	gliph2_2751	gliph2	huang
CASSLGWTEAFF	gliph2_2752	gliph2	huang
CASSLGWDEQYF	gliph2_2752	gliph2	huang
CAWSEGRDTQYF	gliph2_2753	gliph2	huang
CASSETRDTQYF	gliph2_2753	gliph2	huang
CSARDDGYEQYF	gliph2_2754	gliph2	huang
CSARDDSYEQYF	gliph2_2754	gliph2	huang
CSVDRGGTEAFF	gliph2_2755	gliph2	huang
CAWDRGGNEQFF	gliph2_2755	gliph2	huang
CSVRGQVDTEAFF	gliph2_2756	gliph2	huang
CASRGQGDTEAFF	gliph2_2756	gliph2	huang
CSVGRAAYEQYF	gliph2_2757	gliph2	huang
CSAGRGAYEQYF	gliph2_2757	gliph2	huang
CASRHLYNEQFF	gliph2_2758	gliph2	huang
CASRKLYNEQFF	gliph2_2758	gliph2	huang
CSASRAGGDTEAFF	gliph2_2759	gliph2	huang
CASSRQGGDTEAFF	gliph2_2759	gliph2	huang
CASSEGGYEQYF	gliph2_2760	gliph2	huang
CAISEGGYGYTF	gliph2_2760	gliph2	huang
CASSSRQGNQPQHF	gliph2_2761	gliph2	huang
CAGSSRQFNQPQHF	gliph2_2761	gliph2	huang
CASSLSGQSYNEQFF	gliph2_2762	gliph2	huang
CASSLSGQQYNEQFF	gliph2_2762	gliph2	huang
CASSPRPTDTQYF	gliph2_2763	gliph2	huang
CSASPGPTDTQYF	gliph2_2763	gliph2	huang
CAWSVAGGITDTQYF	gliph2_2764	gliph2	huang
CAISVAGGHTDTQYF	gliph2_2764	gliph2	huang
CASSLAGTVNTEAFF	gliph2_2765	gliph2	huang
CASSLAGTMNTEAFF	gliph2_2765	gliph2	huang
CASSHPGNEQYF	gliph2_2766	gliph2	huang
CASSQPGNEQFF	gliph2_2766	gliph2	huang
CSAREGLQETQYF	gliph2_2767	gliph2	huang
CASRRGLQETQYF	gliph2_2767	gliph2	huang
CASSVGQGSYNEQFF	gliph2_2768	gliph2	huang
CASSVGQGHYNEQFF	gliph2_2768	gliph2	huang
CSASGDTNTEAFF	gliph2_2769	gliph2	huang
CSASGETNTEAFF	gliph2_2769	gliph2	huang
CAISESDSSYEQYF	gliph2_2770	gliph2	huang
CAISDSDSSYEQYF	gliph2_2770	gliph2	huang
CASSMDRGDYGYTF	gliph2_2771	gliph2	huang
CASSIDRGDYGYTF	gliph2_2771	gliph2	huang
CASSLSGAAEAFF	gliph2_2772	gliph2	huang
CASSLQGAAEQFF	gliph2_2772	gliph2	huang
CASSPTRGTEAFF	gliph2_2773	gliph2	huang
CSASVTRGTEAFF	gliph2_2773	gliph2	huang
CSAREGYEQYF	gliph2_2774	gliph2	huang
CASSEGYEQYF	gliph2_2774	gliph2	huang
CASSPDRYSNQPQHF	gliph2_2775	gliph2	huang
CASSPDRLSNQPQHF	gliph2_2775	gliph2	huang
CASSLAGGTEAFF	gliph2_2776	gliph2	huang
CARNLAGGTEAFF	gliph2_2776	gliph2	huang
CASSTGEGQPQHF	gliph2_2777	gliph2	huang
CASSTGQGQPQHF	gliph2_2777	gliph2	huang
CSASRLAGNEQFF	gliph2_2778	gliph2	huang
CASSRLQGNEQYF	gliph2_2778	gliph2	huang
CASSPRDRGSYEQYF	gliph2_2779	gliph2	huang
CASSPRDRGQYEQYF	gliph2_2779	gliph2	huang
CASSLAGGGNEQFF	gliph2_2780	gliph2	huang
CATSAAGGGNEQFF	gliph2_2780	gliph2	huang
CASSWGQGNTEAFF	gliph2_2781	gliph2	huang
CASSWGQTNTEAFF	gliph2_2781	gliph2	huang
CASSSTDQPQHF	gliph2_2782	gliph2	huang
CGASSGDQPQHF	gliph2_2782	gliph2	huang
CASRGRGTYEQYF	gliph2_2783	gliph2	huang
CASRGRGPYEQYF	gliph2_2783	gliph2	huang
CGSSVKDTQYF	gliph2_2784	gliph2	huang
CASSFKDTQYF	gliph2_2784	gliph2	huang
CAIRGGTVNTEAFF	gliph2_2785	gliph2	huang
CSARTGTVNTEAFF	gliph2_2785	gliph2	huang
CSVGGGGGTDTQYF	gliph2_2786	gliph2	huang
CSAGGRGGTDTQYF	gliph2_2786	gliph2	huang
CASSLYYNEQFF	gliph2_2787	gliph2	huang
CASSLGYNEQFF	gliph2_2787	gliph2	huang
CASSLEYNEQFF	gliph2_2787	gliph2	huang
CASSESGGELFF	gliph2_2788	gliph2	huang
CASSFSGGEQFF	gliph2_2788	gliph2	huang
CASSFSGGEQYF	gliph2_2788	gliph2	huang
CASSLVGGSTEAFF	gliph2_2789	gliph2	huang
CASSLVGGLTEAFF	gliph2_2789	gliph2	huang
CASSLVGGYTEAFF	gliph2_2789	gliph2	huang
CASSLGQVYGYTF	gliph2_2790	gliph2	huang
CASSLGQNYGYTF	gliph2_2790	gliph2	huang
CASSLGQGYGYTF	gliph2_2790	gliph2	huang
CATSRDSSGANVLTF	gliph2_2791	gliph2	huang
CASSQDSSGANVLTF	gliph2_2791	gliph2	huang
CASSHDSSGANVLTF	gliph2_2791	gliph2	huang
CAISQSQETQYF	gliph2_2792	gliph2	huang
CASSPSQETQYF	gliph2_2792	gliph2	huang
CASSWSQETQYF	gliph2_2792	gliph2	huang
CASSSYYNEQFF	gliph2_2793	gliph2	huang
CAGSSGYNEQFF	gliph2_2793	gliph2	huang
CASSSGYNEQFF	gliph2_2793	gliph2	huang
CASSLAGWNTGELFF	gliph2_2794	gliph2	huang
CASSLAGPNTGELFF	gliph2_2794	gliph2	huang
CASSLAGWNTGEMFF	gliph2_2794	gliph2	huang
CATSSGRSTDTQYF	gliph2_2795	gliph2	huang
CASSSGPSTDTQYF	gliph2_2795	gliph2	huang
CASSSGGSTDTQYF	gliph2_2795	gliph2	huang
CSASGTGNTEAFF	gliph2_2796	gliph2	huang
CASSGTGGTEAFF	gliph2_2796	gliph2	huang
CASSGTGSTEAFF	gliph2_2796	gliph2	huang
CASSQGRNTEAFF	gliph2_2797	gliph2	huang
CASSQGLNTEAFF	gliph2_2797	gliph2	huang
CASSQGMNTEAFF	gliph2_2797	gliph2	huang
CAISPSNQPQHF	gliph2_2798	gliph2	huang
CAISNSNQPQHF	gliph2_2798	gliph2	huang
CAISQSNQPQHF	gliph2_2798	gliph2	huang
CASSRSNQPQHF	gliph2_2798	gliph2	huang
CASSLQGTEAFF	gliph2_2799	gliph2	huang
CASSGQGTEAFF	gliph2_2799	gliph2	huang
CASSNQGTEAFF	gliph2_2799	gliph2	huang
CASSPGQGGTEAFF	gliph2_2800	gliph2	huang
CASSFGQGGTEAFF	gliph2_2800	gliph2	huang
CASSHGQGGTEAFF	gliph2_2800	gliph2	huang
CASSPGQQYGYTF	gliph2_2801	gliph2	huang
CASSPGQEYGYTF	gliph2_2801	gliph2	huang
CASSPGQDYGYTF	gliph2_2801	gliph2	huang
CAVGNTGELFF	gliph2_2802	gliph2	huang
CSAGRTGEAFF	gliph2_2802	gliph2	huang
CAIGNTGELFF	gliph2_2802	gliph2	huang
CAISGTNYEQYF	gliph2_2803	gliph2	huang
CSASGTSYEQYF	gliph2_2803	gliph2	huang
CAISGTNYEKYF	gliph2_2803	gliph2	huang
CAWSVGGSNQPQHF	gliph2_2804	gliph2	huang
CSARVGGSNQPQHF	gliph2_2804	gliph2	huang
CASSATGGTGELFF	gliph2_2805	gliph2	huang
CASSLTGGTGELFF	gliph2_2805	gliph2	huang
CMAKDRAEAFF	gliph2_2806	gliph2	huang
CSARDRAEQYF	gliph2_2806	gliph2	huang
CSASQGYEQYV	gliph2_2807	gliph2	huang
CASSQGYQAFF	gliph2_2807	gliph2	huang
CASSTGGGTEAFF	gliph2_2808	gliph2	huang
CASSTQGGTEAFF	gliph2_2808	gliph2	huang
CASSSGQGGTQYF	gliph2_2809	gliph2	huang
CASSSGQGDTQYF	gliph2_2809	gliph2	huang
CASSYGTDTQYF	gliph2_2810	gliph2	huang
CASSYGPDTQYF	gliph2_2810	gliph2	huang
CASSPGRATEAFF	gliph2_2811	gliph2	huang
CASSPRRATEAFF	gliph2_2811	gliph2	huang
CASSRRASADTQYF	gliph2_2812	gliph2	huang
CAWSRLASADTQYF	gliph2_2812	gliph2	huang
CSASRQGRDTEAFF	gliph2_2813	gliph2	huang
CASSRQGGDTEAFF	gliph2_2813	gliph2	huang
CASSLRPEETQYF	gliph2_2814	gliph2	huang
CASSLEPEETQYF	gliph2_2814	gliph2	huang
CASSLDGGLYEQYF	gliph2_2815	gliph2	huang
CASSLDGGEYEQYF	gliph2_2815	gliph2	huang
CSADGGGNYEQYF	gliph2_2816	gliph2	huang
CSVDGGGSYEQYF	gliph2_2816	gliph2	huang
CASSPGQDYGYTF	gliph2_2817	gliph2	huang
CASSSGQDYGYTF	gliph2_2817	gliph2	huang
CASSLVGTDTQYF	gliph2_2818	gliph2	huang
CASSLVGQDTQYF	gliph2_2818	gliph2	huang
CSATGTAYEQYF	gliph2_2819	gliph2	huang
CSATGTNYEQYF	gliph2_2819	gliph2	huang
CASSLGQGYGYTF	gliph2_2820	gliph2	huang
CASSLGQGYPQHF	gliph2_2820	gliph2	huang
CASSWDGDTQYF	gliph2_2821	gliph2	huang
CASSLDGDTQYF	gliph2_2821	gliph2	huang
CASSPTSGTYNEQFF	gliph2_2822	gliph2	huang
CASSWTSGTYNEQFF	gliph2_2822	gliph2	huang
CASSLLGTGELFF	gliph2_2823	gliph2	huang
CASSLLRTGELFF	gliph2_2823	gliph2	huang
CASSYGGGNQPQHF	gliph2_2824	gliph2	huang
CASSYFGGNQPQHF	gliph2_2824	gliph2	huang
CASSWDGDTQYF	gliph2_2825	gliph2	huang
CASSWPGDTQYF	gliph2_2825	gliph2	huang
CARSVSGGAKNIQYF	gliph2_2826	gliph2	huang
CASSYSGGAKNIQYF	gliph2_2826	gliph2	huang
CASSLGPDSNQPQHF	gliph2_2827	gliph2	huang
CASSLGPSSNQPQHF	gliph2_2827	gliph2	huang
CASSGEGSQPQHF	gliph2_2828	gliph2	huang
CAWSGQGSQPQHF	gliph2_2828	gliph2	huang
CASSQDSAGANVLTF	gliph2_2829	gliph2	huang
CASSQDSSGANVLTF	gliph2_2829	gliph2	huang
CASSLAGVEKLFF	gliph2_2830	gliph2	huang
CASSLAGTEKLFF	gliph2_2830	gliph2	huang
CSASRGRGNTEAFF	gliph2_2831	gliph2	huang
CSASRGRGSTEAFF	gliph2_2831	gliph2	huang
CASSPSSSYNEQFF	gliph2_2832	gliph2	huang
CASSPYSSYNEQFF	gliph2_2832	gliph2	huang
CSVERELNTEAFF	gliph2_2833	gliph2	huang
CSVLRELNTEAFF	gliph2_2833	gliph2	huang
CASRGQGGNQPQHF	gliph2_2834	gliph2	huang
CATRGSGGNQPQHF	gliph2_2834	gliph2	huang
CASSQEGMNTEAFF	gliph2_2835	gliph2	huang
CASSQAGMNTEAFF	gliph2_2835	gliph2	huang
CAISVRGGAEAFF	gliph2_2836	gliph2	huang
CASSFRGGAEAFF	gliph2_2836	gliph2	huang
CASSIAGNNEQFF	gliph2_2837	gliph2	huang
CASSLAGNNEQFF	gliph2_2837	gliph2	huang
CASSLGTVNSPLHF	gliph2_2838	gliph2	huang
CASSLGTFNSPLHF	gliph2_2838	gliph2	huang
CASSQDRNQPQHF	gliph2_2839	gliph2	huang
CASSQDRDQPQHF	gliph2_2839	gliph2	huang
CSASDRKETQYF	gliph2_2840	gliph2	huang
CSARDRKETQYF	gliph2_2840	gliph2	huang
CSASIGEKLFF	gliph2_2841	gliph2	huang
CASSWGEKLFF	gliph2_2841	gliph2	huang
CASSLGGGSGNTIYF	gliph2_2842	gliph2	huang
CASSLAGGSGNTIYF	gliph2_2842	gliph2	huang
CASSVSGNTIYF	gliph2_2843	gliph2	huang
CSARVSGNTIYF	gliph2_2843	gliph2	huang
CAWRAGRNTEAFF	gliph2_2844	gliph2	huang
CASSAGRNTEAFF	gliph2_2844	gliph2	huang
CASSSRGLGEQYF	gliph2_2845	gliph2	huang
CASSFRGLGEAFF	gliph2_2845	gliph2	huang
CSARARGDTGELFF	gliph2_2846	gliph2	huang
CSARPRGDTGELFF	gliph2_2846	gliph2	huang
CASSLENGEMFF	gliph2_2847	gliph2	huang
CASSLDNGELFF	gliph2_2847	gliph2	huang
CASSLDMDYGYTF	gliph2_2848	gliph2	huang
CASSLDVDYGYTF	gliph2_2848	gliph2	huang
CASSSGDSNQPQHF	gliph2_2849	gliph2	huang
CASSSPDSNQPQHF	gliph2_2849	gliph2	huang
CASSLLAGSTDTQYF	gliph2_2850	gliph2	huang
CASSLLAASTDTQYF	gliph2_2850	gliph2	huang
CASRTGGGYNEQFF	gliph2_2851	gliph2	huang
CASRTGEGYNEQFF	gliph2_2851	gliph2	huang
CSARGRVNTEAFF	gliph2_2852	gliph2	huang
CSATGRVNTEAFF	gliph2_2852	gliph2	huang
CASSSGQGGGYTF	gliph2_2853	gliph2	huang
CASSSGQGIGYTF	gliph2_2853	gliph2	huang
CASGGRYNEQFF	gliph2_2854	gliph2	huang
CASRGRYNEQFF	gliph2_2854	gliph2	huang
CASSLDRGGTDTQYF	gliph2_2855	gliph2	huang
CASSLDRGGVDTQYF	gliph2_2855	gliph2	huang
CASSSDREETQYF	gliph2_2856	gliph2	huang
CASSSGREETQYF	gliph2_2856	gliph2	huang
CASSQLRDTQYF	gliph2_2857	gliph2	huang
CASSQLTDTQYF	gliph2_2857	gliph2	huang
CASSLGRTGEQYF	gliph2_2858	gliph2	huang
CASSLLRTGELFF	gliph2_2858	gliph2	huang
CASRDSSGANVLTF	gliph2_2859	gliph2	huang
CASSDSSGANVLTF	gliph2_2859	gliph2	huang
CASSVQGSGELFF	gliph2_2860	gliph2	huang
CASSVQGSTEAFF	gliph2_2860	gliph2	huang
CASSLGAGGWETQYF	gliph2_2861	gliph2	huang
CASSLGAGGPETQYF	gliph2_2861	gliph2	huang
CASSLGPDSNQPQHF	gliph2_2862	gliph2	huang
CASSLGTDSNQPQHF	gliph2_2862	gliph2	huang
CASSWTGGGYTF	gliph2_2863	gliph2	huang
CASSRTGGGYTF	gliph2_2863	gliph2	huang
CASSSLAGSYNEQFF	gliph2_2864	gliph2	huang
CASSSRAGSYNEQFF	gliph2_2864	gliph2	huang
CASSLGTGAGELFF	gliph2_2865	gliph2	huang
CASSLGTGGGEQYF	gliph2_2865	gliph2	huang
CASKSGTGAYEQYF	gliph2_2866	gliph2	huang
CASSSGTGAYEQYF	gliph2_2866	gliph2	huang
CASSLGPSGNTIYF	gliph2_2867	gliph2	huang
CASSLGPAGNTIYF	gliph2_2867	gliph2	huang
CAWSVGGSNQPQHF	gliph2_2868	gliph2	huang
CASSVYGSNQPQHF	gliph2_2868	gliph2	huang
CSVSTGGSGANVLTF	gliph2_2869	gliph2	huang
CASSTGESGANVLTF	gliph2_2869	gliph2	huang
CASSPPLGGELFF	gliph2_2870	gliph2	huang
CASSPPTGGEQFF	gliph2_2870	gliph2	huang
CAWSRGDLNTEAFF	gliph2_2871	gliph2	huang
CASSRGSLNTEAFF	gliph2_2871	gliph2	huang
CSVERELNTEAFF	gliph2_2872	gliph2	huang
CSVERQLNTEAFF	gliph2_2872	gliph2	huang
CASSFRELFF	gliph2_2873	gliph2	huang
CASSYREQYF	gliph2_2873	gliph2	huang
CSAGRLAEQYF	gliph2_2874	gliph2	huang
CSAGRLLEQYF	gliph2_2874	gliph2	huang
CASSPRLDTQYF	gliph2_2875	gliph2	huang
CASSPRTDTQYF	gliph2_2875	gliph2	huang
CSARSPPIVMAREKFSSYNEQFF	gliph2_2876	gliph2	huang
CSARGPPIVMAREKFSSYNEQFF	gliph2_2876	gliph2	huang
CASSRRTDTQYF	gliph2_2877	gliph2	huang
CASSDRTDTQYF	gliph2_2877	gliph2	huang
CASSPRTDTQYF	gliph2_2877	gliph2	huang
CATSRDYQPQHF	gliph2_2878	gliph2	huang
CATSRDNQPQHF	gliph2_2878	gliph2	huang
CATSRDDQPQHF	gliph2_2878	gliph2	huang
CASSLLLNTEAFF	gliph2_2879	gliph2	huang
CASSLALNTEAFF	gliph2_2879	gliph2	huang
CASSLDLNTEAFF	gliph2_2879	gliph2	huang
CASSLLGEQFF	gliph2_2880	gliph2	huang
CATSDLGEQYF	gliph2_2880	gliph2	huang
CSASGLGEQFF	gliph2_2880	gliph2	huang
CASSNGRSTDTQYF	gliph2_2881	gliph2	huang
CATSTGRSTDTQYF	gliph2_2881	gliph2	huang
CATSSGRSTDTQYF	gliph2_2881	gliph2	huang
CASSLTGNTEAFF	gliph2_2882	gliph2	huang
CASSLTRNTEAFF	gliph2_2882	gliph2	huang
CSASLTANTEAFF	gliph2_2882	gliph2	huang
CASSLQSNQPQHF	gliph2_2883	gliph2	huang
CASSRQSNQPQHF	gliph2_2883	gliph2	huang
CAISEQSNQPQHF	gliph2_2883	gliph2	huang
CATSGGTDTQYF	gliph2_2884	gliph2	huang
CASSPGTDTQYF	gliph2_2884	gliph2	huang
CASSVGTDTQYF	gliph2_2884	gliph2	huang
CASSYGTDTQYF	gliph2_2884	gliph2	huang
CASSEGYEQYF	gliph2_2885	gliph2	huang
CASSLGYEQYF	gliph2_2885	gliph2	huang
CASSYGYEQYF	gliph2_2885	gliph2	huang
CATSGGYEQYF	gliph2_2885	gliph2	huang
CSASQGYEQYV	gliph2_2885	gliph2	huang
CSVQNTEAFF	gliph2_2886	gliph2	huang
CSAGNTEAFF	gliph2_2886	gliph2	huang
CSGLNTEAFF	gliph2_2886	gliph2	huang
CSAMNTEAFF	gliph2_2886	gliph2	huang
CASSLGSSYEQYF	gliph2_2887	gliph2	huang
CASSGGSSYEQYF	gliph2_2887	gliph2	huang
CASSFGSSYEQYF	gliph2_2887	gliph2	huang
CAQGLYEQYF	gliph2_2888	gliph2	huang
CASGLNEAFF	gliph2_2888	gliph2	huang
CSAGLAEQYF	gliph2_2888	gliph2	huang
CSVGQGNYGYTF	gliph2_2889	gliph2	huang
CSATQGNYGYTF	gliph2_2889	gliph2	huang
CATQQGNYGYTF	gliph2_2889	gliph2	huang
CASGTQETQYF	gliph2_2890	gliph2	huang
CASGLQETQYF	gliph2_2890	gliph2	huang
CSAGFQETQYF	gliph2_2890	gliph2	huang
CASSLGTYYEQYF	gliph2_2891	gliph2	huang
CASSLGTAYEQYF	gliph2_2891	gliph2	huang
CASSLGTVYEQYF	gliph2_2891	gliph2	huang
CASSLLSGANVLTF	gliph2_2892	gliph2	huang
CASSLNSGANVLTF	gliph2_2892	gliph2	huang
CASSLFSGANVLTF	gliph2_2892	gliph2	huang
CASSPGQGHGYTF	gliph2_2893	gliph2	huang
CASSPGQGTGYTF	gliph2_2893	gliph2	huang
CASSPGQGGGYTF	gliph2_2893	gliph2	huang
CASSRTENTEAFF	gliph2_2894	gliph2	huang
CASSPTENTEAFF	gliph2_2894	gliph2	huang
CASSHTENTEAFF	gliph2_2894	gliph2	huang
CASSQVRSRTTQAKNIQYF	gliph2_2895	gliph2	huang
CASSQDRTTQNIQYF	gliph2_2895	gliph2	huang
CSASYTEAFF	gliph2_2896	gliph2	huang
CASSYREQYF	gliph2_2896	gliph2	huang
CASSLSGGSGYTF	gliph2_2897	gliph2	huang
CASSLSGGEGYTF	gliph2_2897	gliph2	huang
CASSRGGNEQFF	gliph2_2898	gliph2	huang
CAWDRGGNEQFF	gliph2_2898	gliph2	huang
CASSLEGTDTQYF	gliph2_2899	gliph2	huang
CASRLEGTDTQYF	gliph2_2899	gliph2	huang
CASSLGTGNNSPLHF	gliph2_2900	gliph2	huang
CASSLGTGWNSPLHF	gliph2_2900	gliph2	huang
CASSLTDNEQFF	gliph2_2901	gliph2	huang
CASSLRDNEQFF	gliph2_2901	gliph2	huang
CASSLRKGAYNEQFF	gliph2_2902	gliph2	huang
CASSLRQGAYNEQFF	gliph2_2902	gliph2	huang
CASSLGLGNTGELFF	gliph2_2903	gliph2	huang
CASSLGQGNTGELFF	gliph2_2903	gliph2	huang
CASSYSGGGTEAFF	gliph2_2904	gliph2	huang
CASSTSGGGTEAFF	gliph2_2904	gliph2	huang
CASSVRDTGELFF	gliph2_2905	gliph2	huang
CAGSVGDTGELFF	gliph2_2905	gliph2	huang
CASSPDRVGEQYF	gliph2_2906	gliph2	huang
CASSPDRAGELFF	gliph2_2906	gliph2	huang
CSASGYSGNTIYF	gliph2_2907	gliph2	huang
CASSGGSGNTIYF	gliph2_2907	gliph2	huang
CSASSDRDYEQYF	gliph2_2908	gliph2	huang
CASSLDRDYEQSF	gliph2_2908	gliph2	huang
CASRLAGSYEQYF	gliph2_2909	gliph2	huang
CASSLAGSYEQYF	gliph2_2909	gliph2	huang
CASSWGVDTQYF	gliph2_2910	gliph2	huang
CASSQGVDTQYF	gliph2_2910	gliph2	huang
CASSRSGGSYNEQFF	gliph2_2911	gliph2	huang
CASSRSGGKYNEQFF	gliph2_2911	gliph2	huang
CASSRDRNEQFF	gliph2_2912	gliph2	huang
CAWSRLRNEQFF	gliph2_2912	gliph2	huang
CASSLDNQPQHF	gliph2_2913	gliph2	huang
CATSRDNQPQHF	gliph2_2913	gliph2	huang
CSASGLGEQFF	gliph2_2914	gliph2	huang
CAISGLDEQFF	gliph2_2914	gliph2	huang
CASSPTAGLEQYF	gliph2_2915	gliph2	huang
CASSPTAGIEQYF	gliph2_2915	gliph2	huang
CASSPDRGNTEAFF	gliph2_2916	gliph2	huang
CASSPDRGNFEAFF	gliph2_2916	gliph2	huang
CASSSTGRSSYEQYF	gliph2_2917	gliph2	huang
CASSRTGRSSYEQYF	gliph2_2917	gliph2	huang
CATSRGGGNYGYTF	gliph2_2918	gliph2	huang
CASSRGTGNYGYTF	gliph2_2918	gliph2	huang
CIARDSGGGTDTQYF	gliph2_2919	gliph2	huang
CSARDGGGGTDTQYF	gliph2_2919	gliph2	huang
CSVSLTGFQETQYF	gliph2_2920	gliph2	huang
CASSLEGFQETQYF	gliph2_2920	gliph2	huang
CASSLAGGPYEQYF	gliph2_2921	gliph2	huang
CASSLAGAPYEQYF	gliph2_2921	gliph2	huang
CASSSLNGYEQYF	gliph2_2922	gliph2	huang
CASSSLAGYEQYF	gliph2_2922	gliph2	huang
CASSPDRNQPQHF	gliph2_2923	gliph2	huang
CASSPDNNQPQHF	gliph2_2923	gliph2	huang
CASSLAGGGTDTQYF	gliph2_2924	gliph2	huang
CASSLAGTGTDTQYF	gliph2_2924	gliph2	huang
CASSPGGDTDTQYF	gliph2_2925	gliph2	huang
CASSLGGDTDTQYF	gliph2_2925	gliph2	huang
CASSEAENTEAFF	gliph2_2926	gliph2	huang
CASSRAENTEAFF	gliph2_2926	gliph2	huang
CASSVQGSGELFF	gliph2_2927	gliph2	huang
CASSSQGSGELFF	gliph2_2927	gliph2	huang
CASSRTGGNYGYTF	gliph2_2928	gliph2	huang
CATSRGGGNYGYTF	gliph2_2928	gliph2	huang
CATCEGMNTEAFF	gliph2_2929	gliph2	huang
CSVEEGMNTEAFF	gliph2_2929	gliph2	huang
CASSDRDTGELFF	gliph2_2930	gliph2	huang
CAISDTDTGELFF	gliph2_2930	gliph2	huang
CASSGETEAFF	gliph2_2931	gliph2	huang
CASSSETEQYF	gliph2_2931	gliph2	huang
CASSPGDGNTEAFF	gliph2_2932	gliph2	huang
CATSDGDGNTEAFF	gliph2_2932	gliph2	huang
CASSLLAYNEQFF	gliph2_2933	gliph2	huang
CASSLVAYNEQFF	gliph2_2933	gliph2	huang
CASSLEGGAQYF	gliph2_2934	gliph2	huang
CASSLEGGTQYF	gliph2_2934	gliph2	huang
CASSLAGSPLHF	gliph2_2935	gliph2	huang
CASSLASSPLHF	gliph2_2935	gliph2	huang
CATSFRAGELFF	gliph2_2936	gliph2	huang
CASSFRTGELFF	gliph2_2936	gliph2	huang
CASSPSSNEQYF	gliph2_2937	gliph2	huang
CASSLSSNEQFF	gliph2_2937	gliph2	huang
CASSPGQGANYGYTF	gliph2_2938	gliph2	huang
CASSPGQGFNYGYTF	gliph2_2938	gliph2	huang
CASSPGREQYF	gliph2_2939	gliph2	huang
CASSPGRGYTF	gliph2_2939	gliph2	huang
CSVAEGGSYEQYV	gliph2_2940	gliph2	huang
CASSEGGSYEQYF	gliph2_2940	gliph2	huang
CASSPDRNYEQYF	gliph2_2941	gliph2	huang
CASSPDRSYEQYF	gliph2_2941	gliph2	huang
CATSGGYEQYF	gliph2_2942	gliph2	huang
CASSGGYGYTF	gliph2_2942	gliph2	huang
CASSLNSNQPQHF	gliph2_2943	gliph2	huang
CASSLNPNQPQHF	gliph2_2943	gliph2	huang
CASSFGESYGYTF	gliph2_2944	gliph2	huang
CASSFGERYGYTF	gliph2_2944	gliph2	huang
CASSPLGDTEAFF	gliph2_2945	gliph2	huang
CASSPPGDTEAFF	gliph2_2945	gliph2	huang
CASSLLAYNEQFF	gliph2_2946	gliph2	huang
CASSLLSYNEQFF	gliph2_2946	gliph2	huang
CASSEAGETQYF	gliph2_2947	gliph2	huang
CASSEAFETQYF	gliph2_2947	gliph2	huang
CSARQGARTEAFF	gliph2_2948	gliph2	huang
CASRQGAFTEAFF	gliph2_2948	gliph2	huang
CASSARETGELFF	gliph2_2949	gliph2	huang
CASSIRETGELFF	gliph2_2949	gliph2	huang
CASSLEGTYEQYF	gliph2_2950	gliph2	huang
CASSLEGHYEQYF	gliph2_2950	gliph2	huang
CASSSLAGYEQYF	gliph2_2951	gliph2	huang
CASSALAGYEQYF	gliph2_2951	gliph2	huang
CASSQDRGSYEQYF	gliph2_2952	gliph2	huang
CASSLDRGSYEQYF	gliph2_2952	gliph2	huang
CASSLQGGGEAFF	gliph2_2953	gliph2	huang
CASSGQGGGEQFF	gliph2_2953	gliph2	huang
CSARDRGAEQYF	gliph2_2954	gliph2	huang
CAWRDRGNEQFF	gliph2_2954	gliph2	huang
CSTRQGANEQYF	gliph2_2955	gliph2	huang
CAASQGANEQFF	gliph2_2955	gliph2	huang
CATSSGRRTDTQYF	gliph2_2956	gliph2	huang
CATSSGRSTDTQYF	gliph2_2956	gliph2	huang
CASSAEGGEQYF	gliph2_2957	gliph2	huang
CAWSAEGYEQYF	gliph2_2957	gliph2	huang
CASSQEGTEAFF	gliph2_2958	gliph2	huang
CASSQRGTEAFF	gliph2_2958	gliph2	huang
CASRLRDTGELFF	gliph2_2959	gliph2	huang
CASRRRDTGELFF	gliph2_2959	gliph2	huang
CASSYHNEQFF	gliph2_2960	gliph2	huang
CASSYYNEQFF	gliph2_2960	gliph2	huang
CASSDRTDTQYF	gliph2_2961	gliph2	huang
CASSDRGDTQYF	gliph2_2961	gliph2	huang
CASRGQGTGELFF	gliph2_2962	gliph2	huang
CATRGQHTGELFF	gliph2_2962	gliph2	huang
CASSRDGGNQPQHF	gliph2_2963	gliph2	huang
CSASRDRGNQPQHF	gliph2_2963	gliph2	huang
CASSQGATEAFF	gliph2_2964	gliph2	huang
CASSQGYTEAFF	gliph2_2964	gliph2	huang
CASRPGGNTEAFF	gliph2_2965	gliph2	huang
CSARAGGNTEAFF	gliph2_2965	gliph2	huang
CASRQGGNTEAFF	gliph2_2965	gliph2	huang
CARRPGGNTEAFF	gliph2_2965	gliph2	huang
CRGGGGKTEAFF	gliph2_2966	gliph2	huang
CSAGGGDTEAFF	gliph2_2966	gliph2	huang
CAGGGGCTEAFF	gliph2_2966	gliph2	huang
CSAGGGKTEAFF	gliph2_2966	gliph2	huang
CSARPYWLRSGAVPSTDKQYF	gliph2_2967	gliph2	huang
CSARPYWLRSGAVPSTDTQYF	gliph2_2967	gliph2	huang
CSVAVPSGNKEQFF	gliph2_2968	gliph2	huang
CSGAVPSGHNEQFF	gliph2_2968	gliph2	huang
CAWSGGDNQPQHF	gliph2_2969	gliph2	huang
CASSPGDNQPQHF	gliph2_2969	gliph2	huang
CSASGGDNQPQHF	gliph2_2969	gliph2	huang
CASSYSGTEAFF	gliph2_2970	gliph2	huang
CASSYSGNEQYF	gliph2_2970	gliph2	huang
CASSYSGDEQYF	gliph2_2970	gliph2	huang
CASSRDGGNQPQHF	gliph2_2971	gliph2	huang
CASSRSGGNQPQHF	gliph2_2971	gliph2	huang
CASSRGGGNQPQHF	gliph2_2971	gliph2	huang
CSARVSGNTIYF	gliph2_2972	gliph2	huang
CAWRSSGNTIYF	gliph2_2972	gliph2	huang
CSARTSGNTIYF	gliph2_2972	gliph2	huang
CSASSSYEHYF	gliph2_2973	gliph2	huang
CSASSSYEQYF	gliph2_2973	gliph2	huang
CASRSSYEQYF	gliph2_2973	gliph2	huang
CASSLGQGNTEAFF	gliph2_2974	gliph2	huang
CASSPGQGNTEAFF	gliph2_2974	gliph2	huang
CASSWGQGNTEAFF	gliph2_2974	gliph2	huang
CASSDYEQYF	gliph2_2975	gliph2	huang
CASSGYEQYF	gliph2_2975	gliph2	huang
CSASPYEQYF	gliph2_2975	gliph2	huang
CASSLNSNQPQHF	gliph2_2976	gliph2	huang
CASSLQSNQPQHF	gliph2_2976	gliph2	huang
CASSLVSNQPQHF	gliph2_2976	gliph2	huang
CASSLYSNQPQHF	gliph2_2976	gliph2	huang
CSASKRDEAFF	gliph2_2977	gliph2	huang
CSASPRDEQYF	gliph2_2977	gliph2	huang
CSASNRDEQYF	gliph2_2977	gliph2	huang
CASSSLTDTQYF	gliph2_2978	gliph2	huang
CASSQLTDTQYF	gliph2_2978	gliph2	huang
CASSTLTDTQYF	gliph2_2978	gliph2	huang
CASRRGSNQPQHF	gliph2_2979	gliph2	huang
CAIRGGSNQPQHF	gliph2_2979	gliph2	huang
CASRTGSNQPQHF	gliph2_2979	gliph2	huang
CASSPGGYNEQFF	gliph2_2980	gliph2	huang
CASSVGGYNEQFF	gliph2_2980	gliph2	huang
CASSLGGYNEQFF	gliph2_2980	gliph2	huang
CASSLRREQYF	gliph2_2981	gliph2	huang
CASSSRREQYF	gliph2_2981	gliph2	huang
CASSERREQFF	gliph2_2981	gliph2	huang
CSASSGTTDTQYF	gliph2_2982	gliph2	huang
CASSSGYTDTQYF	gliph2_2982	gliph2	huang
CSKSSGGTDTQYF	gliph2_2982	gliph2	huang
CASSFTANTEAFF	gliph2_2983	gliph2	huang
CSASLTANTEAFF	gliph2_2983	gliph2	huang
CASSITANTEAFF	gliph2_2983	gliph2	huang
CASSLGVGETQYF	gliph2_2984	gliph2	huang
CASSLGVWETQYF	gliph2_2984	gliph2	huang
CASSESWGEQYF	gliph2_2985	gliph2	huang
CASSESGGELFF	gliph2_2985	gliph2	huang
CASSLVGVNTEAFF	gliph2_2986	gliph2	huang
CASSLVGVGTEQYF	gliph2_2986	gliph2	huang
CASSLGAGGGEQYF	gliph2_2987	gliph2	huang
CASSLGTGGGEQYF	gliph2_2987	gliph2	huang
CASSLTRGTDTQYF	gliph2_2988	gliph2	huang
CASSLTGGTDTQYF	gliph2_2988	gliph2	huang
CASSVGGFADTQYF	gliph2_2989	gliph2	huang
CASSVGGYADTQYF	gliph2_2989	gliph2	huang
CASSLGGLEYYF	gliph2_2990	gliph2	huang
CASSLGGLNWYF	gliph2_2990	gliph2	huang
CSAGQLGELFF	gliph2_2991	gliph2	huang
CSPGQVGELFF	gliph2_2991	gliph2	huang
CASSRGTTQYF	gliph2_2992	gliph2	huang
CASSRGTGLLF	gliph2_2992	gliph2	huang
CASSGLAGGTDTQYF	gliph2_2993	gliph2	huang
CASSGLAGPTDTQYF	gliph2_2993	gliph2	huang
CASSAGGGLEQFF	gliph2_2994	gliph2	huang
CASSAGGGYEQFF	gliph2_2994	gliph2	huang
CASSQRQGDGYTF	gliph2_2995	gliph2	huang
CASSLRQGDGYTF	gliph2_2995	gliph2	huang
CASSQGLNTEAFF	gliph2_2996	gliph2	huang
CASRQGLNTEAFF	gliph2_2996	gliph2	huang
CASSPRRGGTDTQYF	gliph2_2997	gliph2	huang
CASSPKRGGTDTQYF	gliph2_2997	gliph2	huang
CAWSTGRNTEAFF	gliph2_2998	gliph2	huang
CASSTGANTEAFF	gliph2_2998	gliph2	huang
CRITGDYGYTF	gliph2_2999	gliph2	huang
CSGQGDYGYTF	gliph2_2999	gliph2	huang
CASSLSSYTEAFF	gliph2_3000	gliph2	huang
CASRLSSYTEAFF	gliph2_3000	gliph2	huang
CSARVGHNEQFF	gliph2_3001	gliph2	huang
CASRVGSNEQFF	gliph2_3001	gliph2	huang
CASSFGQGVTDTQYF	gliph2_3002	gliph2	huang
CASSQGQGVTDTQYF	gliph2_3002	gliph2	huang
CATSNGGFNQPQHF	gliph2_3003	gliph2	huang
CATSEGGFNQPQHF	gliph2_3003	gliph2	huang
CASSPTGDQPQHF	gliph2_3004	gliph2	huang
CSASGTGDQPQHF	gliph2_3004	gliph2	huang
CASSLADYGYTF	gliph2_3005	gliph2	huang
CASSLAGYGYTF	gliph2_3005	gliph2	huang
CASSPGRGTYEQSF	gliph2_3006	gliph2	huang
CASSPGLGTYEQYF	gliph2_3006	gliph2	huang
CSASLQGRSYNEQFF	gliph2_3007	gliph2	huang
CASSLQGGSYNEQFF	gliph2_3007	gliph2	huang
CAIRAGGGTGELFF	gliph2_3008	gliph2	huang
CSARAGGNTGELFF	gliph2_3008	gliph2	huang
CASSLAGSSGNTIYF	gliph2_3009	gliph2	huang
CASSLPGSSGNTIYF	gliph2_3009	gliph2	huang
CASSPLGYNEQFF	gliph2_3010	gliph2	huang
CASSPGGYNEQFF	gliph2_3010	gliph2	huang
CAGRTGVSTDTQYF	gliph2_3011	gliph2	huang
CASRTGPSTDTQYF	gliph2_3011	gliph2	huang
CSATGGSQPQHF	gliph2_3012	gliph2	huang
CSVGGGSQPQHF	gliph2_3012	gliph2	huang
CSLSDRDYGYTF	gliph2_3013	gliph2	huang
CSASNRDYGYTF	gliph2_3013	gliph2	huang
CASSLDAREQFF	gliph2_3014	gliph2	huang
CASSLDAYEAFF	gliph2_3014	gliph2	huang
CASSLDQNNEQFF	gliph2_3015	gliph2	huang
CASSLGQNNEQFF	gliph2_3015	gliph2	huang
CASSSYYEQYF	gliph2_3016	gliph2	huang
CASSSYNEQFF	gliph2_3016	gliph2	huang
CASSLGGNQPQHF	gliph2_3017	gliph2	huang
CASRLGGNQPQHF	gliph2_3017	gliph2	huang
CSVGGGSQPQHF	gliph2_3018	gliph2	huang
CSGGGGSEPQHF	gliph2_3018	gliph2	huang
RGVGEQYF	gliph2_3019	gliph2	huang
CGDYEQYF	gliph2_3019	gliph2	huang
CATSRVRGSTEAFF	gliph2_3020	gliph2	huang
CSASRGRGSTEAFF	gliph2_3020	gliph2	huang
CASSLTGTNTGELFF	gliph2_3021	gliph2	huang
CASSLTGVNTGELFF	gliph2_3021	gliph2	huang
CASSLGGSTYEQYF	gliph2_3022	gliph2	huang
CASSLGGDTYEQYF	gliph2_3022	gliph2	huang
CASSLVDYNEQFF	gliph2_3023	gliph2	huang
CASSLFDYNEQFF	gliph2_3023	gliph2	huang
CASSCGQGSEQFF	gliph2_3024	gliph2	huang
CASSFGQGSEQFF	gliph2_3024	gliph2	huang
CASRSTGGTEAFF	gliph2_3025	gliph2	huang
CASISTGGTEAFF	gliph2_3025	gliph2	huang
CSANSGPGYGYTF	gliph2_3026	gliph2	huang
CSAKSGPGYGYTF	gliph2_3026	gliph2	huang
CSSRGGATDTQYF	gliph2_3027	gliph2	huang
CSRRGAATDTQYF	gliph2_3027	gliph2	huang
CAWSRLRNEQFF	gliph2_3028	gliph2	huang
CASSRLVNEQFF	gliph2_3028	gliph2	huang
CSAGGTSNEQFF	gliph2_3029	gliph2	huang
CSAGGTGNEQFF	gliph2_3029	gliph2	huang
CASSYHGNEQFF	gliph2_3030	gliph2	huang
CASSYSGNEQYF	gliph2_3030	gliph2	huang
CASGDGSTDTQYF	gliph2_3031	gliph2	huang
CASSDGSTDTQYF	gliph2_3031	gliph2	huang
CASSLDGSGNTIYF	gliph2_3032	gliph2	huang
CASSLDSSGNTIYF	gliph2_3032	gliph2	huang
CASSLGAGWNEQFF	gliph2_3033	gliph2	huang
CASSLGAGDNEQFF	gliph2_3033	gliph2	huang
CSARSTGNQPQHF	gliph2_3034	gliph2	huang
CASRGTGNQPQHF	gliph2_3034	gliph2	huang
CASSSGTGELFF	gliph2_3035	gliph2	huang
CASSYGTGEQYV	gliph2_3035	gliph2	huang
CSASTGTGELFF	gliph2_3035	gliph2	huang
CASSGGTGELFF	gliph2_3035	gliph2	huang
CAISKGNQPQHF	gliph2_3036	gliph2	huang
CSVSDGNQPQHF	gliph2_3036	gliph2	huang
CSASRGNQPQHF	gliph2_3036	gliph2	huang
CSASDGNQPQHF	gliph2_3036	gliph2	huang
CASSLGGGTDTQYF	gliph2_3037	gliph2	huang
CASSLGGLTDTQYF	gliph2_3037	gliph2	huang
CASSLGGDTDTQYF	gliph2_3037	gliph2	huang
CAVGNTGELFF	gliph2_3038	gliph2	huang
CAIGNTGELFF	gliph2_3038	gliph2	huang
CASTNTGELFF	gliph2_3038	gliph2	huang
CASSLSGGGEQYF	gliph2_3039	gliph2	huang
CASSLGGGGEAFF	gliph2_3039	gliph2	huang
CASSLQGGGEAFF	gliph2_3039	gliph2	huang
CASSGGGDTQYF	gliph2_3040	gliph2	huang
CASSPGGDTQYF	gliph2_3040	gliph2	huang
CASSLGGDTQYF	gliph2_3040	gliph2	huang
CASSLTGGGTEAFF	gliph2_3041	gliph2	huang
CASSLAGGGTEAFF	gliph2_3041	gliph2	huang
CASSLTGGGTEAYF	gliph2_3041	gliph2	huang
CASSLERTHGYPF	gliph2_3042	gliph2	huang
CASSLERTHGYTF	gliph2_3042	gliph2	huang
CSVVPRVTSGRTHGDTQYF	gliph2_3043	gliph2	huang
CSAGVKTGQRTHGELFF	gliph2_3043	gliph2	huang
CASSLGGDGYTF	gliph2_3044	gliph2	huang
CASSLGGDTQYF	gliph2_3044	gliph2	huang
CSASTGTSGYNEQFF	gliph2_3045	gliph2	huang
CASSSGTSGYNEQFF	gliph2_3045	gliph2	huang
CASSPGQGDETQYF	gliph2_3046	gliph2	huang
CASSPGQGVETQYF	gliph2_3046	gliph2	huang
CASSRDRSGYEQYF	gliph2_3047	gliph2	huang
CASSRDRSSYEQYF	gliph2_3047	gliph2	huang
CASSPDRVGEQYF	gliph2_3048	gliph2	huang
CAWSEDRVGEQYF	gliph2_3048	gliph2	huang
CSEGRGGEQYF	gliph2_3049	gliph2	huang
CSAGRTGEAFF	gliph2_3049	gliph2	huang
CASSRTGGYEQYF	gliph2_3050	gliph2	huang
CASSRTGGHEQYF	gliph2_3050	gliph2	huang
CASSQGGWETQYF	gliph2_3051	gliph2	huang
CASSQGGRETQYF	gliph2_3051	gliph2	huang
CASSLGGATEAFF	gliph2_3052	gliph2	huang
CASSLAGATEAFF	gliph2_3052	gliph2	huang
CASSLRAADTQYF	gliph2_3053	gliph2	huang
CSASTRAADTQYF	gliph2_3053	gliph2	huang
CASSVGTVNTGELFF	gliph2_3054	gliph2	huang
CASSKGTVNTGELFF	gliph2_3054	gliph2	huang
CASSLDRNSYEQYF	gliph2_3055	gliph2	huang
CASSLDRGSYEQYF	gliph2_3055	gliph2	huang
CASSEGGGYEQYF	gliph2_3056	gliph2	huang
CASSEGGSYEQYF	gliph2_3056	gliph2	huang
CASSLQVQETQYF	gliph2_3057	gliph2	huang
CASSLQGQETQYF	gliph2_3057	gliph2	huang
CASRLGASTDTQYF	gliph2_3058	gliph2	huang
CATRRGASTDTQYF	gliph2_3058	gliph2	huang
CSAARGGPNLF	gliph2_3059	gliph2	huang
CSAARGGGYTF	gliph2_3059	gliph2	huang
CSASDSYEQYF	gliph2_3060	gliph2	huang
CAISDSTEQFF	gliph2_3060	gliph2	huang
CASSLQGGGEAFF	gliph2_3061	gliph2	huang
CASSLQGGSEAFF	gliph2_3061	gliph2	huang
CASSLTGGYGYTF	gliph2_3062	gliph2	huang
CASSLTGGDGYTF	gliph2_3062	gliph2	huang
CASSLESDTQYF	gliph2_3063	gliph2	huang
CASSLVSDTQYF	gliph2_3063	gliph2	huang
CASSASGAYEQYF	gliph2_3064	gliph2	huang
CASSFSGAYEQYF	gliph2_3064	gliph2	huang
CASSLDPGNTIYF	gliph2_3065	gliph2	huang
CATSRDPGNTIYF	gliph2_3065	gliph2	huang
CASSWTGTGVYEQYF	gliph2_3066	gliph2	huang
CASSGTGTGVYEQYF	gliph2_3066	gliph2	huang
CASSEVYEQYF	gliph2_3067	gliph2	huang
CASSEVHEQYF	gliph2_3067	gliph2	huang
CASSLTGSQPQHF	gliph2_3068	gliph2	huang
CASSLTGAQPQHF	gliph2_3068	gliph2	huang
CASSFGSSYEQYF	gliph2_3069	gliph2	huang
CASSFGSNYEQYF	gliph2_3069	gliph2	huang
CASSVADYEQYF	gliph2_3070	gliph2	huang
CASSVAGYEQYF	gliph2_3070	gliph2	huang
CASSPPGKTIYF	gliph2_3071	gliph2	huang
CASSPPGQTIYF	gliph2_3071	gliph2	huang
CSARAGGGNQPQHF	gliph2_3072	gliph2	huang
CASRPGGGNQPQHF	gliph2_3072	gliph2	huang
CASSGGSGANVLTF	gliph2_3073	gliph2	huang
CSVEGGSGANVLTF	gliph2_3073	gliph2	huang
CASSPQLTGELFF	gliph2_3074	gliph2	huang
CASSPQGTGELFF	gliph2_3074	gliph2	huang
CASSLGAGGTEAFF	gliph2_3075	gliph2	huang
CASSLGAGGGEQYF	gliph2_3075	gliph2	huang
CASSPMGGSNQPQHF	gliph2_3076	gliph2	huang
CASSPRGGSNQPQHF	gliph2_3076	gliph2	huang
CASSRISGANVLTF	gliph2_3077	gliph2	huang
CRGSRASGANVLTF	gliph2_3077	gliph2	huang
CASSLAGVETQYF	gliph2_3078	gliph2	huang
CASSLGGVETQYF	gliph2_3078	gliph2	huang
CASSPGTGNYGYTF	gliph2_3079	gliph2	huang
CASSPSTGNYGYTF	gliph2_3079	gliph2	huang
CSASRTSGGAGTQYF	gliph2_3080	gliph2	huang
CATSRTSGGADTQYF	gliph2_3080	gliph2	huang
CASKTGGTGELFF	gliph2_3081	gliph2	huang
CSARTGGTGELFF	gliph2_3081	gliph2	huang
CASSQGATEAFF	gliph2_3082	gliph2	huang
CAASQGANEQFF	gliph2_3082	gliph2	huang
CASSRQEETQYF	gliph2_3083	gliph2	huang
CATSRGEETQYF	gliph2_3083	gliph2	huang
CSAISGGADTQYF	gliph2_3084	gliph2	huang
CSASSGGADTQYF	gliph2_3084	gliph2	huang
CASSPGQGVETQYF	gliph2_3085	gliph2	huang
CASSDGQGVETQYF	gliph2_3085	gliph2	huang
CAISRQGHGEQYF	gliph2_3086	gliph2	huang
CASSRQGAGEQYF	gliph2_3086	gliph2	huang
CASSLGTDSNQPQHF	gliph2_3087	gliph2	huang
CASSLGTESNQPQHF	gliph2_3087	gliph2	huang
CASSPGVNTEAFF	gliph2_3088	gliph2	huang
CASSPQVNTEAFF	gliph2_3088	gliph2	huang
CSASSGGEQYV	gliph2_3089	gliph2	huang
CASSSGWEQYF	gliph2_3089	gliph2	huang
CSASSGGEAFF	gliph2_3089	gliph2	huang
CASSLGGWGEAFF	gliph2_3090	gliph2	huang
CASSLGGSGELFF	gliph2_3090	gliph2	huang
CASSLGGGGEAFF	gliph2_3090	gliph2	huang
CASSPGRGEQYF	gliph2_3091	gliph2	huang
CAISPLRGEQYF	gliph2_3091	gliph2	huang
CASSPGRGEQFF	gliph2_3091	gliph2	huang
CSARSGGNTGELFF	gliph2_3092	gliph2	huang
CSARAGGNTGELFF	gliph2_3092	gliph2	huang
CSARMGGNTGELFF	gliph2_3092	gliph2	huang
CAISESGIRPGLQVTTYEQYF	gliph2_3093	gliph2	huang
CASSQPRTSGLQVTLTDTQYF	gliph2_3093	gliph2	huang
CASSWGGTDTQYF	gliph2_3094	gliph2	huang
CAWSLGGTDTQYF	gliph2_3094	gliph2	huang
CASSLGGTDTQYF	gliph2_3094	gliph2	huang
CSKSSGGTDTQYF	gliph2_3094	gliph2	huang
CASSRQPNTEAFF	gliph2_3095	gliph2	huang
CATSRQDNTEDFF	gliph2_3095	gliph2	huang
CATSRQDNTEAFF	gliph2_3095	gliph2	huang
CASSEGDQPQHF	gliph2_3096	gliph2	huang
CGASSGDQPQHF	gliph2_3096	gliph2	huang
CSASRGDQPQHF	gliph2_3096	gliph2	huang
CAISNSNQPQHF	gliph2_3097	gliph2	huang
CSARNSNQPQHF	gliph2_3097	gliph2	huang
CASSQSNEQFF	gliph2_3098	gliph2	huang
CASSQSSEAFF	gliph2_3098	gliph2	huang
CASSSGQGGTQYF	gliph2_3099	gliph2	huang
CASSPGQGGTQYF	gliph2_3099	gliph2	huang
CASMRQGNQPQHF	gliph2_3100	gliph2	huang
CASRRQGNQPQHF	gliph2_3100	gliph2	huang
CASSQGRNEQYF	gliph2_3101	gliph2	huang
CAASQGANEQFF	gliph2_3101	gliph2	huang
CASSLAGNNEQFF	gliph2_3102	gliph2	huang
CASSLAPNNEQFF	gliph2_3102	gliph2	huang
CASSLVLAGENEQFF	gliph2_3103	gliph2	huang
CASSLVLAGDNEQFF	gliph2_3103	gliph2	huang
CASRRSNTEAFF	gliph2_3104	gliph2	huang
CSARPSNTEAFF	gliph2_3104	gliph2	huang
CASSLTNEKLFF	gliph2_3105	gliph2	huang
CASSLSNEKLFF	gliph2_3105	gliph2	huang
CASGSSTDTQYF	gliph2_3106	gliph2	huang
CASSSSTDTQYF	gliph2_3106	gliph2	huang
CASSQTSEQFF	gliph2_3107	gliph2	huang
CASSQTNEQFF	gliph2_3107	gliph2	huang
CSVSGENEQYF	gliph2_3108	gliph2	huang
CASSGETEAFF	gliph2_3108	gliph2	huang
CSVPLAGQETQYF	gliph2_3109	gliph2	huang
CSGILAGQETQYF	gliph2_3109	gliph2	huang
CASSLVGGSSYNEQFF	gliph2_3110	gliph2	huang
CASSLKGGSSYNEQFF	gliph2_3110	gliph2	huang
CSARRDSYNEQFF	gliph2_3111	gliph2	huang
CSARQDSYNEQFF	gliph2_3111	gliph2	huang
CASSLSQGNEQFF	gliph2_3112	gliph2	huang
CASSLEQGNEQFF	gliph2_3112	gliph2	huang
CASSQGGNQPQHF	gliph2_3113	gliph2	huang
CATSQQGNQPQHF	gliph2_3113	gliph2	huang
CASSTDRGAYEQYF	gliph2_3114	gliph2	huang
CASSPDRGAYEQYF	gliph2_3114	gliph2	huang
CASSPGGNTEAFF	gliph2_3115	gliph2	huang
CASSPGGQTEAFF	gliph2_3115	gliph2	huang
CASSLGRYNEQFF	gliph2_3116	gliph2	huang
CASSPGRYNEQFF	gliph2_3116	gliph2	huang
CASSEQGGNTEAFF	gliph2_3117	gliph2	huang
CASSGQGGNTEAFF	gliph2_3117	gliph2	huang
CSAREGDYEQYF	gliph2_3118	gliph2	huang
CASREGTYEQYF	gliph2_3118	gliph2	huang
CASSLGGTYNEQFF	gliph2_3119	gliph2	huang
CASSAGGTYNEQFF	gliph2_3119	gliph2	huang
CASSLQGAYGYTF	gliph2_3120	gliph2	huang
CASSLQGDYGYTF	gliph2_3120	gliph2	huang
CATKRNNEQFF	gliph2_3121	gliph2	huang
CASSRNNEQFF	gliph2_3121	gliph2	huang
CASSQGLNQPQHF	gliph2_3122	gliph2	huang
CASSEGLNQPQHF	gliph2_3122	gliph2	huang
CASSVGTDTQYF	gliph2_3123	gliph2	huang
CSTSVGLDTQYF	gliph2_3123	gliph2	huang
CASSEQGYEQYF	gliph2_3124	gliph2	huang
CSASEQPYEQYF	gliph2_3124	gliph2	huang
CASSLDGNTEAFF	gliph2_3125	gliph2	huang
CASSLDGVTEAFF	gliph2_3125	gliph2	huang
CSARGRGGELFF	gliph2_3126	gliph2	huang
CASRGTGGEAFF	gliph2_3126	gliph2	huang
CASSLIGTEAFF	gliph2_3127	gliph2	huang
CASSLIGHEQFF	gliph2_3127	gliph2	huang
CASSRTGGQPQHF	gliph2_3128	gliph2	huang
CASSRQGGQPQHF	gliph2_3128	gliph2	huang
CAIKGGAGTDTQYF	gliph2_3129	gliph2	huang
CSVEGGAGTDTQYF	gliph2_3129	gliph2	huang
CSASGLGDTQYF	gliph2_3130	gliph2	huang
CASSMLGDTQYF	gliph2_3130	gliph2	huang
CASRDRDYGYTF	gliph2_3131	gliph2	huang
CSARNRDYGYTF	gliph2_3131	gliph2	huang
CSAGAGGGGYTF	gliph2_3132	gliph2	huang
CSAGTGGGGYTF	gliph2_3132	gliph2	huang
CASSLGGSSYEQYF	gliph2_3133	gliph2	huang
CASSLGGSTYEQYF	gliph2_3133	gliph2	huang
CASSLGGLGEKLFF	gliph2_3134	gliph2	huang
CASSLGGSGEKLFF	gliph2_3134	gliph2	huang
CASSQADTQYF	gliph2_3135	gliph2	huang
CASSQVDTQYF	gliph2_3135	gliph2	huang
CASSSGQGSYNEQFF	gliph2_3136	gliph2	huang
CASSVGQGSYNEQFF	gliph2_3136	gliph2	huang
CASSLGSYGYTF	gliph2_3137	gliph2	huang
CASSLVSYGYTF	gliph2_3137	gliph2	huang
CASSGTGGSYEQYF	gliph2_3138	gliph2	huang
CASSGTSGSYEQFF	gliph2_3138	gliph2	huang
CASSLTASTDTQYF	gliph2_3139	gliph2	huang
CASSLEASTDTQYF	gliph2_3139	gliph2	huang
CASSEAAYEQYF	gliph2_3140	gliph2	huang
CASSEASYEQYF	gliph2_3140	gliph2	huang
CASSVRDTGELFF	gliph2_3141	gliph2	huang
CASSDRDTGELFF	gliph2_3141	gliph2	huang
CSARTSGGETQYF	gliph2_3142	gliph2	huang
CSARGSGGETQYF	gliph2_3142	gliph2	huang
CASSPGGETQYF	gliph2_3143	gliph2	huang
CASSPGGDTQYF	gliph2_3143	gliph2	huang
CASSPQQGGTEAFF	gliph2_3144	gliph2	huang
CASSPGQGGTEAFF	gliph2_3144	gliph2	huang
CASSLAGSQETQYF	gliph2_3145	gliph2	huang
CASSLEGSQETQYF	gliph2_3145	gliph2	huang
CAARQGPQPQHF	gliph2_3146	gliph2	huang
CASRQGNQPQHF	gliph2_3146	gliph2	huang
CASSFSGNTGELFF	gliph2_3147	gliph2	huang
CASSYSGNTGELFF	gliph2_3147	gliph2	huang
CASSVGATGELFF	gliph2_3148	gliph2	huang
CASSFGATGELFF	gliph2_3148	gliph2	huang
CASSIQETQYF	gliph2_3149	gliph2	huang
CASSRQETQYF	gliph2_3149	gliph2	huang
CASSLQETQYF	gliph2_3149	gliph2	huang
CTGSRQETQDF	gliph2_3149	gliph2	huang
CASSSQETQYF	gliph2_3149	gliph2	huang
CAISHQETQYF	gliph2_3149	gliph2	huang
CASTRADTQYF	gliph2_3150	gliph2	huang
CASSRADTQYF	gliph2_3150	gliph2	huang
CSVDRADTQYF	gliph2_3150	gliph2	huang
CASSPGVNTEAFF	gliph2_3151	gliph2	huang
CASSPGGNTEAFF	gliph2_3151	gliph2	huang
CASSPGMNTEAFF	gliph2_3151	gliph2	huang
CASSLGASYEQYF	gliph2_3152	gliph2	huang
CASSLGSSYEQYF	gliph2_3152	gliph2	huang
CASSLGQSYEQYF	gliph2_3152	gliph2	huang
CASSLAGATEAFF	gliph2_3153	gliph2	huang
CASSLAGDTEAFF	gliph2_3153	gliph2	huang
CASSLAGGTEAFF	gliph2_3153	gliph2	huang
CASSGVYEQYF	gliph2_3154	gliph2	huang
CATSGGYEQYF	gliph2_3154	gliph2	huang
CASSGDYEQYF	gliph2_3154	gliph2	huang
CASSPGGYGYTF	gliph2_3155	gliph2	huang
CASSPGAYGYTF	gliph2_3155	gliph2	huang
CASSPGNYGYTF	gliph2_3155	gliph2	huang
CASSEYNEQFF	gliph2_3156	gliph2	huang
CAISESNEQFF	gliph2_3156	gliph2	huang
CASSEGNEQFF	gliph2_3156	gliph2	huang
CATSRGETAFF	gliph2_3157	gliph2	huang
CSASRGNTIYF	gliph2_3157	gliph2	huang
CASSRGTTQYF	gliph2_3157	gliph2	huang
CSARENTGELFF	gliph2_3158	gliph2	huang
CSARDNTGELFF	gliph2_3158	gliph2	huang
CASRVNTGELFF	gliph2_3158	gliph2	huang
CASSYGQGYGYTF	gliph2_3159	gliph2	huang
CASSTGQGYGYTF	gliph2_3159	gliph2	huang
CASSLGQGYGYTF	gliph2_3159	gliph2	huang
CATSSGQGAIFQPQHF	gliph2_3160	gliph2	huang
CASSAVDGDRIFQETQYF	gliph2_3160	gliph2	huang
CASSLTNTEAFF	gliph2_3161	gliph2	huang
CASSLRNTEAFF	gliph2_3161	gliph2	huang
CASSLANTEAFF	gliph2_3161	gliph2	huang
CASSTGSGANVLYF	gliph2_3162	gliph2	huang
CASSGGSGANVLTF	gliph2_3162	gliph2	huang
CASSTGSGANVLTF	gliph2_3162	gliph2	huang
CASSPTGELFF	gliph2_3163	gliph2	huang
CASSLTGELFF	gliph2_3163	gliph2	huang
CASSLTGEQFF	gliph2_3163	gliph2	huang
CASSLTGERFF	gliph2_3163	gliph2	huang
CASSLSGGLEQYF	gliph2_3164	gliph2	huang
CASSLSGGGEQYF	gliph2_3164	gliph2	huang
CSASRGNGNTIYF	gliph2_3165	gliph2	huang
CSASRGTGNTIYF	gliph2_3165	gliph2	huang
CASSSRGGTDTQYF	gliph2_3166	gliph2	huang
CASSSQGGTDTQYF	gliph2_3166	gliph2	huang
CSASRGGEKLFF	gliph2_3167	gliph2	huang
CASSRGGETQYF	gliph2_3167	gliph2	huang
CASRSASYEQYF	gliph2_3168	gliph2	huang
CSARSLSYEQYF	gliph2_3168	gliph2	huang
CATSRDLAENTF	gliph2_3169	gliph2	huang
CATSRDVAEAFF	gliph2_3169	gliph2	huang
CAIRSTRGGGGLNEQFF	gliph2_3170	gliph2	huang
CAIRSTSGGGGLNEQFF	gliph2_3170	gliph2	huang
CAWRGNQPQHF	gliph2_3171	gliph2	huang
CASQGNQPQHF	gliph2_3171	gliph2	huang
CASSKGGTGNTIYF	gliph2_3172	gliph2	huang
CASSTGGTGNTIYF	gliph2_3172	gliph2	huang
CASSPTSGTYNEQFF	gliph2_3173	gliph2	huang
CASSPTSGSYNEQFF	gliph2_3173	gliph2	huang
CASSNTGTGELFF	gliph2_3174	gliph2	huang
CASSFTGTGEAFF	gliph2_3174	gliph2	huang
CASSSTGGNQPQHF	gliph2_3175	gliph2	huang
CASSSGGGNQPQHF	gliph2_3175	gliph2	huang
CASSLDESTDTQYF	gliph2_3176	gliph2	huang
CASSLDQSTDTQYF	gliph2_3176	gliph2	huang
CASSQHGETQYF	gliph2_3177	gliph2	huang
CASSQWGETQYF	gliph2_3177	gliph2	huang
CASSFRSSYEQYF	gliph2_3178	gliph2	huang
CASSFGSSYEQYF	gliph2_3178	gliph2	huang
CASSRSGGSYNEQFF	gliph2_3179	gliph2	huang
CASSRAGGSYNEQFF	gliph2_3179	gliph2	huang
CASGGTNYEQYF	gliph2_3180	gliph2	huang
CASGGTPYEQYF	gliph2_3180	gliph2	huang
CSASGLGDTQYF	gliph2_3181	gliph2	huang
CASSGGGDTQYF	gliph2_3181	gliph2	huang
CASVRDTDTQYF	gliph2_3182	gliph2	huang
CATSRDTDTQYF	gliph2_3182	gliph2	huang
CASKRAGGLYF	gliph2_3183	gliph2	huang
CASSRAGGAFF	gliph2_3183	gliph2	huang
CASSLTGNYGYTF	gliph2_3184	gliph2	huang
CASSLTANYGYTF	gliph2_3184	gliph2	huang
CSLSDGDYGYTF	gliph2_3185	gliph2	huang
CASSRGDYGYTF	gliph2_3185	gliph2	huang
CATSIRGGGETQYF	gliph2_3186	gliph2	huang
CAGSGRGGGETQYF	gliph2_3186	gliph2	huang
CSASSSLNTEAFF	gliph2_3187	gliph2	huang
CASSSGLNTEAFF	gliph2_3187	gliph2	huang
CSASTGTGELFF	gliph2_3188	gliph2	huang
CSASTGIGELFF	gliph2_3188	gliph2	huang
CASSPGGDEQFF	gliph2_3189	gliph2	huang
CAWSPGEDEQYF	gliph2_3189	gliph2	huang
CASSQTGSTDTQYF	gliph2_3190	gliph2	huang
CASSSTGSTDTQYF	gliph2_3190	gliph2	huang
CASGDGSTDTQYF	gliph2_3191	gliph2	huang
CASGSGSTDTQYF	gliph2_3191	gliph2	huang
CATRRTSGGADTQYF	gliph2_3192	gliph2	huang
CATSRTSGGADTQYF	gliph2_3192	gliph2	huang
CSARPQGTGELFF	gliph2_3193	gliph2	huang
CASRGQGTGELFF	gliph2_3193	gliph2	huang
CASSLGGGDTEAFF	gliph2_3194	gliph2	huang
CASSLGGRDTEAFF	gliph2_3194	gliph2	huang
CASSLVSGPYEQYF	gliph2_3195	gliph2	huang
CASSLVEGPYEQYF	gliph2_3195	gliph2	huang
CASSVGGPGANVLTF	gliph2_3196	gliph2	huang
CASSVGGSGANVLTF	gliph2_3196	gliph2	huang
CSASDSYEQYF	gliph2_3197	gliph2	huang
CAISDSYGYTF	gliph2_3197	gliph2	huang
CAISESGIRPGLQVTTYEQYF	gliph2_3198	gliph2	huang
CASSQPRTSGLQVTLTDTQYF	gliph2_3198	gliph2	huang
CARGDYEQYF	gliph2_3199	gliph2	huang
CASGDYEQYF	gliph2_3199	gliph2	huang
CAQGLYEQYF	gliph2_3199	gliph2	huang
CAGGDYEQYF	gliph2_3199	gliph2	huang
CASSPGTGAYEQYF	gliph2_3200	gliph2	huang
CASSPGTGDYEQYF	gliph2_3200	gliph2	huang
CASSPGTGYYEQYF	gliph2_3200	gliph2	huang
CASSQGLNTEAFF	gliph2_3201	gliph2	huang
CASSSGLNTEAFF	gliph2_3201	gliph2	huang
CASSRGLNTEAFF	gliph2_3201	gliph2	huang
CASSPGSYNEQFF	gliph2_3202	gliph2	huang
CATSVGSYNEQFF	gliph2_3202	gliph2	huang
CATSEGSYNEQFF	gliph2_3202	gliph2	huang
CRARTGNQPQHF	gliph2_3203	gliph2	huang
CASRQGNQPQHF	gliph2_3203	gliph2	huang
CASRLGNQPQHF	gliph2_3203	gliph2	huang
CSARTGNQPQHF	gliph2_3203	gliph2	huang
CASRTGSYEQYF	gliph2_3204	gliph2	huang
CASRTDSYEQYF	gliph2_3204	gliph2	huang
CATSGGTDTQYF	gliph2_3205	gliph2	huang
CASSGGGDTQYF	gliph2_3205	gliph2	huang
CASRRGLQETQYF	gliph2_3206	gliph2	huang
CASRRGNQETQYF	gliph2_3206	gliph2	huang
CASSSRQGADTQYF	gliph2_3207	gliph2	huang
CASSNRQGADTQYF	gliph2_3207	gliph2	huang
CASSPQVNTEAFF	gliph2_3208	gliph2	huang
CSASSQVNTEAFF	gliph2_3208	gliph2	huang
CATSRDVEEQFF	gliph2_3209	gliph2	huang
CATSRDVAEAFF	gliph2_3209	gliph2	huang
CASSTGGWTEAFF	gliph2_3210	gliph2	huang
CASSTGGGTEAFF	gliph2_3210	gliph2	huang
CASSFGTGDSPLHF	gliph2_3211	gliph2	huang
CASSFGTGSSPLHF	gliph2_3211	gliph2	huang
CSVGQANYGYTF	gliph2_3212	gliph2	huang
CSVGQGNYGYTF	gliph2_3212	gliph2	huang
CASGGRYNEQFF	gliph2_3213	gliph2	huang
CASGPRYNEQFF	gliph2_3213	gliph2	huang
CASSVGLAGTYEQYF	gliph2_3214	gliph2	huang
CASSLGLAGTYEQYF	gliph2_3214	gliph2	huang
CAISESTEQFF	gliph2_3215	gliph2	huang
CAISESNEQFF	gliph2_3215	gliph2	huang
CATSDLGEQYF	gliph2_3216	gliph2	huang
CATSDRGEQYF	gliph2_3216	gliph2	huang
CASSQTSEQFF	gliph2_3217	gliph2	huang
CASSQSSEAFF	gliph2_3217	gliph2	huang
CASSFGRNTGELFF	gliph2_3218	gliph2	huang
CASSFGPNTGELFF	gliph2_3218	gliph2	huang
CASSSGTGSYNEQFF	gliph2_3219	gliph2	huang
CASSSGQGSYNEQFF	gliph2_3219	gliph2	huang
CASSLEASGANVLTF	gliph2_3220	gliph2	huang
CASSLEGSGANVLTF	gliph2_3220	gliph2	huang
CASSALENTEAFF	gliph2_3221	gliph2	huang
CASSAGENTEAFF	gliph2_3221	gliph2	huang
CASSIGLEETQYF	gliph2_3222	gliph2	huang
CAISGGLEETQYF	gliph2_3222	gliph2	huang
CSASGSTGELFF	gliph2_3223	gliph2	huang
CASSGGTGELFF	gliph2_3223	gliph2	huang
CASSLGGRVNEQFF	gliph2_3224	gliph2	huang
CASSLGGRNNEQFF	gliph2_3224	gliph2	huang
CASRTGSYEQYF	gliph2_3225	gliph2	huang
CATGTGSYEQYF	gliph2_3225	gliph2	huang
CASRDRPTDTQYF	gliph2_3226	gliph2	huang
CASRDRETDTQYF	gliph2_3226	gliph2	huang
CASSEQGYEQYF	gliph2_3227	gliph2	huang
CASSEGGYEQYF	gliph2_3227	gliph2	huang
CASSQQGAGETQYF	gliph2_3228	gliph2	huang
CASSVQGAGETQYF	gliph2_3228	gliph2	huang
CASSEGSNQPQHF	gliph2_3229	gliph2	huang
CAISEQSNQPQHF	gliph2_3229	gliph2	huang
CAWRGFGNQPQHF	gliph2_3230	gliph2	huang
CASRGTGNQPQHF	gliph2_3230	gliph2	huang
CATSRDPGPNQPQHF	gliph2_3231	gliph2	huang
CATSRDPGSNQPQHF	gliph2_3231	gliph2	huang
CASRTGGGYNEQFF	gliph2_3232	gliph2	huang
CASRNGGGYNEQFF	gliph2_3232	gliph2	huang
CASSLGQGSYEQYF	gliph2_3233	gliph2	huang
CASSAGQGSYEQYF	gliph2_3233	gliph2	huang
CASSTGTGPEQFF	gliph2_3234	gliph2	huang
CSASTGTGAEQYF	gliph2_3234	gliph2	huang
CASSLAGGGTEAFF	gliph2_3235	gliph2	huang
CASSLAGGGNEQFF	gliph2_3235	gliph2	huang
CASSLGDSPLHF	gliph2_3236	gliph2	huang
CASSLGNSPLHF	gliph2_3236	gliph2	huang
CSASRDRGNQPQHF	gliph2_3237	gliph2	huang
CASSLDRGNQPQHF	gliph2_3237	gliph2	huang
CASSLDRGDTEAFF	gliph2_3238	gliph2	huang
CASSLDRGYTEAFF	gliph2_3238	gliph2	huang
CASSRGAGETQYF	gliph2_3239	gliph2	huang
CASSRGAWETQYF	gliph2_3239	gliph2	huang
CASSWEASGANVLTF	gliph2_3240	gliph2	huang
CASSLEASGANVLTF	gliph2_3240	gliph2	huang
CASSSEVEAFF	gliph2_3241	gliph2	huang
CASSSETEQYF	gliph2_3241	gliph2	huang
CATSLENEQFF	gliph2_3242	gliph2	huang
CSVSGENEQYF	gliph2_3242	gliph2	huang
CSANDYNEQFF	gliph2_3243	gliph2	huang
CATGDYNEQFF	gliph2_3243	gliph2	huang
CASSLGVGGETQYF	gliph2_3244	gliph2	huang
CASSLGNGGETQYF	gliph2_3244	gliph2	huang
CASSPRGGGTDTQYF	gliph2_3245	gliph2	huang
CASSPRRGGTDTQYF	gliph2_3245	gliph2	huang
CASSLAGTETQYF	gliph2_3246	gliph2	huang
CASSLAGIETQYF	gliph2_3246	gliph2	huang
CASSLAGVETQYF	gliph2_3246	gliph2	huang
CASSRESNQPQHF	gliph2_3247	gliph2	huang
CASSRQSNQPQHF	gliph2_3247	gliph2	huang
CASSRWSNQPQHF	gliph2_3247	gliph2	huang
CASSFSPPGLAEAKNIQYF	gliph2_3248	gliph2	huang
CDSSFSPPGRAEAKNIQYF	gliph2_3248	gliph2	huang
CATSDLHRDRQTEAKNIQYF	gliph2_3248	gliph2	huang
CASSEYNEQFF	gliph2_3249	gliph2	huang
CASSYYNEQFF	gliph2_3249	gliph2	huang
CASSSYNEQFF	gliph2_3249	gliph2	huang
CASSQYNEQFF	gliph2_3249	gliph2	huang
CASSFGAVPYNSPLHF	gliph2_3250	gliph2	huang
CASSWGGAVPYEQYF	gliph2_3250	gliph2	huang
CASSFNYGYTF	gliph2_3251	gliph2	huang
CASSQNYGYTF	gliph2_3251	gliph2	huang
CASSLNYGYTF	gliph2_3251	gliph2	huang
CSVSTGGSGANVLTF	gliph2_3252	gliph2	huang
CASSVGGSGANVLTF	gliph2_3252	gliph2	huang
CASSFGGSGANVLTF	gliph2_3252	gliph2	huang
CASSPGTSYEQYF	gliph2_3253	gliph2	huang
CASSPGISYEQYF	gliph2_3253	gliph2	huang
CASSPGVSYEQYF	gliph2_3253	gliph2	huang
CAISPSNQPQHF	gliph2_3254	gliph2	huang
CASSPYNQPQHF	gliph2_3254	gliph2	huang
CASSGGANVLTF	gliph2_3255	gliph2	huang
CASSSGANVLTF	gliph2_3255	gliph2	huang
CASSLVGTTDTQYF	gliph2_3256	gliph2	huang
CASSLVGSTDTQYF	gliph2_3256	gliph2	huang
CASSPPGSSYNEQFF	gliph2_3257	gliph2	huang
CASSPSGSSYNEQFF	gliph2_3257	gliph2	huang
CSASWGTNYGYTF	gliph2_3258	gliph2	huang
CASSFGTNYGYTF	gliph2_3258	gliph2	huang
CASKRVMNTEAFF	gliph2_3259	gliph2	huang
CSAVRVMNTEAFF	gliph2_3259	gliph2	huang
CASSLGWDEQYF	gliph2_3260	gliph2	huang
CASSLGSDEQFF	gliph2_3260	gliph2	huang
CASSRTGGYEQYF	gliph2_3261	gliph2	huang
CASSRTGTYEQYF	gliph2_3261	gliph2	huang
CASSLTANYGYTF	gliph2_3262	gliph2	huang
CASSFTANYGYTF	gliph2_3262	gliph2	huang
CASSLGRGYEQYF	gliph2_3263	gliph2	huang
CASSLGAGYEQFF	gliph2_3263	gliph2	huang
CSSRGGATDTQYF	gliph2_3264	gliph2	huang
CSARGGPTDTQYF	gliph2_3264	gliph2	huang
CASSPGTGNTEAFF	gliph2_3265	gliph2	huang
CASSPGTGGTEAFF	gliph2_3265	gliph2	huang
CSDRGTGGYTF	gliph2_3266	gliph2	huang
CASRGVGGYTF	gliph2_3266	gliph2	huang
CASSPAGSYNEQFF	gliph2_3267	gliph2	huang
CASSPGGSYNEQFF	gliph2_3267	gliph2	huang
CASSRGVGGEQFF	gliph2_3268	gliph2	huang
CASSRGGGGEQFF	gliph2_3268	gliph2	huang
CASSRQGAGEQYF	gliph2_3269	gliph2	huang
CSAGRQGAGEQYF	gliph2_3269	gliph2	huang
CSASGFTYEQYF	gliph2_3270	gliph2	huang
CSASGDTYEQYF	gliph2_3270	gliph2	huang
CASSLEGYTEAFF	gliph2_3271	gliph2	huang
CASSLVGYTEAFF	gliph2_3271	gliph2	huang
CASSPGNTEAFF	gliph2_3272	gliph2	huang
CSVAPGNTEAFF	gliph2_3272	gliph2	huang
CASRGQGDTEAFF	gliph2_3273	gliph2	huang
CSARGFGDTEAFF	gliph2_3273	gliph2	huang
CASSRGGGEQFF	gliph2_3274	gliph2	huang
CSAERGGGELFF	gliph2_3274	gliph2	huang
CASGEGTEAFF	gliph2_3275	gliph2	huang
CSIGRGTEAFF	gliph2_3275	gliph2	huang
CSARGTGKAFF	gliph2_3276	gliph2	huang
CSDRGTGGYTF	gliph2_3276	gliph2	huang
CASTHSGANVLTF	gliph2_3277	gliph2	huang
CASTGSGANVLTF	gliph2_3277	gliph2	huang
CSASPRDEQYF	gliph2_3278	gliph2	huang
CASSPRNEQFF	gliph2_3278	gliph2	huang
CTSSPGWGYTF	gliph2_3279	gliph2	huang
CASSPGRGYTF	gliph2_3279	gliph2	huang
CASSDQNTEAFF	gliph2_3280	gliph2	huang
CASSTQNTEAFF	gliph2_3280	gliph2	huang
CASSVGPYNEQFF	gliph2_3281	gliph2	huang
CASSLGPYNEQFF	gliph2_3281	gliph2	huang
CASSSTGGYGYTF	gliph2_3282	gliph2	huang
CASSLTGGYGYTF	gliph2_3282	gliph2	huang
CASSPGRNEQFF	gliph2_3283	gliph2	huang
CASSPRRNEQFF	gliph2_3283	gliph2	huang
CASSSYNEQFF	gliph2_3284	gliph2	huang
CSATSYNEQFF	gliph2_3284	gliph2	huang
CSASGNEQFF	gliph2_3285	gliph2	huang
CASSGYEQYF	gliph2_3285	gliph2	huang
CASSLNSNQPQHF	gliph2_3286	gliph2	huang
CAWSVNSNQPQHF	gliph2_3286	gliph2	huang
CASSAGENTEAFF	gliph2_3287	gliph2	huang
CASSAGRNTEAFF	gliph2_3287	gliph2	huang
CAWSVNSNQPQHF	gliph2_3288	gliph2	huang
CAISVGSNQPQHF	gliph2_3288	gliph2	huang
CSSSLGLAGGYADTQYF	gliph2_3289	gliph2	huang
CASSLGLAGGYADTQYF	gliph2_3289	gliph2	huang
CSARGDSNQPQHF	gliph2_3290	gliph2	huang
CACRTDSNQPQHF	gliph2_3290	gliph2	huang
CSARTDSNQPQHF	gliph2_3290	gliph2	huang
CAWSLGGTDTQYF	gliph2_3291	gliph2	huang
CASSLGGTDTQYF	gliph2_3291	gliph2	huang
CASSLGWTDTQYF	gliph2_3291	gliph2	huang
CASSLQGQETQYF	gliph2_3292	gliph2	huang
CASSLGGQETQYF	gliph2_3292	gliph2	huang
CASSLSGQETQYF	gliph2_3292	gliph2	huang
CASSTGGGTDTQYF	gliph2_3293	gliph2	huang
CASSWGGGTDTQYF	gliph2_3293	gliph2	huang
CASSLGGGTDTQYF	gliph2_3293	gliph2	huang
CATSRGQNEQFF	gliph2_3294	gliph2	huang
CASSRGGNEQFF	gliph2_3294	gliph2	huang
CSASNTGYGYTF	gliph2_3295	gliph2	huang
CASSVTGYGYTF	gliph2_3295	gliph2	huang
CASSLAGGSYNEQFF	gliph2_3296	gliph2	huang
CASSRAGGSYNEQFF	gliph2_3296	gliph2	huang
CASSPGGRTDTQYF	gliph2_3297	gliph2	huang
CASSPGGDTDTQYF	gliph2_3297	gliph2	huang
CASSLMGGKETQYF	gliph2_3298	gliph2	huang
CASSLVGGKETPYF	gliph2_3298	gliph2	huang
CASSDRGNTEAFF	gliph2_3299	gliph2	huang
CSVSDRGDTEAFF	gliph2_3299	gliph2	huang
CASSAGQGADTQYF	gliph2_3300	gliph2	huang
CASSQGQGADTQYF	gliph2_3300	gliph2	huang
CASSDSSGANVLTF	gliph2_3301	gliph2	huang
CASSYSSGANVLTF	gliph2_3301	gliph2	huang
CASSLGTGGYNEQFF	gliph2_3302	gliph2	huang
CASSLGSGGYNEQFF	gliph2_3302	gliph2	huang
CAISLLGNTEAFF	gliph2_3303	gliph2	huang
CASSLLLNTEAFF	gliph2_3303	gliph2	huang
CASSWGPGELFF	gliph2_3304	gliph2	huang
CASSLGPGELFF	gliph2_3304	gliph2	huang
CASSLTNTEAFF	gliph2_3305	gliph2	huang
CASSTTNTEAFF	gliph2_3305	gliph2	huang
CASSLAGLQETQYF	gliph2_3306	gliph2	huang
CASSLAGSQETQYF	gliph2_3306	gliph2	huang
CATSRRGSNQPQHF	gliph2_3307	gliph2	huang
CASSRRYSNQPQHF	gliph2_3307	gliph2	huang
CASSSPVGEQFF	gliph2_3308	gliph2	huang
CSASSPLGEQYF	gliph2_3308	gliph2	huang
CATSRTSGGADTQYF	gliph2_3309	gliph2	huang
CATSETSGGADTQYF	gliph2_3309	gliph2	huang
CASSLTSGDYNEQFF	gliph2_3310	gliph2	huang
CAISRTSGDYNEQFF	gliph2_3310	gliph2	huang
CASRDSSYEQYF	gliph2_3311	gliph2	huang
CASRFSSYEQYF	gliph2_3311	gliph2	huang
CSASRAPEQYF	gliph2_3312	gliph2	huang
CGSSRAYEQYF	gliph2_3312	gliph2	huang
CASGTQETQYF	gliph2_3313	gliph2	huang
CASRTQETQYF	gliph2_3313	gliph2	huang
CASSPGQGYEQYF	gliph2_3314	gliph2	huang
CASSPGQGLEAFF	gliph2_3314	gliph2	huang
CASSRSGSTDTQYF	gliph2_3315	gliph2	huang
CASSLSGSTDTQYF	gliph2_3315	gliph2	huang
CASSQAGNTIYF	gliph2_3316	gliph2	huang
CASSDAGNTIYF	gliph2_3316	gliph2	huang
CSASRTAPATGPGTGELFF	gliph2_3317	gliph2	huang
CSASRTAPATGPSTGELFF	gliph2_3317	gliph2	huang
CRARSLIRKGQDFSYEQYF	gliph2_3318	gliph2	huang
CSARSLITKGQDFSYEQYF	gliph2_3318	gliph2	huang
CSARGLHSRAEQYF	gliph2_3319	gliph2	huang
CISGLHSPGASYGIKSPLHF	gliph2_3319	gliph2	huang
CSVAGETQYF	gliph2_3320	gliph2	huang
CSVMGETQYF	gliph2_3320	gliph2	huang
CARGGETQYF	gliph2_3320	gliph2	huang
CASSPTSGTGTFSGNTIYF	gliph2_3321	gliph2	huang
CASSGVRKGTFSYEQYF	gliph2_3321	gliph2	huang
CASSLSYEQYF	gliph2_3322	gliph2	huang
CASSLEYEQFF	gliph2_3322	gliph2	huang
CASSLAYEQYF	gliph2_3322	gliph2	huang
CASSLGYEQYF	gliph2_3322	gliph2	huang
CASSLTYEQYF	gliph2_3322	gliph2	huang
CASSLGQGWGYTF	gliph2_3323	gliph2	huang
CASSLGQGYGYTF	gliph2_3323	gliph2	huang
CARSPGRGSYNEQFF	gliph2_3324	gliph2	huang
CASSQGRGSYNEQFF	gliph2_3324	gliph2	huang
CASSLDRFNTEAFF	gliph2_3325	gliph2	huang
CASSLDRRNTEAFF	gliph2_3325	gliph2	huang
CASSLGQNTEAFF	gliph2_3326	gliph2	huang
CASSLGQNNEQFF	gliph2_3326	gliph2	huang
CASSPGNTEAFF	gliph2_3327	gliph2	huang
CASSPGGTEAFF	gliph2_3327	gliph2	huang
CASSRQGADEQYF	gliph2_3328	gliph2	huang
CASSRQGAGEQYF	gliph2_3328	gliph2	huang
CASSPRVTDTQYF	gliph2_3329	gliph2	huang
CASSPRPTDTQYF	gliph2_3329	gliph2	huang
CASSHRETQYF	gliph2_3330	gliph2	huang
CAISHQETQYF	gliph2_3330	gliph2	huang
CASSQVHEQFF	gliph2_3331	gliph2	huang
CASSEVHEQYF	gliph2_3331	gliph2	huang
CASSLGGPNTEAFF	gliph2_3332	gliph2	huang
CASSLTGPNTEAFF	gliph2_3332	gliph2	huang
CASSITRDTQYF	gliph2_3333	gliph2	huang
CASSETRDTQYF	gliph2_3333	gliph2	huang
CASSFSTDTQYF	gliph2_3334	gliph2	huang
CAISFTTDTQYF	gliph2_3334	gliph2	huang
CAGSVGDTGELFF	gliph2_3335	gliph2	huang
CASSQGDTGEAFF	gliph2_3335	gliph2	huang
CASSAGGELFF	gliph2_3336	gliph2	huang
CASSASGEQFF	gliph2_3336	gliph2	huang
CASSLEGNYGYTF	gliph2_3337	gliph2	huang
CASSLTGNYGYTF	gliph2_3337	gliph2	huang
CASRRGTYEQYF	gliph2_3338	gliph2	huang
CASREGTYEQYF	gliph2_3338	gliph2	huang
CASSPSGSSYNEQFF	gliph2_3339	gliph2	huang
CASSLSGSSYNEQFF	gliph2_3339	gliph2	huang
CAWSRGGVTEAFF	gliph2_3340	gliph2	huang
CSASRGGDTEAFF	gliph2_3340	gliph2	huang
CASSLAGTGELFF	gliph2_3341	gliph2	huang
CASSQAGTGELFF	gliph2_3341	gliph2	huang
CASSELHEQYF	gliph2_3342	gliph2	huang
CASSELYEQYF	gliph2_3342	gliph2	huang
CAWSIEDTQYF	gliph2_3343	gliph2	huang
CASSKEDTQYF	gliph2_3343	gliph2	huang
CSVSLTEAFF	gliph2_3344	gliph2	huang
CSASYTEAFF	gliph2_3344	gliph2	huang
CASRGGGTEAFF	gliph2_3345	gliph2	huang
CANRGGGTEAFF	gliph2_3345	gliph2	huang
CASRGGNTEAFF	gliph2_3345	gliph2	huang
CASSLTGNTEAFF	gliph2_3346	gliph2	huang
CASSSTGNTEAFF	gliph2_3346	gliph2	huang
CSASGTGNTEAFF	gliph2_3346	gliph2	huang
CASSSGGGNQPQHF	gliph2_3347	gliph2	huang
CASSRGGGNQPQHF	gliph2_3347	gliph2	huang
CASSYGGGNQPQHF	gliph2_3347	gliph2	huang
CASSLGNTIYF	gliph2_3348	gliph2	huang
CSASRGNTIYF	gliph2_3348	gliph2	huang
CSVSTGNTIYF	gliph2_3348	gliph2	huang
CASSLNRGEQFF	gliph2_3349	gliph2	huang
CASSLHRGEQFF	gliph2_3349	gliph2	huang
CASSLGRGEQYF	gliph2_3349	gliph2	huang
CASSQKGTTNQETQYF	gliph2_3350	gliph2	huang
CASSLGTETNQETQYF	gliph2_3350	gliph2	huang
CATAGGPAKTQYF	gliph2_3351	gliph2	huang
CASSWGGPAKNIQYF	gliph2_3351	gliph2	huang
CASSLQGRQETQYF	gliph2_3352	gliph2	huang
CASSLQGAQETQYF	gliph2_3352	gliph2	huang
CASSPWTGNTEAFF	gliph2_3353	gliph2	huang
CASSPGTGNTEAFF	gliph2_3353	gliph2	huang
CSASPGEETQYF	gliph2_3354	gliph2	huang
CASSPGGETQYF	gliph2_3354	gliph2	huang
CASSLEGGTEAFF	gliph2_3355	gliph2	huang
CASSLEGYTEAFF	gliph2_3355	gliph2	huang
CASSPRGGNTEAFF	gliph2_3356	gliph2	huang
CASSFRGGNTEAFF	gliph2_3356	gliph2	huang
CAISRDSNTGELFF	gliph2_3357	gliph2	huang
CSASRDYNTGELFF	gliph2_3357	gliph2	huang
CASSLVGVGTEQYF	gliph2_3358	gliph2	huang
CASSLQGVGTEAFF	gliph2_3358	gliph2	huang
CASSSGTGAYEQYF	gliph2_3359	gliph2	huang
CASSSGTGSYEQYF	gliph2_3359	gliph2	huang
CASRQGGNTEAFF	gliph2_3360	gliph2	huang
CASRQGLNTEAFF	gliph2_3360	gliph2	huang
CASSSSGGSTDTQYF	gliph2_3361	gliph2	huang
CASSSSGGNTDTQYF	gliph2_3361	gliph2	huang
CASSPTGGSYEQYF	gliph2_3362	gliph2	huang
CASSGTGGSYEQYF	gliph2_3362	gliph2	huang
CASSSSGSSYEQYF	gliph2_3363	gliph2	huang
CASSESGSSYEQYF	gliph2_3363	gliph2	huang
CSAGGGDTEAFF	gliph2_3364	gliph2	huang
CSGGRGDTEAFF	gliph2_3364	gliph2	huang
CASSLEGFQETQYF	gliph2_3365	gliph2	huang
CASSLEGSQETQYF	gliph2_3365	gliph2	huang
CASSLDRGGTDTQYF	gliph2_3366	gliph2	huang
CASSLMRGGTDTQYF	gliph2_3366	gliph2	huang
CASSKTGTYEQYF	gliph2_3367	gliph2	huang
CASSRTGTYEQYF	gliph2_3367	gliph2	huang
CSARVNTDTQYF	gliph2_3368	gliph2	huang
CASRVITDTQYF	gliph2_3368	gliph2	huang
CASSLGDGNQPQHF	gliph2_3369	gliph2	huang
CASSLGPGNQPQHF	gliph2_3369	gliph2	huang
CASSLGRGYEQYF	gliph2_3370	gliph2	huang
CASSLGRGLEAFF	gliph2_3370	gliph2	huang
CASSLRVGETQYF	gliph2_3371	gliph2	huang
CASSLRTGETQYF	gliph2_3371	gliph2	huang
CASSVGGNQPQHF	gliph2_3372	gliph2	huang
CAISVGSNQPQHF	gliph2_3372	gliph2	huang
CASSQDRGETQYF	gliph2_3373	gliph2	huang
CAISFDRGETQYF	gliph2_3373	gliph2	huang
CAWSLGGSQPQHF	gliph2_3374	gliph2	huang
CASSLTGSQPQHF	gliph2_3374	gliph2	huang
CASSRQETQYF	gliph2_3375	gliph2	huang
CTGSRQETQDF	gliph2_3375	gliph2	huang
CATSRGETAFF	gliph2_3375	gliph2	huang
CASSLNTEAFF	gliph2_3376	gliph2	huang
CASSLGTEAFF	gliph2_3376	gliph2	huang
CASRRSNTEAFF	gliph2_3377	gliph2	huang
CSARRGNTEAFF	gliph2_3377	gliph2	huang
CASSLGPSGNTIYF	gliph2_3378	gliph2	huang
CASSLGSSGNTIYF	gliph2_3378	gliph2	huang
CSALGGSYNEQFF	gliph2_3379	gliph2	huang
CSAWGGSYNEQFF	gliph2_3379	gliph2	huang
CSASGGVGEQFF	gliph2_3380	gliph2	huang
CASSGGTGELFF	gliph2_3380	gliph2	huang
CASSLSHGNEAFF	gliph2_3381	gliph2	huang
CASSLSQGNEQFF	gliph2_3381	gliph2	huang
CASSPGTENTEAFF	gliph2_3382	gliph2	huang
CASSPGTGNTEAFF	gliph2_3382	gliph2	huang
CASSLAGAGNTIYF	gliph2_3383	gliph2	huang
CASSLMGAGNTIYF	gliph2_3383	gliph2	huang
CASSLSGMNTEAFF	gliph2_3384	gliph2	huang
CASSLSGQNTEAFF	gliph2_3384	gliph2	huang
CASSLGLRDTEAFF	gliph2_3385	gliph2	huang
CASSLGGRDTEAFF	gliph2_3385	gliph2	huang
CASSPSSTDTQYF	gliph2_3386	gliph2	huang
CSASYSSTDTQYF	gliph2_3386	gliph2	huang
CATSRDLNTEAFF	gliph2_3387	gliph2	huang
CASSRGLNTEAFF	gliph2_3387	gliph2	huang
CASSERGNTGELFF	gliph2_3388	gliph2	huang
CASSDRGNTGELFF	gliph2_3388	gliph2	huang
CASSVGTSTDTQYF	gliph2_3389	gliph2	huang
CASSTGTSTDTQYF	gliph2_3389	gliph2	huang
CASSQQGAGELFF	gliph2_3390	gliph2	huang
CASSRQGAGEQYF	gliph2_3390	gliph2	huang
CASSLPRGGYTF	gliph2_3391	gliph2	huang
CASSLDRGGYTF	gliph2_3391	gliph2	huang
CASSSSSDTQYF	gliph2_3392	gliph2	huang
CASSSSTDTQYF	gliph2_3392	gliph2	huang
CASSLSRPNEQFF	gliph2_3393	gliph2	huang
CASSLSRSNEQYF	gliph2_3393	gliph2	huang
CAWRGQMNTEAFF	gliph2_3394	gliph2	huang
CSARGQGNTEAFF	gliph2_3394	gliph2	huang
CASSSETEQYF	gliph2_3395	gliph2	huang
CASSSDTEQFF	gliph2_3395	gliph2	huang
CASSLFNQPQHF	gliph2_3396	gliph2	huang
CASSLDNQPQHF	gliph2_3396	gliph2	huang
CSAGDGNYGYIF	gliph2_3397	gliph2	huang
CSVGQGNYGYTF	gliph2_3397	gliph2	huang
CASSSSGGSTDTQYF	gliph2_3398	gliph2	huang
CASSTSGGSTDTQYF	gliph2_3398	gliph2	huang
CAISGLDEQFF	gliph2_3399	gliph2	huang
CASSGGDEQFF	gliph2_3399	gliph2	huang
CSARGDSNQPQHF	gliph2_3400	gliph2	huang
CSVSGDSNQPQHF	gliph2_3400	gliph2	huang
CASSPQGAEAFF	gliph2_3401	gliph2	huang
CASSPQGVEAFF	gliph2_3401	gliph2	huang
CASSPGLAADTQYF	gliph2_3402	gliph2	huang
CASSPGLATDTQYF	gliph2_3402	gliph2	huang
CAWSTQGNEQFF	gliph2_3403	gliph2	huang
CASSLQGNEAFF	gliph2_3403	gliph2	huang
CASSEASGANVLTF	gliph2_3404	gliph2	huang
CRGSRASGANVLTF	gliph2_3404	gliph2	huang
CSASATGYEQYF	gliph2_3405	gliph2	huang
CAWSAEGYEQYF	gliph2_3405	gliph2	huang
CASSEDSYEQYF	gliph2_3406	gliph2	huang
CASSEASYEQYF	gliph2_3406	gliph2	huang
CASSLVTGTDTQYF	gliph2_3407	gliph2	huang
CASSLVRGTDTQYF	gliph2_3407	gliph2	huang
CASSLQETQYF	gliph2_3408	gliph2	huang
CASGLQETQYF	gliph2_3408	gliph2	huang
CAWSVKGNQPQHF	gliph2_3409	gliph2	huang
CASSVGGNQPQHF	gliph2_3409	gliph2	huang
CATSLEANTGELFF	gliph2_3410	gliph2	huang
CASSLWANTGELFF	gliph2_3410	gliph2	huang
CASSLDRETQYF	gliph2_3411	gliph2	huang
CASSLDTETQYF	gliph2_3411	gliph2	huang
CASSLQGGTDTQYF	gliph2_3412	gliph2	huang
CASSLQGATDTQYF	gliph2_3412	gliph2	huang
CSASSGGADTQYF	gliph2_3413	gliph2	huang
CSKSSGGTDTQYF	gliph2_3413	gliph2	huang
CASSERETQYF	gliph2_3414	gliph2	huang
CASSEGETQYF	gliph2_3414	gliph2	huang
CSARPYWLRSGAVPSTDTQYF	gliph2_3415	gliph2	huang
CSARPYWLRSGAVPSTDKQYF	gliph2_3415	gliph2	huang
CASSLGGLTEAFF	gliph2_3416	gliph2	huang
CASSLGGNTEAFF	gliph2_3416	gliph2	huang
CASSLGGATEAFF	gliph2_3416	gliph2	huang
CASSPTTGEPFNEQFF	gliph2_3417	gliph2	huang
CASSHPWGAPFNEKLFF	gliph2_3417	gliph2	huang
CASSLDGVTDTQYF	gliph2_3418	gliph2	huang
CASSLRGVTDTQYF	gliph2_3418	gliph2	huang
CASSPGGYGYTF	gliph2_3419	gliph2	huang
CASSPGGWGYTF	gliph2_3419	gliph2	huang
CASSPGTDTQYF	gliph2_3420	gliph2	huang
CSVEPGTDTQYF	gliph2_3420	gliph2	huang
CAGSLGRAGELFF	gliph2_3421	gliph2	huang
CASSLVRAGELFF	gliph2_3421	gliph2	huang
CASSYSGNEQYF	gliph2_3422	gliph2	huang
CAISESGNEQFF	gliph2_3422	gliph2	huang
CASSPVGNEQFF	gliph2_3423	gliph2	huang
CASSVVGNEQFF	gliph2_3423	gliph2	huang
CASSLGWTEAFF	gliph2_3424	gliph2	huang
CASSLGCTEAFF	gliph2_3424	gliph2	huang
CASSPGTGAYEQYF	gliph2_3425	gliph2	huang
CASSSGTGAYEQYF	gliph2_3425	gliph2	huang
CASSLVGGSTEAFF	gliph2_3426	gliph2	huang
CASSLVGGSYEQYF	gliph2_3426	gliph2	huang
CASSLGGRDTEAFF	gliph2_3427	gliph2	huang
CASSLGGRATEAFF	gliph2_3427	gliph2	huang
CASSLVGGTEAFF	gliph2_3428	gliph2	huang
CASSLVGYTEAFF	gliph2_3428	gliph2	huang
CSARAGGNTEAFF	gliph2_3429	gliph2	huang
CAWRAGRNTEAFF	gliph2_3429	gliph2	huang
CSASSSYEQYF	gliph2_3430	gliph2	huang
CSASSSYEHYF	gliph2_3430	gliph2	huang
CASSSIYEQYF	gliph2_3430	gliph2	huang
CASSSYYEQYF	gliph2_3430	gliph2	huang
CSARFGGETQYF	gliph2_3431	gliph2	huang
CSARLGGETQYF	gliph2_3431	gliph2	huang
CASLLAGGQETQYF	gliph2_3432	gliph2	huang
CSVGLAGGQETQYF	gliph2_3432	gliph2	huang
CSADGGSGNTIYF	gliph2_3433	gliph2	huang
CASSGGSGNTIYF	gliph2_3433	gliph2	huang
CSASGTSYEQYF	gliph2_3434	gliph2	huang
CSASGPSYEQYF	gliph2_3434	gliph2	huang
CASSLRGNTEAFF	gliph2_3435	gliph2	huang
CASSDRGNTEAFF	gliph2_3435	gliph2	huang
CASSGVYEQYF	gliph2_3436	gliph2	huang
CASSEVYEQYF	gliph2_3436	gliph2	huang
CASSLERTDTQYF	gliph2_3437	gliph2	huang
CASSLTRTDTQYF	gliph2_3437	gliph2	huang
CASSLGGRETQYF	gliph2_3438	gliph2	huang
CASSQGGRETQYF	gliph2_3438	gliph2	huang
CASSPGRNEQFF	gliph2_3439	gliph2	huang
CASSQGRNEQYF	gliph2_3439	gliph2	huang
CASSFGSYGYTF	gliph2_3440	gliph2	huang
CASSLGSYGYTF	gliph2_3440	gliph2	huang
CASSLTGNYGYTF	gliph2_3441	gliph2	huang
CASSLTGGYGYTF	gliph2_3441	gliph2	huang
CASSRQGHQPQHF	gliph2_3442	gliph2	huang
CASSRQGGQPQHF	gliph2_3442	gliph2	huang
CASSLRGDTEAFF	gliph2_3443	gliph2	huang
CSVSDRGDTEAFF	gliph2_3443	gliph2	huang
CASSLAMNTEAFF	gliph2_3444	gliph2	huang
CASSLALNTEAFF	gliph2_3444	gliph2	huang
CASSEGYEQYF	gliph2_3445	gliph2	huang
CASSEGNEQFF	gliph2_3445	gliph2	huang
CAWKGDTEAFF	gliph2_3446	gliph2	huang
CSYRGDTEAFF	gliph2_3446	gliph2	huang
CSARYNEQFF	gliph2_3447	gliph2	huang
CASRTNEQFF	gliph2_3447	gliph2	huang
CASSLVGDRGLVLGNTIYF	gliph2_3448	gliph2	huang
CASSLLGRGLVLNTEAFF	gliph2_3448	gliph2	huang
CASGGNRWGGGTFGAQFF	gliph2_3449	gliph2	huang
CASSENLWGGGTFGEQFF	gliph2_3449	gliph2	huang
CASSQAYEQYF	gliph2_3450	gliph2	huang
CASSLAYEQYF	gliph2_3450	gliph2	huang
CGSSRAYEQYF	gliph2_3450	gliph2	huang
CAISEAYEQYF	gliph2_3450	gliph2	huang
CASSPEETQYF	gliph2_3451	gliph2	huang
CASSLEETQYF	gliph2_3451	gliph2	huang
CASSFEETQYF	gliph2_3451	gliph2	huang
CASSSEETQYF	gliph2_3451	gliph2	huang
CASRRSTDTQYF	gliph2_3452	gliph2	huang
CASRPSTDTQYF	gliph2_3452	gliph2	huang
CSARPSTDTQYF	gliph2_3452	gliph2	huang
CASSLAGGSYNEQFF	gliph2_3453	gliph2	huang
CASSLAGLSYNEQFF	gliph2_3453	gliph2	huang
CASSRTENTEAFF	gliph2_3454	gliph2	huang
CASSRAENTEAFF	gliph2_3454	gliph2	huang
CASSLWGDEQYF	gliph2_3455	gliph2	huang
CASSLWGAEQYF	gliph2_3455	gliph2	huang
CASSGTGGNEQFF	gliph2_3456	gliph2	huang
CASSGTGGTEAFF	gliph2_3456	gliph2	huang
CAVSDGNTEAFF	gliph2_3457	gliph2	huang
CASSDQNTEAFF	gliph2_3457	gliph2	huang
CGSSRAYEQYF	gliph2_3458	gliph2	huang
CASSRSYEQYF	gliph2_3458	gliph2	huang
CAISESNEQFF	gliph2_3459	gliph2	huang
CASSQSNEQFF	gliph2_3459	gliph2	huang
CSASLTANTEAFF	gliph2_3460	gliph2	huang
CASSLDANTEAFF	gliph2_3460	gliph2	huang
CASSLSGSTDTQYF	gliph2_3461	gliph2	huang
CASSLYGSTDTQYF	gliph2_3461	gliph2	huang
CASSLVGSTDTQYF	gliph2_3461	gliph2	huang
CSVSISGANVLTF	gliph2_3462	gliph2	huang
CASSSSGANVLTF	gliph2_3462	gliph2	huang
CASSPSGANVLTF	gliph2_3462	gliph2	huang
CASSLNTGELFF	gliph2_3463	gliph2	huang
CSASLPTGELFF	gliph2_3463	gliph2	huang
CSASLPTGEQFF	gliph2_3463	gliph2	huang
CASSLADTQYF	gliph2_3464	gliph2	huang
CASSQADTQYF	gliph2_3464	gliph2	huang
CASSRADTQYF	gliph2_3464	gliph2	huang
CASSLAGLTDTQYF	gliph2_3465	gliph2	huang
CASSLAGFTDTQYF	gliph2_3465	gliph2	huang
CASSLGRTGEQYF	gliph2_3466	gliph2	huang
CASSLGNTGELFF	gliph2_3466	gliph2	huang
CASSQGMNTEAFF	gliph2_3467	gliph2	huang
CASSPGMNTEAFF	gliph2_3467	gliph2	huang
CSARTGIYEQYF	gliph2_3468	gliph2	huang
CASRTGSYEQYF	gliph2_3468	gliph2	huang
CSARVGDTEAFF	gliph2_3469	gliph2	huang
CSARQGDTEAFF	gliph2_3469	gliph2	huang
CASSLAGGVTEAFF	gliph2_3470	gliph2	huang
CASSLAGGGTEAFF	gliph2_3470	gliph2	huang
CASSLGYNEQFF	gliph2_3471	gliph2	huang
CASSLGGNEQFF	gliph2_3471	gliph2	huang
CASSSGANVLTF	gliph2_3472	gliph2	huang
CAVGSGANVLTF	gliph2_3472	gliph2	huang
CSARLGSEQYF	gliph2_3473	gliph2	huang
CSARLGQEQYF	gliph2_3473	gliph2	huang
CASSFKDTQYF	gliph2_3474	gliph2	huang
CASSFTDTQYF	gliph2_3474	gliph2	huang
CASSLLGTGELFF	gliph2_3475	gliph2	huang
CASSLAGTGELFF	gliph2_3475	gliph2	huang
CASSLGLAGVNEQFF	gliph2_3476	gliph2	huang
CASSLGLAGINEQYF	gliph2_3476	gliph2	huang
CASSLAGYGYTF	gliph2_3477	gliph2	huang
CASSLVGYGYTF	gliph2_3477	gliph2	huang
CSIGRGTEAFF	gliph2_3478	gliph2	huang
CSVARGTEAFF	gliph2_3478	gliph2	huang
CSAGGTEAFF	gliph2_3479	gliph2	huang
CTTGGPEQFF	gliph2_3479	gliph2	huang
CASSPNNEQFF	gliph2_3480	gliph2	huang
CASSPRNEQFF	gliph2_3480	gliph2	huang
CASSGHLNTEAFF	gliph2_3481	gliph2	huang
CASSGQLNTEAFF	gliph2_3481	gliph2	huang
CAWSVRETQYF	gliph2_3482	gliph2	huang
CASSHRETQYF	gliph2_3482	gliph2	huang
CASSERETQYF	gliph2_3482	gliph2	huang
CASSIGGSSYNEQFF	gliph2_3483	gliph2	huang
CASSHGGSSYNEQFF	gliph2_3483	gliph2	huang
CASSVYQETQYF	gliph2_3484	gliph2	huang
CASSVDQETQYF	gliph2_3484	gliph2	huang
CASSLGIGETQYF	gliph2_3485	gliph2	huang
CASSLGVGETQYF	gliph2_3485	gliph2	huang
CASSLAGGSYNEQFF	gliph2_3486	gliph2	huang
CASSLQGGSYNEQFF	gliph2_3486	gliph2	huang
CASSLEGSGANVLTF	gliph2_3487	gliph2	huang
CASSLQGSGANVLTF	gliph2_3487	gliph2	huang
CASSLGSSGNTIYF	gliph2_3488	gliph2	huang
CASSIGSSGNTIYF	gliph2_3488	gliph2	huang
CASSQDRNQPQHF	gliph2_3489	gliph2	huang
CASSPDRNQPQHF	gliph2_3489	gliph2	huang
CASSFGPNTGELFF	gliph2_3490	gliph2	huang
CASSCGPNTGELFF	gliph2_3490	gliph2	huang
CASSVGGTGELFF	gliph2_3491	gliph2	huang
CATSEGGTGEQFF	gliph2_3491	gliph2	huang
CASSLGMNTGELFF	gliph2_3492	gliph2	huang
CASSLGWNTGELFF	gliph2_3492	gliph2	huang
CASSLTRGTDTQYF	gliph2_3493	gliph2	huang
CASSLVRGTDTQYF	gliph2_3493	gliph2	huang
CASSLLGEQFF	gliph2_3494	gliph2	huang
CASSLTGELFF	gliph2_3494	gliph2	huang
CASSLTGEQFF	gliph2_3494	gliph2	huang
CASSLTGERFF	gliph2_3494	gliph2	huang
CASSLWGEQYF	gliph2_3494	gliph2	huang
CASRGQGDTEAFF	gliph2_3495	gliph2	huang
CSARGQGNTEAFF	gliph2_3495	gliph2	huang
CSARDDSYEQYF	gliph2_3496	gliph2	huang
CASRTDSYEQYF	gliph2_3496	gliph2	huang
CASSLGGGGEAFF	gliph2_3497	gliph2	huang
CASSRGGGGEQFF	gliph2_3497	gliph2	huang
CASSSLTDTQYF	gliph2_3498	gliph2	huang
CASSSSTDTQYF	gliph2_3498	gliph2	huang
CASSLGGGTDTQYF	gliph2_3499	gliph2	huang
CASSLGQGTDTQYF	gliph2_3499	gliph2	huang
CASSLNSPLHF	gliph2_3500	gliph2	huang
CASSQNSPLHF	gliph2_3500	gliph2	huang
CASSLGGSSYEQYF	gliph2_3501	gliph2	huang
CASSLAGSSYEQYF	gliph2_3501	gliph2	huang
CASSGGGGQETQYF	gliph2_3502	gliph2	huang
CASSWGGGQETQYF	gliph2_3502	gliph2	huang
CSAVGGTGELFF	gliph2_3503	gliph2	huang
CASSGGTGELFF	gliph2_3503	gliph2	huang
CSGGSTDTQYF	gliph2_3504	gliph2	huang
CASSSTDTQYF	gliph2_3504	gliph2	huang
CSASPGLQETQYF	gliph2_3505	gliph2	huang
CASSPGPQETQYF	gliph2_3505	gliph2	huang
CASSLGGVEQYF	gliph2_3506	gliph2	huang
CASSLGGLEYYF	gliph2_3506	gliph2	huang
CASSLGGNEQFF	gliph2_3506	gliph2	huang
CASSPGGYGYTF	gliph2_3507	gliph2	huang
CAISEGGYGYTF	gliph2_3507	gliph2	huang
CASSLDGNTGELFF	gliph2_3508	gliph2	huang
CASSLIGNTGELFF	gliph2_3508	gliph2	huang
CASSSTGSTDTQYF	gliph2_3509	gliph2	huang
CASSSGGSTDTQYF	gliph2_3509	gliph2	huang
CASSLGGSTLHF	gliph2_3510	gliph2	huang
CASSLGGDTQYF	gliph2_3510	gliph2	huang
CASSLGGRGAFF	gliph2_3511	gliph2	huang
CASSLGGDGYTF	gliph2_3511	gliph2	huang
CASGSSTDTQYF	gliph2_3512	gliph2	huang
CSIGASTDTQYF	gliph2_3512	gliph2	huang
CASSSRREQYF	gliph2_3513	gliph2	huang
CASSSRLEQYF	gliph2_3513	gliph2	huang
CASSPLRETQYF	gliph2_3514	gliph2	huang
CSASPQRETIYF	gliph2_3514	gliph2	huang
CASSLYQETQYF	gliph2_3515	gliph2	huang
CASSVYQETQYF	gliph2_3515	gliph2	huang
CSANRGQETQYF	gliph2_3516	gliph2	huang
CASGRGQETQYF	gliph2_3516	gliph2	huang
CSVDRGGTEAFF	gliph2_3517	gliph2	huang
CSVQRGGTEAFF	gliph2_3517	gliph2	huang
CASSLDGNTEAFF	gliph2_3518	gliph2	huang
CASSDDGNTEQYV	gliph2_3518	gliph2	huang
CASSLGQNNEQFF	gliph2_3519	gliph2	huang
CASSLGVNNEQFF	gliph2_3519	gliph2	huang
CASSLGGYNEQFF	gliph2_3520	gliph2	huang
CSASLSGYNEQFF	gliph2_3520	gliph2	huang
CASSLENSPLHF	gliph2_3521	gliph2	huang
CASSLINSPLHF	gliph2_3521	gliph2	huang
CASSLGNSPLHF	gliph2_3521	gliph2	huang
CASNRNTEAFF	gliph2_3522	gliph2	huang
CASQRNTEAFF	gliph2_3522	gliph2	huang
CASYRNTEAFF	gliph2_3522	gliph2	huang
CASSPGGEETQYF	gliph2_3523	gliph2	huang
CASSRGGEETQYF	gliph2_3523	gliph2	huang
CASSLRGDTEAFF	gliph2_3524	gliph2	huang
CASSLAGDTEAFF	gliph2_3524	gliph2	huang
CASSTGNTGELFF	gliph2_3525	gliph2	huang
CASSLGNTGELFF	gliph2_3525	gliph2	huang
CASSSRGGTEAFF	gliph2_3526	gliph2	huang
CASSIRGGTEAFF	gliph2_3526	gliph2	huang
CAWSVGGSNQPQHF	gliph2_3527	gliph2	huang
CRASQGGSNQPQHF	gliph2_3527	gliph2	huang
CSVSLGENFF	gliph2_3528	gliph2	huang
CSVSLTEAFF	gliph2_3528	gliph2	huang
CASSLGGNTEAFF	gliph2_3529	gliph2	huang
CASSPGGNTEAFF	gliph2_3529	gliph2	huang
CASSVGTSGPLKTNIQYF	gliph2_3530	gliph2	huang
CASSSSGTSGPLSSYNEQFF	gliph2_3530	gliph2	huang
CASSPGGETQYF	gliph2_3531	gliph2	huang
CASSPQGETQYF	gliph2_3531	gliph2	huang
CASRAGSGNTIYF	gliph2_3532	gliph2	huang
CAWRWGSGNTIYF	gliph2_3532	gliph2	huang
CSASSGQGQFF	gliph2_3533	gliph2	huang
CASSSGAGYTF	gliph2_3533	gliph2	huang
CSASQGYEQYV	gliph2_3534	gliph2	huang
CASSQAYEQYF	gliph2_3534	gliph2	huang
CASSLGGNEQFF	gliph2_3535	gliph2	huang
CASSRGGNEQFF	gliph2_3535	gliph2	huang
CASSPEGNTEAFF	gliph2_3536	gliph2	huang
CASSPGGNTEAFF	gliph2_3536	gliph2	huang
CASSLVRGNEQFF	gliph2_3537	gliph2	huang
CASSLDRGNEQFF	gliph2_3537	gliph2	huang
CASSLGGSYNEQFF	gliph2_3538	gliph2	huang
CASSPGGSYNEQFF	gliph2_3538	gliph2	huang
CASGGGWYEQYF	gliph2_3539	gliph2	huang
CASGGGAYEQYF	gliph2_3539	gliph2	huang
CASSLRGDTEAFF	gliph2_3540	gliph2	huang
CASSLRGNTEAFF	gliph2_3540	gliph2	huang
CAIRGGSNQPQHF	gliph2_3541	gliph2	huang
CSARGDSNQPQHF	gliph2_3541	gliph2	huang
CASRGGNTEAFF	gliph2_3542	gliph2	huang
CSALGGNTEAFF	gliph2_3542	gliph2	huang
CSAWGGNTEAFF	gliph2_3542	gliph2	huang
CSARGGTDTQYF	gliph2_3543	gliph2	huang
CATSGGTDTQYF	gliph2_3543	gliph2	huang
CASSLMGGGTDTQYF	gliph2_3544	gliph2	huang
CASSLAGGGTDTQYF	gliph2_3544	gliph2	huang
CASSPGGDEQFF	gliph2_3545	gliph2	huang
CASSPGGTEAFF	gliph2_3545	gliph2	huang
CSVSGENEQYF	gliph2_3546	gliph2	huang
CASSGFNEQFF	gliph2_3546	gliph2	huang
CATSRDTDTQYF	gliph2_3547	gliph2	huang
CASSRRTDTQYF	gliph2_3547	gliph2	huang
CASSRDRGYGYTF	gliph2_3548	gliph2	huang
CAISRDRSYGYTF	gliph2_3548	gliph2	huang
CSARRDGETQYF	gliph2_3549	gliph2	huang
CASRRRGETQYF	gliph2_3549	gliph2	huang
CASSSQETQYF	gliph2_3550	gliph2	huang
CASSSEETQYF	gliph2_3550	gliph2	huang
CASSLWGQPQHF	gliph2_3551	gliph2	huang
CASSLDGQPQHF	gliph2_3551	gliph2	huang
CASSLGNTIYF	gliph2_3552	gliph2	huang
CASSLGETQYF	gliph2_3552	gliph2	huang
CASSPRDSNQPQHF	gliph2_3553	gliph2	huang
CASSPRPSNQPQHF	gliph2_3553	gliph2	huang
CSASQRNTEAFF	gliph2_3554	gliph2	huang
CASSLRNTEAFF	gliph2_3554	gliph2	huang
CASRDSNQPQHF	gliph2_3555	gliph2	huang
CAWGDSNQPQHF	gliph2_3555	gliph2	huang
CASSFEETQYF	gliph2_3556	gliph2	huang
CASSFSETQYF	gliph2_3556	gliph2	huang
CSGGSTDTQYF	gliph2_3557	gliph2	huang
CASGPTDTQYF	gliph2_3557	gliph2	huang
CASGGGAYEQYF	gliph2_3558	gliph2	huang
CSAGRGAYEQYF	gliph2_3558	gliph2	huang
CASSGTGGTEAFF	gliph2_3559	gliph2	huang
CASSNTGGTEAFF	gliph2_3559	gliph2	huang
CASSLGGQETQYF	gliph2_3560	gliph2	huang
CAWSVGGQETQYF	gliph2_3560	gliph2	huang
CASSRGGNEQFF	gliph2_3561	gliph2	huang
CASSRGGGEQFF	gliph2_3561	gliph2	huang
CASSQGLEQYF	gliph2_3562	gliph2	huang
CSASQGYEQYV	gliph2_3562	gliph2	huang
CSGTENTEAFF	gliph2_3563	gliph2	huang
CASSENTEAFF	gliph2_3563	gliph2	huang
CASTENTEAFF	gliph2_3563	gliph2	huang
CASSSTYGYTF	gliph2_3564	gliph2	huang
CAWSSHYGYTF	gliph2_3564	gliph2	huang
CASRGQGETQYF	gliph2_3565	gliph2	huang
CSARGHGETQYF	gliph2_3565	gliph2	huang
CASSLVGGSYEQYF	gliph2_3566	gliph2	huang
CASSLVGVSYEQYF	gliph2_3566	gliph2	huang
CSASSGGEQYV	gliph2_3567	gliph2	huang
CASSAGGELFF	gliph2_3567	gliph2	huang
CSASWGGELFF	gliph2_3567	gliph2	huang
CSASSGGEAFF	gliph2_3567	gliph2	huang
CASSGPTDTQYF	gliph2_3568	gliph2	huang
CATSGGTDTQYF	gliph2_3568	gliph2	huang
CASSRADTQYF	gliph2_3569	gliph2	huang
CASSRTDTQYF	gliph2_3569	gliph2	huang
CASSLNRNTEAFF	gliph2_3570	gliph2	huang
CASSLTRNTEAFF	gliph2_3570	gliph2	huang
CASSLQGTEAFF	gliph2_3571	gliph2	huang
CASSLQGNEAFF	gliph2_3571	gliph2	huang
CASRDSNQPQHF	gliph2_3572	gliph2	huang
CSARNSNQPQHF	gliph2_3572	gliph2	huang
CATGTGSYEQYF	gliph2_3573	gliph2	huang
CASGTGFYEQYF	gliph2_3573	gliph2	huang
CASSENTEAFF	gliph2_3574	gliph2	huang
CASSENYEQYF	gliph2_3574	gliph2	huang
CASRLNTEAFF	gliph2_3575	gliph2	huang
CASSLNTEAFF	gliph2_3575	gliph2	huang
CASSESGGELFF	gliph2_3576	gliph2	huang
CAISESGNEQFF	gliph2_3576	gliph2	huang
CSASPGEETQYF	gliph2_3577	gliph2	huang
CATSRGEETQYF	gliph2_3577	gliph2	huang
CASSRNNEQFF	gliph2_3578	gliph2	huang
CASSPNNEQFF	gliph2_3578	gliph2	huang
CASSLGLSTDTQYF	gliph2_3579	gliph2	huang
CASSLGPSTDTQYF	gliph2_3579	gliph2	huang
CATSLENEQFF	gliph2_3580	gliph2	huang
CASSLEYEQFF	gliph2_3580	gliph2	huang
CAWSARGSNQPQHF	gliph2_3581	gliph2	huang
CATSRRGSNQPQHF	gliph2_3581	gliph2	huang
CASSLRLEQFF	gliph2_3582	gliph2	huang
CASSLRREQYF	gliph2_3582	gliph2	huang
CARSLDGGAFF	gliph2_3583	gliph2	huang
CASSLTGGEYF	gliph2_3583	gliph2	huang
CASSFTDTQYF	gliph2_3584	gliph2	huang
CASSSTDTQYF	gliph2_3584	gliph2	huang
CASSRTDTQYF	gliph2_3584	gliph2	huang
CASSFRGEAFF	gliph2_3585	gliph2	huang
CATSDRGEQYF	gliph2_3585	gliph2	huang
CASSLGGTYNEQFF	gliph2_3586	gliph2	huang
CASSLGGSYNEQFF	gliph2_3586	gliph2	huang
CATSRGEETQYF	gliph2_3587	gliph2	huang
CASSRGGETQYF	gliph2_3587	gliph2	huang
CSASATGYEQYF	gliph2_3588	gliph2	huang
CASSLTGYEQYF	gliph2_3588	gliph2	huang
CASSLGGNEQFF	gliph2_3589	gliph2	huang
CASSLQGNEAFF	gliph2_3589	gliph2	huang
CASSGGDEQFF	gliph2_3590	gliph2	huang
CATSGGYEQYF	gliph2_3590	gliph2	huang
CASSLPGGNTEAFF	gliph2_3591	gliph2	huang
CASSLEGGNTEAFF	gliph2_3591	gliph2	huang
CAVSDGNTEAFF	gliph2_3592	gliph2	huang
CASSPGNTEAFF	gliph2_3592	gliph2	huang
CASSLADTQYF	gliph2_3593	gliph2	huang
CASSLRDTQYF	gliph2_3593	gliph2	huang
CAISKGTEAFF	gliph2_3594	gliph2	huang
CASSLGTEAFF	gliph2_3594	gliph2	huang
CASSAGGGYEQFF	gliph2_3595	gliph2	huang
CASSEGGGYEQYF	gliph2_3595	gliph2	huang
CASSLGTEAFF	gliph2_3596	gliph2	huang
CASSLGYEQYF	gliph2_3596	gliph2	huang
CASSLGDEQFF	gliph2_3596	gliph2	huang
CAWSVRETQYF	gliph2_3597	gliph2	huang
CASSVTETQYF	gliph2_3597	gliph2	huang
CASSLGETQYF	gliph2_3598	gliph2	huang
CATSRGETAFF	gliph2_3598	gliph2	huang
CASSEGETQYF	gliph2_3598	gliph2	huang
CASSGETEAFF	gliph2_3599	gliph2	huang
CSASGNTEAFF	gliph2_3599	gliph2	huang
CASSLDFYEQYF	gliph2_3600	gliph2	huang
CASSLDAYEAFF	gliph2_3600	gliph2	huang
CASRTQETQYF	gliph2_3601	gliph2	huang
CSARGQETQYF	gliph2_3601	gliph2	huang
CAISVGSNQPQHF	gliph2_3602	gliph2	huang
CASSEGSNQPQHF	gliph2_3602	gliph2	huang
CASSLGRGEQYF	gliph2_3603	gliph2	huang
CASSLGPGELFF	gliph2_3603	gliph2	huang
CASSLGQNTEAFF	gliph2_3604	gliph2	huang
CASSLGGNTEAFF	gliph2_3604	gliph2	huang
CASSENTEAFF	gliph2_3605	gliph2	huang
CSASGNTEAFF	gliph2_3605	gliph2	huang
CASSLNTEAFF	gliph2_3605	gliph2	huang
CSARRGNTEAFF	gliph2_3606	gliph2	huang
CASRGGNTEAFF	gliph2_3606	gliph2	huang
CASSLDGDTQYF	gliph2_3607	gliph2	huang
CASSLGGDTQYF	gliph2_3607	gliph2	huang
CSVSGDSNQPQHF	gliph2_3608	gliph2	huang
CASSYDSNQPQHF	gliph2_3608	gliph2	huang
CASSLIGTEAFF	gliph2_3609	gliph2	huang
CASSLQGTEAFF	gliph2_3609	gliph2	huang
CASSEQGYEQYF	gliph2_3610	gliph2	huang
CSASRQGYEQYF	gliph2_3610	gliph2	huang
CASSPGGETQYF	gliph2_3611	gliph2	huang
CASSRGGETQYF	gliph2_3611	gliph2	huang
CASSLEETQYF	gliph2_3612	gliph2	huang
CASSLQETQYF	gliph2_3612	gliph2	huang
CASSLGETQYF	gliph2_3612	gliph2	huang
CSPMGNTEAFF	gliph2_3613	gliph2	huang
CSASGNTEAFF	gliph2_3613	gliph2	huang
CSAIWSAIRNTQYF	gliph2_3662	gliph2	huang
CSATPGATNYGYTF	gliph2_3719	gliph2	huang
CASSLAWQIHYEQYF	gliph2_3730	gliph2	huang
CSGRFGTGGNIQYF	gliph2_3758	gliph2	huang
CSARGVGLAGGSTYNEQFF	gliph2_3759	gliph2	huang
CASTVTEAFF	gliph2_3770	gliph2	huang
CSALDPGTSGGGVRNEQFF	gliph2_3814	gliph2	huang
CASSDIAGEYNEQFF	gliph2_3851	gliph2	huang
CASRGGEGGGNYNEQFF	gliph2_3894	gliph2	huang
CASSYSRTGGMNTEAFF	gliph2_3908	gliph2	huang
CASSLAALYGYTF	gliph2_3911	gliph2	huang
CASSPGQNTEKLFF	gliph2_3924	gliph2	huang
CASMIATGRTDTQYF	gliph2_3927	gliph2	huang
CSARAGTGFSYEQYF	gliph2_3930	gliph2	huang
CAIGAVNQPQHF	gliph2_3973	gliph2	huang
CASSIYRGTQVNTEAFF	gliph2_3975	gliph2	huang
CATGPTGLNTEAFF	gliph2_3976	gliph2	huang
CSARAGTGQFYTEAFF	gliph2_3980	gliph2	huang
CSARTGGFTEAFF	gliph2_4017	gliph2	huang
CSARTGTSDTQYF	gliph2_4064	gliph2	huang
CASSGTGGMNTEAFF	gliph2_4089	gliph2	huang
CAISETYELPQYF	gliph2_4128	gliph2	huang
CAWARTGTGFYGYTF	gliph2_4135	gliph2	huang
CSAKSPGAGGYEQYF	gliph2_4140	gliph2	huang
CASSPDKILGQYF	gliph2_4146	gliph2	huang
CASSGGGVPGSPLHF	gliph2_4151	gliph2	huang
CASSTPGTQGIITGELFF	gliph2_4160	gliph2	huang
CASSGSGNRAATHGYTF	gliph2_4172	gliph2	huang
CASSLRAGTGNTEAFF	gliph2_4177	gliph2	huang
CASSLNSNTGELFF	gliph2_4189	gliph2	huang
CASMTSGGGDTQYF	gliph2_4212	gliph2	huang
CASSPNGIMNTEAFF	gliph2_4218	gliph2	huang
CSAPPDTYGYTF	gliph2_4219	gliph2	huang
CASSTGFTAEQFF	gliph2_4258	gliph2	huang
CAWSVPTGGQPQHF	gliph2_4260	gliph2	huang
CASSRDGHNYGYTF	gliph2_4263	gliph2	huang
CASSLRGTAYEQYF	gliph2_4271	gliph2	huang
CSARDSERGSYTDTQYF	gliph2_4274	gliph2	huang
CASSSASTGELFF	gliph2_4293	gliph2	huang
CASRGRGTGDEQYF	gliph2_4299	gliph2	huang
CASSPRPENSPLHF	gliph2_4301	gliph2	huang
CASSLFVTPRQGKNTEAFF	gliph2_4346	gliph2	huang
CASSDRQYNSPLHF	gliph2_4353	gliph2	huang
CASTLGGAGTQYF	gliph2_4399	gliph2	huang
CASSKTQGTYEQYF	gliph2_4428	gliph2	huang
CASSVSPWGTGNTIYF	gliph2_4436	gliph2	huang
CASSLGHADNEQFF	gliph2_4439	gliph2	huang
CSARVPLHPGNTEAFF	gliph2_4446	gliph2	huang
CASSFTGTGGYNEQFF	gliph2_4465	gliph2	huang
CSARARLAAYEQYF	gliph2_4488	gliph2	huang
CASSPVAAASSTDTQYF	gliph2_4493	gliph2	huang
CASSSVGPQHF	gliph2_4497	gliph2	huang
CASSSQGPTSEQFF	gliph2_4528	gliph2	huang
CSAWDSSANYGYTF	gliph2_4540	gliph2	huang
CASSSQRGAPEQYF	gliph2_4570	gliph2	huang
CSARVAGGPGAYYNEQFF	gliph2_4594	gliph2	huang
CSAREASGTGRNGYTF	gliph2_4618	gliph2	huang
CASSPLGWDTQYF	gliph2_4638	gliph2	huang
CASRREVGAGNTIYF	gliph2_4649	gliph2	huang
CSDDGPRKETQYF	gliph2_4655	gliph2	huang
CASSLSGIPNADGYTF	gliph2_4666	gliph2	huang
CSARVGGSIHEQYF	gliph2_4703	gliph2	huang
CASSSTPGLVNEQFF	gliph2_4706	gliph2	huang
CSAAGTSRSLSYNEQFF	gliph2_4745	gliph2	huang
CASTQSGGTNEKLFF	gliph2_4757	gliph2	huang
CSVEGGQGANEQFF	gliph2_4773	gliph2	huang
CASSPDSGTDTQYF	gliph2_4777	gliph2	huang
CASSLGSSSGGREQYF	gliph2_4790	gliph2	huang
CASSRTGGMDGYTF	gliph2_4797	gliph2	huang
CASSQGRKDQVSGNTIYF	gliph2_4803	gliph2	huang
CASRQAGRDEQFF	gliph2_4822	gliph2	huang
CSASGGLAGPRMSSYNEQFF	gliph2_4834	gliph2	huang
CASRRQGRNYGYTF	gliph2_4851	gliph2	huang
CASSTPGLDNEKLFF	gliph2_4862	gliph2	huang
CASRAGGGAKNIQYF	gliph2_4874	gliph2	huang
CSATEATASNQPQHF	gliph2_4886	gliph2	huang
CSPKGPTSTDTQYF	gliph2_4934	gliph2	huang
CSARDYAVHTEAFF	gliph2_4957	gliph2	huang
CSGAFRDRGFTDTQYF	gliph2_4988	gliph2	huang
CASSLVPENNQPQHF	gliph2_4989	gliph2	huang
CSARDTGGNQPQHF	gliph2_5013	gliph2	huang
CASTNGGFPYEQYF	gliph2_5020	gliph2	huang
CSVEGPRTVYGYTF	gliph2_5048	gliph2	huang
CSVPGPREDTQYF	gliph2_5063	gliph2	huang
CASSQPQSSGANVLTF	gliph2_5064	gliph2	huang
CASSLVGPGDANEQFF	gliph2_5116	gliph2	huang
CASSQGDVAGGGETQYF	gliph2_5151	gliph2	huang
CASSDHNSPLHF	gliph2_5205	gliph2	huang
CASRGGRSNSPLHF	gliph2_5320	gliph2	huang
CASTRRSEAFF	gliph2_5335	gliph2	huang
CSASRRQRATSYNEQFF	gliph2_5393	gliph2	huang
CASSIRGGPQFYNEQFF	gliph2_5413	gliph2	huang
CASSLVWAGNTEAFF	gliph2_5432	gliph2	huang
CSARDRRGNQPQHF	gliph2_5445	gliph2	huang
CASSHGQGQGYGYTF	gliph2_5462	gliph2	huang
CATAGLRNQPQHF	gliph2_5518	gliph2	huang
CASSFVTGGGEQYF	gliph2_5607	gliph2	huang
CASSAGRNNSPLHF	gliph2_5616	gliph2	huang
CASSAYGQNTEAFF	gliph2_5657	gliph2	huang
CASSSPPGQRGYTF	gliph2_5675	gliph2	huang
CASSHRGGTSYGYTF	gliph2_5680	gliph2	huang
CASRRAFAGELFF	gliph2_5717	gliph2	huang
CSAIPPQRNEQYF	gliph2_5724	gliph2	huang
CASSLDRAMGTQYF	gliph2_5749	gliph2	huang
CSAEGSSHSNQPQHF	gliph2_5814	gliph2	huang
CSARMGGEPQHF	gliph2_5840	gliph2	huang
CSALQATQYF	gliph2_5853	gliph2	huang
CASSLGGWGRPGGQPQHF	gliph2_5872	gliph2	huang
CASSQYNGINYGYTF	gliph2_5882	gliph2	huang
CAITGTGGFSTDTQYF	gliph2_5900	gliph2	huang
CASAINRDRQFF	gliph2_5961	gliph2	huang
CASSFQTGTSGRSSYEQYF	gliph2_5968	gliph2	huang
CASSARAGTSGGAPSF	gliph2_5970	gliph2	huang
CAISEKGQAYEQYF	gliph2_5978	gliph2	huang
CASSTSYTLNEQFF	gliph2_5984	gliph2	huang
CSARETGRSGQPQHF	gliph2_6013	gliph2	huang
CASSQESGGYNEQFF	gliph2_6055	gliph2	huang
CSAIGSTDTQYF	gliph2_6060	gliph2	huang
CSATAATASTDTQYF	gliph2_6062	gliph2	huang
CASSLPSSGVLYEQYF	gliph2_6070	gliph2	huang
CASSSPWAGELFF	gliph2_6147	gliph2	huang
CSATTGSEGYQPQHF	gliph2_6159	gliph2	huang
CASSQSLDGTDTQYF	gliph2_6170	gliph2	huang
CSAQGDSYNEQFF	gliph2_6175	gliph2	huang
CASSSQAGESYEQYF	gliph2_6182	gliph2	huang
CASSFTEGDTQYF	gliph2_6208	gliph2	huang
CASSENWQRSYEQYV	gliph2_6288	gliph2	huang
CSASGQGAVGELFF	gliph2_6320	gliph2	huang
CSVERQGVNYGYTF	gliph2_6345	gliph2	huang
CASSLTYRGGLYEQYF	gliph2_6347	gliph2	huang
CSATSGTGTGYTF	gliph2_6351	gliph2	huang
CASSLDSLGNQPQHF	gliph2_6408	gliph2	huang
CASQRTAHIGELFF	gliph2_6414	gliph2	huang
CASRRTGAEAFF	gliph2_6424	gliph2	huang
CSARARGRQETQYF	gliph2_6464	gliph2	huang
CSYLVWDQETQYF	gliph2_6467	gliph2	huang
CASQTSGRTNNEQFF	gliph2_6494	gliph2	huang
CASSLSGGDSPLHF	gliph2_6523	gliph2	huang
CVARGGTRYNEQFF	gliph2_6575	gliph2	huang
CASSQMSGRGTDTQYF	gliph2_6593	gliph2	huang
CASSYSAGSSYNEQFF	gliph2_6595	gliph2	huang
CASSARDRGEQYF	gliph2_6597	gliph2	huang
CASSYVAPGQPQHF	gliph2_6649	gliph2	huang
CASSLGGGRGPYEQYF	gliph2_6661	gliph2	huang
CSASPGSRGPGANVLTF	gliph2_6716	gliph2	huang
CSVVFLTDTQYF	gliph2_6725	gliph2	huang
CASSQGRLAGGRDTQYF	gliph2_6737	gliph2	huang
CASSLGALRGGARWEQYF	gliph2_6819	gliph2	huang
CASRTDIHGGTEAFF	gliph2_6893	gliph2	huang
CASSTTGYSGNTIYF	gliph2_6900	gliph2	huang
CASSLGQTTETQYF	gliph2_6970	gliph2	huang
CASSPGGTNTGELFF	gliph2_6981	gliph2	huang
CASSYRGADTGELFF	gliph2_6988	gliph2	huang
CASRLGLSGELFF	gliph2_6989	gliph2	huang
CASRGAGWDGEAFF	gliph2_7142	gliph2	huang
CASSWIGGYGYTF	gliph2_7213	gliph2	huang
CASSLVYPGAGSYEQYF	gliph2_7214	gliph2	huang
CSARELAGGEDNEQFF	gliph2_7230	gliph2	huang
CASSQVTSGTFTDTQYF	gliph2_7234	gliph2	huang
CASSDRDLGRDTQETQYF	gliph2_7244	gliph2	huang
CASSIRLAANNEQFF	gliph2_7250	gliph2	huang
CASRTTNYGYTF	gliph2_7338	gliph2	huang
CASSPTGTENYNEQFF	gliph2_7350	gliph2	huang
CASSFGRGEETQYF	gliph2_7355	gliph2	huang
CATHAYNEQFF	gliph2_7363	gliph2	huang
CASSSRVAGGETQYF	gliph2_7377	gliph2	huang
CASSTNRRGYGYTF	gliph2_7400	gliph2	huang
CSVAVPEIGSVYEQYF	gliph2_7405	gliph2	huang
CASSLSTGNLEGYTF	gliph2_7496	gliph2	huang
CAVSRGDSYEQYF	gliph2_7505	gliph2	huang
CASRPRVLNYGYTF	gliph2_7512	gliph2	huang
CATSGWDSNYGYTF	gliph2_7528	gliph2	huang
CASSTGTLSSEQYF	gliph2_7556	gliph2	huang
CSARGTISSSYNEQFF	gliph2_7557	gliph2	huang
CARSLVGPGDANEQFF	gliph2_7580	gliph2	huang
CSVDWPGGTDTQYF	gliph2_7590	gliph2	huang
CASSSTPVAFELTDTQYF	gliph2_7613	gliph2	huang
CASRPGTGALEQYF	gliph2_7626	gliph2	huang
CASSVGAYSDTQYF	gliph2_7647	gliph2	huang
CASSIGVYNEQFF	gliph2_7662	gliph2	huang
CASSPLTGEGEKLFF	gliph2_7664	gliph2	huang
CSAYYTTGSSYEQYF	gliph2_7668	gliph2	huang
CASSDGAYNTEAFF	gliph2_7670	gliph2	huang
CSASAGPLSTDTQYF	gliph2_7675	gliph2	huang
CSARRQGINTEAFF	gliph2_7694	gliph2	huang
CASRPRTGNEGMNTEAFF	gliph2_7709	gliph2	huang
CASSQELASDGGYGYTF	gliph2_7711	gliph2	huang
CASSLVDRAGNTEAFF	gliph2_7732	gliph2	huang
CASSKYSTASGYEQYF	gliph2_7765	gliph2	huang
CASSGQGWVDEQFF	gliph2_7832	gliph2	huang
CASSDPGRGQTDTQYF	gliph2_7843	gliph2	huang
CSASDTRYYGYTF	gliph2_7845	gliph2	huang
CSARDDKNIQYF	gliph2_7858	gliph2	huang
CASSPPSGADTQYF	gliph2_7861	gliph2	huang
CSATDRGLNEQFF	gliph2_7893	gliph2	huang
CASSATGGYTGELFF	gliph2_7899	gliph2	huang
CASRAGTLYNEQFF	gliph2_7913	gliph2	huang
CSATPGGGSSGYTF	gliph2_7923	gliph2	huang
CASSFPSSGSNNEQFF	gliph2_7960	gliph2	huang
CASSPRPEGHEQYF	gliph2_7967	gliph2	huang
CASSPSAGLAGDTGELFF	gliph2_7969	gliph2	huang
CSAGGEAETQYF	gliph2_8006	gliph2	huang
CSAFRPGINEQYV	gliph2_8007	gliph2	huang
CASSTGQGSNEQFF	gliph2_8054	gliph2	huang
CSARELGNTEAFF	gliph2_8080	gliph2	huang
CASSRPGTGPNTEAFF	gliph2_8091	gliph2	huang
CASTHGGNGYTF	gliph2_8104	gliph2	huang
CASSHHGPLGNYGYTF	gliph2_8107	gliph2	huang
CSAHQGDPNQPQHF	gliph2_8121	gliph2	huang
CSVRPRPSYEQYF	gliph2_8124	gliph2	huang
CASSAQSGREKTGELFF	gliph2_8132	gliph2	huang
CASRPPGAYTGELFF	gliph2_8153	gliph2	huang
CSAPLRPALHF	gliph2_8223	gliph2	huang
CATSDLTGSDTQYF	gliph2_8272	gliph2	huang
CSARDLEGGNQPQHF	gliph2_8307	gliph2	huang
CASSLGQGDDIQYF	gliph2_8319	gliph2	huang
CASRGQGSRSYNSPLHF	gliph2_8357	gliph2	huang
CSVEGPRRDTQYF	gliph2_8373	gliph2	huang
CASSLEGRRNYEQYF	gliph2_8394	gliph2	huang
CASSPYRQGGTGELFF	gliph2_8445	gliph2	huang
CATSRDQQTLHF	gliph2_8534	gliph2	huang
CASSNDRGLGGYTF	gliph2_8551	gliph2	huang
CSADGDGDYEQYF	gliph2_8592	gliph2	huang
CSARSAFSTDTQYF	gliph2_8628	gliph2	huang
CASSLVLSGIPSNYGYTF	gliph2_8658	gliph2	huang
CASSLGLTNEKLFF	gliph2_8679	gliph2	huang
CASVRDNEGYTF	gliph2_8695	gliph2	huang
CSASVDGDGYTF	gliph2_8696	gliph2	huang
CASSQSRNIQYF	gliph2_8719	gliph2	huang
CSAWDGSSGGTDTQYF	gliph2_8727	gliph2	huang
CASSYAAGANTGELFF	gliph2_8739	gliph2	huang
CSARDPGQRYEQYF	gliph2_8766	gliph2	huang
CATSTREQETQYF	gliph2_8786	gliph2	huang
CASSRGTVNTEAFF	gliph2_8790	gliph2	huang
CASSLSALADTQYF	gliph2_8791	gliph2	huang
CASSEVYTEAFF	gliph2_8798	gliph2	huang
CASSFAERNQPQHF	gliph2_8824	gliph2	huang
CASRQGRYGYTF	gliph2_8833	gliph2	huang
CASVGQGENEQYF	gliph2_8840	gliph2	huang
CASSETSGQFF	gliph2_8851	gliph2	huang
CSALSPGLAGARDEQFF	gliph2_8856	gliph2	huang
CASSEYVRGELSGNTIYF	gliph2_8877	gliph2	huang
CASSHRVLSEYEQYF	gliph2_8909	gliph2	huang
CASSLRQALNEKLFF	gliph2_8935	gliph2	huang
CAVGLGEKLFF	gliph2_8942	gliph2	huang
CASSFSEVNEQFF	gliph2_8954	gliph2	huang
CSVVRTSATYEQYF	gliph2_8967	gliph2	huang
CSARKGFLNEKLFF	gliph2_8976	gliph2	huang
CASSLSVTGVQPQHF	gliph2_8982	gliph2	huang
CASSYSARMIYGYTF	gliph2_9007	gliph2	huang
CASSRGQTTEAFF	gliph2_9024	gliph2	huang
CSDRLPAADTQYF	gliph2_9030	gliph2	huang
CSARGTGDYSNQPQHF	gliph2_9042	gliph2	huang
CASSLRPSGGNTDTQYF	gliph2_9046	gliph2	huang
CASSRLPDNSPLHF	gliph2_9048	gliph2	huang
CASSLRPIPSEAFF	gliph2_9066	gliph2	huang
CATSPIGDTGTDTQYF	gliph2_9070	gliph2	huang
CASSQESPSSEQYF	gliph2_9094	gliph2	huang
CSAGQAANEKLFF	gliph2_9122	gliph2	huang
CASSLVRDGGYTF	gliph2_9159	gliph2	huang
CASSVRDRGLGEQFF	gliph2_9177	gliph2	huang
CASSPGGRGNQPQHF	gliph2_9186	gliph2	huang
CAWSVPNQPQHF	gliph2_9187	gliph2	huang
CASSWGTSGGNEQFF	gliph2_9189	gliph2	huang
CSASPQGTGNTIYF	gliph2_9191	gliph2	huang
CASSLAGTSDPQYF	gliph2_9198	gliph2	huang
CSARKASGDNEQFF	gliph2_9201	gliph2	huang
CASSFRAGGPTAKNIQYF	gliph2_9250	gliph2	huang
CSARVGASNTEAFF	gliph2_9271	gliph2	huang
CASSRGENYSNQPQHF	gliph2_9280	gliph2	huang
LTFRWSSRGEKLFF	gliph2_9313	gliph2	huang
CANTLRRVKDNSPLHF	gliph2_9377	gliph2	huang
CASSPEDRTWTPLHF	gliph2_9382	gliph2	huang
CASSEGGSHGYTF	gliph2_9422	gliph2	huang
CASSPGQGPRKLHF	gliph2_9462	gliph2	huang
CASSPWTSGDNEQFF	gliph2_9473	gliph2	huang
CASRSVKGSAKNIQYF	gliph2_9494	gliph2	huang
CSAPPIAAYNEQFF	gliph2_9543	gliph2	huang
CASKSADTQYF	gliph2_9559	gliph2	huang
CASSFFGGGTYNEQFF	gliph2_9564	gliph2	huang
CSVGGREETQYF	gliph2_9579	gliph2	huang
CSARKGGRGNTIYF	gliph2_9587	gliph2	huang
CASSLGLAKNSPLHF	gliph2_9601	gliph2	huang
CASSQDVGGNTGELFF	gliph2_9626	gliph2	huang
CASSEPGASNTGELFF	gliph2_9647	gliph2	huang
CASSYRSMEKLFF	gliph2_9659	gliph2	huang
CSARILQVNYGYTF	gliph2_9714	gliph2	huang
CASSETTGPRYYTF	gliph2_9740	gliph2	huang
CASSPRGNYEQYF	gliph2_9800	gliph2	huang
CAWRGHPEETQYF	gliph2_9805	gliph2	huang
CASSPKTGTRAYTDTQYF	gliph2_9821	gliph2	huang
CASSFNRGDRENIQYF	gliph2_9908	gliph2	huang
CASSEAGRTGPSVTQYF	gliph2_9981	gliph2	huang
CASSLGTSGSWGDTQYF	gliph2_9992	gliph2	huang
CSARKGNGYTF	gliph2_9998	gliph2	huang
CSVDRDGDGEAFF	gliph2_10001	gliph2	huang
CASSQMGDTQYF	gliph2_10052	gliph2	huang
CATQRQGNKANVLTF	gliph2_10071	gliph2	huang
CSAPRDRGFGEQFF	gliph2_10094	gliph2	huang
CASSQYVDNEQFF	gliph2_10095	gliph2	huang
CASLGRFSYEQYF	gliph2_10115	gliph2	huang
CASSYVGVQSQPQHF	gliph2_10137	gliph2	huang
CASSFRGGEGYTF	gliph2_10231	gliph2	huang
CATSALTGPGDEQFF	gliph2_10238	gliph2	huang
CSAYHRTGPNQPQHF	gliph2_10250	gliph2	huang
CSARDPGIGTPGQSFGAYEQYF	gliph2_10259	gliph2	huang
CSARPGTSYNSPLHF	gliph2_10267	gliph2	huang
CASSPIAGANTGELFF	gliph2_10268	gliph2	huang
CSVEDLFGGGNTIYF	gliph2_10325	gliph2	huang
CASSISGTSGGETQYF	gliph2_10361	gliph2	huang
CASSPLDSMNTEAFF	gliph2_10362	gliph2	huang
CASGLGAADGNTIYF	gliph2_10370	gliph2	huang
CASSLGSSGQGNTGELFF	gliph2_10372	gliph2	huang
CASSLEGGGAAEAFF	gliph2_10375	gliph2	huang
RASITGPGGPVEQYF	gliph2_10431	gliph2	huang
CASSFVFTGARETQYF	gliph2_10454	gliph2	huang
CASTRGGGFSGNTIYF	gliph2_10467	gliph2	huang
CAWSVGTSSPFF	gliph2_10505	gliph2	huang
CASSLDGTGQYEQYF	gliph2_10510	gliph2	huang
CASSVEGNSPLHF	gliph2_10557	gliph2	huang
CASSKLEGLEQFF	gliph2_10565	gliph2	huang
CASSWGGIGRNQPQHF	gliph2_10593	gliph2	huang
CASSLEGQGNEKLFF	gliph2_10594	gliph2	huang
CASSLGQIQETQYF	gliph2_10608	gliph2	huang
CASSSNQPQHF	gliph2_10644	gliph2	huang
CASSLGGGRNSYEQYF	gliph2_10653	gliph2	huang
CASSPGLAGNTDTQYF	gliph2_10664	gliph2	huang
CASSLSVGRVGQPQHF	gliph2_10674	gliph2	huang
CSAGSGSYNEQFF	gliph2_10685	gliph2	huang
CASSLVLELNTDTQYF	gliph2_10694	gliph2	huang
CASSLVGASDTQYF	gliph2_10720	gliph2	huang
CASSLGTSPGNQPQHF	gliph2_10761	gliph2	huang
CASSLDGQGAQPQHF	gliph2_10778	gliph2	huang
CASSLSSNNEQFF	gliph2_10782	gliph2	huang
CASSQDAFGDQPQHF	gliph2_10788	gliph2	huang
CASSLGGTKNIQYF	gliph2_10795	gliph2	huang
CASRSGGKNTQYF	gliph2_10826	gliph2	huang
CASSQGAGGNTEAFF	gliph2_10832	gliph2	huang
CASSLDDRDYGYTF	gliph2_10861	gliph2	huang
CASSPTGYYEQYF	gliph2_10863	gliph2	huang
CASTPSATGKNIQYF	gliph2_10868	gliph2	huang
CASSDFATGSADTQYF	gliph2_10869	gliph2	huang
CSARVLGQGASDTQYF	gliph2_10915	gliph2	huang
CSARDLGRSYNEQFF	gliph2_10949	gliph2	huang
CATSEGTITGNEQFF	gliph2_10964	gliph2	huang
CASSATTGSYEQYF	gliph2_10969	gliph2	huang
CASSDGLAGQPQHF	gliph2_10999	gliph2	huang
CSAQGPSGRATEQFF	gliph2_11010	gliph2	huang
CASRRQGGAYEQYF	gliph2_11053	gliph2	huang
CASSSFRTDTQYF	gliph2_11079	gliph2	huang
CASSFGLDPYTDTQYF	gliph2_11081	gliph2	huang
CASSPRQLALAVEKLFF	gliph2_11100	gliph2	huang
CASSYSGRNTEAFF	gliph2_11107	gliph2	huang
CSASKGTGIEGHEQYF	gliph2_11109	gliph2	huang
CASSPFGGLAGGEQYF	gliph2_11127	gliph2	huang
CASRGGRGASTDTQYF	gliph2_11165	gliph2	huang
CASSLRWQGAEIKDTQYF	gliph2_11167	gliph2	huang
CASSPGQVKFF	gliph2_11188	gliph2	huang
CASSFPVQTYGYTF	gliph2_11228	gliph2	huang
CASGSHRNIQYF	gliph2_11250	gliph2	huang
CASSLGGRVETQYF	gliph2_11262	gliph2	huang
CSVRAERAFF	gliph2_11280	gliph2	huang
CSARRTGPNEQFF	gliph2_11298	gliph2	huang
CASSSSISSGNTIYF	gliph2_11315	gliph2	huang
CSARSSWAPGELFF	gliph2_11339	gliph2	huang
CASSQVGVSTDTQYF	gliph2_11377	gliph2	huang
CASSLIGRADTQYF	gliph2_11402	gliph2	huang
CASSLMRGGYNEQFF	gliph2_11404	gliph2	huang
CASSQEGTGPNQPQHF	gliph2_11459	gliph2	huang
CASSLEQGKGQPQHF	gliph2_11467	gliph2	huang
CASSRDRGRTDTQYF	gliph2_11475	gliph2	huang
CKIKGLTSYEQYF	gliph2_11483	gliph2	huang
CATPTGTGHGYTF	gliph2_11488	gliph2	huang
CATSGGHKGSGYTF	gliph2_11522	gliph2	huang
CASSLNGWTNEKLFF	gliph2_11547	gliph2	huang
CAISDRQVSSYEQYF	gliph2_11555	gliph2	huang
CSALRTGVVGPQHF	gliph2_11592	gliph2	huang
CASSFRYGDEAFF	gliph2_11656	gliph2	huang
CASSPAGGATDTQYF	gliph2_11662	gliph2	huang
CASSDGTSSYNEQFF	gliph2_11665	gliph2	huang
CASSLVGGPSSEAFF	gliph2_11673	gliph2	huang
CSARVRGGHSSYEQYF	gliph2_11681	gliph2	huang
CASSLASPREAQYF	gliph2_11683	gliph2	huang
CASSTPGRLYGYTF	gliph2_11687	gliph2	huang
CASGGPNEQYF	gliph2_11732	gliph2	huang
CSAPRTSGSSTDTQYF	gliph2_11734	gliph2	huang
CSAGSGSDYNEQFF	gliph2_11776	gliph2	huang
CAWSRGERGGLEQFF	gliph2_11796	gliph2	huang
CASSGNRGTFLLDTQYF	gliph2_11800	gliph2	huang
CASSQSPDNYGYTF	gliph2_11801	gliph2	huang
CSAQGQGINTEAFF	gliph2_11803	gliph2	huang
CASSLEGPLNTEAFF	gliph2_11823	gliph2	huang
CASSADRAKETQYF	gliph2_11850	gliph2	huang
CASSHLQGARETQYF	gliph2_11915	gliph2	huang
CSVTPVTAGGYTF	gliph2_11919	gliph2	huang
CASRKIQGSTGELFF	gliph2_11953	gliph2	huang
CASSQAERYKEQYF	gliph2_11956	gliph2	huang
CSARVGLALETQYF	gliph2_11995	gliph2	huang
CASSRDRGNNNEQFF	gliph2_12022	gliph2	huang
CASSLRELGRNEQFF	gliph2_12037	gliph2	huang
CSASNQRGGRELFF	gliph2_12038	gliph2	huang
CAIQRAEPYEQYV	gliph2_12046	gliph2	huang
CSVVVRANTGELFF	gliph2_12079	gliph2	huang
CASSIQGYSGANVLTF	gliph2_12144	gliph2	huang
CSAGDRSSGNTIYF	gliph2_12149	gliph2	huang
CASSFVDSSYEQYF	gliph2_12175	gliph2	huang
CASRPQGGTEAFF	gliph2_12179	gliph2	huang
CASSPSGTGVKNIQYF	gliph2_12189	gliph2	huang
CASSFPRESDTQYF	gliph2_12227	gliph2	huang
CSVAPGSSGNTIYF	gliph2_12256	gliph2	huang
CASSESRTDYEAFF	gliph2_12341	gliph2	huang
CASSQQGAAGYNEQFF	gliph2_12366	gliph2	huang
CSARKQALSNEQFF	gliph2_12375	gliph2	huang
CSARDPRDRGLSKQFF	gliph2_12381	gliph2	huang
CASSEVGDRGKNIQYF	gliph2_12389	gliph2	huang
CSAMTSGGRNEQFF	gliph2_12399	gliph2	huang
CASSPPTANQETQYF	gliph2_12403	gliph2	huang
CATSRGGGTGEYGYTF	gliph2_12436	gliph2	huang
CSARELGNTQYF	gliph2_12468	gliph2	huang
CASKLAGGIGELFF	gliph2_12473	gliph2	huang
CSAATSWEGTQYF	gliph2_12504	gliph2	huang
CAWSARRGDSNQPQHF	gliph2_12515	gliph2	huang
CASSLTGVAKNIQYF	gliph2_12525	gliph2	huang
CSAKAPGLAGEGAKNIQYF	gliph2_12548	gliph2	huang
CASSQAAGRAFF	gliph2_12555	gliph2	huang
CASSRLPPGEGYEQYF	gliph2_12691	gliph2	huang
CASSQDGAGGGADTQYF	gliph2_12697	gliph2	huang
CASSSTSGEADTQYF	gliph2_12725	gliph2	huang
CASSVGRVARAQYF	gliph2_12742	gliph2	huang
CASSRIPFHEDTEAFF	gliph2_12761	gliph2	huang
CSAKKGSEKLFF	gliph2_12795	gliph2	huang
CASSLEVVPGRPQYF	gliph2_12821	gliph2	huang
CASSDPGQEQFF	gliph2_12884	gliph2	huang
CASSLGGRMGAFF	gliph2_12921	gliph2	huang
CASSRGTSGTGELFF	gliph2_12938	gliph2	huang
CASSLRPSRGPDTQYF	gliph2_12964	gliph2	huang
CASSTEAGYSYEQYF	gliph2_13010	gliph2	huang
CASANRDRDVQYF	gliph2_13039	gliph2	huang
CSAPGQGAFGTQYF	gliph2_13046	gliph2	huang
CASSIIPRSSYNEQFF	gliph2_13050	gliph2	huang
CASATSPLTDTQYF	gliph2_13108	gliph2	huang
CSARSRTGKRLETQYF	gliph2_13113	gliph2	huang
CSARASMSSGEQFF	gliph2_13120	gliph2	huang
CASSNLQHTNNNQPQHF	gliph2_13163	gliph2	huang
CASSQDLRGDNEQFF	gliph2_13180	gliph2	huang
CASSSRTQSALGKQYF	gliph2_13189	gliph2	huang
CASTGTGDSPLHF	gliph2_13192	gliph2	huang
CASSYARTGRTGVSNQPQHF	gliph2_13193	gliph2	huang
CASTLAGGGYNEQFF	gliph2_13251	gliph2	huang
CASSYGIGGRASDETQYF	gliph2_13303	gliph2	huang
CASSPGTGGQPQHF	gliph2_13325	gliph2	huang
CSASRPGGAYEQYF	gliph2_13396	gliph2	huang
CASSPRDSGGAGSYEQYF	gliph2_13398	gliph2	huang
CASFKEGLEGYTF	gliph2_13400	gliph2	huang
CASSGRGEPRNIQYF	gliph2_13535	gliph2	huang
CASSSPRLARPIYGYTF	gliph2_13539	gliph2	huang
CASSSDRAGGHEQYF	gliph2_13561	gliph2	huang
CASSSRTWPHLNTEAFF	gliph2_13592	gliph2	huang
CASSIRKGGNTEAFF	gliph2_13609	gliph2	huang
CSAVAGQGSGSYNEQFF	gliph2_13622	gliph2	huang
CSVVGRNEQYF	gliph2_13661	gliph2	huang
CSARVPNGFWGYTF	gliph2_13665	gliph2	huang
CASGLGADQETQYF	gliph2_13718	gliph2	huang
CASSHRLASATFSNQPQHF	gliph2_13726	gliph2	huang
CSARVLASGSTDTQYF	gliph2_13771	gliph2	huang
CSARATGAINQPQHF	gliph2_13813	gliph2	huang
CASSSRDSHNYGYTF	gliph2_13829	gliph2	huang
CASGGLATDTQYF	gliph2_13850	gliph2	huang
CASSPRWGANTEAFF	gliph2_13858	gliph2	huang
CSAQSGGANGELFF	gliph2_13892	gliph2	huang
CASSLVSGGRHPEQFF	gliph2_13945	gliph2	huang
CASSPGSYNSPLHF	gliph2_13956	gliph2	huang
CSARMSDRATEAFF	gliph2_13985	gliph2	huang
CASSHRRTTDTQYF	gliph2_13997	gliph2	huang
CASSPRSGGSWTEAFF	gliph2_14000	gliph2	huang
CASSEDANEQFF	gliph2_14032	gliph2	huang
CASTLTGHTGELFF	gliph2_14036	gliph2	huang
CASRGGGHNTGELFF	gliph2_14042	gliph2	huang
CASSSTRLAVYEQYF	gliph2_14049	gliph2	huang
CSATQGMETQYF	gliph2_14075	gliph2	huang
CASTFLKASEKFF	gliph2_14083	gliph2	huang
CASSFTTHHPQGYEQYF	gliph2_14100	gliph2	huang
CSASRDSEQFF	gliph2_14107	gliph2	huang
CAISGLGDRESEQYF	gliph2_14109	gliph2	huang
CASSLGRGGEQETQYF	gliph2_14143	gliph2	huang
CASSYLGQDGGETQYF	gliph2_14177	gliph2	huang
CASSQGQGHEQYF	gliph2_14190	gliph2	huang
CASSFGAIYGEQYF	gliph2_14199	gliph2	huang
CAWSVQGRISGNTIYF	gliph2_14209	gliph2	huang
CASSPGTAKTEAFF	gliph2_14216	gliph2	huang
CASSRGQGGNTEAFF	gliph2_14227	gliph2	huang
CSAKKTRETNTEAFF	gliph2_14229	gliph2	huang
CASTPGGSGGTYNEQFF	gliph2_14238	gliph2	huang
CASSSTTANTEAFF	gliph2_14256	gliph2	huang
CASSGVQGTTGELFF	gliph2_14264	gliph2	huang
CASSESLPSSGANVLTF	gliph2_14268	gliph2	huang
CASSLEGLATYNEQFF	gliph2_14322	gliph2	huang
CASTKGALGETQYF	gliph2_14333	gliph2	huang
CASSLSWGNTDTQYF	gliph2_14350	gliph2	huang
CATSGSRQYF	gliph2_14351	gliph2	huang
CASSRRGGLAGSDTQYF	gliph2_14389	gliph2	huang
CASSQVQGPGELFF	gliph2_14411	gliph2	huang
CATSNVRNTGELFF	gliph2_14422	gliph2	huang
CASSPGLAAGDEQFF	gliph2_14434	gliph2	huang
CASGPGGTYEQYF	gliph2_14454	gliph2	huang
CASSTTSGGARDTQYF	gliph2_14539	gliph2	huang
CSARVETSSLGEQFF	gliph2_14554	gliph2	huang
CASSQAFAGVTDTQYF	gliph2_14586	gliph2	huang
CASSLRGQGANEKLFF	gliph2_14606	gliph2	huang
CASSDSPRANVLTF	gliph2_14653	gliph2	huang
CASSLHGGQNNSPLHF	gliph2_14660	gliph2	huang
CASSGTGRKYEQYF	gliph2_14690	gliph2	huang
CASSLLGGAQETQYF	gliph2_14691	gliph2	huang
CASSFLSTDTQYF	gliph2_14716	gliph2	huang
CASSYHLTGTEAFF	gliph2_14745	gliph2	huang
CASRGRDGGRNTEAFF	gliph2_14758	gliph2	huang
CASSSQGDFGTGEQFF	gliph2_14772	gliph2	huang
CASSQEAASAGPSTDTQYF	gliph2_14785	gliph2	huang
CAWRRDPAGGAFF	gliph2_14786	gliph2	huang
CASSLSGYRTGELFF	gliph2_14788	gliph2	huang
CSTLTEEVAFF	gliph2_14804	gliph2	huang
CASSDFSTNTEAFF	gliph2_14826	gliph2	huang
CSARLTGDRETQYF	gliph2_14827	gliph2	huang
CASSARERGAPLSTDTQYF	gliph2_14856	gliph2	huang
CSVAGVGNTEAFF	gliph2_14884	gliph2	huang
CASSQGISVWGYTF	gliph2_14984	gliph2	huang
CASSLNGGMRTDTQYF	gliph2_14994	gliph2	huang
CASSYSVDRYNQPQHF	gliph2_15068	gliph2	huang
CSALKGQINTEAFF	gliph2_15079	gliph2	huang
CASSIGGTLAKNIQYF	gliph2_15081	gliph2	huang
CASSLSPGGDGYTF	gliph2_15148	gliph2	huang
CAWSVSPNYGYTF	gliph2_15153	gliph2	huang
CASSLYADSNQPQHF	gliph2_15184	gliph2	huang
CASSLRGVSWETQYF	gliph2_15268	gliph2	huang
CASRPDVPNTGELFF	gliph2_15270	gliph2	huang
CASSLVTGGGYGYTF	gliph2_15288	gliph2	huang
CASSDTVVNQPQHF	gliph2_15321	gliph2	huang
CASSREGGLAAYEQYF	gliph2_15341	gliph2	huang
CASSLDVSGARGYTF	gliph2_15362	gliph2	huang
CASSLMGPGANVLTF	gliph2_15435	gliph2	huang
CASSLAFLGSREQFF	gliph2_15446	gliph2	huang
CSAREASGYTDTQYF	gliph2_15456	gliph2	huang
CASSFALGSKNTEAFF	gliph2_15462	gliph2	huang
CASSLTERSYNEQFF	gliph2_15465	gliph2	huang
CSARDPTANSPLHF	gliph2_15472	gliph2	huang
CASSVSPNPDRSYTF	gliph2_15475	gliph2	huang
CASSLSSGGRETQYF	gliph2_15494	gliph2	huang
CSTGPGQGAVEQYF	gliph2_15545	gliph2	huang
CASSQDPGRGPARGNSPLHF	gliph2_15546	gliph2	huang
CSARGTSGVQYF	gliph2_15552	gliph2	huang
CSVVSSGTGPYGYTF	gliph2_15567	gliph2	huang
CASRPSGYEQYF	gliph2_15596	gliph2	huang
CASRPGQSEGHGYTF	gliph2_15620	gliph2	huang
CASSIDLKGTDYGYTF	gliph2_15742	gliph2	huang
CASGDRENSPLHF	gliph2_15767	gliph2	huang
CASSRLEGLGAFF	gliph2_15814	gliph2	huang
CASSFSDLNTEAFF	gliph2_15831	gliph2	huang
CASSPAGATYNEQFF	gliph2_15850	gliph2	huang
CSALYIGSGGRTDTQYF	gliph2_15855	gliph2	huang
CASSPAGGNIQYF	gliph2_15929	gliph2	huang
CSARQGRGYTF	gliph2_15933	gliph2	huang
CASSPRALNTGELFF	gliph2_15934	gliph2	huang
CSAARGAGFGSPLHF	gliph2_15975	gliph2	huang
CASSLALAGGGRLSGANVLTF	gliph2_15976	gliph2	huang
CASALGGAYGYTF	gliph2_15977	gliph2	huang
CASTPGNDGGVVSPLHF	gliph2_15999	gliph2	huang
CASMIGGNTIYF	gliph2_16044	gliph2	huang
CSARDTLAKNIQYF	gliph2_16067	gliph2	huang
CASGGPDGNEKLFF	gliph2_16073	gliph2	huang
CASSLFADSPLHF	gliph2_16074	gliph2	huang
CASSFTGGVTNEKLFF	gliph2_16091	gliph2	huang
CASSQGRSGGADTQYF	gliph2_16102	gliph2	huang
