CDR3b	TRBV	TRBJ	patient	HLA	counts
CASRDRGLSYEQYF	TRBV10-3	NA	01/1016	NA	1
CASRLGLAGLTQETQYF	TRBV5-1	NA	01/1016	NA	3
CASRPGLWGEQFF	TRBV28	NA	01/1016	NA	2
CASRQAGRDEQFF	TRBV6-1	NA	01/1016	NA	1
CASRSRGGRTYNEQFF	TRBV6-2	NA	01/1016	NA	2
CASSDPKGPYRSYNEQFF	TRBV25-1	NA	01/1016	NA	2
CASSEGVRDPTNEKLFF	TRBV25-1	NA	01/1016	NA	2
CASSFEKGISSPLHF	TRBV5-4	NA	01/1016	NA	4
CASSFQTGTSGRSSYEQYF	TRBV28	NA	01/1016	NA	1
CASSGRDRGPGYTF	TRBV5-4	NA	01/1016	NA	4
CASSGVQGTTGELFF	TRBV2	NA	01/1016	NA	1
CASSLAAYYNEQFF	TRBV5-1	NA	01/1016	NA	3
CASSLDGTGQYEQYF	TRBV5-4	NA	01/1016	NA	1
CASSLEGSRTSSYNEQFF	TRBV5-1	NA	01/1016	NA	4
CASSLELATDTQYF	TRBV11-2	NA	01/1016	NA	2
CASSLEPEETQYF	TRBV11-2	NA	01/1016	NA	6
CASSLFLDQPQHF	TRBV7-2	NA	01/1016	NA	1
CASSLGALRGGARWEQYF	TRBV7-8	NA	01/1016	NA	1
CASSLGGDGYTF	TRBV7-8	NA	01/1016	NA	1
CASSLGGGRGPYEQYF	TRBV27	NA	01/1016	NA	1
CASSLGGSGEKLFF	TRBV28	NA	01/1016	NA	1
CASSLLTSGSNEQYF	TRBV6-5	NA	01/1016	NA	2
CASSLNPQGATNEKLFF	TRBV5-1	NA	01/1016	NA	3
CASSLNSNQPQHF	TRBV5-5	NA	01/1016	NA	2
CASSLQGETYEQYF	TRBV11-3	NA	01/1016	NA	2
CASSLRNTGELFF	TRBV18	NA	01/1016	NA	1
CASSLSGGGEETQYF	TRBV28	NA	01/1016	NA	7
CASSLSTGVNTEAFF	TRBV27	NA	01/1016	NA	3
CASSLTVPETQYF	TRBV5-6	NA	01/1016	NA	2
CASSLYLGTLTDTQYF	TRBV5-6	NA	01/1016	NA	3
CASSNRGSGSGNEQFF	TRBV19	NA	01/1016	NA	3
CASSPDKILGQYF	TRBV18	NA	01/1016	NA	4
CASSPFWGTGELFF	TRBV27	NA	01/1016	NA	1
CASSPGDGNTEAFF	TRBV27	NA	01/1016	NA	1
CASSPGGRGNQPQHF	TRBV5-1	NA	01/1016	NA	2
CASSPGLAGNTDTQYF	TRBV5-1	NA	01/1016	NA	1
CASSPGQNTEKLFF	TRBV5-8	NA	01/1016	NA	1
CASSPGTSYEQYF	TRBV7-7	NA	01/1016	NA	2
CASSPLVAGSSYEQYF	TRBV12-3	NA	01/1016	NA	1
CASSPQQGLRETQYF	TRBV7-6	NA	01/1016	NA	1
CASSPRGSWGANVLTF	TRBV6-5	NA	01/1016	NA	2
CASSPRGTGSDEQYF	TRBV18	NA	01/1016	NA	4
CASSPTSGSTGELFF	TRBV6-4	NA	01/1016	NA	3
CASSQARGTGGLFF	TRBV4-2	NA	01/1016	NA	1
CASSQDAGLLYNEQFF	TRBV3-1	NA	01/1016	NA	3
CASSQDTRSPLHF	TRBV14	NA	01/1016	NA	2
CASSQEPGGTDTQYF	TRBV3-1	NA	01/1016	NA	7
CASSQGAGGNTEAFF	TRBV3-1	NA	01/1016	NA	1
CASSQGLAQPQETQYF	TRBV3-1	NA	01/1016	NA	2
CASSQGLGGNTIYF	TRBV3-1	NA	01/1016	NA	2
CASSQVIVPHHSYEQYF	TRBV4-1	NA	01/1016	NA	1
CASSSASTGELFF	TRBV7-2	NA	01/1016	NA	3
CASSSGQLSVGEQFF	TRBV5-1	NA	01/1016	NA	3
CASSSITRIAGGTGELFF	TRBV11-3	NA	01/1016	NA	3
CASSSQGPTSEQFF	TRBV2	NA	01/1016	NA	1
CASSVPDTGYYEQYF	TRBV28	NA	01/1016	NA	3
CASSVSPWGTGNTIYF	TRBV9	NA	01/1016	NA	1
CASSWEGGPLGTDTQYF	TRBV5-4	NA	01/1016	NA	16
CASSYVNTGELFF	TRBV11-1	NA	01/1016	NA	3
CASTFLKASEKFF	TRBV2	NA	01/1016	NA	1
CASTHGLAVYNEQFF	TRBV12-3	NA	01/1016	NA	2
CASTLTGHTGELFF	TRBV6-2	NA	01/1016	NA	3
CASVGHTEAFF	TRBV12-3	NA	01/1016	NA	2
CATRRGVNEKLFF	TRBV15	NA	01/1016	NA	3
CAWSAEGYEQYF	TRBV30	NA	01/1016	NA	2
CAWSVPNQPQHF	TRBV30	NA	01/1016	NA	2
CRAGQEPGGGGEKLFF	TRBV20-1	NA	01/1016	NA	2
CSAAARRRNLETQYF	TRBV20-1	NA	01/1016	NA	5
CSAAGQSDTGELFF	TRBV29-1	NA	01/1016	NA	10
CSAASGLGVSGAKNIQYF	TRBV20-1	NA	01/1016	NA	3
CSAEGRSYGYTF	TRBV20-1	NA	01/1016	NA	2
CSAGATGPMNTEAFF	TRBV20-1	NA	01/1016	NA	3
CSAGQGADTEAFF	TRBV20-1	NA	01/1016	NA	8
CSAGSGSDYNEQFF	TRBV20-1	NA	01/1016	NA	1
CSALDRVKAGANVLTF	TRBV20-1	NA	01/1016	NA	8
CSAPTLWGELAKNIQYF	TRBV20-1	NA	01/1016	NA	3
CSAQKIGGGNYGYTF	TRBV20-1	NA	01/1016	NA	14
CSARASGSWNTGELFF	TRBV20-1	NA	01/1016	NA	3
CSARDRTGDEKLFF	TRBV20-1	NA	01/1016	NA	9
CSARDRTLGSYNEQFF	TRBV20-1	NA	01/1016	NA	6
CSARDRTSGSRYEQYF	TRBV20-1	NA	01/1016	NA	5
CSARDVTSEHNEQFF	TRBV20-1	NA	01/1016	NA	3
CSARDWVAGGRVTDTQYF	TRBV20-1	NA	01/1016	NA	4
CSARGLAGDTGELFF	TRBV20-1	NA	01/1016	NA	1
CSARGQETQYF	TRBV20-1	NA	01/1016	NA	4
CSARGTSGVQYF	TRBV20-1	NA	01/1016	NA	2
CSARKASGDNEQFF	TRBV20-1	NA	01/1016	NA	4
CSARLGSEQYF	TRBV20-1	NA	01/1016	NA	3
CSARLSSVSSYEQYF	TRBV20-1	NA	01/1016	NA	8
CSARNSNQPQHF	TRBV20-1	NA	01/1016	NA	2
CSARVGLALETQYF	TRBV20-1	NA	01/1016	NA	1
CSARVLGQGASDTQYF	TRBV20-1	NA	01/1016	NA	1
CSARVRDRVYEQYF	TRBV20-1	NA	01/1016	NA	2
CSASDSYEQYF	TRBV20-1	NA	01/1016	NA	1
CSASGGLAGPRMSSYNEQFF	TRBV20-1	NA	01/1016	NA	4
CSASRGRGNTEAFF	TRBV20-1	NA	01/1016	NA	1
CSASRQGKGTGELFF	TRBV20-1	NA	01/1016	NA	4
CSASTSGDQPQHF	TRBV20-1	NA	01/1016	NA	2
CSATDTGELFF	TRBV20-1	NA	01/1016	NA	1
CSATGTAHGYTF	TRBV20-1	NA	01/1016	NA	3
CSATNRGTVGYTF	TRBV20-1	NA	01/1016	NA	3
CSATQLLAGRNEQFF	TRBV20-1	NA	01/1016	NA	8
CSATRTGNNQPQHF	TRBV20-1	NA	01/1016	NA	5
CSAVDRLVAGANVLTF	TRBV20-1	NA	01/1016	NA	4
CSAYSPGLAGFQETQYF	TRBV20-1	NA	01/1016	NA	4
CSAYYTTGSSYEQYF	TRBV20-1	NA	01/1016	NA	3
CSETSGGTDTQYF	TRBV29-1	NA	01/1016	NA	3
CSGLRVQETQYF	TRBV20-1	NA	01/1016	NA	3
CSSSGGPGLAGASYNEQFF	TRBV20-1	NA	01/1016	NA	3
CSTGPGQGAVEQYF	TRBV20-1	NA	01/1016	NA	1
CSTLTEEVAFF	TRBV29-1	NA	01/1016	NA	1
CSVDSGTQYF	TRBV29-1	NA	01/1016	NA	2
CSVDVDEAFF	TRBV29-1	NA	01/1016	NA	2
CSVEVGNTIYF	TRBV29-1	NA	01/1016	NA	3
CSVPQGGGTGELFF	TRBV29-1	NA	01/1016	NA	3
CSVVGQGGSGELFF	TRBV29-1	NA	01/1016	NA	6
CAASSGTSGRRAGELFF	TRBV10-3	NA	01/1016	NA	1
CAGKRDRQGTQYF	TRBV30	NA	01/1016	NA	1
CAGTGSGANILTF	TRBV18	NA	01/1016	NA	1
CAIDSGLAGAKNNEQFF	TRBV10-3	NA	01/1016	NA	1
CAIGERGYGYTF	TRBV10-3	NA	01/1016	NA	1
CAIGTYYLAGNQPQHF	TRBV28	NA	01/1016	NA	2
CAIRAELYTEAFF	TRBV10-3	NA	01/1016	NA	1
CAIREAAKDYEQYF	TRBV10-3	NA	01/1016	NA	1
CAIREGSYNEQFF	TRBV12-3	NA	01/1016	NA	1
CAIRGGVEQYF	TRBV10-3	NA	01/1016	NA	1
CAIRGVAAPYEQYF	TRBV10-3	NA	01/1016	NA	1
CAIRKTDYQPQHF	TRBV28	NA	01/1016	NA	2
CAIRSPDSTYEQYF	TRBV10-3	NA	01/1016	NA	1
CAIRYSGIYNEQFF	TRBV10-3	NA	01/1016	NA	1
CAISDGQSMNTEAFF	TRBV10-3	NA	01/1016	NA	1
CAISDPTRVANIQYF	TRBV10-3	NA	01/1016	NA	1
CAISDSAGGEKLFF	TRBV10-3	NA	01/1016	NA	3
CAISEALGNEQFF	TRBV10-3	NA	01/1016	NA	1
CAISEFWTGRTYEQYF	TRBV10-3	NA	01/1016	NA	1
CAISEREELYEQYF	TRBV10-3	NA	01/1016	NA	1
CAISESGGSSYNEQFF	TRBV10-3	NA	01/1016	NA	1
CAISESGQALKSGELFF	TRBV10-3	NA	01/1016	NA	1
CAISESLGTYEQYF	TRBV10-3	NA	01/1016	NA	1
CAISESNRERGGYTF	TRBV10-3	NA	01/1016	NA	1
CAISETSRLAEGSHEQYF	TRBV10-3	NA	01/1016	NA	1
CAISFVTTPAGQNNEQFF	TRBV10-3	NA	01/1016	NA	1
CAISPKGEGPMNTEALF	TRBV3-1	NA	01/1016	NA	1
CAISRQGHGEQYF	TRBV10-3	NA	01/1016	NA	1
CAISRTSGDYNEQFF	TRBV10-3	NA	01/1016	NA	1
CAISVGSNQPQHF	TRBV10-3	NA	01/1016	NA	1
CAITADSSGNTIYF	TRBV10-3	NA	01/1016	NA	1
CAKEVAGVPPTDTQYF	TRBV12-5	NA	01/1016	NA	1
CAPPTGWEGDEQFF	TRBV28	NA	01/1016	NA	1
CARGGVPTQYF	TRBV30	NA	01/1016	NA	1
CARKGQVPQSPLHF	TRBV2	NA	01/1016	NA	2
CARPFQFF	TRBV7-2	NA	01/1016	NA	1
CARRPGGNTEAFF	TRBV19	NA	01/1016	NA	1
CASALITSGTGEGNIQYF	TRBV5-1	NA	01/1016	NA	1
CASARGNWDYGYTF	TRBV19	NA	01/1016	NA	1
CASCGSSYNSPLHF	TRBV7-8	NA	01/1016	NA	2
CASCLFGGGNSPLHF	TRBV2	NA	01/1016	NA	1
CASDRDRNTGELFF	TRBV11-2	NA	01/1016	NA	1
CASFKTGYTDTQYF	TRBV7-3	NA	01/1016	NA	2
CASGGLAGVIDTQYF	TRBV2	NA	01/1016	NA	1
CASGGTPYEQYF	TRBV27	NA	01/1016	NA	1
CASGLVLGGRFPTDTQYF	TRBV12-5	NA	01/1016	NA	1
CASGLVLGLQETQYF	TRBV12-5	NA	01/1016	NA	1
CASGLVLGQGAKTQYF	TRBV12-5	NA	01/1016	NA	1
CASGPGLAGVLGANVLTF	TRBV7-2	NA	01/1016	NA	1
CASGRGSNYGYTF	TRBV6-5	NA	01/1016	NA	1
CASGRPGSHTEAFF	TRBV25-1	NA	01/1016	NA	2
CASGSNSGANVLTF	TRBV25-1	NA	01/1016	NA	1
CASGSTGDYGYTF	TRBV12-5	NA	01/1016	NA	3
CASGTRLAGVNHEQYF	TRBV12-5	NA	01/1016	NA	1
CASHRASYNSPLHF	TRBV6-5	NA	01/1016	NA	1
CASHSLANRGIRVASGELFF	TRBV12-3	NA	01/1016	NA	1
CASIASGTGGADTQYF	TRBV28	NA	01/1016	NA	2
CASIGYTGELFF	TRBV28	NA	01/1016	NA	2
CASISAGGQETQYF	TRBV28	NA	01/1016	NA	1
CASISVSYEQYF	TRBV25-1	NA	01/1016	NA	1
CASIYSRDSAGNTIYF	TRBV6-1	NA	01/1016	NA	1
CASKDGTSGSGEQFF	TRBV19	NA	01/1016	NA	1
CASKGGGQGLAGIGTQYF	TRBV4-2	NA	01/1016	NA	1
CASKGTEGSNQPQHF	TRBV27	NA	01/1016	NA	1
CASKRAAANGANVLTF	TRBV27	NA	01/1016	NA	2
CASKSQGQGGVAGTDTQYF	TRBV28	NA	01/1016	NA	1
CASKVTFQEAFF	TRBV12-3	NA	01/1016	NA	1
CASLLGGGAGGLFF	TRBV28	NA	01/1016	NA	1
CASLRGTNEQFF	TRBV6-1	NA	01/1016	NA	1
CASLTTENTEAFF	TRBV18	NA	01/1016	NA	1
CASMEAPISTDTQYF	TRBV5-1	NA	01/1016	NA	2
CASMRETEQYF	TRBV28	NA	01/1016	NA	4
CASMTGRDTYEQYF	TRBV2	NA	01/1016	NA	1
CASNGRAMETQYF	TRBV2	NA	01/1016	NA	1
CASNLRRPSGSDTQYF	TRBV11-1	NA	01/1016	NA	1
CASNRAGTEQFF	TRBV2	NA	01/1016	NA	1
CASNRINEKLFF	TRBV28	NA	01/1016	NA	1
CASNSPGSAYEQYF	TRBV6-1	NA	01/1016	NA	1
CASNWGGKDGYTF	TRBV30	NA	01/1016	NA	1
CASNWGGRQETQYF	TRBV5-4	NA	01/1016	NA	1
CASPEGGTNVGGQYF	TRBV12-4	NA	01/1016	NA	2
CASQGPQETQYF	TRBV28	NA	01/1016	NA	2
CASQRNTEAFF	TRBV28	NA	01/1016	NA	1
CASRAEDKGSYEQYF	TRBV7-2	NA	01/1016	NA	2
CASRATGLDFAGTGELFF	TRBV7-8	NA	01/1016	NA	1
CASRAVSGSDEQYF	TRBV2	NA	01/1016	NA	2
CASRAVYGSDEQYF	TRBV2	NA	01/1016	NA	1
CASRDRETDTQYF	TRBV6-6	NA	01/1016	NA	3
CASRDRGDTEAFF	TRBV28	NA	01/1016	NA	1
CASRDRGLSNEQYF	TRBV6-5	NA	01/1016	NA	1
CASRDSSGANVLTF	TRBV2	NA	01/1016	NA	1
CASRDTGGVGGGTDTQYF	TRBV10-2	NA	01/1016	NA	1
CASREGDGEKLFF	TRBV7-2	NA	01/1016	NA	1
CASREGLADTDTQYF	TRBV2	NA	01/1016	NA	1
CASRFNPIGNSPLHF	TRBV5-1	NA	01/1016	NA	1
CASRFSRQGTRAFF	TRBV27	NA	01/1016	NA	1
CASRGDRGGTGELFF	TRBV27	NA	01/1016	NA	1
CASRGLAGPGAEQYF	TRBV2	NA	01/1016	NA	1
CASRGLLAGTGELFF	TRBV6-6	NA	01/1016	NA	1
CASRISRDTGELFF	TRBV27	NA	01/1016	NA	1
CASRKGLYEQYF	TRBV5-1	NA	01/1016	NA	2
CASRLDSGPYGYTF	TRBV5-4	NA	01/1016	NA	1
CASRMGQEAFF	TRBV2	NA	01/1016	NA	1
CASRNLGLARGTGELFF	TRBV28	NA	01/1016	NA	1
CASRPGGGPSYNEQFF	TRBV10-2	NA	01/1016	NA	1
CASRPIAATDTQYF	TRBV6-5	NA	01/1016	NA	1
CASRPLLGAPPYGYTF	TRBV5-1	NA	01/1016	NA	1
CASRPPLLATLYNEQFF	TRBV28	NA	01/1016	NA	1
CASRPRRRTSLGTGELFF	TRBV7-3	NA	01/1016	NA	1
CASRPSGYEQYF	TRBV6-1	NA	01/1016	NA	3
CASRPSTDTQYF	TRBV28	NA	01/1016	NA	1
CASRPVGGGPAEAFF	TRBV19	NA	01/1016	NA	1
CASRRDRKTGELFF	TRBV12-3	NA	01/1016	NA	1
CASRRGTYEQYF	TRBV10-2	NA	01/1016	NA	1
CASRRSGRRPEQYF	TRBV6-5	NA	01/1016	NA	1
CASRRSTDTQYF	TRBV27	NA	01/1016	NA	2
CASRSGAPRSYEQYF	TRBV12-3	NA	01/1016	NA	1
CASRSGLMNTEAFF	TRBV6-2	NA	01/1016	NA	1
CASRSGRLGSYEQYF	TRBV27	NA	01/1016	NA	2
CASRSGYSSYEQYF	TRBV6-5	NA	01/1016	NA	1
CASRSHGRSTEAFF	TRBV6-5	NA	01/1016	NA	1
CASRSLEDWGRSGANVLTF	TRBV11-2	NA	01/1016	NA	1
CASRSRREFPHYNEQFF	TRBV5-1	NA	01/1016	NA	2
CASRSSGRADEQFF	TRBV6-5	NA	01/1016	NA	2
CASRSSGRQDHEQYF	TRBV28	NA	01/1016	NA	2
CASRTGQVVDTQYF	TRBV12-3	NA	01/1016	NA	1
CASRTGSNQPQHF	TRBV12-3	NA	01/1016	NA	1
CASRTGTGGVQPQHF	TRBV12-3	NA	01/1016	NA	1
CASRVSSGSSGELFF	TRBV6-1	NA	01/1016	NA	1
CASRYGGDSYEQYF	TRBV12-4	NA	01/1016	NA	2
CASSAAAGTDTQYF	TRBV6-4	NA	01/1016	NA	1
CASSADAGGYNEQFF	TRBV5-4	NA	01/1016	NA	2
CASSAGGTYGANVLTF	TRBV9	NA	01/1016	NA	1
CASSAGTGTDTQYF	TRBV25-1	NA	01/1016	NA	1
CASSAGVGETQYF	TRBV10-1	NA	01/1016	NA	1
CASSAQPTVYSNQPQHF	TRBV6-1	NA	01/1016	NA	1
CASSARTANSPLHF	TRBV9	NA	01/1016	NA	2
CASSASNSNQPQHF	TRBV2	NA	01/1016	NA	1
CASSASRTGQATDTQYF	TRBV25-1	NA	01/1016	NA	1
CASSASTGGNQPQHF	TRBV5-1	NA	01/1016	NA	2
CASSATDRNQPQHF	TRBV2	NA	01/1016	NA	1
CASSCLQGASGRTYNEQFF	TRBV7-3	NA	01/1016	NA	1
CASSDEGEPQHF	TRBV18	NA	01/1016	NA	1
CASSDGLASGRVGSKNIQYF	TRBV2	NA	01/1016	NA	3
CASSDGLRDPPYNEQFF	TRBV6-1	NA	01/1016	NA	2
CASSDMTDMNTEAFF	TRBV25-1	NA	01/1016	NA	2
CASSDRGAANTEAFF	TRBV25-1	NA	01/1016	NA	1
CASSDRGHKNRDSSTDTQYF	TRBV25-1	NA	01/1016	NA	2
CASSDSGSRYEQYF	TRBV25-1	NA	01/1016	NA	1
CASSDTSGNTDTQYF	TRBV4-2	NA	01/1016	NA	1
CASSEAHGNTIYF	TRBV6-1	NA	01/1016	NA	1
CASSEATGGGSAKFF	TRBV6-1	NA	01/1016	NA	1
CASSEFELAGASYNEQFF	TRBV25-1	NA	01/1016	NA	1
CASSEGAVSGNTIYF	TRBV10-2	NA	01/1016	NA	2
CASSEGDQPQHF	TRBV10-2	NA	01/1016	NA	1
CASSEGEGQPQHF	TRBV18	NA	01/1016	NA	1
CASSEGLAGWDEQFF	TRBV5-4	NA	01/1016	NA	2
CASSEGQGPAGNQPQHF	TRBV25-1	NA	01/1016	NA	3
CASSEGRGGRVQETQYF	TRBV11-2	NA	01/1016	NA	3
CASSEGRTSGRKDSTDTQYF	TRBV25-1	NA	01/1016	NA	4
CASSELDYSPLHF	TRBV25-1	NA	01/1016	NA	1
CASSELLAESSYEQYF	TRBV25-1	NA	01/1016	NA	1
CASSELRTGYNEQFF	TRBV10-1	NA	01/1016	NA	1
CASSENPNQPQHF	TRBV6-1	NA	01/1016	NA	2
CASSEPGREQYF	TRBV27	NA	01/1016	NA	1
CASSEQGRNQPQHF	TRBV28	NA	01/1016	NA	1
CASSESGLGSQETQYF	TRBV5-6	NA	01/1016	NA	1
CASSESGVGNQPQHF	TRBV25-1	NA	01/1016	NA	4
CASSESPYEGAYGYTF	TRBV25-1	NA	01/1016	NA	5
CASSETPKETQYF	TRBV25-1	NA	01/1016	NA	1
CASSETRDTQYF	TRBV25-1	NA	01/1016	NA	2
CASSEVQGHYEQYF	TRBV25-1	NA	01/1016	NA	1
CASSEVWGRDYGYTF	TRBV6-1	NA	01/1016	NA	1
CASSEYNEQFF	TRBV7-2	NA	01/1016	NA	1
CASSEYTGVKAEAFF	TRBV25-1	NA	01/1016	NA	1
CASSFARNTEAFF	TRBV7-7	NA	01/1016	NA	1
CASSFDRGPGLVRSSYNEQFF	TRBV5-1	NA	01/1016	NA	1
CASSFDRSDYEQYF	TRBV12-4	NA	01/1016	NA	1
CASSFDSGLYNEQFF	TRBV5-4	NA	01/1016	NA	1
CASSFDSGTFYEQYF	TRBV5-4	NA	01/1016	NA	4
CASSFEETQYF	TRBV7-2	NA	01/1016	NA	2
CASSFGESYGYTF	TRBV11-2	NA	01/1016	NA	1
CASSFGGGLYEQFF	TRBV28	NA	01/1016	NA	1
CASSFGGRAFYEQYF	TRBV28	NA	01/1016	NA	1
CASSFGGSGGDTQYF	TRBV5-8	NA	01/1016	NA	1
CASSFGPRGEQYF	TRBV7-3	NA	01/1016	NA	1
CASSFGQAYSYEQYF	TRBV14	NA	01/1016	NA	1
CASSFGRLAYPEQYF	TRBV12-4	NA	01/1016	NA	1
CASSFGSRGILVYGYTF	TRBV5-1	NA	01/1016	NA	4
CASSFLSLGRLNTEAFF	TRBV27	NA	01/1016	NA	1
CASSFNGESEAFF	TRBV5-1	NA	01/1016	NA	1
CASSFNLDYEQYF	TRBV5-4	NA	01/1016	NA	2
CASSFNRAGNEQFF	TRBV7-8	NA	01/1016	NA	1
CASSFNRNTEAFF	TRBV5-1	NA	01/1016	NA	1
CASSFPGGQETQYF	TRBV28	NA	01/1016	NA	1
CASSFQDSDSPLHF	TRBV7-9	NA	01/1016	NA	2
CASSFQPGGANVLTF	TRBV7-3	NA	01/1016	NA	1
CASSFQREERYNEQFF	TRBV7-9	NA	01/1016	NA	2
CASSFRDSLFYGYTF	TRBV5-8	NA	01/1016	NA	1
CASSFRGGQGAGETQYF	TRBV12-4	NA	01/1016	NA	1
CASSFRQGSSYEQYF	TRBV7-8	NA	01/1016	NA	1
CASSFRTGLSGANVLTF	TRBV27	NA	01/1016	NA	1
CASSFRTGVTDTQYF	TRBV6-5	NA	01/1016	NA	1
CASSFRTSGRPAYNEQFF	TRBV12-4	NA	01/1016	NA	1
CASSFRTYEQYF	TRBV12-3	NA	01/1016	NA	1
CASSFSRQGGEAFF	TRBV27	NA	01/1016	NA	1
CASSFSSSGFQETQYF	TRBV7-2	NA	01/1016	NA	2
CASSFTANYGYTF	TRBV7-2	NA	01/1016	NA	2
CASSFTGLAGGTDTQYF	TRBV7-9	NA	01/1016	NA	1
CASSFTGRDYGYTF	TRBV28	NA	01/1016	NA	1
CASSFTLLGSYTQYF	TRBV7-2	NA	01/1016	NA	3
CASSFTPEVGTDTQYF	TRBV28	NA	01/1016	NA	1
CASSFVGRDEKLFF	TRBV27	NA	01/1016	NA	1
CASSFVTESNQPQHF	TRBV7-2	NA	01/1016	NA	1
CASSFYLGSMNTEAFF	TRBV11-2	NA	01/1016	NA	1
CASSGATGDSAYEQYF	TRBV28	NA	01/1016	NA	1
CASSGESGGQETQYF	TRBV25-1	NA	01/1016	NA	1
CASSGGQGGSHYGYTF	TRBV12-4	NA	01/1016	NA	1
CASSGIRRRLRLAGGHDEQFF	TRBV25-1	NA	01/1016	NA	1
CASSGIRRRLRLAGGHEEQFF	TRBV25-1	NA	01/1016	NA	1
CASSGLGPNTDTQYF	TRBV25-1	NA	01/1016	NA	1
CASSGMGPPNSTGELFF	TRBV6-7	NA	01/1016	NA	1
CASSGQNTGELFF	TRBV10-2	NA	01/1016	NA	1
CASSGQVYSNQPQHF	TRBV19	NA	01/1016	NA	1
CASSGRLAENEQFF	TRBV5-1	NA	01/1016	NA	1
CASSGSRDEQFF	TRBV28	NA	01/1016	NA	1
CASSGTGYQPQHF	TRBV2	NA	01/1016	NA	1
CASSGWDPTYEQYF	TRBV10-2	NA	01/1016	NA	1
CASSGWPDEKLFF	TRBV12-4	NA	01/1016	NA	1
CASSGWTSGSPNTGELFF	TRBV11-2	NA	01/1016	NA	2
CASSHAGRQINSPLHF	TRBV5-1	NA	01/1016	NA	1
CASSHGTANTEAFF	TRBV4-2	NA	01/1016	NA	1
CASSHNDRSGRAQYF	TRBV4-3	NA	01/1016	NA	1
CASSHPGRLRPAGEQFF	TRBV4-1	NA	01/1016	NA	1
CASSHQDSDSYEQYF	TRBV4-1	NA	01/1016	NA	1
CASSHQTGSYGYTF	TRBV4-3	NA	01/1016	NA	1
CASSHRVVDSDTQYF	TRBV12-3	NA	01/1016	NA	1
CASSHTIPRTNEKLFF	TRBV4-3	NA	01/1016	NA	1
CASSHVDRSYGYTF	TRBV7-9	NA	01/1016	NA	1
CASSIGLEETQYF	TRBV19	NA	01/1016	NA	1
CASSIGTGVTSSNQPQHF	TRBV19	NA	01/1016	NA	1
CASSIIGLAGAGEQFF	TRBV19	NA	01/1016	NA	1
CASSIKLTPKVEKLFF	TRBV18	NA	01/1016	NA	1
CASSILSNVGTEQFF	TRBV19	NA	01/1016	NA	1
CASSITRGNTEAFF	TRBV19	NA	01/1016	NA	1
CASSIVPTLGRGDGTEAFF	TRBV12-3	NA	01/1016	NA	3
CASSKDSGLPYEQYF	TRBV7-6	NA	01/1016	NA	1
CASSKGLVKVDEQFF	TRBV6-6	NA	01/1016	NA	1
CASSKQDSSYEQYF	TRBV9	NA	01/1016	NA	3
CASSKSGDTEAFF	TRBV27	NA	01/1016	NA	2
CASSLAANLEQFF	TRBV7-2	NA	01/1016	NA	1
CASSLAASGDYEQYF	TRBV7-2	NA	01/1016	NA	2
CASSLADRGLQETQYF	TRBV5-8	NA	01/1016	NA	1
CASSLAEGAKIEQYF	TRBV7-9	NA	01/1016	NA	1
CASSLAGPNTGELFF	TRBV5-4	NA	01/1016	NA	1
CASSLAGVTNTGELFF	TRBV5-1	NA	01/1016	NA	1
CASSLAGYSGANVLTF	TRBV5-1	NA	01/1016	NA	1
CASSLAKGLLYEQYF	TRBV7-7	NA	01/1016	NA	3
CASSLAKGSSYEQYF	TRBV7-7	NA	01/1016	NA	1
CASSLAKGTPLGDTQYF	TRBV5-1	NA	01/1016	NA	4
CASSLALNTEAFF	TRBV7-7	NA	01/1016	NA	2
CASSLALRERGDTQYF	TRBV12-3	NA	01/1016	NA	1
CASSLAMNTEAFF	TRBV7-6	NA	01/1016	NA	1
CASSLAPDLGSDEQFF	TRBV7-2	NA	01/1016	NA	1
CASSLAPETNIQYF	TRBV5-1	NA	01/1016	NA	2
CASSLAPGSTDTQYF	TRBV7-2	NA	01/1016	NA	1
CASSLAQFSGSANTGELFF	TRBV19	NA	01/1016	NA	1
CASSLAQGPLSYEQYF	TRBV7-6	NA	01/1016	NA	1
CASSLARGGAQAQYF	TRBV7-2	NA	01/1016	NA	1
CASSLASGRVQETQYF	TRBV7-2	NA	01/1016	NA	1
CASSLASGTGSNEQFF	TRBV10-2	NA	01/1016	NA	1
CASSLATGMGAEQYF	TRBV7-8	NA	01/1016	NA	1
CASSLATTAPNYGYTF	TRBV5-1	NA	01/1016	NA	1
CASSLDAGAWDYNEQFF	TRBV5-1	NA	01/1016	NA	1
CASSLDAHYTGQFF	TRBV11-3	NA	01/1016	NA	1
CASSLDANTEAFF	TRBV12-3	NA	01/1016	NA	1
CASSLDGAGGYTF	TRBV12-3	NA	01/1016	NA	2
CASSLDGDTQYF	TRBV5-5	NA	01/1016	NA	1
CASSLDGRAGSDEAFF	TRBV11-3	NA	01/1016	NA	1
CASSLDGSRYNEQFF	TRBV11-3	NA	01/1016	NA	2
CASSLDPEDANTGELFF	TRBV7-3	NA	01/1016	NA	2
CASSLDPEPSYEQYF	TRBV7-2	NA	01/1016	NA	1
CASSLDPGMNQPQHF	TRBV5-4	NA	01/1016	NA	3
CASSLDPSWPQHF	TRBV7-2	NA	01/1016	NA	3
CASSLDRASNTGELFF	TRBV7-8	NA	01/1016	NA	2
CASSLDRGGYTF	TRBV11-2	NA	01/1016	NA	1
CASSLDRGRNEQFF	TRBV5-1	NA	01/1016	NA	1
CASSLDRGSYEQYF	TRBV7-6	NA	01/1016	NA	1
CASSLDRNQETQYF	TRBV12-4	NA	01/1016	NA	2
CASSLDRVSNYGYTF	TRBV2	NA	01/1016	NA	1
CASSLDSGIFNEQFF	TRBV5-4	NA	01/1016	NA	3
CASSLDTTGALTDTQYF	TRBV5-1	NA	01/1016	NA	1
CASSLEGDQNIQYF	TRBV5-1	NA	01/1016	NA	3
CASSLEGTGLYNEQFF	TRBV5-1	NA	01/1016	NA	1
CASSLEGTYEQYF	TRBV12-4	NA	01/1016	NA	1
CASSLELGANVLTF	TRBV5-1	NA	01/1016	NA	1
CASSLEPDGRGTQYF	TRBV5-1	NA	01/1016	NA	1
CASSLEPPGQINEQFF	TRBV27	NA	01/1016	NA	2
CASSLETAGPYEQYF	TRBV27	NA	01/1016	NA	2
CASSLEVGRMNTEAFF	TRBV27	NA	01/1016	NA	1
CASSLEVVSNNEQFF	TRBV5-1	NA	01/1016	NA	1
CASSLGDGAGNTIYF	TRBV7-2	NA	01/1016	NA	3
CASSLGDWLISTDMQYF	TRBV11-1	NA	01/1016	NA	1
CASSLGDWLISTDTQYF	TRBV11-1	NA	01/1016	NA	1
CASSLGFWPGDSPRGYTF	TRBV7-2	NA	01/1016	NA	1
CASSLGGAASTDTQYF	TRBV7-8	NA	01/1016	NA	2
CASSLGGGGEAFF	TRBV7-9	NA	01/1016	NA	1
CASSLGGGQPQHF	TRBV12-3	NA	01/1016	NA	1
CASSLGGINAYEQYF	TRBV27	NA	01/1016	NA	1
CASSLGGRVYRAGELFF	TRBV7-9	NA	01/1016	NA	1
CASSLGGSAKNIQYF	TRBV7-2	NA	01/1016	NA	1
CASSLGGSLGEQYF	TRBV12-3	NA	01/1016	NA	1
CASSLGGSTYEQYF	TRBV12-3	NA	01/1016	NA	1
CASSLGGTLGEQFF	TRBV12-3	NA	01/1016	NA	1
CASSLGGTTGRDAASYNEQFF	TRBV7-9	NA	01/1016	NA	1
CASSLGLAGGRTGELFF	TRBV7-2	NA	01/1016	NA	2
CASSLGLLQVNTEAFF	TRBV7-8	NA	01/1016	NA	1
CASSLGLYNEQFF	TRBV7-3	NA	01/1016	NA	1
CASSLGPFNKQFF	TRBV7-8	NA	01/1016	NA	1
CASSLGPPGQGAFEQYF	TRBV7-2	NA	01/1016	NA	1
CASSLGPPQETQYF	TRBV5-1	NA	01/1016	NA	1
CASSLGPTSDYEQYF	TRBV27	NA	01/1016	NA	1
CASSLGPYNEQFF	TRBV7-8	NA	01/1016	NA	1
CASSLGQDNYGYTF	TRBV5-6	NA	01/1016	NA	2
CASSLGQGGHIQYF	TRBV7-2	NA	01/1016	NA	1
CASSLGQGNTEAFF	TRBV7-9	NA	01/1016	NA	1
CASSLGQGYPQHF	TRBV5-1	NA	01/1016	NA	1
CASSLGQHPGNEQFF	TRBV7-2	NA	01/1016	NA	3
CASSLGREGEQYF	TRBV28	NA	01/1016	NA	1
CASSLGRGPSRNEQFF	TRBV5-1	NA	01/1016	NA	5
CASSLGRGVGNQPQHF	TRBV7-8	NA	01/1016	NA	1
CASSLGSGRVQETQYF	TRBV7-2	NA	01/1016	NA	1
CASSLGVGGAETQYF	TRBV7-2	NA	01/1016	NA	1
CASSLGVPGYTEAFF	TRBV5-1	NA	01/1016	NA	1
CASSLGWGRETQYF	TRBV5-8	NA	01/1016	NA	1
CASSLGWNTGELFF	TRBV5-1	NA	01/1016	NA	1
CASSLGYNEQFF	TRBV4-2	NA	01/1016	NA	12
CASSLIAQGLGSEQYF	TRBV7-2	NA	01/1016	NA	1
CASSLISSGRAGETQYF	TRBV5-5	NA	01/1016	NA	1
CASSLKAGGTDTQYF	TRBV27	NA	01/1016	NA	1
CASSLKAGIPPEKLFF	TRBV11-2	NA	01/1016	NA	1
CASSLKPTWGEQFF	TRBV7-3	NA	01/1016	NA	1
CASSLLAGGPDEQYF	TRBV11-2	NA	01/1016	NA	1
CASSLLGLAETQYF	TRBV5-1	NA	01/1016	NA	1
CASSLLGQSETNTQYF	TRBV28	NA	01/1016	NA	1
CASSLLLAGALNEQFF	TRBV11-2	NA	01/1016	NA	1
CASSLLRDTGLPEQYF	TRBV28	NA	01/1016	NA	1
CASSLLRRGKNEQLF	TRBV28	NA	01/1016	NA	1
CASSLLRRLLNTEAFF	TRBV12-3	NA	01/1016	NA	1
CASSLLTSGGRYEQYF	TRBV11-2	NA	01/1016	NA	1
CASSLLTSGSNNEQFF	TRBV5-1	NA	01/1016	NA	1
CASSLMAGGQPQHF	TRBV5-1	NA	01/1016	NA	2
CASSLMPGQETQYF	TRBV11-2	NA	01/1016	NA	1
CASSLMPGSYEQYF	TRBV5-1	NA	01/1016	NA	4
CASSLMRGGGTGELFF	TRBV7-2	NA	01/1016	NA	1
CASSLNLDTQYF	TRBV11-2	NA	01/1016	NA	1
CASSLNRVSAEAFF	TRBV27	NA	01/1016	NA	1
CASSLNSRTLGTDTQYF	TRBV7-3	NA	01/1016	NA	1
CASSLNTGANNSPLHF	TRBV5-1	NA	01/1016	NA	3
CASSLPGTSGRALDTQYF	TRBV7-8	NA	01/1016	NA	1
CASSLPSGINEQFF	TRBV5-6	NA	01/1016	NA	2
CASSLPSSGSFSYEQYF	TRBV5-1	NA	01/1016	NA	1
CASSLPTFGEAFF	TRBV4-1	NA	01/1016	NA	3
CASSLQHNYGYTF	TRBV27	NA	01/1016	NA	2
CASSLQQGGRYEQYF	TRBV27	NA	01/1016	NA	2
CASSLQSNTEAFF	TRBV5-1	NA	01/1016	NA	1
CASSLQVREQPQHF	TRBV7-2	NA	01/1016	NA	1
CASSLRADEQFF	TRBV12-4	NA	01/1016	NA	1
CASSLRDRDTGELFF	TRBV4-3	NA	01/1016	NA	2
CASSLREGTGELFF	TRBV7-6	NA	01/1016	NA	3
CASSLRGWWETGNTIYF	TRBV5-6	NA	01/1016	NA	1
CASSLRLGGTTGELFF	TRBV4-2	NA	01/1016	NA	1
CASSLRLRDTQYF	TRBV7-8	NA	01/1016	NA	1
CASSLRRPSGSDTQYF	TRBV11-1	NA	01/1016	NA	1
CASSLRRQGSEQFF	TRBV27	NA	01/1016	NA	1
CASSLRSGPYGYTF	TRBV27	NA	01/1016	NA	1
CASSLRTGGQTEAFF	TRBV5-8	NA	01/1016	NA	1
CASSLRTVTDTQYF	TRBV18	NA	01/1016	NA	1
CASSLSFRNTEAFF	TRBV28	NA	01/1016	NA	1
CASSLSGGGITPQHF	TRBV5-1	NA	01/1016	NA	1
CASSLSGGQSEQYF	TRBV11-2	NA	01/1016	NA	1
CASSLSGTGEYEQYF	TRBV27	NA	01/1016	NA	1
CASSLSGTGRNEKLFF	TRBV5-5	NA	01/1016	NA	3
CASSLSGTSVNIQYF	TRBV27	NA	01/1016	NA	3
CASSLSGWRFEAFF	TRBV27	NA	01/1016	NA	1
CASSLSPDYQPQHF	TRBV27	NA	01/1016	NA	2
CASSLSPGENEQFF	TRBV7-2	NA	01/1016	NA	1
CASSLSRTGNYGYTF	TRBV7-2	NA	01/1016	NA	1
CASSLSRVRGGLTGELFF	TRBV27	NA	01/1016	NA	1
CASSLSSGSSYEQYF	TRBV7-2	NA	01/1016	NA	2
CASSLSWEGTSTREQFF	TRBV11-3	NA	01/1016	NA	1
CASSLTADTEAFF	TRBV7-3	NA	01/1016	NA	1
CASSLTANYGYTF	TRBV7-8	NA	01/1016	NA	2
CASSLTGGHGNQPQHF	TRBV7-2	NA	01/1016	NA	1
CASSLTGNGANVLTF	TRBV7-3	NA	01/1016	NA	1
CASSLTGQRVTEAFF	TRBV27	NA	01/1016	NA	2
CASSLTGTSASTDTQYF	TRBV7-3	NA	01/1016	NA	1
CASSLTGTSRQETQYF	TRBV11-1	NA	01/1016	NA	1
CASSLTLTGAGELFF	TRBV7-2	NA	01/1016	NA	1
CASSLTPGLAGIDTQYF	TRBV6-6	NA	01/1016	NA	1
CASSLVAVDGGEQFF	TRBV5-1	NA	01/1016	NA	1
CASSLVAWGQGRNQPQHF	TRBV12-3	NA	01/1016	NA	1
CASSLVFGLAVINEQFF	TRBV7-4	NA	01/1016	NA	1
CASSLVGHEVCREETQYF	TRBV5-6	NA	01/1016	NA	1
CASSLVGKSEAFF	TRBV27	NA	01/1016	NA	1
CASSLVLNNEQFF	TRBV11-3	NA	01/1016	NA	1
CASSLVLNNGRFF	TRBV11-3	NA	01/1016	NA	1
CASSLVMNTEAFF	TRBV11-3	NA	01/1016	NA	1
CASSLVRSGYTF	TRBV12-3	NA	01/1016	NA	2
CASSLVVLAERVTGANVLSF	TRBV7-9	NA	01/1016	NA	1
CASSLWANTGELFF	TRBV7-2	NA	01/1016	NA	1
CASSLYGGAGTDTQYF	TRBV7-3	NA	01/1016	NA	1
CASSLYGTGATGELFF	TRBV5-1	NA	01/1016	NA	2
CASSLYLGTRTDTQYF	TRBV5-6	NA	01/1016	NA	1
CASSLYLRGALNSPLHF	TRBV27	NA	01/1016	NA	1
CASSLYNQETQYF	TRBV5-6	NA	01/1016	NA	1
CASSLYSGISYEQYF	TRBV6-5	NA	01/1016	NA	1
CASSMPGLSGPKEQFF	TRBV27	NA	01/1016	NA	1
CASSMPGTSGPHEQFF	TRBV27	NA	01/1016	NA	1
CASSNDRVYYNEQFF	TRBV25-1	NA	01/1016	NA	1
CASSNTRDTPQHF	TRBV6-1	NA	01/1016	NA	3
CASSPADREQYF	TRBV5-6	NA	01/1016	NA	1
CASSPAGADNSPLHF	TRBV18	NA	01/1016	NA	2
CASSPAGSLRGSYEQYF	TRBV5-6	NA	01/1016	NA	1
CASSPAGTSGLGASYNEQFF	TRBV7-3	NA	01/1016	NA	1
CASSPARQVDIQYF	TRBV7-2	NA	01/1016	NA	1
CASSPDRIYGYTF	TRBV7-2	NA	01/1016	NA	2
CASSPDRNYEQYF	TRBV7-8	NA	01/1016	NA	1
CASSPDRTTNEQFF	TRBV5-1	NA	01/1016	NA	1
CASSPDRVGEQYF	TRBV5-4	NA	01/1016	NA	1
CASSPEETQYF	TRBV7-2	NA	01/1016	NA	3
CASSPERASDTIYF	TRBV18	NA	01/1016	NA	2
CASSPETGQGRSPLHF	TRBV18	NA	01/1016	NA	1
CASSPFISDSYNEQFF	TRBV7-3	NA	01/1016	NA	2
CASSPGAAQNIQYF	TRBV18	NA	01/1016	NA	1
CASSPGDEQDF	TRBV18	NA	01/1016	NA	1
CASSPGDEQYF	TRBV18	NA	01/1016	NA	1
CASSPGGAGWGEQFF	TRBV7-3	NA	01/1016	NA	2
CASSPGGWGYTF	TRBV7-2	NA	01/1016	NA	1
CASSPGLAGTTGELFF	TRBV5-1	NA	01/1016	NA	1
CASSPGLAGVLGANVLTF	TRBV7-2	NA	01/1016	NA	2
CASSPGLAKTQYF	TRBV7-2	NA	01/1016	NA	3
CASSPGPLAESTDTQYF	TRBV18	NA	01/1016	NA	1
CASSPGQDTKVF	TRBV19	NA	01/1016	NA	2
CASSPGQGFSYNEQFF	TRBV9	NA	01/1016	NA	1
CASSPGQGPGNTIYF	TRBV11-3	NA	01/1016	NA	4
CASSPGQQEKLFF	TRBV18	NA	01/1016	NA	1
CASSPGRGDNTGELFF	TRBV5-1	NA	01/1016	NA	1
CASSPGTSAGGDNEQFF	TRBV18	NA	01/1016	NA	4
CASSPGVSYEQYF	TRBV18	NA	01/1016	NA	1
CASSPIAAGADTQYF	TRBV4-1	NA	01/1016	NA	1
CASSPIPDRFEETQYF	TRBV6-2	NA	01/1016	NA	2
CASSPKQGATTEAFF	TRBV18	NA	01/1016	NA	3
CASSPLAGKGNEQFF	TRBV27	NA	01/1016	NA	1
CASSPLAGRQDEQFF	TRBV7-7	NA	01/1016	NA	1
CASSPLEGNYGYTF	TRBV4-2	NA	01/1016	NA	1
CASSPLQGLAPEYF	TRBV12-4	NA	01/1016	NA	1
CASSPLQGNTEAFF	TRBV3-1	NA	01/1016	NA	3
CASSPLRETQYF	TRBV18	NA	01/1016	NA	3
CASSPMGADNSPLHF	TRBV18	NA	01/1016	NA	1
CASSPPAGLAGGSSYEQYF	TRBV7-6	NA	01/1016	NA	1
CASSPPEKLAGRNTGELFF	TRBV9	NA	01/1016	NA	1
CASSPPGGTGWISNQPQHF	TRBV7-2	NA	01/1016	NA	1
CASSPPGLRTSGELFF	TRBV10-2	NA	01/1016	NA	1
CASSPPSPQGPEAFF	TRBV18	NA	01/1016	NA	2
CASSPPSRGPGYTF	TRBV18	NA	01/1016	NA	2
CASSPPVGLNTGELFF	TRBV18	NA	01/1016	NA	1
CASSPPYGTAEAFF	TRBV18	NA	01/1016	NA	1
CASSPQGLTVPNTEAFF	TRBV18	NA	01/1016	NA	2
CASSPQGQPKETQYF	TRBV7-3	NA	01/1016	NA	1
CASSPQGQVHYEQYF	TRBV18	NA	01/1016	NA	3
CASSPQSSGELFF	TRBV7-3	NA	01/1016	NA	2
CASSPQTGGFNQPQHF	TRBV21-1	NA	01/1016	NA	1
CASSPQVNYGYTF	TRBV19	NA	01/1016	NA	1
CASSPRAGGWMAGYEQYF	TRBV19	NA	01/1016	NA	1
CASSPRASGPSSYNEQFF	TRBV18	NA	01/1016	NA	1
CASSPRGREQFF	TRBV7-2	NA	01/1016	NA	1
CASSPRLAGSLTQYF	TRBV9	NA	01/1016	NA	1
CASSPRPGVKSGANVLTF	TRBV7-3	NA	01/1016	NA	1
CASSPRQGKDPEAFF	TRBV6-5	NA	01/1016	NA	2
CASSPRQGPNTEAFF	TRBV18	NA	01/1016	NA	2
CASSPRTSGGFGDTKYF	TRBV7-2	NA	01/1016	NA	1
CASSPRTSGNEQFF	TRBV5-1	NA	01/1016	NA	1
CASSPRVGPFSTEAFF	TRBV14	NA	01/1016	NA	1
CASSPSDRGLGGYTF	TRBV7-9	NA	01/1016	NA	1
CASSPSGANVLTF	TRBV5-4	NA	01/1016	NA	2
CASSPSGQYEQYF	TRBV25-1	NA	01/1016	NA	1
CASSPSGSSYNEQFF	TRBV4-3	NA	01/1016	NA	1
CASSPSGTFNIQYF	TRBV18	NA	01/1016	NA	3
CASSPSKGGPRTNEKLFF	TRBV7-6	NA	01/1016	NA	1
CASSPSMRADTQYF	TRBV12-4	NA	01/1016	NA	2
CASSPSPAGVVGDTQYF	TRBV4-2	NA	01/1016	NA	1
CASSPSQGGGYTF	TRBV28	NA	01/1016	NA	1
CASSPSRAILDEQFF	TRBV3-1	NA	01/1016	NA	2
CASSPSRDSTEAFF	TRBV3-1	NA	01/1016	NA	2
CASSPSSTDTQYF	TRBV6-4	NA	01/1016	NA	1
CASSPSTGTGRSPLHF	TRBV18	NA	01/1016	NA	1
CASSPSTSGPSSYNEQFF	TRBV7-8	NA	01/1016	NA	1
CASSPSVGLGAFF	TRBV7-3	NA	01/1016	NA	1
CASSPSWGSGDVRGNIQYF	TRBV3-1	NA	01/1016	NA	1
CASSPTRASGRKANEQFF	TRBV7-3	NA	01/1016	NA	1
CASSPTRGIGEKLFF	TRBV4-3	NA	01/1016	NA	1
CASSPTSGRASGELFF	TRBV11-2	NA	01/1016	NA	1
CASSPTSGRSPDTQYF	TRBV9	NA	01/1016	NA	2
CASSPTTPGGGGTREQYF	TRBV18	NA	01/1016	NA	3
CASSPTVTGLNTEAFF	TRBV7-2	NA	01/1016	NA	1
CASSPVEGYEQYF	TRBV4-1	NA	01/1016	NA	3
CASSPVGDRYYEQYF	TRBV6-2	NA	01/1016	NA	2
CASSPVTGSEQYF	TRBV14	NA	01/1016	NA	2
CASSPYDRGPVYEQYF	TRBV28	NA	01/1016	NA	1
CASSPYSSLDQPQHF	TRBV9	NA	01/1016	NA	3
CASSQAASFGKSTDTQYF	TRBV4-3	NA	01/1016	NA	1
CASSQAGRGGTEAFF	TRBV3-1	NA	01/1016	NA	1
CASSQDERQETDGYTF	TRBV4-1	NA	01/1016	NA	1
CASSQDHGGQPQHF	TRBV3-1	NA	01/1016	NA	1
CASSQDPEGAVEQYF	TRBV14	NA	01/1016	NA	1
CASSQDPGTTYNEQFF	TRBV3-1	NA	01/1016	NA	4
CASSQDRAGANVLTF	TRBV3-2	NA	01/1016	NA	1
CASSQDRDQPQHF	TRBV5-4	NA	01/1016	NA	1
CASSQDRVDTQYF	TRBV4-2	NA	01/1016	NA	2
CASSQDRVGNEQFF	TRBV4-1	NA	01/1016	NA	1
CASSQEGEQYF	TRBV3-1	NA	01/1016	NA	1
CASSQEGGVLGYTF	TRBV4-1	NA	01/1016	NA	1
CASSQEGMNTEAFF	TRBV5-1	NA	01/1016	NA	2
CASSQEGQNTYGYTF	TRBV4-1	NA	01/1016	NA	1
CASSQELAGDGEQFF	TRBV4-2	NA	01/1016	NA	8
CASSQELAGGRNQETQYF	TRBV4-2	NA	01/1016	NA	1
CASSQEMGGTTRTSGNTIYF	TRBV4-1	NA	01/1016	NA	1
CASSQEMGLANNEQFF	TRBV3-1	NA	01/1016	NA	2
CASSQERVDRRYEQYF	TRBV4-1	NA	01/1016	NA	1
CASSQESGRAVNEQFF	TRBV4-3	NA	01/1016	NA	1
CASSQGATGDTYEQYF	TRBV4-3	NA	01/1016	NA	1
CASSQGDYTEAFF	TRBV3-1	NA	01/1016	NA	1
CASSQGEYTEAFF	TRBV3-1	NA	01/1016	NA	1
CASSQGGAGVETQYF	TRBV4-1	NA	01/1016	NA	1
CASSQGGQYYEQYF	TRBV12-4	NA	01/1016	NA	3
CASSQGGSWGNTEAFF	TRBV28	NA	01/1016	NA	1
CASSQGGTLSYNEQFF	TRBV4-2	NA	01/1016	NA	8
CASSQGLGDTQYF	TRBV3-1	NA	01/1016	NA	2
CASSQGLNTGELFF	TRBV5-4	NA	01/1016	NA	3
CASSQGLSGNTIYF	TRBV4-2	NA	01/1016	NA	1
CASSQGLTETQYF	TRBV4-1	NA	01/1016	NA	1
CASSQGQSLTDTQYF	TRBV4-1	NA	01/1016	NA	1
CASSQGSGLSTGELFF	TRBV4-1	NA	01/1016	NA	1
CASSQGSTNEKLFF	TRBV5-1	NA	01/1016	NA	1
CASSQGTRAGEGYEQYF	TRBV4-2	NA	01/1016	NA	1
CASSQGVLVKQFF	TRBV3-1	NA	01/1016	NA	1
CASSQGWASGSYEQYF	TRBV4-1	NA	01/1016	NA	1
CASSQGYGANEKLFF	TRBV4-1	NA	01/1016	NA	1
CASSQIEGNKIEQYF	TRBV3-1	NA	01/1016	NA	1
CASSQLAGATYEQYF	TRBV4-1	NA	01/1016	NA	1
CASSQLELHYNEQFF	TRBV4-3	NA	01/1016	NA	2
CASSQLLPGLGNEQFF	TRBV4-1	NA	01/1016	NA	1
CASSQPDRPDEKLFF	TRBV4-2	NA	01/1016	NA	1
CASSQPGHPSSYEQYF	TRBV4-1	NA	01/1016	NA	1
CASSQPGHSSSYEQYF	TRBV4-1	NA	01/1016	NA	1
CASSQPGQTIEAFF	TRBV4-1	NA	01/1016	NA	1
CASSQPGRAGSEQFF	TRBV3-1	NA	01/1016	NA	1
CASSQPGTSGRAGEQFF	TRBV4-1	NA	01/1016	NA	2
CASSQQGFGNTIYF	TRBV5-1	NA	01/1016	NA	1
CASSQQPGFGNTGELFF	TRBV4-3	NA	01/1016	NA	3
CASSQRDRSVSNQPQHF	TRBV19	NA	01/1016	NA	1
CASSQREDQPQHF	TRBV7-8	NA	01/1016	NA	1
CASSQRGTEAFF	TRBV3-1	NA	01/1016	NA	1
CASSQRQGALGNEQFF	TRBV18	NA	01/1016	NA	2
CASSQSTSSYNEQFF	TRBV4-3	NA	01/1016	NA	1
CASSQTGNSYEQYF	TRBV5-4	NA	01/1016	NA	1
CASSQTINRVSTGELFF	TRBV4-1	NA	01/1016	NA	1
CASSQTMNTEAFF	TRBV18	NA	01/1016	NA	1
CASSQTNRVGVNTEAFF	TRBV9	NA	01/1016	NA	1
CASSQTPTTRQFF	TRBV11-3	NA	01/1016	NA	5
CASSQVGLTNTEAFF	TRBV4-3	NA	01/1016	NA	2
CASSQVIGRQDQETQYF	TRBV4-1	NA	01/1016	NA	1
CASSQVLAGTEAFF	TRBV3-1	NA	01/1016	NA	2
CASSQVPRIRGTGELFF	TRBV3-1	NA	01/1016	NA	1
CASSQVTVGTGELFF	TRBV3-1	NA	01/1016	NA	1
CASSRDGGGLQETQYF	TRBV7-3	NA	01/1016	NA	3
CASSRDMALYF	TRBV6-5	NA	01/1016	NA	1
CASSRDPGTEAFF	TRBV18	NA	01/1016	NA	1
CASSRDRAPGEQYF	TRBV12-3	NA	01/1016	NA	1
CASSRDRINNEQFF	TRBV7-3	NA	01/1016	NA	2
CASSRDRQTYEQYF	TRBV2	NA	01/1016	NA	1
CASSRDRRDTQYF	TRBV3-1	NA	01/1016	NA	3
CASSRDSSSYNEQFF	TRBV4-3	NA	01/1016	NA	1
CASSREVAKNIQYF	TRBV7-2	NA	01/1016	NA	1
CASSRFFSGANVLTF	TRBV7-2	NA	01/1016	NA	3
CASSRFPGQGGRGNQPQHF	TRBV28	NA	01/1016	NA	3
CASSRGAGETQYF	TRBV27	NA	01/1016	NA	1
CASSRGQGLFSGANVLTF	TRBV6-2	NA	01/1016	NA	1
CASSRGSLNTEAFF	TRBV3-1	NA	01/1016	NA	1
CASSRHLRGTSHEQFF	TRBV6-5	NA	01/1016	NA	1
CASSRLAGDISDTQYF	TRBV2	NA	01/1016	NA	2
CASSRLAGGPWDTQYF	TRBV27	NA	01/1016	NA	1
CASSRLGLDTGELFF	TRBV28	NA	01/1016	NA	2
CASSRLGPASYEQYF	TRBV11-2	NA	01/1016	NA	1
CASSRLQGNTGELFF	TRBV4-2	NA	01/1016	NA	1
CASSRPPGPRSGANVLTF	TRBV28	NA	01/1016	NA	1
CASSRQASSTDTQYF	TRBV27	NA	01/1016	NA	1
CASSRQGVRNEQFF	TRBV6-2	NA	01/1016	NA	1
CASSRQWGTQYF	TRBV6-5	NA	01/1016	NA	1
CASSRRAPRDYGYTF	TRBV18	NA	01/1016	NA	1
CASSRRATSYEQYF	TRBV7-2	NA	01/1016	NA	1
CASSRRHSGSSDQETQYF	TRBV4-2	NA	01/1016	NA	1
CASSRRTAGVYEQYF	TRBV7-2	NA	01/1016	NA	1
CASSRSFSRWEQYF	TRBV6-5	NA	01/1016	NA	1
CASSRSGRRFHEQYF	TRBV6-5	NA	01/1016	NA	1
CASSRSPVRNTEAFF	TRBV7-3	NA	01/1016	NA	2
CASSRSRGTEAFF	TRBV7-8	NA	01/1016	NA	1
CASSRTGGQPQHF	TRBV12-3	NA	01/1016	NA	2
CASSRTGLSSYNEQFF	TRBV3-1	NA	01/1016	NA	1
CASSRTGTKADAQTF	TRBV7-3	NA	01/1016	NA	1
CASSRTPTGAEAFF	TRBV6-2	NA	01/1016	NA	1
CASSRVGTESYEQYF	TRBV27	NA	01/1016	NA	1
CASSSAGGIDEQFF	TRBV13	NA	01/1016	NA	2
CASSSAGGIEEQFF	TRBV13	NA	01/1016	NA	1
CASSSATQETQYF	TRBV5-1	NA	01/1016	NA	1
CASSSDLAGPETQYF	TRBV5-5	NA	01/1016	NA	1
CASSSEPESYGYTF	TRBV11-2	NA	01/1016	NA	1
CASSSGAVYEQYF	TRBV5-1	NA	01/1016	NA	4
CASSSGGGRQFF	TRBV5-6	NA	01/1016	NA	2
CASSSGGRAHEQYF	TRBV28	NA	01/1016	NA	1
CASSSGGRTYEQYF	TRBV28	NA	01/1016	NA	2
CASSSGHLQETQYF	TRBV5-4	NA	01/1016	NA	1
CASSSGLAYNEQFF	TRBV7-2	NA	01/1016	NA	1
CASSSGLGSSYEQYF	TRBV7-8	NA	01/1016	NA	2
CASSSGLNSYEQYF	TRBV6-2	NA	01/1016	NA	2
CASSSGPWANEQFF	TRBV12-3	NA	01/1016	NA	1
CASSSGQDNSPLHF	TRBV5-4	NA	01/1016	NA	2
CASSSGTGELFF	TRBV25-1	NA	01/1016	NA	1
CASSSGTGLTEAFF	TRBV27	NA	01/1016	NA	1
CASSSGTKPDGYGYTF	TRBV7-9	NA	01/1016	NA	3
CASSSGTSGSPVETQYF	TRBV11-3	NA	01/1016	NA	1
CASSSLFRTEEQYF	TRBV27	NA	01/1016	NA	1
CASSSLFTGLAGSNEQYF	TRBV28	NA	01/1016	NA	1
CASSSLGQGNNEQFF	TRBV19	NA	01/1016	NA	1
CASSSLGQGRYYGYTF	TRBV28	NA	01/1016	NA	1
CASSSLGTGNYGYTF	TRBV11-2	NA	01/1016	NA	1
CASSSNRDFNTEAFF	TRBV6-2	NA	01/1016	NA	2
CASSSPDSNQPQHF	TRBV12-3	NA	01/1016	NA	3
CASSSPGLASWLGELFF	TRBV7-9	NA	01/1016	NA	1
CASSSPGNNEQFF	TRBV11-1	NA	01/1016	NA	1
CASSSPPTSFSGNTIYF	TRBV27	NA	01/1016	NA	1
CASSSPRSQGNYEQYF	TRBV28	NA	01/1016	NA	1
CASSSPVGEQFF	TRBV12-3	NA	01/1016	NA	1
CASSSQGGWETQYF	TRBV7-2	NA	01/1016	NA	4
CASSSRATYEQYF	TRBV7-2	NA	01/1016	NA	3
CASSSRGGELFF	TRBV7-2	NA	01/1016	NA	2
CASSSRPADTQYF	TRBV28	NA	01/1016	NA	2
CASSSRTGAALTF	TRBV6-1	NA	01/1016	NA	1
CASSSRTGGDGELFF	TRBV5-1	NA	01/1016	NA	1
CASSSSYRSNEQFF	TRBV7-6	NA	01/1016	NA	1
CASSSTGIYGYTF	TRBV28	NA	01/1016	NA	2
CASSSTGTSDKEQFF	TRBV3-1	NA	01/1016	NA	1
CASSSTSGPYTF	TRBV4-3	NA	01/1016	NA	1
CASSSTSGTGEQFF	TRBV7-2	NA	01/1016	NA	3
CASSSTSRYEQYF	TRBV5-1	NA	01/1016	NA	1
CASSSTSYGGYTF	TRBV6-5	NA	01/1016	NA	1
CASSSVGLGTLIAFF	TRBV12-3	NA	01/1016	NA	1
CASSSYSTQTSGYYNEQFF	TRBV13	NA	01/1016	NA	1
CASSSYVGRPDTQYF	TRBV5-6	NA	01/1016	NA	3
CASSTGLGPGELFF	TRBV4-3	NA	01/1016	NA	1
CASSTGSGANVLYF	TRBV5-1	NA	01/1016	NA	1
CASSTGTGNEKLFF	TRBV5-1	NA	01/1016	NA	1
CASSTHRAGNTEAFF	TRBV7-2	NA	01/1016	NA	2
CASSTLGLAGGSTDTQYF	TRBV4-1	NA	01/1016	NA	1
CASSTLTSTGELFF	TRBV19	NA	01/1016	NA	1
CASSTPGRGAKEQYF	TRBV28	NA	01/1016	NA	1
CASSTPRQGAGNTIYF	TRBV11-2	NA	01/1016	NA	1
CASSTRGRSSYNEQFF	TRBV7-8	NA	01/1016	NA	1
CASSTRTGDGLAGDLQETQYF	TRBV19	NA	01/1016	NA	1
CASSTRVPYEQYF	TRBV12-3	NA	01/1016	NA	1
CASSTTGQGAGTDTQYF	TRBV25-1	NA	01/1016	NA	1
CASSTTGTHNYGYTF	TRBV6-6	NA	01/1016	NA	1
CASSVADYEQYF	TRBV28	NA	01/1016	NA	3
CASSVAGDGTDTQYF	TRBV9	NA	01/1016	NA	1
CASSVAGRPYNEQFF	TRBV9	NA	01/1016	NA	1
CASSVDPGAGVKNEQFF	TRBV9	NA	01/1016	NA	1
CASSVEGGAREKLFF	TRBV5-1	NA	01/1016	NA	1
CASSVGAESYNEQFF	TRBV9	NA	01/1016	NA	2
CASSVGAGTYEQYF	TRBV5-1	NA	01/1016	NA	1
CASSVGLAGYEQYF	TRBV9	NA	01/1016	NA	1
CASSVGPGQGSGANVLTF	TRBV7-7	NA	01/1016	NA	2
CASSVGQGSGTEAFF	TRBV18	NA	01/1016	NA	1
CASSVKTGDTEAFF	TRBV11-2	NA	01/1016	NA	1
CASSVLQGMNTEAFF	TRBV9	NA	01/1016	NA	1
CASSVLSSYNGQFF	TRBV2	NA	01/1016	NA	1
CASSVPDADYEQYF	TRBV28	NA	01/1016	NA	1
CASSVQGRDQPQHF	TRBV2	NA	01/1016	NA	1
CASSVREGSGDTQYF	TRBV9	NA	01/1016	NA	1
CASSVRGGNPKGTQETQYF	TRBV9	NA	01/1016	NA	2
CASSVTTNTEAFF	TRBV5-4	NA	01/1016	NA	1
CASSVVAFTVTQYF	TRBV7-2	NA	01/1016	NA	1
CASSWDGDTQYF	TRBV5-5	NA	01/1016	NA	1
CASSWDGGPLGTDTQYF	TRBV5-4	NA	01/1016	NA	1
CASSWGGQENTEAFF	TRBV5-1	NA	01/1016	NA	2
CASSWGGQRYEQYF	TRBV12-4	NA	01/1016	NA	1
CASSWGLGHPPYEQYF	TRBV7-9	NA	01/1016	NA	1
CASSWGLGHPPYERYF	TRBV7-9	NA	01/1016	NA	1
CASSWQGATDTQYF	TRBV27	NA	01/1016	NA	1
CASSWSGRNEQFF	TRBV5-6	NA	01/1016	NA	1
CASSWSNTEAFF	TRBV12-4	NA	01/1016	NA	1
CASSWTGGGYTF	TRBV7-2	NA	01/1016	NA	1
CASSWTGTNTDTQYF	TRBV7-3	NA	01/1016	NA	1
CASSYDGGYEQYF	TRBV5-1	NA	01/1016	NA	2
CASSYEQRGQGGNTEAFF	TRBV6-6	NA	01/1016	NA	1
CASSYGANYGYTF	TRBV7-2	NA	01/1016	NA	1
CASSYGGSAYNEQFF	TRBV6-6	NA	01/1016	NA	2
CASSYGTGAGEKLFF	TRBV6-6	NA	01/1016	NA	1
CASSYKETQYF	TRBV7-2	NA	01/1016	NA	2
CASSYKGQGSDQPQHF	TRBV2	NA	01/1016	NA	1
CASSYPGAVNTGELFF	TRBV7-2	NA	01/1016	NA	1
CASSYQAPRKGLAGGREQYF	TRBV11-1	NA	01/1016	NA	1
CASSYRPGGGELFF	TRBV12-3	NA	01/1016	NA	2
CASSYSDSTGIYNEQFF	TRBV9	NA	01/1016	NA	1
CASSYSGTEAFF	TRBV6-5	NA	01/1016	NA	1
CASSYSGVSYNEQFF	TRBV6-6	NA	01/1016	NA	1
CASTEGLKRADTQYF	TRBV2	NA	01/1016	NA	2
CASTENTEAFF	TRBV28	NA	01/1016	NA	1
CASTESSYEQYF	TRBV28	NA	01/1016	NA	1
CASTHGYEQYF	TRBV11-2	NA	01/1016	NA	1
CASTHSATNEKLFF	TRBV6-1	NA	01/1016	NA	1
CASTIAGESYNEQFF	TRBV28	NA	01/1016	NA	1
CASTIGALNTGELFF	TRBV12-3	NA	01/1016	NA	2
CASTLGQGGEETQYF	TRBV2	NA	01/1016	NA	2
CASTLQLGQGRFGELFF	TRBV12-3	NA	01/1016	NA	1
CASTMGQTNTEAFF	TRBV5-1	NA	01/1016	NA	1
CASTPDLGRGREAGELFF	TRBV28	NA	01/1016	NA	3
CASTRTVTSSGNTIYF	TRBV6-1	NA	01/1016	NA	1
CASTRVDTGELFF	TRBV9	NA	01/1016	NA	1
CASTSLQGDTEAFF	TRBV3-1	NA	01/1016	NA	1
CASTSPGALLGAFF	TRBV6-1	NA	01/1016	NA	1
CASTSTRGGRGVNEQFF	TRBV28	NA	01/1016	NA	2
CASTTHIPGANVLTF	TRBV12-3	NA	01/1016	NA	1
CASTTTGELFF	TRBV19	NA	01/1016	NA	3
CASTYRGMENEQFF	TRBV6-2	NA	01/1016	NA	1
CASVRDTDTQYF	TRBV28	NA	01/1016	NA	1
CASWTSRRYEQYF	TRBV27	NA	01/1016	NA	1
CATAAGSYEQYF	TRBV2	NA	01/1016	NA	1
CATEAPSSGVGELFF	TRBV10-2	NA	01/1016	NA	2
CATERSGANVLTF	TRBV28	NA	01/1016	NA	1
CATGGGETQYF	TRBV28	NA	01/1016	NA	1
CATGGRSTDTQYF	TRBV24-1	NA	01/1016	NA	2
CATGLAGNNEQFF	TRBV10-2	NA	01/1016	NA	2
CATGTRQLSYEQYF	TRBV6-1	NA	01/1016	NA	1
CATLAGGTLYEQYF	TRBV10-3	NA	01/1016	NA	1
CATPTSAYEQYF	TRBV10-3	NA	01/1016	NA	1
CATQPGLIQMGVLTF	TRBV10-3	NA	01/1016	NA	2
CATRSAGQGPNYGYNF	TRBV10-3	NA	01/1016	NA	1
CATRSAGQGPNYGYTF	TRBV10-3	NA	01/1016	NA	2
CATSAEGAHNEQFF	TRBV24-1	NA	01/1016	NA	1
CATSASPGQAGYTF	TRBV24-1	NA	01/1016	NA	3
CATSAVPGHLSGANVLTF	TRBV24-1	NA	01/1016	NA	1
CATSDGQGYNEKLFF	TRBV24-1	NA	01/1016	NA	1
CATSDMGRGGSYNEQFF	TRBV24-1	NA	01/1016	NA	1
CATSDPGQGYTGELFF	TRBV24-1	NA	01/1016	NA	1
CATSDPRTSGRIKSTDTQYF	TRBV24-1	NA	01/1016	NA	1
CATSDRGTARGETQYF	TRBV24-1	NA	01/1016	NA	2
CATSDRGTSRGETQYF	TRBV24-1	NA	01/1016	NA	1
CATSDRTGTGELFF	TRBV24-1	NA	01/1016	NA	1
CATSDSLTGDTQYF	TRBV24-1	NA	01/1016	NA	1
CATSDSPRNEQFF	TRBV24-1	NA	01/1016	NA	1
CATSEAGTANYGYTF	TRBV24-1	NA	01/1016	NA	1
CATSEGGTGEQFF	TRBV24-1	NA	01/1016	NA	1
CATSERAVSSYNEQFF	TRBV24-1	NA	01/1016	NA	2
CATSESGSPQHF	TRBV24-1	NA	01/1016	NA	1
CATSGDSDIEAFF	TRBV15	NA	01/1016	NA	2
CATSGPGGGNQPQHF	TRBV15	NA	01/1016	NA	1
CATSIFYRGRVRNEQFF	TRBV24-1	NA	01/1016	NA	1
CATSIRLGPTVAWDEQYF	TRBV15	NA	01/1016	NA	1
CATSNRVVTDTQYF	TRBV15	NA	01/1016	NA	1
CATSPGSSGSIETQYF	TRBV24-1	NA	01/1016	NA	1
CATSRAIAGGRDEQFF	TRBV15	NA	01/1016	NA	1
CATSRDSGINEQFF	TRBV15	NA	01/1016	NA	1
CATSRDTGGFNEQFF	TRBV15	NA	01/1016	NA	1
CATSRDYGGGTSTDTQYF	TRBV15	NA	01/1016	NA	1
CATSREGTSTIQYF	TRBV15	NA	01/1016	NA	2
CATSRERTGQQFF	TRBV15	NA	01/1016	NA	1
CATSRGEETQYF	TRBV15	NA	01/1016	NA	2
CATSRQYSNEQYF	TRBV15	NA	01/1016	NA	1
CATSRTSGAYEQYF	TRBV2	NA	01/1016	NA	1
CATSRVEGANGANVLTF	TRBV15	NA	01/1016	NA	1
CAVGDTQYF	TRBV6-6	NA	01/1016	NA	1
CAWARKSPYEQYF	TRBV30	NA	01/1016	NA	1
CAWIREGGRQFF	TRBV30	NA	01/1016	NA	1
CAWKRDRQETQYF	TRBV30	NA	01/1016	NA	1
CAWKTTGERNTEAFF	TRBV30	NA	01/1016	NA	1
CAWLKDRSSSGNTIYF	TRBV30	NA	01/1016	NA	1
CAWRAGGRARNTGELFF	TRBV30	NA	01/1016	NA	1
CAWRGQGYPEQYF	TRBV30	NA	01/1016	NA	1
CAWRITDGQPQQF	TRBV30	NA	01/1016	NA	1
CAWRKRGTSGSPTLTDTQYF	TRBV30	NA	01/1016	NA	1
CAWSAHLLAGKYEQYF	TRBV30	NA	01/1016	NA	1
CAWSDRGANYGYTF	TRBV30	NA	01/1016	NA	2
CAWSGGDNQPQHF	TRBV30	NA	01/1016	NA	1
CAWSGGQLLPEETQYF	TRBV30	NA	01/1016	NA	1
CAWSGGQLLPEQYF	TRBV30	NA	01/1016	NA	2
CAWSGGRTLQENTQYF	TRBV30	NA	01/1016	NA	1
CAWSGHRGRGEQYF	TRBV30	NA	01/1016	NA	1
CAWSGNRGKETQYF	TRBV30	NA	01/1016	NA	2
CAWSGPGQGLNTEALF	TRBV30	NA	01/1016	NA	1
CAWSIGARPQYF	TRBV30	NA	01/1016	NA	1
CAWSIPRTVFDYEQYF	TRBV30	NA	01/1016	NA	5
CAWSITGGDQPQHF	TRBV30	NA	01/1016	NA	1
CAWSIWARPQYF	TRBV30	NA	01/1016	NA	1
CAWSMEGRNYGYTF	TRBV30	NA	01/1016	NA	1
CAWSPDRGREKLFF	TRBV30	NA	01/1016	NA	1
CAWSRDSGSGNTIYF	TRBV30	NA	01/1016	NA	1
CAWSRGMANQPQHF	TRBV30	NA	01/1016	NA	1
CAWSRRGGSEKLFF	TRBV30	NA	01/1016	NA	1
CAWSSLAGVGETQYF	TRBV30	NA	01/1016	NA	1
CAWSTGGLATGELFF	TRBV30	NA	01/1016	NA	1
CAWSVGPPTGRVPLHSPLHF	TRBV30	NA	01/1016	NA	1
CAWSVHDGNQPQHF	TRBV30	NA	01/1016	NA	3
CAWSVKGFQPQHF	TRBV30	NA	01/1016	NA	1
CAWSVLPGKAFF	TRBV30	NA	01/1016	NA	3
CAWSVLSFRDSAQGRQYF	TRBV30	NA	01/1016	NA	2
CAWSVNTWGETQYF	TRBV30	NA	01/1016	NA	2
CAWSVPGQGLNTEAFF	TRBV30	NA	01/1016	NA	1
CAWSVQGLTTGELFF	TRBV30	NA	01/1016	NA	1
CAWSVRETQYF	TRBV30	NA	01/1016	NA	1
CAWSVRGGPYEQYF	TRBV30	NA	01/1016	NA	1
CAWSVRTLGKETQYF	TRBV30	NA	01/1016	NA	1
CDGVAGGAYEQYF	TRBV20-1	NA	01/1016	NA	1
CDSSFGAGGGEQYF	TRBV7-2	NA	01/1016	NA	1
CGARGRVEYEEDF	TRBV20-1	NA	01/1016	NA	1
CGLERLSYEQYF	TRBV6-1	NA	01/1016	NA	2
CPGERGNTGELFF	TRBV20-1	NA	01/1016	NA	3
CRAGQGADTEAFF	TRBV20-1	NA	01/1016	NA	1
CRARERARHEQYF	TRBV20-1	NA	01/1016	NA	1
CRARVHPGHGSNYGYTF	TRBV20-1	NA	01/1016	NA	1
CRPQAGILYEQYF	TRBV20-1	NA	01/1016	NA	2
CSAAGLGEKLFF	TRBV20-1	NA	01/1016	NA	2
CSAAPLTGRPSTDTQYF	TRBV20-1	NA	01/1016	NA	1
CSAARGGPNLF	TRBV20-1	NA	01/1016	NA	1
CSADDLTDTQYF	TRBV20-1	NA	01/1016	NA	3
CSADGDRGAEAFF	TRBV20-1	NA	01/1016	NA	1
CSADGTTGGLYEAFF	TRBV20-1	NA	01/1016	NA	1
CSADTDTQYF	TRBV29-1	NA	01/1016	NA	1
CSAEALAGRGETQYF	TRBV20-1	NA	01/1016	NA	2
CSAEGQTYGYTF	TRBV20-1	NA	01/1016	NA	1
CSAEGTVQETQYF	TRBV20-1	NA	01/1016	NA	1
CSAEPGSSYEQYF	TRBV20-1	NA	01/1016	NA	2
CSAETGGNGYTF	TRBV29-1	NA	01/1016	NA	6
CSAGAGTLTEAFF	TRBV20-1	NA	01/1016	NA	1
CSAGDSGNQPQHF	TRBV20-1	NA	01/1016	NA	1
CSAGGGLNEQYF	TRBV20-1	NA	01/1016	NA	1
CSAGGGTPYEQYF	TRBV20-1	NA	01/1016	NA	1
CSAGIDALETQYF	TRBV20-1	NA	01/1016	NA	1
CSAGLAGDREQYF	TRBV20-1	NA	01/1016	NA	1
CSAGLAGGVSYNEQFF	TRBV20-1	NA	01/1016	NA	1
CSAGPGWGMNTEAFF	TRBV29-1	NA	01/1016	NA	1
CSAGQAGVSNQPQHF	TRBV20-1	NA	01/1016	NA	5
CSAGQGADIQYF	TRBV29-1	NA	01/1016	NA	1
CSAGRALAGDNEQFF	TRBV20-1	NA	01/1016	NA	1
CSAGRGHEQYF	TRBV20-1	NA	01/1016	NA	1
CSAGSAGVRSTDTQYF	TRBV20-1	NA	01/1016	NA	1
CSAGTGGISGELFF	TRBV20-1	NA	01/1016	NA	1
CSAGTSRAKNIRYF	TRBV20-1	NA	01/1016	NA	1
CSAGTVRQGSGNTIYF	TRBV20-1	NA	01/1016	NA	3
CSAGVEEQFF	TRBV29-1	NA	01/1016	NA	2
CSAHAGLVSGNEQFF	TRBV20-1	NA	01/1016	NA	1
CSAHGGGAKNIQYF	TRBV20-1	NA	01/1016	NA	1
CSAHLYPEAFF	TRBV20-1	NA	01/1016	NA	1
CSAHSPASGAGDEQFF	TRBV20-1	NA	01/1016	NA	3
CSAHSPGPAGHSYNEQFF	TRBV20-1	NA	01/1016	NA	3
CSAHTTGLAVLDTQYF	TRBV20-1	NA	01/1016	NA	4
CSAIGGGTRGYGYTF	TRBV20-1	NA	01/1016	NA	1
CSAIRPPEQFF	TRBV20-1	NA	01/1016	NA	1
CSAISFDTREIYTF	TRBV20-1	NA	01/1016	NA	1
CSAISGDGKETQYF	TRBV20-1	NA	01/1016	NA	3
CSAKASRGLATEAFF	TRBV20-1	NA	01/1016	NA	1
CSAKKQLEAFF	TRBV20-1	NA	01/1016	NA	2
CSAKPGGGPSGGQYF	TRBV20-1	NA	01/1016	NA	1
CSAKRGGLAGVRDTQYF	TRBV20-1	NA	01/1016	NA	1
CSAKTDYTDTQYF	TRBV20-1	NA	01/1016	NA	3
CSAKTGGTLHEQYF	TRBV20-1	NA	01/1016	NA	2
CSAKTGVDTQYF	TRBV20-1	NA	01/1016	NA	2
CSAKTSANSYEQYF	TRBV20-1	NA	01/1016	NA	1
CSALAPGELSTDTQYF	TRBV20-1	NA	01/1016	NA	1
CSALGILPTGELFF	TRBV20-1	NA	01/1016	NA	1
CSALNRVKAGANVLTF	TRBV20-1	NA	01/1016	NA	2
CSALPPGLVSTDTQYF	TRBV20-1	NA	01/1016	NA	4
CSALQGAPPDTQYF	TRBV20-1	NA	01/1016	NA	3
CSAMTPPFMYF	TRBV20-1	NA	01/1016	NA	1
CSANLGAGRTDTQYF	TRBV20-1	NA	01/1016	NA	1
CSANMPGSETQYF	TRBV20-1	NA	01/1016	NA	3
CSANRTGGNYGYTF	TRBV20-1	NA	01/1016	NA	1
CSANTGGRDTQYF	TRBV20-1	NA	01/1016	NA	2
CSAPAGTGSYEQYF	TRBV20-1	NA	01/1016	NA	1
CSAPARGLYGYTF	TRBV20-1	NA	01/1016	NA	2
CSAPGGWETEQFF	TRBV20-1	NA	01/1016	NA	2
CSAPGLGFTDTQYF	TRBV20-1	NA	01/1016	NA	1
CSAPGQGANYGYTF	TRBV20-1	NA	01/1016	NA	2
CSAPKSPGTYGYTF	TRBV20-1	NA	01/1016	NA	1
CSAPNDRNTEAFF	TRBV20-1	NA	01/1016	NA	2
CSAPNWSGRAGEQFF	TRBV20-1	NA	01/1016	NA	1
CSAPPGRVKGETQYF	TRBV20-1	NA	01/1016	NA	3
CSAPPLEGWNEQFF	TRBV20-1	NA	01/1016	NA	1
CSAPQGWESEQFF	TRBV20-1	NA	01/1016	NA	2
CSAPRTSHDEQYF	TRBV20-1	NA	01/1016	NA	1
CSAPSGGYGYTF	TRBV20-1	NA	01/1016	NA	1
CSAPTEPGTEAFF	TRBV20-1	NA	01/1016	NA	2
CSAPTPAGDGKYQETQYF	TRBV20-1	NA	01/1016	NA	2
CSAQYVAGYNSPLHF	TRBV20-1	NA	01/1016	NA	4
CSARAGAEPLHF	TRBV20-1	NA	01/1016	NA	1
CSARAGGGLPDTQYF	TRBV20-1	NA	01/1016	NA	1
CSARAGTPLHF	TRBV20-1	NA	01/1016	NA	6
CSARAGVIVNEQFF	TRBV20-1	NA	01/1016	NA	1
CSARARTSGSRYEQYF	TRBV20-1	NA	01/1016	NA	1
CSARDEAGGYQPQHF	TRBV20-1	NA	01/1016	NA	2
CSARDEDTYAKNMQYF	TRBV20-1	NA	01/1016	NA	1
CSARDEGRGDTQYF	TRBV20-1	NA	01/1016	NA	1
CSARDFRQRWSPLHF	TRBV20-1	NA	01/1016	NA	1
CSARDGGGGTDTQYF	TRBV20-1	NA	01/1016	NA	1
CSARDGGRVYGYTF	TRBV20-1	NA	01/1016	NA	1
CSARDGQGRQGYTF	TRBV20-1	NA	01/1016	NA	2
CSARDKGQFFEDTQYF	TRBV20-1	NA	01/1016	NA	1
CSARDKKYNTGELFF	TRBV20-1	NA	01/1016	NA	1
CSARDLGDGYTF	TRBV20-1	NA	01/1016	NA	1
CSARDLQGNLMNTEAFF	TRBV20-1	NA	01/1016	NA	1
CSARDLQGNTGELFF	TRBV20-1	NA	01/1016	NA	6
CSARDLQRISQFF	TRBV20-1	NA	01/1016	NA	2
CSARDLTGRYEQYF	TRBV20-1	NA	01/1016	NA	1
CSARDNEGGTEAFF	TRBV20-1	NA	01/1016	NA	2
CSARDPAGGPNEQFF	TRBV20-1	NA	01/1016	NA	6
CSARDPDMNTEAFF	TRBV20-1	NA	01/1016	NA	2
CSARDPGGGSEQYF	TRBV20-1	NA	01/1016	NA	1
CSARDPGLAGGYEQYF	TRBV20-1	NA	01/1016	NA	2
CSARDQKTDTQYF	TRBV20-1	NA	01/1016	NA	2
CSARDQREGLNEQFF	TRBV20-1	NA	01/1016	NA	1
CSARDQREYVEQYF	TRBV20-1	NA	01/1016	NA	1
CSARDRRAGQETQYF	TRBV20-1	NA	01/1016	NA	2
CSARDRRLGSYNEQFF	TRBV20-1	NA	01/1016	NA	4
CSARDRRTGSYNEQFF	TRBV20-1	NA	01/1016	NA	3
CSARDRSRGRAREAFF	TRBV20-1	NA	01/1016	NA	1
CSARDRTSGSVYIQYF	TRBV20-1	NA	01/1016	NA	7
CSARDRVAGGDEQYF	TRBV20-1	NA	01/1016	NA	1
CSARDRWEGLSYNEQFF	TRBV20-1	NA	01/1016	NA	1
CSARDSSRAVLGEQYF	TRBV20-1	NA	01/1016	NA	2
CSARDSVGEEAFF	TRBV20-1	NA	01/1016	NA	1
CSARDTGEVYETETQYF	TRBV20-1	NA	01/1016	NA	1
CSARDYGSTDTQYF	TRBV20-1	NA	01/1016	NA	2
CSARDYRTDTQYF	TRBV20-1	NA	01/1016	NA	2
CSAREAKRSYNEQFF	TRBV20-1	NA	01/1016	NA	1
CSAREAKSSYNEQFF	TRBV20-1	NA	01/1016	NA	2
CSAREERRGNQPHHF	TRBV20-1	NA	01/1016	NA	1
CSAREISPRLAGDLQETQYF	TRBV20-1	NA	01/1016	NA	3
CSARERLSYNEQFF	TRBV20-1	NA	01/1016	NA	1
CSARERRGSYEQYF	TRBV20-1	NA	01/1016	NA	1
CSARESDRLAFF	TRBV20-1	NA	01/1016	NA	1
CSARETFLAKNIQYF	TRBV20-1	NA	01/1016	NA	1
CSARFGGETQYF	TRBV20-1	NA	01/1016	NA	3
CSARGADRALETQYF	TRBV20-1	NA	01/1016	NA	1
CSARGERPSSYNSPLHF	TRBV20-1	NA	01/1016	NA	1
CSARGGLGDYGYTF	TRBV20-1	NA	01/1016	NA	1
CSARGGSRGWDTEAFF	TRBV20-1	NA	01/1016	NA	3
CSARGGTDTQYF	TRBV20-1	NA	01/1016	NA	5
CSARGKSERTSGESWFGANEQFF	TRBV20-1	NA	01/1016	NA	2
CSARGPGGVSNEQIF	TRBV20-1	NA	01/1016	NA	1
CSARGRDRVLGDTQYF	TRBV20-1	NA	01/1016	NA	3
CSARGRVEYEQYF	TRBV20-1	NA	01/1016	NA	2
CSARGSALAGRRFF	TRBV20-1	NA	01/1016	NA	1
CSARGTRGLDQPQHF	TRBV20-1	NA	01/1016	NA	2
CSARGVAGRGQETQYF	TRBV20-1	NA	01/1016	NA	1
CSARIRLAGVGDTQYF	TRBV20-1	NA	01/1016	NA	4
CSARIYALETQYF	TRBV20-1	NA	01/1016	NA	2
CSARKVQVRNEKLFF	TRBV20-1	NA	01/1016	NA	2
CSARLKYSGEKQPQHF	TRBV20-1	NA	01/1016	NA	1
CSARNPDSQYF	TRBV20-1	NA	01/1016	NA	4
CSARNRQGVGSSYEQYF	TRBV20-1	NA	01/1016	NA	2
CSARNSNHPQHF	TRBV20-1	NA	01/1016	NA	1
CSARPGLAGETQYF	TRBV20-1	NA	01/1016	NA	1
CSARPGTSYNSPLHF	TRBV20-1	NA	01/1016	NA	1
CSARPRLGRQYPSSYNEQFF	TRBV20-1	NA	01/1016	NA	1
CSARPVGGNQPQHF	TRBV20-1	NA	01/1016	NA	1
CSARQDRGNYEQYF	TRBV20-1	NA	01/1016	NA	2
CSARQGARTEAFF	TRBV20-1	NA	01/1016	NA	1
CSARQGSPYNEQFF	TRBV20-1	NA	01/1016	NA	1
CSARQSGGRPNTEAFF	TRBV20-1	NA	01/1016	NA	1
CSARRATNTGELFF	TRBV20-1	NA	01/1016	NA	1
CSARRDPNGQYF	TRBV20-1	NA	01/1016	NA	1
CSARRLAGGGTDTQYF	TRBV20-1	NA	01/1016	NA	1
CSARRPTSGGAVNIQYF	TRBV20-1	NA	01/1016	NA	1
CSARSAELSGRASGSNEQFF	TRBV20-1	NA	01/1016	NA	1
CSARSDGNTEAFF	TRBV20-1	NA	01/1016	NA	3
CSARSGLAGEQFF	TRBV20-1	NA	01/1016	NA	2
CSARSGSPLHF	TRBV20-1	NA	01/1016	NA	1
CSARSGSQETQYF	TRBV20-1	NA	01/1016	NA	14
CSARSRTSGSRYEQYF	TRBV20-1	NA	01/1016	NA	4
CSARSSGINEQFF	TRBV20-1	NA	01/1016	NA	11
CSARTPDRAKNIQYF	TRBV20-1	NA	01/1016	NA	2
CSARTRERNTEAFF	TRBV20-1	NA	01/1016	NA	1
CSARVASGWGDPDTQYF	TRBV20-1	NA	01/1016	NA	1
CSARVHPGHGSNYGYTF	TRBV20-1	NA	01/1016	NA	2
CSARVLSGSPTDTQYF	TRBV20-1	NA	01/1016	NA	2
CSARVPSEYTGELFF	TRBV20-1	NA	01/1016	NA	1
CSARVRFSYEQYF	TRBV20-1	NA	01/1016	NA	1
CSARVSGQLRQYF	TRBV20-1	NA	01/1016	NA	1
CSARVWGYGKETQYF	TRBV20-1	NA	01/1016	NA	2
CSARYGTIDEQFF	TRBV20-1	NA	01/1016	NA	3
CSARYSGYNEQFF	TRBV20-1	NA	01/1016	NA	1
CSASADRDHEQYF	TRBV20-1	NA	01/1016	NA	2
CSASDGNQPQHF	TRBV20-1	NA	01/1016	NA	2
CSASGADTEAFF	TRBV20-1	NA	01/1016	NA	1
CSASGGQESPLHF	TRBV20-1	NA	01/1016	NA	1
CSASGGRMDREQFF	TRBV20-1	NA	01/1016	NA	1
CSASGNTEAFF	TRBV20-1	NA	01/1016	NA	1
CSASGTGDQPQHF	TRBV20-1	NA	01/1016	NA	1
CSASHYSGDRGHADTQYF	TRBV20-1	NA	01/1016	NA	1
CSASKQGVENIQYF	TRBV20-1	NA	01/1016	NA	2
CSASLTANTEAFF	TRBV20-1	NA	01/1016	NA	3
CSASNMPPYEQYF	TRBV20-1	NA	01/1016	NA	1
CSASPGGNQPQHF	TRBV20-1	NA	01/1016	NA	1
CSASPGSDTEAFF	TRBV20-1	NA	01/1016	NA	2
CSASPGTAKYGYTF	TRBV20-1	NA	01/1016	NA	1
CSASPGTHSNLPQHF	TRBV20-1	NA	01/1016	NA	1
CSASPLPSGGSYNEQFF	TRBV20-1	NA	01/1016	NA	1
CSASPSGASSYNEQFF	TRBV20-1	NA	01/1016	NA	1
CSASPYRSGEGYTF	TRBV20-1	NA	01/1016	NA	1
CSASQGGNTIYF	TRBV20-1	NA	01/1016	NA	1
CSASQLAGVFGTDTQYF	TRBV20-1	NA	01/1016	NA	1
CSASQRNTEAFF	TRBV20-1	NA	01/1016	NA	1
CSASRAASGRIGELFF	TRBV20-1	NA	01/1016	NA	1
CSASRAPEQYF	TRBV20-1	NA	01/1016	NA	4
CSASRGDQPQHF	TRBV20-1	NA	01/1016	NA	1
CSASRLAGDPAKNIQYF	TRBV20-1	NA	01/1016	NA	1
CSASRLLAGYNEQFF	TRBV20-1	NA	01/1016	NA	2
CSASRPGTVSNQPQHF	TRBV20-1	NA	01/1016	NA	1
CSASRQGEKLFF	TRBV20-1	NA	01/1016	NA	1
CSASRQGKGVGEQYF	TRBV20-1	NA	01/1016	NA	2
CSASRQGYSSAFF	TRBV20-1	NA	01/1016	NA	1
CSASSGPLAKEIQYF	TRBV20-1	NA	01/1016	NA	1
CSASSGTFMNTEAFF	TRBV20-1	NA	01/1016	NA	1
CSASSGTLSNTEAFF	TRBV20-1	NA	01/1016	NA	1
CSASSPPRGFF	TRBV20-1	NA	01/1016	NA	1
CSASTAGPGKPQETQYF	TRBV20-1	NA	01/1016	NA	2
CSASTGGKDSPLHF	TRBV29-1	NA	01/1016	NA	1
CSASTRGKDSPLHF	TRBV29-1	NA	01/1016	NA	1
CSASYTGTSGSIGYEQYF	TRBV20-1	NA	01/1016	NA	1
CSATDGLQPQHF	TRBV20-1	NA	01/1016	NA	1
CSATDRGPAGMGF	TRBV20-1	NA	01/1016	NA	4
CSATDRGPAVMGF	TRBV20-1	NA	01/1016	NA	1
CSATGDRKNIQYF	TRBV20-1	NA	01/1016	NA	1
CSATGGLDGTDTQYF	TRBV20-1	NA	01/1016	NA	1
CSATLVGTGVPHLSYEQYF	TRBV20-1	NA	01/1016	NA	2
CSATPGMLTRNEQFF	TRBV20-1	NA	01/1016	NA	1
CSATPLSGGQETQYF	TRBV20-1	NA	01/1016	NA	1
CSATPSGASGSSYNAQFF	TRBV20-1	NA	01/1016	NA	1
CSATPSGASGSSYNEQFF	TRBV20-1	NA	01/1016	NA	5
CSATQLLAGYNEQFF	TRBV20-1	NA	01/1016	NA	3
CSATSTAIYTF	TRBV20-1	NA	01/1016	NA	1
CSATTRGVNQPQHF	TRBV20-1	NA	01/1016	NA	1
CSATTSGTELSSYNEQFF	TRBV20-1	NA	01/1016	NA	1
CSATVPGLSSYNSPLHF	TRBV20-1	NA	01/1016	NA	3
CSATWATSGSSYNEQFF	TRBV20-1	NA	01/1016	NA	1
CSAVAGSLGFF	TRBV20-1	NA	01/1016	NA	2
CSAVSLAGVSDTQYF	TRBV29-1	NA	01/1016	NA	2
CSAVSYLYNEQFF	TRBV20-1	NA	01/1016	NA	3
CSAVVLGTIYGYTF	TRBV20-1	NA	01/1016	NA	2
CSAWTGTGTDGYTF	TRBV20-1	NA	01/1016	NA	1
CSAYNSQGYEQYF	TRBV20-1	NA	01/1016	NA	1
CSAYPGTSGSVVSYNEQFF	TRBV20-1	NA	01/1016	NA	3
CSEGRGGEQYF	TRBV20-1	NA	01/1016	NA	1
CSERTGDEAFF	TRBV29-1	NA	01/1016	NA	1
CSGAHNEQFF	TRBV29-1	NA	01/1016	NA	2
CSGQGDYGYTF	TRBV29-1	NA	01/1016	NA	2
CSGTLLLAGVHEQFF	TRBV20-1	NA	01/1016	NA	1
CSGTNPTSGRSYNEQFF	TRBV20-1	NA	01/1016	NA	3
CSGVSGSSGNTIYF	TRBV29-1	NA	01/1016	NA	1
CSIGRGTEAFF	TRBV20-1	NA	01/1016	NA	1
CSPLTSGRGPAYNEQFF	TRBV20-1	NA	01/1016	NA	1
CSPSGRTDYEQYF	TRBV20-1	NA	01/1016	NA	1
CSSATESNSEQYF	TRBV29-1	NA	01/1016	NA	1
CSSNTDTQYF	TRBV29-1	NA	01/1016	NA	1
CSSNTYTQYF	TRBV29-1	NA	01/1016	NA	1
CSSRDGGHGLLGPQHF	TRBV20-1	NA	01/1016	NA	1
CSSRVDLSGGLDTQYF	TRBV20-1	NA	01/1016	NA	1
CSVAIAGVYEQYF	TRBV29-1	NA	01/1016	NA	1
CSVDSAAAGNTIYF	TRBV29-1	NA	01/1016	NA	1
CSVDSGSPDTQYF	TRBV29-1	NA	01/1016	NA	1
CSVDTPTGINYGYTF	TRBV29-1	NA	01/1016	NA	1
CSVEDGVLGGYTF	TRBV29-1	NA	01/1016	NA	2
CSVEDLSGWVNTEAFF	TRBV29-1	NA	01/1016	NA	2
CSVEDPYRETQYF	TRBV29-1	NA	01/1016	NA	4
CSVEESTNYGYTF	TRBV29-1	NA	01/1016	NA	1
CSVEGGAGANVLTF	TRBV29-1	NA	01/1016	NA	1
CSVEGGGGANVLFF	TRBV29-1	NA	01/1016	NA	1
CSVEGGKRANEQFF	TRBV29-1	NA	01/1016	NA	1
CSVEGGQGAEKQYF	TRBV29-1	NA	01/1016	NA	1
CSVEGGQGANEQFF	TRBV29-1	NA	01/1016	NA	1
CSVEGGRAANEQFF	TRBV29-1	NA	01/1016	NA	1
CSVEGGRGADTQYF	TRBV29-1	NA	01/1016	NA	1
CSVEGGTSGHSYEQYF	TRBV29-1	NA	01/1016	NA	1
CSVEGPRRDTQYF	TRBV29-1	NA	01/1016	NA	2
CSVETGQGTTEQYF	TRBV29-1	NA	01/1016	NA	1
CSVEVGTDIQYF	TRBV29-1	NA	01/1016	NA	2
CSVGGPGDTQYF	TRBV29-1	NA	01/1016	NA	1
CSVGHLGYTF	TRBV29-1	NA	01/1016	NA	1
CSVGTSGPYNEQFF	TRBV29-1	NA	01/1016	NA	1
CSVIRSQGLEQYF	TRBV20-1	NA	01/1016	NA	2
CSVLAGRGINEQFF	TRBV29-1	NA	01/1016	NA	1
CSVLPWGTGVADTQYF	TRBV20-1	NA	01/1016	NA	1
CSVLTSGGSNEQYF	TRBV29-1	NA	01/1016	NA	1
CSVMGETQYF	TRBV29-1	NA	01/1016	NA	1
CSVPKDRRDEAFF	TRBV20-1	NA	01/1016	NA	1
CSVPWGLSEFF	TRBV20-1	NA	01/1016	NA	2
CSVQGGTGADTQYF	TRBV29-1	NA	01/1016	NA	4
CSVQTPGRVLYF	TRBV29-1	NA	01/1016	NA	13
CSVQTTGANVLTF	TRBV20-1	NA	01/1016	NA	1
CSVSLTEAFF	TRBV29-1	NA	01/1016	NA	1
CSVVIAGSGNTIYF	TRBV29-1	NA	01/1016	NA	1
CSVVLASSGNTIYF	TRBV29-1	NA	01/1016	NA	1
CSVWAGVADTQYF	TRBV20-1	NA	01/1016	NA	1
CSVYSGSGPPRNEQFF	TRBV29-1	NA	01/1016	NA	2
CTTPGTSGRNEQYF	TRBV20-1	NA	01/1016	NA	1
CAIGAVNQPQHF	TRBV10-3	NA	03/0132	NA	1
CAISETYELPQYF	TRBV10-3	NA	03/0132	NA	1
CAITGTGGFSTDTQYF	TRBV10-3	NA	03/0132	NA	1
CARVREDPLHF	TRBV27	NA	03/0132	NA	6
CASAQKGQYTGELFF	TRBV7-2	NA	03/0132	NA	1
CASGDRENSPLHF	TRBV7-9	NA	03/0132	NA	2
CASKSADTQYF	TRBV5-1	NA	03/0132	NA	1
CASLGRFSYEQYF	TRBV28	NA	03/0132	NA	1
CASMTSGGGDTQYF	TRBV25-1	NA	03/0132	NA	1
CASNLQGRFTEAFF	TRBV19	NA	03/0132	NA	3
CASQTSGRTNNEQFF	TRBV5-4	NA	03/0132	NA	1
CASRGRDGGRNTEAFF	TRBV7-2	NA	03/0132	NA	1
CASRPGTGALEQYF	TRBV6-1	NA	03/0132	NA	1
CASRRAFAGELFF	TRBV5-1	NA	03/0132	NA	1
CASSAEGGEQYF	TRBV2	NA	03/0132	NA	1
CASSARAGTSGGAPSF	TRBV7-2	NA	03/0132	NA	1
CASSDPGRGQTDTQYF	TRBV25-1	NA	03/0132	NA	1
CASSDSPRANVLTF	TRBV19	NA	03/0132	NA	1
CASSEAGINQPQHF	TRBV6-1	NA	03/0132	NA	3
CASSEAGRTGPSVTQYF	TRBV2	NA	03/0132	NA	1
CASSEVHEQYF	TRBV2	NA	03/0132	NA	1
CASSFGNGGNTQYF	TRBV7-9	NA	03/0132	NA	1
CASSFTEGDTQYF	TRBV7-2	NA	03/0132	NA	1
CASSFTTHHPQGYEQYF	TRBV7-3	NA	03/0132	NA	1
CASSGQGWVDEQFF	TRBV5-1	NA	03/0132	NA	1
CASSGSGNRAATHGYTF	TRBV9	NA	03/0132	NA	1
CASSIQGYSGANVLTF	TRBV2	NA	03/0132	NA	1
CASSLAFLGSREQFF	TRBV11-2	NA	03/0132	NA	1
CASSLEGGGAAEAFF	TRBV11-2	NA	03/0132	NA	1
CASSLEGHYEQYF	TRBV11-3	NA	03/0132	NA	1
CASSLEQGNEQFF	TRBV7-2	NA	03/0132	NA	1
CASSLGGDTQYF	TRBV5-6	NA	03/0132	NA	1
CASSLGGRDTEAFF	TRBV7-3	NA	03/0132	NA	1
CASSLIGHEQFF	TRBV7-3	NA	03/0132	NA	1
CASSLLRTGKNEQFF	TRBV28	NA	03/0132	NA	1
CASSLNSNTGELFF	TRBV5-5	NA	03/0132	NA	1
CASSLRPSGGNTDTQYF	TRBV7-2	NA	03/0132	NA	1
CASSLSGMNTEAFF	TRBV27	NA	03/0132	NA	1
CASSLSNEKLFF	TRBV7-8	NA	03/0132	NA	1
CASSLSYEQYF	TRBV5-4	NA	03/0132	NA	1
CASSLVSGGRHPEQFF	TRBV5-4	NA	03/0132	NA	3
CASSPGLAAGDEQFF	TRBV5-1	NA	03/0132	NA	1
CASSPGVGLQETQYF	TRBV7-2	NA	03/0132	NA	7
CASSPMTSLSSYEQYF	TRBV27	NA	03/0132	NA	1
CASSPPGQGSVGTDTQYF	TRBV18	NA	03/0132	NA	1
CASSPPMGGTEAFF	TRBV7-2	NA	03/0132	NA	2
CASSPRALNTGELFF	TRBV9	NA	03/0132	NA	2
CASSPTGTENYNEQFF	TRBV5-1	NA	03/0132	NA	1
CASSQAAGRAFF	TRBV3-1	NA	03/0132	NA	1
CASSQGGWETQYF	TRBV4-2	NA	03/0132	NA	1
CASSQQGAGELFF	TRBV3-1	NA	03/0132	NA	2
CASSRGTGGGEPLHF	TRBV11-3	NA	03/0132	NA	3
CASSRGTGLLF	TRBV27	NA	03/0132	NA	1
CASSSPGTDTQYF	TRBV5-1	NA	03/0132	NA	1
CASSSPRLARPIYGYTF	TRBV7-8	NA	03/0132	NA	1
CASSSPRWQGPPDTQYF	TRBV7-2	NA	03/0132	NA	2
CASSSREGRDGYTF	TRBV5-1	NA	03/0132	NA	1
CASSSRGQSNYGYTF	TRBV5-1	NA	03/0132	NA	1
CASSSSGGNTDTQYF	TRBV11-3	NA	03/0132	NA	1
CASSTGTLSSEQYF	TRBV6-6	NA	03/0132	NA	1
CASSTTGYSGNTIYF	TRBV28	NA	03/0132	NA	1
CASSVRQGGADTQYF	TRBV9	NA	03/0132	NA	1
CASSWIGGYGYTF	TRBV5-1	NA	03/0132	NA	1
CASSYHLTGTEAFF	TRBV6-6	NA	03/0132	NA	1
CASTNNQIGDTQYF	TRBV6-2	NA	03/0132	NA	1
CASTRRGSGEQYF	TRBV27	NA	03/0132	NA	1
CATSRGTAGQETQYF	TRBV15	NA	03/0132	NA	3
CAWRRDPAGGAFF	TRBV30	NA	03/0132	NA	1
CSAAGTSRSLSYNEQFF	TRBV20-1	NA	03/0132	NA	1
CSAARGAGFGSPLHF	TRBV20-1	NA	03/0132	NA	1
CSAEPRDTQYF	TRBV20-1	NA	03/0132	NA	1
CSAGERSSTDTQYF	TRBV29-1	NA	03/0132	NA	1
CSAGRTEAFF	TRBV20-1	NA	03/0132	NA	3
CSAGSGSYNEQFF	TRBV20-1	NA	03/0132	NA	1
CSAIGSTDTQYF	TRBV20-1	NA	03/0132	NA	1
CSAKAPGLAGEGAKNIQYF	TRBV20-1	NA	03/0132	NA	1
CSALPPGRASTDTQYF	TRBV20-1	NA	03/0132	NA	1
CSALYIGSGGRTDTQYF	TRBV20-1	NA	03/0132	NA	1
CSANIRTSGRFF	TRBV20-1	NA	03/0132	NA	1
CSANRNLNTEAFF	TRBV29-1	NA	03/0132	NA	1
CSARAPGLAGFNEQFF	TRBV20-1	NA	03/0132	NA	1
CSARELAGGEDNEQFF	TRBV20-1	NA	03/0132	NA	1
CSARMSDRATEAFF	TRBV29-1	NA	03/0132	NA	1
CSARNPPGEAEYF	TRBV20-1	NA	03/0132	NA	1
CSARPPTGRDNYGDTF	TRBV20-1	NA	03/0132	NA	1
CSARPQGGEETQYF	TRBV20-1	NA	03/0132	NA	1
CSARRGSYNSPLHF	TRBV20-1	NA	03/0132	NA	1
CSARSTHAREDQPQHF	TRBV29-1	NA	03/0132	NA	1
CSASGQGAVGELFF	TRBV20-1	NA	03/0132	NA	1
CSASLSGYNEQFF	TRBV20-1	NA	03/0132	NA	1
CSASNQRGGRELFF	TRBV20-1	NA	03/0132	NA	1
CSASRDSEQFF	TRBV20-1	NA	03/0132	NA	1
CSATEATASNQPQHF	TRBV20-1	NA	03/0132	NA	1
CSATGTGIYNEQFF	TRBV20-1	NA	03/0132	NA	1
CSATSGTGTGYTF	TRBV20-1	NA	03/0132	NA	1
CSVAVPEIGSVYEQYF	TRBV29-1	NA	03/0132	NA	1
CSVERQGVNYGYTF	TRBV29-1	NA	03/0132	NA	1
CSVHREMNTEAFF	TRBV29-1	NA	03/0132	NA	1
CVARGGTRYNEQFF	TRBV29-1	NA	03/0132	NA	1
CAASNDPGETEAFF	TRBV20-1	NA	03/0132	NA	1
CACSGGVCSQSPHF	TRBV30	NA	03/0132	NA	1
CACSLASAGNYNEQFF	TRBV7-2	NA	03/0132	NA	1
CACSVAFCGNTIYF	TRBV2	NA	03/0132	NA	1
CAGGPGGTYEQYF	TRBV27	NA	03/0132	NA	1
CAGSEVPGRGGYTF	TRBV3-1	NA	03/0132	NA	1
CAGSLRESSYNEQFF	TRBV9	NA	03/0132	NA	1
CAGSPNINSPLHF	TRBV14	NA	03/0132	NA	1
CAGSQDMLAEQHNEQFF	TRBV3-1	NA	03/0132	NA	1
CAGSSAGTESGNLHF	TRBV7-3	NA	03/0132	NA	1
CAGSWRGRKETQYF	TRBV7-2	NA	03/0132	NA	1
CAGTQGVNRDQPQQF	TRBV30	NA	03/0132	NA	1
CAHRGGPYGNTIYF	TRBV30	NA	03/0132	NA	1
CAIEGTSGGASMGEQFF	TRBV10-3	NA	03/0132	NA	1
CAIRGGPEEAKNSQYF	TRBV10-3	NA	03/0132	NA	1
CAIRPGQGAETQYF	TRBV10-3	NA	03/0132	NA	1
CAIRPGQGDEQYF	TRBV10-3	NA	03/0132	NA	1
CAISAIQGGSTEAFF	TRBV10-3	NA	03/0132	NA	1
CAISESRARGQETQYF	TRBV10-3	NA	03/0132	NA	1
CAISGTGGNYGYTF	TRBV10-3	NA	03/0132	NA	1
CAISPGPRTNYGYTF	TRBV19	NA	03/0132	NA	1
CAISRTGTRGSGDF	TRBV10-3	NA	03/0132	NA	2
CAISRTNQPQHF	TRBV10-3	NA	03/0132	NA	1
CAISSRDPNTEAFF	TRBV10-3	NA	03/0132	NA	1
CALGGTSGGASMGAQFF	TRBV10-3	NA	03/0132	NA	1
CALHRGLNYGYTF	TRBV30	NA	03/0132	NA	1
CARATSGVGDTQYF	TRBV25-1	NA	03/0132	NA	1
CARSFGAVSAETQYF	TRBV5-4	NA	03/0132	NA	1
CARSHSSGGGYYGQYF	TRBV7-2	NA	03/0132	NA	1
CARSLDGHDYGYTF	TRBV12-3	NA	03/0132	NA	1
CARSVSGGAKNIQYF	TRBV7-2	NA	03/0132	NA	1
CASAQEVNTEAFF	TRBV5-1	NA	03/0132	NA	3
CASGAGAGAYGQYF	TRBV7-2	NA	03/0132	NA	1
CASGEGTRTATETQYF	TRBV25-1	NA	03/0132	NA	1
CASGHASGGGDYEQYF	TRBV7-2	NA	03/0132	NA	1
CASGHSPGGGYYEHYF	TRBV7-2	NA	03/0132	NA	1
CASGKGLTYYNEQFF	TRBV6-6	NA	03/0132	NA	1
CASGLVLGQNTEAFF	TRBV12-5	NA	03/0132	NA	3
CASGREQRGLFF	TRBV7-9	NA	03/0132	NA	1
CASGSDSQETQYF	TRBV12-5	NA	03/0132	NA	1
CASHRDGYYTF	TRBV2	NA	03/0132	NA	1
CASHRTYPAVATPKWTGELFF	TRBV9	NA	03/0132	NA	1
CASIEGPRTAPDTPYF	TRBV25-1	NA	03/0132	NA	1
CASIFFGTSGAPGYTQYF	TRBV27	NA	03/0132	NA	1
CASILVDYNEQFF	TRBV2	NA	03/0132	NA	1
CASKRTGGGETQYF	TRBV25-1	NA	03/0132	NA	2
CASLTSFGTQYF	TRBV2	NA	03/0132	NA	1
CASMLAGGPIVTQYF	TRBV5-6	NA	03/0132	NA	1
CASNEGGLANYNEQFF	TRBV7-6	NA	03/0132	NA	1
CASNSGIGTGTEAFF	TRBV6-6	NA	03/0132	NA	2
CASNSGTGNNEQFF	TRBV5-1	NA	03/0132	NA	1
CASPQEGNTEAFF	TRBV5-1	NA	03/0132	NA	1
CASQTTSGGPYEQYF	TRBV6-5	NA	03/0132	NA	1
CASRAGTGLREQYF	TRBV6-1	NA	03/0132	NA	1
CASRDYNSPRHF	TRBV19	NA	03/0132	NA	1
CASREGTARGNQHQHF	TRBV2	NA	03/0132	NA	1
CASREGTYEQYF	TRBV6-6	NA	03/0132	NA	1
CASRELAGVVTDTQYF	TRBV7-2	NA	03/0132	NA	1
CASRGDGDTQYF	TRBV5-4	NA	03/0132	NA	1
CASRGDSGTEAFF	TRBV12-3	NA	03/0132	NA	1
CASRGGSSGRNEQFF	TRBV5-4	NA	03/0132	NA	1
CASRGQTSYEQYF	TRBV2	NA	03/0132	NA	1
CASRLAERGTTDTQYF	TRBV5-4	NA	03/0132	NA	1
CASRLGLAAQETQYF	TRBV14	NA	03/0132	NA	1
CASRLGRGGYNEQFF	TRBV7-3	NA	03/0132	NA	1
CASRPRGDQGNTEAFF	TRBV5-1	NA	03/0132	NA	1
CASRQEPGGRQDTQYF	TRBV4-2	NA	03/0132	NA	1
CASRQQRIDRGRGNTIYF	TRBV2	NA	03/0132	NA	1
CASRQRGSKDTQYF	TRBV7-6	NA	03/0132	NA	1
CASRQTGQGGVEKLFF	TRBV7-2	NA	03/0132	NA	1
CASRRQGVYEQYF	TRBV6-5	NA	03/0132	NA	4
CASRTVGYGYTF	TRBV2	NA	03/0132	NA	1
CASRVHIGVNSPLHF	TRBV5-5	NA	03/0132	NA	1
CASRVLTGRTDKKYF	TRBV9	NA	03/0132	NA	1
CASSCTAGGTEAFF	TRBV6-5	NA	03/0132	NA	1
CASSDGTSGGYEQFF	TRBV6-1	NA	03/0132	NA	1
CASSDPSGGAGEQFF	TRBV5-1	NA	03/0132	NA	1
CASSEAFETQYF	TRBV2	NA	03/0132	NA	1
CASSEASSGNTIYF	TRBV2	NA	03/0132	NA	3
CASSEGGSGNQPQHF	TRBV28	NA	03/0132	NA	1
CASSEGPRTAPDTQYF	TRBV25-1	NA	03/0132	NA	2
CASSEGPRTAPGPQYF	TRBV25-1	NA	03/0132	NA	1
CASSEGTARGNQPQHF	TRBV2	NA	03/0132	NA	1
CASSENLRGGNNEQFF	TRBV2	NA	03/0132	NA	1
CASSERGRGESSYNSPLHF	TRBV6-1	NA	03/0132	NA	1
CASSESTLRDRKYF	TRBV10-1	NA	03/0132	NA	2
CASSFDGTNNQPQHF	TRBV5-1	NA	03/0132	NA	2
CASSFDLASGEAFF	TRBV7-2	NA	03/0132	NA	2
CASSFEVAGGPNEQFF	TRBV5-1	NA	03/0132	NA	1
CASSFGGISAETQYF	TRBV5-4	NA	03/0132	NA	1
CASSFGPGQGAEETQYF	TRBV11-1	NA	03/0132	NA	1
CASSFNGGDYGYTF	TRBV5-1	NA	03/0132	NA	1
CASSFRGIRAETQYF	TRBV5-4	NA	03/0132	NA	1
CASSFSGAYEQYF	TRBV12-4	NA	03/0132	NA	1
CASSFSPPGLAEAKNIQYF	TRBV27	NA	03/0132	NA	2
CASSFSSGINNEQFF	TRBV7-3	NA	03/0132	NA	1
CASSFTAGGPTGELFF	TRBV10-1	NA	03/0132	NA	1
CASSGDGADTQYF	TRBV2	NA	03/0132	NA	1
CASSGDSYGYTF	TRBV2	NA	03/0132	NA	1
CASSGHLNTEAFF	TRBV11-2	NA	03/0132	NA	1
CASSGHVNTEAFF	TRBV11-2	NA	03/0132	NA	1
CASSGLLFTDTQYF	TRBV25-1	NA	03/0132	NA	1
CASSGPRQGTWGQPQHF	TRBV2	NA	03/0132	NA	1
CASSHGPGDHQETQYF	TRBV5-1	NA	03/0132	NA	1
CASSHPGQGRGGTEAFF	TRBV3-1	NA	03/0132	NA	2
CASSHQGSNYGYTF	TRBV27	NA	03/0132	NA	1
CASSHSSGGGYYEQYF	TRBV7-2	NA	03/0132	NA	2
CASSHVRSLISGNTIYF	TRBV4-1	NA	03/0132	NA	1
CASSHVRSRISGNTIYF	TRBV4-1	NA	03/0132	NA	1
CASSIAVGTGSSPLHF	TRBV21-1	NA	03/0132	NA	1
CASSIGDRYNEQFF	TRBV5-1	NA	03/0132	NA	1
CASSIQETQYF	TRBV19	NA	03/0132	NA	1
CASSIRAGGPSDEQFF	TRBV19	NA	03/0132	NA	1
CASSIWPVSGNTIYF	TRBV19	NA	03/0132	NA	1
CASSKDRVGDTQYF	TRBV5-1	NA	03/0132	NA	1
CASSKGLAAGEQYF	TRBV6-6	NA	03/0132	NA	1
CASSKGLVKFDEQFF	TRBV6-6	NA	03/0132	NA	1
CASSKGSQGRMHATNEKLFF	TRBV21-1	NA	03/0132	NA	1
CASSKGTVNTGELFF	TRBV19	NA	03/0132	NA	1
CASSLAGGIDQPQHF	TRBV5-6	NA	03/0132	NA	1
CASSLAGQGAYYGYTF	TRBV11-2	NA	03/0132	NA	1
CASSLASAGNYNEQFF	TRBV7-2	NA	03/0132	NA	3
CASSLASGGGADTQYF	TRBV11-2	NA	03/0132	NA	1
CASSLAVGNQPQHF	TRBV7-6	NA	03/0132	NA	1
CASSLAVGSRQDTQYF	TRBV5-1	NA	03/0132	NA	1
CASSLDAGSYGYTF	TRBV5-1	NA	03/0132	NA	3
CASSLDFDGYTF	TRBV5-1	NA	03/0132	NA	1
CASSLDGAGARSYTF	TRBV7-2	NA	03/0132	NA	1
CASSLDGAVARIYTF	TRBV7-2	NA	03/0132	NA	1
CASSLDPGNTIYF	TRBV5-1	NA	03/0132	NA	1
CASSLDRGNEQFF	TRBV11-2	NA	03/0132	NA	1
CASSLDSVNQPQHF	TRBV7-2	NA	03/0132	NA	2
CASSLEGADALSYTF	TRBV7-2	NA	03/0132	NA	1
CASSLEGFQETQYF	TRBV5-1	NA	03/0132	NA	1
CASSLERTHGYPF	TRBV5-1	NA	03/0132	NA	1
CASSLESEKLFF	TRBV7-9	NA	03/0132	NA	1
CASSLETGGFYGYTF	TRBV5-1	NA	03/0132	NA	1
CASSLFDYNEQFF	TRBV2	NA	03/0132	NA	1
CASSLFGGRETQYF	TRBV5-1	NA	03/0132	NA	1
CASSLFPRGASTDTQYF	TRBV13	NA	03/0132	NA	1
CASSLFTSGSEQFF	TRBV5-1	NA	03/0132	NA	1
CASSLGAGGRYEQDF	TRBV5-1	NA	03/0132	NA	1
CASSLGDGVGAFF	TRBV5-1	NA	03/0132	NA	1
CASSLGDLMHEQFF	TRBV5-1	NA	03/0132	NA	2
CASSLGFRGDTDTQYF	TRBV5-1	NA	03/0132	NA	1
CASSLGFRGGTDTQDF	TRBV5-1	NA	03/0132	NA	1
CASSLGFRGGTDTQYF	TRBV5-1	NA	03/0132	NA	1
CASSLGFRVSYNSPLHF	TRBV12-4	NA	03/0132	NA	1
CASSLGGGAPKETQYF	TRBV7-8	NA	03/0132	NA	1
CASSLGGGDTEAFF	TRBV7-3	NA	03/0132	NA	1
CASSLGGGQYGYTF	TRBV6-1	NA	03/0132	NA	1
CASSLGGIGNEQFF	TRBV7-8	NA	03/0132	NA	1
CASSLGGPSPLTQYF	TRBV7-2	NA	03/0132	NA	2
CASSLGGQGRNEQFF	TRBV7-2	NA	03/0132	NA	1
CASSLGLAGGNAGGTQYF	TRBV5-1	NA	03/0132	NA	1
CASSLGLGVAGELFF	TRBV5-1	NA	03/0132	NA	1
CASSLGPGELFF	TRBV9	NA	03/0132	NA	1
CASSLGRGKYVPDEQYF	TRBV7-9	NA	03/0132	NA	1
CASSLGVGIQETQYF	TRBV7-2	NA	03/0132	NA	1
CASSLGVGVYGDNF	TRBV7-2	NA	03/0132	NA	1
CASSLGVGVYGYTF	TRBV7-2	NA	03/0132	NA	1
CASSLIGGTNTGELFF	TRBV7-3	NA	03/0132	NA	1
CASSLKGANGLTF	TRBV3-1	NA	03/0132	NA	1
CASSLKGANVLTF	TRBV3-1	NA	03/0132	NA	1
CASSLLEMAGGPNEQFF	TRBV5-1	NA	03/0132	NA	1
CASSLLLGYNEQFF	TRBV11-2	NA	03/0132	NA	1
CASSLLVRLSGNTIYF	TRBV7-8	NA	03/0132	NA	1
CASSLMGQGDEQYF	TRBV7-3	NA	03/0132	NA	1
CASSLMSQPQHF	TRBV28	NA	03/0132	NA	1
CASSLPATGAATEAFF	TRBV11-2	NA	03/0132	NA	1
CASSLPLADVTDTQYF	TRBV5-1	NA	03/0132	NA	1
CASSLPPPPEQYF	TRBV7-2	NA	03/0132	NA	1
CASSLQGASEKLFF	TRBV5-4	NA	03/0132	NA	1
CASSLQGASTEACF	TRBV7-8	NA	03/0132	NA	1
CASSLQVGSGRYNEQFF	TRBV11-2	NA	03/0132	NA	1
CASSLRFPGGLTEAFF	TRBV27	NA	03/0132	NA	1
CASSLRGDTEAFF	TRBV7-3	NA	03/0132	NA	1
CASSLRGGDEKLCF	TRBV5-4	NA	03/0132	NA	1
CASSLRGRKETQYF	TRBV7-2	NA	03/0132	NA	3
CASSLRRVEQYF	TRBV28	NA	03/0132	NA	1
CASSLRTGGAYNEQFF	TRBV7-2	NA	03/0132	NA	1
CASSLRTGYSGANVLTF	TRBV28	NA	03/0132	NA	2
CASSLRVGETQYF	TRBV27	NA	03/0132	NA	2
CASSLSASLNTEAFF	TRBV27	NA	03/0132	NA	1
CASSLSHGNEAFF	TRBV7-2	NA	03/0132	NA	1
CASSLSISNEKLFF	TRBV28	NA	03/0132	NA	1
CASSLSNLYNEQFF	TRBV5-1	NA	03/0132	NA	1
CASSLSSNEQFF	TRBV7-9	NA	03/0132	NA	1
CASSLTDGNTIYF	TRBV5-1	NA	03/0132	NA	1
CASSLTGDLMHEQFF	TRBV5-1	NA	03/0132	NA	1
CASSLTGTRSYNEQFF	TRBV7-2	NA	03/0132	NA	1
CASSLTTGGFMNTEAFF	TRBV27	NA	03/0132	NA	1
CASSLVAGGRYEQYF	TRBV5-1	NA	03/0132	NA	2
CASSLVAYNEQFF	TRBV2	NA	03/0132	NA	1
CASSLVDYNEQFF	TRBV2	NA	03/0132	NA	1
CASSLVGASYNEQFF	TRBV5-1	NA	03/0132	NA	1
CASSLVGTDTQYF	TRBV7-2	NA	03/0132	NA	1
CASSLVGTTDTQYF	TRBV7-2	NA	03/0132	NA	1
CASSLVLGVAGELFF	TRBV5-1	NA	03/0132	NA	1
CASSLVMAGGVADTQYF	TRBV7-2	NA	03/0132	NA	1
CASSLVPGQGATEAFF	TRBV18	NA	03/0132	NA	1
CASSLVPPLDKETQYF	TRBV7-2	NA	03/0132	NA	1
CASSLVQAPTYEQYF	TRBV11-3	NA	03/0132	NA	1
CASSLVRAPSYEQYF	TRBV11-3	NA	03/0132	NA	1
CASSLVRGQYFPYEQYF	TRBV7-9	NA	03/0132	NA	1
CASSLVSRESEQFF	TRBV5-1	NA	03/0132	NA	1
CASSLVWYGYTF	TRBV6-1	NA	03/0132	NA	1
CASSLYQGSVTKAFF	TRBV7-9	NA	03/0132	NA	1
CASSNNQGTKNIQYF	TRBV7-9	NA	03/0132	NA	1
CASSNPDRGLSSYNSPLHF	TRBV7-2	NA	03/0132	NA	1
CASSNTGGTEAFF	TRBV5-1	NA	03/0132	NA	1
CASSPEGLAGGLGTQYF	TRBV7-9	NA	03/0132	NA	1
CASSPGGGLQETQYF	TRBV7-2	NA	03/0132	NA	1
CASSPGGPEAGELFF	TRBV10-2	NA	03/0132	NA	2
CASSPGGYNEQFF	TRBV7-7	NA	03/0132	NA	1
CASSPGLAGGPLAKNIQYF	TRBV5-1	NA	03/0132	NA	1
CASSPGLAGKFVETQYF	TRBV7-2	NA	03/0132	NA	1
CASSPGMGSGNTIYF	TRBV10-2	NA	03/0132	NA	1
CASSPGNYGYTF	TRBV7-9	NA	03/0132	NA	1
CASSPGSRDSNEQFF	TRBV5-1	NA	03/0132	NA	1
CASSPGTEINEQYF	TRBV7-9	NA	03/0132	NA	1
CASSPGTFSPDTQYF	TRBV27	NA	03/0132	NA	1
CASSPGTGAHYGYTF	TRBV7-2	NA	03/0132	NA	1
CASSPIRRQGVYEQYF	TRBV11-1	NA	03/0132	NA	1
CASSPKRGGTDTQYF	TRBV6-4	NA	03/0132	NA	1
CASSPLGYNEQFF	TRBV18	NA	03/0132	NA	1
CASSPLRDRGSYGYTF	TRBV25-1	NA	03/0132	NA	1
CASSPLWGGGDEQYF	TRBV7-9	NA	03/0132	NA	1
CASSPNINSPLPF	TRBV14	NA	03/0132	NA	1
CASSPNNEQFF	TRBV18	NA	03/0132	NA	1
CASSPPPRDTPTDTQYF	TRBV6-6	NA	03/0132	NA	1
CASSPPRGGTEAFF	TRBV7-2	NA	03/0132	NA	1
CASSPPSGVNEQFF	TRBV28	NA	03/0132	NA	2
CASSPQGAHGQYF	TRBV7-6	NA	03/0132	NA	1
CASSPQGVEAFF	TRBV18	NA	03/0132	NA	1
CASSPRGTNSPLHF	TRBV18	NA	03/0132	NA	1
CASSPRLNGGVNQPQHF	TRBV27	NA	03/0132	NA	2
CASSPRNEQFF	TRBV12-4	NA	03/0132	NA	1
CASSPSLQGQGYEQYF	TRBV7-8	NA	03/0132	NA	1
CASSPSRGHGELFF	TRBV5-1	NA	03/0132	NA	1
CASSPSTSGGTDTQYF	TRBV5-1	NA	03/0132	NA	1
CASSPTARWETQYF	TRBV28	NA	03/0132	NA	1
CASSPTDGVSYNSPLHF	TRBV4-1	NA	03/0132	NA	1
CASSPTGLAGGNEQFF	TRBV7-3	NA	03/0132	NA	1
CASSPTSGSYNEQFF	TRBV5-1	NA	03/0132	NA	3
CASSPVLSNPSNQPQHF	TRBV18	NA	03/0132	NA	2
CASSQAGCGANGLTF	TRBV7-3	NA	03/0132	NA	1
CASSQAGYGANVLTF	TRBV7-3	NA	03/0132	NA	1
CASSQDAIRTTGYTF	TRBV14	NA	03/0132	NA	1
CASSQDGGRLKGTGYLFAGELFF	TRBV4-1	NA	03/0132	NA	2
CASSQDGQGIGTKNIQYF	TRBV4-2	NA	03/0132	NA	2
CASSQDRAVNIQYF	TRBV14	NA	03/0132	NA	1
CASSQDRTGFLNTEAFF	TRBV4-1	NA	03/0132	NA	1
CASSQDRTGVLNTEAFF	TRBV4-1	NA	03/0132	NA	1
CASSQDRTTQNIQYF	TRBV4-2	NA	03/0132	NA	1
CASSQDRTYEQYF	TRBV7-9	NA	03/0132	NA	1
CASSQDTARAGGTDTQYF	TRBV4-2	NA	03/0132	NA	1
CASSQDTRLADTQYF	TRBV4-2	NA	03/0132	NA	1
CASSQDVAGANVLTF	TRBV5-1	NA	03/0132	NA	1
CASSQGGFNEQYF	TRBV7-7	NA	03/0132	NA	1
CASSQGHGNYGYTF	TRBV14	NA	03/0132	NA	1
CASSQGTSGQDTQYF	TRBV4-1	NA	03/0132	NA	1
CASSQPIENYGYTF	TRBV4-1	NA	03/0132	NA	1
CASSQRGRGGSGANVLTF	TRBV4-2	NA	03/0132	NA	1
CASSQRPDIPNEAFF	TRBV3-1	NA	03/0132	NA	1
CASSQSLGYTF	TRBV6-1	NA	03/0132	NA	1
CASSQYRGTKNIQYF	TRBV3-1	NA	03/0132	NA	1
CASSRAGTGGSSGANVLTF	TRBV5-6	NA	03/0132	NA	1
CASSRAGTSFSPLHF	TRBV6-5	NA	03/0132	NA	1
CASSRGGWETQYF	TRBV4-2	NA	03/0132	NA	1
CASSRGTDRDGYTF	TRBV7-2	NA	03/0132	NA	2
CASSRGTDRDRYTF	TRBV7-2	NA	03/0132	NA	1
CASSRGTDSSNTEAFF	TRBV5-1	NA	03/0132	NA	1
CASSRPSGRTDTQYF	TRBV3-1	NA	03/0132	NA	1
CASSRRGGGAWEQFF	TRBV27	NA	03/0132	NA	1
CASSRTMGGTEAFF	TRBV7-2	NA	03/0132	NA	1
CASSRTSGGISPTDTQYF	TRBV3-1	NA	03/0132	NA	1
CASSRTYPTTGTPKGTGELFF	TRBV9	NA	03/0132	NA	1
CASSRVDRCRGNTEAFF	TRBV5-6	NA	03/0132	NA	1
CASSRWGDSATNEKLFF	TRBV5-1	NA	03/0132	NA	1
CASSSAGLRQTQYF	TRBV12-3	NA	03/0132	NA	1
CASSSAGTEGGEPLHF	TRBV7-3	NA	03/0132	NA	1
CASSSAGTESGTLHF	TRBV7-3	NA	03/0132	NA	3
CASSSAMTRGDTGELFF	TRBV6-5	NA	03/0132	NA	1
CASSSDREETQYF	TRBV7-7	NA	03/0132	NA	1
CASSSGPCEGEQYF	TRBV7-2	NA	03/0132	NA	1
CASSSGQTNTGELFF	TRBV5-1	NA	03/0132	NA	1
CASSSGTGAYEQYF	TRBV7-2	NA	03/0132	NA	1
CASSSGTGEGEQYF	TRBV7-2	NA	03/0132	NA	1
CASSSGTGNNEQFF	TRBV5-1	NA	03/0132	NA	1
CASSSLGGAPYNEQFF	TRBV7-9	NA	03/0132	NA	2
CASSSMRANTGGLFF	TRBV5-4	NA	03/0132	NA	1
CASSSSRDTGGGTQPQHF	TRBV13	NA	03/0132	NA	1
CASSSSSDTQYF	TRBV7-3	NA	03/0132	NA	2
CASSSTGALFVEAMNTEAFF	TRBV7-2	NA	03/0132	NA	1
CASSSVGGVDEQFF	TRBV7-6	NA	03/0132	NA	1
CASSSVGPQHF	TRBV6-6	NA	03/0132	NA	1
CASSTDSWFYEQYF	TRBV12-3	NA	03/0132	NA	1
CASSTGGGTDTQYF	TRBV18	NA	03/0132	NA	1
CASSTGTSHQPQHF	TRBV3-1	NA	03/0132	NA	1
CASSTNRGKLSEQFF	TRBV7-2	NA	03/0132	NA	1
CASSTPIATGQGASVTEAFF	TRBV4-1	NA	03/0132	NA	1
CASSTRTGTYEQYF	TRBV7-8	NA	03/0132	NA	1
CASSTSGSPNTGELFF	TRBV27	NA	03/0132	NA	1
CASSVAPRLADTQYF	TRBV9	NA	03/0132	NA	2
CASSVGGRDTEAFF	TRBV7-3	NA	03/0132	NA	1
CASSVGTEETYGVTF	TRBV9	NA	03/0132	NA	1
CASSVGTEETYGYTF	TRBV9	NA	03/0132	NA	1
CASSVPGTRQDTQYF	TRBV19	NA	03/0132	NA	1
CASSVRMEDTQYF	TRBV2	NA	03/0132	NA	1
CASSVSGASANTGGLFF	TRBV7-2	NA	03/0132	NA	1
CASSVSGGGAKEQFF	TRBV9	NA	03/0132	NA	1
CASSVSGGGANEQFF	TRBV9	NA	03/0132	NA	1
CASSVSRTTYEKYF	TRBV7-2	NA	03/0132	NA	1
CASSVTAQSRETQYF	TRBV7-2	NA	03/0132	NA	1
CASSVTSGGVQETKYF	TRBV7-2	NA	03/0132	NA	1
CASSVVPTADTQYF	TRBV9	NA	03/0132	NA	1
CASSVVRGQYFPYEQYF	TRBV7-9	NA	03/0132	NA	1
CASSWGGAVPYEQYF	TRBV7-2	NA	03/0132	NA	1
CASSWGQLQETQYF	TRBV7-2	NA	03/0132	NA	1
CASSWGQTNTEAFF	TRBV5-1	NA	03/0132	NA	1
CASSYGPGRYSGELFF	TRBV5-1	NA	03/0132	NA	1
CASSYRDRGRNTIYF	TRBV2	NA	03/0132	NA	2
CASSYSASDDEQFF	TRBV6-2	NA	03/0132	NA	1
CASSYSMAGTLHEQYF	TRBV6-6	NA	03/0132	NA	1
CASSYSPAGLAGRNEQFF	TRBV7-3	NA	03/0132	NA	1
CASSYSPVGLAGRNEQFF	TRBV7-3	NA	03/0132	NA	1
CASSYVIHSGSRPGNTEAFF	TRBV5-1	NA	03/0132	NA	1
CASSYYLSGANVLTF	TRBV6-6	NA	03/0132	NA	1
CASTLRGTRDYQPQHF	TRBV28	NA	03/0132	NA	1
CASTPSPGNYGYTF	TRBV5-1	NA	03/0132	NA	2
CASTRDRVNSPLHF	TRBV2	NA	03/0132	NA	1
CASTSGGGYTGELFF	TRBV28	NA	03/0132	NA	1
CASTSRGAYGYTF	TRBV12-3	NA	03/0132	NA	1
CASTVDGYNEQFF	TRBV6-1	NA	03/0132	NA	1
CASTVNRGNTEAFF	TRBV7-2	NA	03/0132	NA	1
CASVAGTGTAPLHF	TRBV11-2	NA	03/0132	NA	1
CASWGGVENQPQHF	TRBV2	NA	03/0132	NA	1
CATKRNNEQFF	TRBV15	NA	03/0132	NA	3
CATQDSGGRNDNEQFF	TRBV15	NA	03/0132	NA	1
CATQDSGGRNYNEQFF	TRBV15	NA	03/0132	NA	1
CATRQGINVNEKLFF	TRBV12-3	NA	03/0132	NA	1
CATSDAGQGTTGELFF	TRBV24-1	NA	03/0132	NA	3
CATSDSRRGSHSGANVLTF	TRBV24-1	NA	03/0132	NA	1
CATSPSSAGANVLTF	TRBV10-1	NA	03/0132	NA	1
CATSREWNTEAFF	TRBV15	NA	03/0132	NA	1
CATSRGAAGQETQYF	TRBV15	NA	03/0132	NA	1
CATWGAELYEQYF	TRBV10-3	NA	03/0132	NA	1
CAWAGLNLNVQFF	TRBV30	NA	03/0132	NA	1
CAWGRHSYEQYF	TRBV30	NA	03/0132	NA	1
CAWIGCSLSQPQHF	TRBV30	NA	03/0132	NA	1
CAWRDSRGTDAFF	TRBV30	NA	03/0132	NA	1
CAWRGAGASGNTIYF	TRBV30	NA	03/0132	NA	1
CAWRKVAGEDTQYF	TRBV30	NA	03/0132	NA	3
CAWSARTSYTGELFF	TRBV30	NA	03/0132	NA	1
CAWSGGSRSQPQHF	TRBV30	NA	03/0132	NA	1
CAWSKGSGTGELFF	TRBV30	NA	03/0132	NA	1
CAWSRTSTGANVLTF	TRBV30	NA	03/0132	NA	1
CAWSSLGGGTDTQYF	TRBV30	NA	03/0132	NA	1
CAWSVAGHSPLHF	TRBV30	NA	03/0132	NA	1
CAWSVQDRRGSPLHF	TRBV30	NA	03/0132	NA	2
CAWTERGPEAFF	TRBV30	NA	03/0132	NA	1
CAWTQGVNRDQPQHF	TRBV30	NA	03/0132	NA	2
CDRSPGGGVQEYQYF	TRBV7-2	NA	03/0132	NA	1
CDSIRTSATTGSPKLTGELFF	TRBV9	NA	03/0132	NA	1
CDSSFSPPGRAEAKNIQYF	TRBV27	NA	03/0132	NA	1
CDSSSGTGEGEKYF	TRBV7-2	NA	03/0132	NA	1
CGDYEQYF	TRBV20-1	NA	03/0132	NA	1
CGSGQEVNTEAFF	TRBV5-1	NA	03/0132	NA	1
CGSRPASGGNEQFF	TRBV28	NA	03/0132	NA	1
CGSSLSLGYTF	TRBV6-1	NA	03/0132	NA	1
CRAKEQGAGNTEAFF	TRBV20-1	NA	03/0132	NA	1
CRAKSSHGGDTQYF	TRBV20-1	NA	03/0132	NA	1
CRARDGGGDSYEQYF	TRBV20-1	NA	03/0132	NA	1
CRAWGGGGDSYEQYF	TRBV20-1	NA	03/0132	NA	1
CRSGEGGGDAYEQYF	TRBV20-1	NA	03/0132	NA	1
CSAADAWGSYNEQFF	TRBV20-1	NA	03/0132	NA	1
CSAADDWGSYNEQFF	TRBV20-1	NA	03/0132	NA	1
CSAARGENTGELFF	TRBV20-1	NA	03/0132	NA	2
CSADGQGAGDTQYF	TRBV20-1	NA	03/0132	NA	1
CSADRQGHAYGYTF	TRBV20-1	NA	03/0132	NA	1
CSADTPGQGYGDTF	TRBV20-1	NA	03/0132	NA	1
CSAEDRGSTGEQFF	TRBV29-1	NA	03/0132	NA	1
CSAEGLIAEKLSYEQYF	TRBV20-1	NA	03/0132	NA	1
CSAEGQGTYNEQFF	TRBV20-1	NA	03/0132	NA	2
CSAEMFWTSGGDTQYF	TRBV20-1	NA	03/0132	NA	1
CSAERGGGELFF	TRBV20-1	NA	03/0132	NA	1
CSAERNGVGPEAFF	TRBV20-1	NA	03/0132	NA	1
CSAFLVDTQYF	TRBV20-1	NA	03/0132	NA	1
CSAFPSGYYNEQFF	TRBV20-1	NA	03/0132	NA	1
CSAFRPPSTEAFF	TRBV20-1	NA	03/0132	NA	1
CSAFSTGENEKLVF	TRBV20-1	NA	03/0132	NA	1
CSAGAGDYEQYF	TRBV20-1	NA	03/0132	NA	1
CSAGDGNYGYIF	TRBV29-1	NA	03/0132	NA	1
CSAGGRVGGSSYNEQFF	TRBV29-1	NA	03/0132	NA	1
CSAGIGGGLQETQYF	TRBV20-1	NA	03/0132	NA	1
CSAGPGTGVFTEAFF	TRBV20-1	NA	03/0132	NA	1
CSAGTFSNQPQHF	TRBV20-1	NA	03/0132	NA	1
CSAGVVGNPGRFSGESAFF	TRBV20-1	NA	03/0132	NA	1
CSAHRDRGLVNTEGFF	TRBV20-1	NA	03/0132	NA	1
CSAIGRQGGQKGWGYTF	TRBV20-1	NA	03/0132	NA	1
CSAKSSHGGDTQYF	TRBV20-1	NA	03/0132	NA	2
CSALETTSTDTQYF	TRBV20-1	NA	03/0132	NA	1
CSALLSGAADTQYF	TRBV20-1	NA	03/0132	NA	1
CSALREGTNTEAFF	TRBV29-1	NA	03/0132	NA	1
CSALSGTGVAYEQYF	TRBV20-1	NA	03/0132	NA	1
CSALSNLGADTQYF	TRBV20-1	NA	03/0132	NA	1
CSANALDGGRGTQYF	TRBV20-1	NA	03/0132	NA	1
CSANELDGGRGTQYF	TRBV20-1	NA	03/0132	NA	1
CSAPGLGYEQYF	TRBV20-1	NA	03/0132	NA	1
CSAPPGLAGGFSYNEQFF	TRBV20-1	NA	03/0132	NA	1
CSAPPLASYNEQFF	TRBV20-1	NA	03/0132	NA	1
CSAQEVIGYTF	TRBV20-1	NA	03/0132	NA	1
CSAQRPGFSYEQYF	TRBV29-1	NA	03/0132	NA	1
CSARAAGTGTEAFF	TRBV20-1	NA	03/0132	NA	1
CSARAGGNTEAFF	TRBV20-1	NA	03/0132	NA	1
CSARAPGLAGCNEQFF	TRBV20-1	NA	03/0132	NA	1
CSARDGGGDSYEQYF	TRBV20-1	NA	03/0132	NA	1
CSARDGLGDGYTF	TRBV20-1	NA	03/0132	NA	1
CSARDGQGAGELFF	TRBV20-1	NA	03/0132	NA	2
CSARDIVQAQKLFF	TRBV20-1	NA	03/0132	NA	1
CSARDLAGHNEQFF	TRBV20-1	NA	03/0132	NA	1
CSARDPGTGKNTEAFF	TRBV20-1	NA	03/0132	NA	2
CSARDRRQGAGELFF	TRBV20-1	NA	03/0132	NA	1
CSARDRSSYGDTF	TRBV20-1	NA	03/0132	NA	1
CSARDWASGGTGELFF	TRBV20-1	NA	03/0132	NA	2
CSAREAGTASNQPQHF	TRBV20-1	NA	03/0132	NA	1
CSAREFAGTSMYEQYF	TRBV20-1	NA	03/0132	NA	1
CSAREGLALIYSDNEQFF	TRBV20-1	NA	03/0132	NA	1
CSAREGLALIYSYNEQFF	TRBV20-1	NA	03/0132	NA	1
CSAREQGNEQYF	TRBV20-1	NA	03/0132	NA	2
CSARETGGGQPQHF	TRBV20-1	NA	03/0132	NA	1
CSARETHGTGDTGELFF	TRBV20-1	NA	03/0132	NA	1
CSARETLSTDTQYF	TRBV20-1	NA	03/0132	NA	1
CSARFRDSTRFSNQPQHF	TRBV20-1	NA	03/0132	NA	1
CSARGADAANTEAFF	TRBV20-1	NA	03/0132	NA	1
CSARGAGDIQYF	TRBV20-1	NA	03/0132	NA	2
CSARGATVSNQPQHF	TRBV20-1	NA	03/0132	NA	1
CSARGDREEAFF	TRBV20-1	NA	03/0132	NA	2
CSARGDSDYEQYF	TRBV20-1	NA	03/0132	NA	1
CSARGSGLTVLSGGSSYEQYF	TRBV20-1	NA	03/0132	NA	2
CSARGWGLANYGYTF	TRBV20-1	NA	03/0132	NA	1
CSARHDRGLREQYF	TRBV20-1	NA	03/0132	NA	1
CSARHQLGEKQVF	TRBV20-1	NA	03/0132	NA	1
CSARHQRGRSGNEQFF	TRBV20-1	NA	03/0132	NA	1
CSARLAGGHEQYF	TRBV20-1	NA	03/0132	NA	2
CSARLGTENSPLHF	TRBV20-1	NA	03/0132	NA	1
CSARLGTENSPRHF	TRBV20-1	NA	03/0132	NA	1
CSARLWTENSPLHF	TRBV20-1	NA	03/0132	NA	1
CSARNRPVTVMNTEAFF	TRBV20-1	NA	03/0132	NA	1
CSARPPLGEKLCF	TRBV20-1	NA	03/0132	NA	1
CSARPPLGEKLFF	TRBV20-1	NA	03/0132	NA	1
CSARPPLGERLFF	TRBV20-1	NA	03/0132	NA	1
CSARPPTGRDNCGYTF	TRBV20-1	NA	03/0132	NA	1
CSARPPTGRDNYCDTF	TRBV20-1	NA	03/0132	NA	1
CSARPPTGRDNYGYTF	TRBV20-1	NA	03/0132	NA	5
CSARRGLAREQFF	TRBV20-1	NA	03/0132	NA	1
CSARSTHAREDQPKHF	TRBV29-1	NA	03/0132	NA	1
CSARTDLENSPLHF	TRBV20-1	NA	03/0132	NA	1
CSARVGGYGYTF	TRBV20-1	NA	03/0132	NA	1
CSARVVGNPGRFSGESAFF	TRBV20-1	NA	03/0132	NA	2
CSARWASGAETQYF	TRBV20-1	NA	03/0132	NA	1
CSASDIEQFF	TRBV29-1	NA	03/0132	NA	1
CSASDPARTGELFF	TRBV20-1	NA	03/0132	NA	1
CSASDPARTGEMFF	TRBV20-1	NA	03/0132	NA	1
CSASEGGRYNEQFF	TRBV20-1	NA	03/0132	NA	3
CSASGPQAQETQYF	TRBV20-1	NA	03/0132	NA	1
CSASGTGGKLSSYNEQFF	TRBV20-1	NA	03/0132	NA	1
CSASGVGASYERYF	TRBV20-1	NA	03/0132	NA	1
CSASIGLALETQYF	TRBV20-1	NA	03/0132	NA	1
CSASNQRGGREVFF	TRBV20-1	NA	03/0132	NA	1
CSASPGLASRSYEQYF	TRBV20-1	NA	03/0132	NA	1
CSASPQGREETQYF	TRBV20-1	NA	03/0132	NA	1
CSASPRGGLAGGQRTDTQYF	TRBV20-1	NA	03/0132	NA	1
CSATEGSKDTQYF	TRBV20-1	NA	03/0132	NA	1
CSATPAGDAAGTQCF	TRBV20-1	NA	03/0132	NA	1
CSATPGGYPYHEQFF	TRBV20-1	NA	03/0132	NA	1
CSATPGGYPYNEQFF	TRBV20-1	NA	03/0132	NA	2
CSATPLGGEQPQHF	TRBV20-1	NA	03/0132	NA	1
CSATSPGDRAKYF	TRBV20-1	NA	03/0132	NA	1
CSATSPGDRAQYF	TRBV20-1	NA	03/0132	NA	1
CSATTFHEQYF	TRBV20-1	NA	03/0132	NA	2
CSAVLAQFTDTQYF	TRBV20-1	NA	03/0132	NA	1
CSAVRDRANYGYTF	TRBV20-1	NA	03/0132	NA	1
CSDTGGDAGNQPLHF	TRBV20-1	NA	03/0132	NA	1
CSGDIIGGTEAFF	TRBV29-1	NA	03/0132	NA	1
CSGGGAGTGEKLFF	TRBV29-1	NA	03/0132	NA	1
CSPGQVGELFF	TRBV29-1	NA	03/0132	NA	1
CSSIKDGYNTEAFF	TRBV27	NA	03/0132	NA	1
CSSTVNRGNTEAFF	TRBV7-2	NA	03/0132	NA	1
CSTRGTSYKDTQYF	TRBV20-1	NA	03/0132	NA	1
CSVAASGAKNIQYF	TRBV29-1	NA	03/0132	NA	1
CSVAASGGAKNIQYF	TRBV29-1	NA	03/0132	NA	1
CSVEEGGAQNYGYTF	TRBV29-1	NA	03/0132	NA	1
CSVEPERDTQYF	TRBV29-1	NA	03/0132	NA	3
CSVEREGDTKCF	TRBV29-1	NA	03/0132	NA	1
CSVESQNQETQYF	TRBV29-1	NA	03/0132	NA	1
CSVESTSGLLLTDTQYF	TRBV29-1	NA	03/0132	NA	1
CSVEVGTGGAEGYTF	TRBV29-1	NA	03/0132	NA	1
CSVGLANYGYTF	TRBV29-1	NA	03/0132	NA	1
CSVGPVRDTQYF	TRBV29-1	NA	03/0132	NA	1
CSVGTSGGQNTEELFF	TRBV29-1	NA	03/0132	NA	1
CSVGTVEETQYF	TRBV29-1	NA	03/0132	NA	1
CSVIRWRGAGAGTDTQYF	TRBV29-1	NA	03/0132	NA	1
CSVLRGAAYNEQFF	TRBV29-1	NA	03/0132	NA	1
CSVPPGLAGAAQYF	TRBV20-1	NA	03/0132	NA	1
CSVQGGAQETQYF	TRBV20-1	NA	03/0132	NA	1
CSVTATGFNEKLFF	TRBV29-1	NA	03/0132	NA	1
CSVVGTNVKETQYF	TRBV29-1	NA	03/0132	NA	1
CSVVRRVTRGTTNQETQYF	TRBV29-1	NA	03/0132	NA	1
CSVVYGGSPTGELFF	TRBV29-1	NA	03/0132	NA	1
CVWSRTSTGANVLTF	TRBV30	NA	03/0132	NA	1
CAISDPQGPETQYF	TRBV10-3	NA	03/0490	NA	2
CAITGTGGFSTDTQYF	TRBV10-3	NA	03/0490	NA	1
CANTLRRVKDNSPLHF	TRBV5-1	NA	03/0490	NA	1
CASALGGAYGYTF	TRBV5-1	NA	03/0490	NA	1
CASKLAGGIGELFF	TRBV25-1	NA	03/0490	NA	1
CASKRVMNTEAFF	TRBV2	NA	03/0490	NA	1
CASKSGATDTQYF	TRBV2	NA	03/0490	NA	2
CASLGRFSYEQYF	TRBV28	NA	03/0490	NA	1
CASRGGNTEAFF	TRBV5-1	NA	03/0490	NA	1
CASRGRGTGDEQYF	TRBV6-5	NA	03/0490	NA	1
CASRGTVQETQYF	TRBV27	NA	03/0490	NA	1
CASRINRRQGDTF	TRBV28	NA	03/0490	NA	2
CASRPEIGELFF	TRBV5-1	NA	03/0490	NA	1
CASRPGTGALEQYF	TRBV6-1	NA	03/0490	NA	1
CASRPRTGNEGMNTEAFF	TRBV19	NA	03/0490	NA	1
CASRSVKGSAKNIQYF	TRBV11-2	NA	03/0490	NA	1
CASSAEGGEQYF	TRBV2	NA	03/0490	NA	1
CASSARERGAPLSTDTQYF	TRBV2	NA	03/0490	NA	2
CASSDGLAGQPQHF	TRBV6-5	NA	03/0490	NA	1
CASSEAGRTGPSVTQYF	TRBV2	NA	03/0490	NA	1
CASSEVGDNSPLHF	TRBV2	NA	03/0490	NA	1
CASSFLSTDTQYF	TRBV12-3	NA	03/0490	NA	1
CASSFNRGDRENIQYF	TRBV5-1	NA	03/0490	NA	1
CASSFTGGVTNEKLFF	TRBV5-1	NA	03/0490	NA	1
CASSGQGWVDEQFF	TRBV5-1	NA	03/0490	NA	1
CASSGTGGTEAFF	TRBV25-1	NA	03/0490	NA	4
CASSHRLASATFSNQPQHF	TRBV4-2	NA	03/0490	NA	1
CASSHRRTTDTQYF	TRBV7-8	NA	03/0490	NA	1
CASSLAGGGTEAFF	TRBV5-1	NA	03/0490	NA	1
CASSLAVAMENIQYF	TRBV7-2	NA	03/0490	NA	6
CASSLDGQGAQPQHF	TRBV11-2	NA	03/0490	NA	1
CASSLDPGRASRYTF	TRBV11-2	NA	03/0490	NA	2
CASSLFLDQPQHF	TRBV7-2	NA	03/0490	NA	1
CASSLGETQYF	TRBV7-9	NA	03/0490	NA	2
CASSLGGDTQYF	TRBV5-6	NA	03/0490	NA	1
CASSLGGSYNEQFF	TRBV19	NA	03/0490	NA	2
CASSLGQGDDIQYF	TRBV5-1	NA	03/0490	NA	2
CASSLIGHEQFF	TRBV7-3	NA	03/0490	NA	1
CASSLLGGMATDTQYF	TRBV5-1	NA	03/0490	NA	1
CASSLMRGGYNEQFF	TRBV4-3	NA	03/0490	NA	1
CASSLNGGMRTDTQYF	TRBV5-1	NA	03/0490	NA	2
CASSLQGAAEKLFF	TRBV5-4	NA	03/0490	NA	1
CASSLSGMNTEAFF	TRBV27	NA	03/0490	NA	1
CASSLSQGGGYTF	TRBV7-3	NA	03/0490	NA	1
CASSLVATTRGTEAFF	TRBV7-2	NA	03/0490	NA	4
CASSLVDRAGNTEAFF	TRBV5-6	NA	03/0490	NA	1
CASSPAGSYNEQFF	TRBV12-4	NA	03/0490	NA	1
CASSPDKILGQYF	TRBV18	NA	03/0490	NA	1
CASSPDRNQPQHF	TRBV18	NA	03/0490	NA	3
CASSPFYSRGATLGTQYF	TRBV7-6	NA	03/0490	NA	2
CASSPGDGNTEAFF	TRBV27	NA	03/0490	NA	1
CASSPGLAAGDEQFF	TRBV5-1	NA	03/0490	NA	1
CASSPGRQGMDTQYF	TRBV7-2	NA	03/0490	NA	3
CASSPPGQGSVGTDTQYF	TRBV18	NA	03/0490	NA	1
CASSPPSGADTQYF	TRBV18	NA	03/0490	NA	1
CASSPQQGLRETQYF	TRBV7-6	NA	03/0490	NA	2
CASSQAERYKEQYF	TRBV3-1	NA	03/0490	NA	1
CASSQDIPGAGYTF	TRBV4-1	NA	03/0490	NA	2
CASSQDWAEETQYF	TRBV3-1	NA	03/0490	NA	1
CASSQEAASAGPSTDTQYF	TRBV4-3	NA	03/0490	NA	2
CASSQERRAGDTQYF	TRBV4-2	NA	03/0490	NA	1
CASSQESPSSEQYF	TRBV3-1	NA	03/0490	NA	1
CASSQGAGTGGLLGNQPQHF	TRBV4-1	NA	03/0490	NA	6
CASSQGISVWGYTF	TRBV3-1	NA	03/0490	NA	2
CASSQGQGHEQYF	TRBV6-2	NA	03/0490	NA	1
CASSQGRKDQVSGNTIYF	TRBV3-1	NA	03/0490	NA	1
CASSQVFLARRAGELFF	TRBV4-2	NA	03/0490	NA	3
CASSRDGHNYGYTF	TRBV12-3	NA	03/0490	NA	2
CASSRGGNEQFF	TRBV14	NA	03/0490	NA	2
CASSRGTSGTGELFF	TRBV3-1	NA	03/0490	NA	3
CASSRVDRFRGNTEAFF	TRBV5-6	NA	03/0490	NA	2
CASSSDRAGGHEQYF	TRBV7-2	NA	03/0490	NA	1
CASSSEGSGTDTQYF	TRBV5-4	NA	03/0490	NA	2
CASSSPGTDTQYF	TRBV5-1	NA	03/0490	NA	1
CASSSPRLARPIYGYTF	TRBV7-8	NA	03/0490	NA	1
CASSSPWAGELFF	TRBV5-1	NA	03/0490	NA	1
CASSSQGPTSEQFF	TRBV2	NA	03/0490	NA	1
CASSSQTVGTEAFF	TRBV5-5	NA	03/0490	NA	2
CASSSREGRDGYTF	TRBV5-1	NA	03/0490	NA	2
CASSSTPVAFELTDTQYF	TRBV6-6	NA	03/0490	NA	1
CASSTGQGSNEQFF	TRBV5-1	NA	03/0490	NA	2
CASSVDQETQYF	TRBV9	NA	03/0490	NA	1
CASSWGTSGGNEQFF	TRBV5-6	NA	03/0490	NA	1
CASSYARTGRTGVSNQPQHF	TRBV7-8	NA	03/0490	NA	1
CASSYLGQDGGETQYF	TRBV5-1	NA	03/0490	NA	1
CASSYRGADTGELFF	TRBV3-1	NA	03/0490	NA	3
CASSYSRTGGMNTEAFF	TRBV6-5	NA	03/0490	NA	1
CASTFLKASEKFF	TRBV2	NA	03/0490	NA	1
CASTGGTFNQPQHF	TRBV5-1	NA	03/0490	NA	4
CASTKGALGETQYF	TRBV6-1	NA	03/0490	NA	1
CASTNNQIGDTQYF	TRBV6-2	NA	03/0490	NA	1
CASTRRGSGEQYF	TRBV27	NA	03/0490	NA	4
CATSDLTGSDTQYF	TRBV24-1	NA	03/0490	NA	2
CATSGSRQYF	TRBV15	NA	03/0490	NA	1
CATSRGGGTGEYGYTF	TRBV15	NA	03/0490	NA	1
CATSRHPGVGLDTQYF	TRBV15	NA	03/0490	NA	8
CAWRTQAATGELFF	TRBV30	NA	03/0490	NA	2
CAWSVPNQPQHF	TRBV30	NA	03/0490	NA	1
CSAARGAGFGSPLHF	TRBV20-1	NA	03/0490	NA	1
CSAGDRSSGNTIYF	TRBV20-1	NA	03/0490	NA	2
CSAGQAANEKLFF	TRBV20-1	NA	03/0490	NA	1
CSAGRTEAFF	TRBV20-1	NA	03/0490	NA	1
CSAGTGRAKNIQYF	TRBV20-1	NA	03/0490	NA	1
CSAISGLSLVEAFF	TRBV20-1	NA	03/0490	NA	4
CSAKAGWGMSTEAFF	TRBV29-1	NA	03/0490	NA	1
CSAKKGSEKLFF	TRBV20-1	NA	03/0490	NA	1
CSAKPGGGPIGEQYF	TRBV20-1	NA	03/0490	NA	4
CSAKPNSPLHF	TRBV20-1	NA	03/0490	NA	4
CSAKSPGAGGYEQYF	TRBV20-1	NA	03/0490	NA	1
CSALRTGVVGPQHF	TRBV20-1	NA	03/0490	NA	1
CSAMTSGGRNEQFF	TRBV20-1	NA	03/0490	NA	1
CSANIRTSGRFF	TRBV20-1	NA	03/0490	NA	1
CSANRNLNTEAFF	TRBV29-1	NA	03/0490	NA	2
CSAPGQSWYGYTF	TRBV20-1	NA	03/0490	NA	3
CSAPRLGTEAFF	TRBV20-1	NA	03/0490	NA	1
CSAPRTSGSSTDTQYF	TRBV20-1	NA	03/0490	NA	1
CSARAPAALSTDTQYF	TRBV20-1	NA	03/0490	NA	3
CSARASGTGTEAFF	TRBV20-1	NA	03/0490	NA	1
CSARASMSSGEQFF	TRBV20-1	NA	03/0490	NA	1
CSARDTGGNQPQHF	TRBV20-1	NA	03/0490	NA	1
CSAREERRGNQPQHF	TRBV20-1	NA	03/0490	NA	1
CSARETLGQGETQYF	TRBV20-1	NA	03/0490	NA	1
CSARGLAGDTGELFF	TRBV20-1	NA	03/0490	NA	1
CSARGTISSSYNEQFF	TRBV20-1	NA	03/0490	NA	1
CSARILQVNYGYTF	TRBV20-1	NA	03/0490	NA	1
CSARKASGDNEQFF	TRBV20-1	NA	03/0490	NA	1
CSARLTGDRETQYF	TRBV20-1	NA	03/0490	NA	1
CSARRGSYNSPLHF	TRBV20-1	NA	03/0490	NA	1
CSARSPGGAGANVLTF	TRBV20-1	NA	03/0490	NA	1
CSARVGLALETQYF	TRBV20-1	NA	03/0490	NA	2
CSARVLASGSTDTQYF	TRBV20-1	NA	03/0490	NA	1
CSARVPNGFWGYTF	TRBV20-1	NA	03/0490	NA	1
CSARVRLGLGVDTQYF	TRBV20-1	NA	03/0490	NA	2
CSASQGLGGYTF	TRBV20-1	NA	03/0490	NA	1
CSASRGRGNTEAFF	TRBV20-1	NA	03/0490	NA	3
CSASVDGDGYTF	TRBV20-1	NA	03/0490	NA	1
CSASWGGELFF	TRBV20-1	NA	03/0490	NA	2
CSATEATASNQPQHF	TRBV20-1	NA	03/0490	NA	1
CSATSGTGTGYTF	TRBV20-1	NA	03/0490	NA	1
CSAVAGQGSGSYNEQFF	TRBV20-1	NA	03/0490	NA	2
CSAWGGETYNEQFF	TRBV20-1	NA	03/0490	NA	2
CSAWTASNYGYTF	TRBV20-1	NA	03/0490	NA	2
CSDDGPRKETQYF	TRBV29-1	NA	03/0490	NA	1
CSGGSGESTDTQYF	TRBV29-1	NA	03/0490	NA	2
CSGRQGNYEQYF	TRBV20-1	NA	03/0490	NA	2
CSPKGPTSTDTQYF	TRBV20-1	NA	03/0490	NA	1
CSSSTDTQYF	TRBV29-1	NA	03/0490	NA	1
CSTNGGPEAFF	TRBV29-1	NA	03/0490	NA	1
CSVAPGSSGNTIYF	TRBV29-1	NA	03/0490	NA	1
CSVEEGMNTEAFF	TRBV29-1	NA	03/0490	NA	1
CSVSSGTGVTGELFF	TRBV29-1	NA	03/0490	NA	1
CSVTGGWGMNTEAFF	TRBV29-1	NA	03/0490	NA	1
CSVVSSGTGPYGYTF	TRBV29-1	NA	03/0490	NA	1
CSVYSQGLEAFF	TRBV29-1	NA	03/0490	NA	6
CAAAAASGAYEQYF	TRBV10-3	NA	03/0490	NA	1
CAASLGASNQPQHF	TRBV5-5	NA	03/0490	NA	1
CACCPRQFNQPQYF	TRBV12-3	NA	03/0490	NA	1
CACSRQPSYEQYF	TRBV30	NA	03/0490	NA	1
CACSYVGQGKRCF	TRBV7-2	NA	03/0490	NA	1
CAGGRQGGRTEAFF	TRBV5-1	NA	03/0490	NA	1
CAGSEGSGQGCYGYNF	TRBV21-1	NA	03/0490	NA	1
CAGSFGTGSGYTF	TRBV5-4	NA	03/0490	NA	1
CAGSLGGPGDTKYF	TRBV12-3	NA	03/0490	NA	1
CAGSLKGGSSYKAQVF	TRBV7-2	NA	03/0490	NA	1
CAGSLVATTRGTEAFF	TRBV7-2	NA	03/0490	NA	1
CAGSPARTQPQHF	TRBV18	NA	03/0490	NA	1
CAGSQAAGAAKSPLHF	TRBV3-2	NA	03/0490	NA	1
CAGSQDWAEETQCF	TRBV3-1	NA	03/0490	NA	1
CAHSRHPGVGLNTQYF	TRBV15	NA	03/0490	NA	1
CAICKGAYEQYF	TRBV6-7	NA	03/0490	NA	1
CAIKVGPGGDTQYF	TRBV10-3	NA	03/0490	NA	1
CAIRAGQGRETQYF	TRBV5-1	NA	03/0490	NA	1
CAIRGPNYDQYF	TRBV10-3	NA	03/0490	NA	1
CAIRLGGGTGTKYF	TRBV10-3	NA	03/0490	NA	1
CAIRLGGGTGTQYF	TRBV10-3	NA	03/0490	NA	1
CAISDGDRGTYEQYF	TRBV10-3	NA	03/0490	NA	1
CAISEGGATDTQYF	TRBV10-3	NA	03/0490	NA	2
CAISENRDQQPQHF	TRBV10-3	NA	03/0490	NA	1
CAISEQSNQPQHF	TRBV10-3	NA	03/0490	NA	1
CAISERDYPYEQYF	TRBV10-3	NA	03/0490	NA	1
CAISESKGREDTQYF	TRBV10-3	NA	03/0490	NA	1
CAISESSQTEQYF	TRBV10-3	NA	03/0490	NA	1
CAISEWDYEQYF	TRBV10-3	NA	03/0490	NA	2
CAISFVTESNQPQHF	TRBV7-2	NA	03/0490	NA	1
CAISGFRQSTDTQYF	TRBV10-3	NA	03/0490	NA	2
CAISGNRGNQPQHF	TRBV10-3	NA	03/0490	NA	1
CAISGTNDEQYF	TRBV10-3	NA	03/0490	NA	1
CAISGTNYEKYF	TRBV10-3	NA	03/0490	NA	1
CAISGTNYEQYF	TRBV10-3	NA	03/0490	NA	1
CAISGVRQSTDTQYF	TRBV10-3	NA	03/0490	NA	1
CAISLAGGPKQFF	TRBV10-3	NA	03/0490	NA	1
CAISPTFRTLLNTGELFF	TRBV10-3	NA	03/0490	NA	1
CAISPTSGGNTGELFF	TRBV10-3	NA	03/0490	NA	2
CAISQGAGTAGLLGNQPQHF	TRBV4-3	NA	03/0490	NA	1
CAISQTSGAFGIQYF	TRBV10-3	NA	03/0490	NA	1
CAISQTSGAVGIQYF	TRBV10-3	NA	03/0490	NA	1
CAISVKGGGSPLHF	TRBV10-3	NA	03/0490	NA	1
CAISVSSGIYDQYF	TRBV10-3	NA	03/0490	NA	1
CAITGTGSTDTQYF	TRBV10-3	NA	03/0490	NA	1
CANSLEFGEKMGFNTEHFF	TRBV5-1	NA	03/0490	NA	1
CANSQVGTGNTIYF	TRBV4-1	NA	03/0490	NA	1
CANSRDKGFNQPQHF	TRBV15	NA	03/0490	NA	1
CARGIALPRGEGETQYF	TRBV9	NA	03/0490	NA	1
CARGSGTASISYEQYF	TRBV18	NA	03/0490	NA	1
CARNLTGIGTNSADF	TRBV30	NA	03/0490	NA	1
CARSLDRGGRDPLHF	TRBV5-1	NA	03/0490	NA	1
CARSLEGGASEKLFF	TRBV5-1	NA	03/0490	NA	1
CARSLLRTGWETQYF	TRBV5-6	NA	03/0490	NA	1
CARSLRLPVGEGDNSYEQYF	TRBV7-2	NA	03/0490	NA	1
CARSPGGFGYGYTF	TRBV5-4	NA	03/0490	NA	1
CARSQDALAGGREQFF	TRBV4-2	NA	03/0490	NA	1
CARSQHEITYSSGYAF	TRBV3-1	NA	03/0490	NA	1
CARSTKGGQGAHEQYF	TRBV25-1	NA	03/0490	NA	1
CARSWDRKHSGDLFF	TRBV5-4	NA	03/0490	NA	1
CASAGTGQIAKNIQYF	TRBV18	NA	03/0490	NA	1
CASCLGRAGIDGELFF	TRBV27	NA	03/0490	NA	1
CASCRARGTGELFF	TRBV4-2	NA	03/0490	NA	1
CASGAERMNTEAFF	TRBV2	NA	03/0490	NA	1
CASGDRGQNTEELFF	TRBV5-1	NA	03/0490	NA	1
CASGGGLLAKNIQYF	TRBV4-1	NA	03/0490	NA	2
CASGLAVAMENIQYF	TRBV7-2	NA	03/0490	NA	1
CASGLRLPVGEGDNSYEQYF	TRBV7-2	NA	03/0490	NA	1
CASGPGRSREAFF	TRBV7-2	NA	03/0490	NA	1
CASGPRAQDTGELFF	TRBV12-5	NA	03/0490	NA	1
CASGQGAGTWGLLCNQSQHF	TRBV4-1	NA	03/0490	NA	1
CASGRKGGRTEAFF	TRBV5-1	NA	03/0490	NA	1
CASGRQGGRTEAFF	TRBV5-1	NA	03/0490	NA	2
CASGRRGDEKLFF	TRBV7-2	NA	03/0490	NA	1
CASGSTSGVSYEQYF	TRBV6-2	NA	03/0490	NA	1
CASGTSAVYGYTF	TRBV12-5	NA	03/0490	NA	1
CASGWVAAREFF	TRBV12-5	NA	03/0490	NA	1
CASIKDGYNTEAFF	TRBV27	NA	03/0490	NA	2
CASIKGGQGALGYTF	TRBV21-1	NA	03/0490	NA	1
CASIRQAYTGELFF	TRBV6-2	NA	03/0490	NA	1
CASIYSRDSSGNTIYF	TRBV6-1	NA	03/0490	NA	1
CASKAGATDTQYF	TRBV2	NA	03/0490	NA	1
CASKGAGVYEQYF	TRBV5-6	NA	03/0490	NA	1
CASKGEIRETQYF	TRBV2	NA	03/0490	NA	2
CASKRQGAGYNEQFF	TRBV12-4	NA	03/0490	NA	1
CASKYSAGTEDTDTQYF	TRBV19	NA	03/0490	NA	1
CASLNPPQQGYEQYF	TRBV6-2	NA	03/0490	NA	1
CASLVMVGGYTF	TRBV2	NA	03/0490	NA	1
CASMGSGRSLYGYTF	TRBV6-6	NA	03/0490	NA	1
CASNLLAGGIDTQYF	TRBV28	NA	03/0490	NA	1
CASNPRQGSYSQYF	TRBV6-6	NA	03/0490	NA	1
CASNQGAGTGGLLGKQPQNF	TRBV4-1	NA	03/0490	NA	1
CASNQTTGVAQGQETQYF	TRBV3-1	NA	03/0490	NA	1
CASNRQGRYGYTF	TRBV12-4	NA	03/0490	NA	3
CASNTGGAFTDTQYF	TRBV5-1	NA	03/0490	NA	1
CASQARENQYF	TRBV7-2	NA	03/0490	NA	1
CASQARETQYF	TRBV7-2	NA	03/0490	NA	1
CASQFRDFSYNEQFF	TRBV2	NA	03/0490	NA	1
CASQGQPFEKLFF	TRBV12-5	NA	03/0490	NA	1
CASQGQPFEKPFF	TRBV12-5	NA	03/0490	NA	1
CASRAGYGQYF	TRBV24-1	NA	03/0490	NA	1
CASRARTGDGGTGELFF	TRBV19	NA	03/0490	NA	1
CASRDWEGNDQPQHF	TRBV19	NA	03/0490	NA	1
CASRDWGGTTGTDTQYF	TRBV10-2	NA	03/0490	NA	1
CASREGGLYEQYF	TRBV25-1	NA	03/0490	NA	1
CASRERYTQYF	TRBV27	NA	03/0490	NA	1
CASRFGHPSNQPQHF	TRBV12-3	NA	03/0490	NA	1
CASRFIGNTEAFF	TRBV28	NA	03/0490	NA	1
CASRFPGGRMANEKLF	TRBV11-2	NA	03/0490	NA	1
CASRGSRNSPLHF	TRBV27	NA	03/0490	NA	1
CASRGTGYSYEQYF	TRBV27	NA	03/0490	NA	1
CASRIGDGYGYTF	TRBV6-1	NA	03/0490	NA	2
CASRKPRSSDKSPLHF	TRBV6-6	NA	03/0490	NA	1
CASRLAISGNTIYF	TRBV7-2	NA	03/0490	NA	1
CASRLLAGTYEQYF	TRBV12-3	NA	03/0490	NA	2
CASRLLGGIATQYF	TRBV2	NA	03/0490	NA	1
CASRPGGANEKLFF	TRBV12-3	NA	03/0490	NA	1
CASRPLLAKNIQYF	TRBV2	NA	03/0490	NA	2
CASRPLVAGDTQYF	TRBV2	NA	03/0490	NA	1
CASRPRQGVKLFF	TRBV27	NA	03/0490	NA	1
CASRPTQGGNSPLHF	TRBV12-3	NA	03/0490	NA	1
CASRQGQSKNIHYF	TRBV5-1	NA	03/0490	NA	1
CASRQSRQGYNEQFF	TRBV19	NA	03/0490	NA	1
CASRRDDNEQFF	TRBV5-1	NA	03/0490	NA	1
CASRRGGARGRDTQYF	TRBV19	NA	03/0490	NA	1
CASRRGGEQETQYF	TRBV7-2	NA	03/0490	NA	1
CASRRLAGTYEQYF	TRBV12-3	NA	03/0490	NA	1
CASRRPGRTTGELFF	TRBV11-2	NA	03/0490	NA	2
CASRRPHGQGTQYF	TRBV2	NA	03/0490	NA	1
CASRSGAGAEQYF	TRBV27	NA	03/0490	NA	1
CASRSGAGNTIYF	TRBV27	NA	03/0490	NA	1
CASRSGQGTGNQPQHF	TRBV6-5	NA	03/0490	NA	1
CASRSWQLSYNEQFF	TRBV6-2	NA	03/0490	NA	1
CASRTGEGYNEQFF	TRBV5-1	NA	03/0490	NA	1
CASRTGLTNEKLFF	TRBV27	NA	03/0490	NA	1
CASRTSGGGTEAFF	TRBV21-1	NA	03/0490	NA	1
CASRTTDPPTNEKLFF	TRBV27	NA	03/0490	NA	1
CASRTTGLSDTQYF	TRBV6-5	NA	03/0490	NA	1
CASRVAPGQGREQYF	TRBV9	NA	03/0490	NA	1
CASRVQGEAYEKYF	TRBV7-6	NA	03/0490	NA	1
CASRWGGGTGELFF	TRBV6-2	NA	03/0490	NA	1
CASRYLFRDPMGSPLHF	TRBV5-1	NA	03/0490	NA	2
CASSAEQGSQRTEAFF	TRBV5-1	NA	03/0490	NA	1
CASSAGGGYEQFF	TRBV6-1	NA	03/0490	NA	1
CASSAGHGKETQYF	TRBV5-1	NA	03/0490	NA	1
CASSAKGEGPMNTEAFF	TRBV3-1	NA	03/0490	NA	1
CASSALLEPGRAFNEQFF	TRBV5-1	NA	03/0490	NA	1
CASSAPGNAPLHF	TRBV18	NA	03/0490	NA	1
CASSAPGNSPLHF	TRBV18	NA	03/0490	NA	1
CASSAQGARNTYSNQPQHF	TRBV5-5	NA	03/0490	NA	1
CASSAQLGVRDTQYF	TRBV7-6	NA	03/0490	NA	1
CASSARGTAPLHF	TRBV7-2	NA	03/0490	NA	1
CASSARTGEIHEQYF	TRBV7-2	NA	03/0490	NA	2
CASSASGGQFF	TRBV9	NA	03/0490	NA	1
CASSASQGRGQPQHF	TRBV7-2	NA	03/0490	NA	1
CASSATGITGYTF	TRBV12-4	NA	03/0490	NA	1
CASSATGVSSYEQYF	TRBV4-3	NA	03/0490	NA	2
CASSCGGGRLVNTGYFF	TRBV7-2	NA	03/0490	NA	1
CASSCTRDSNSPLHF	TRBV6-2	NA	03/0490	NA	1
CASSCVPGQGAGGYTF	TRBV28	NA	03/0490	NA	1
CASSDAPYSAEYNEQFF	TRBV25-1	NA	03/0490	NA	1
CASSDDGEPQHF	TRBV18	NA	03/0490	NA	1
CASSDEGLAGGVGNEQFF	TRBV10-2	NA	03/0490	NA	1
CASSDGARVSYEQYF	TRBV25-1	NA	03/0490	NA	1
CASSDRGRNQPQHF	TRBV2	NA	03/0490	NA	1
CASSDRTDTQYF	TRBV6-2	NA	03/0490	NA	2
CASSDSGATNEKLFF	TRBV25-1	NA	03/0490	NA	2
CASSDSPYSAEYNEQFF	TRBV25-1	NA	03/0490	NA	2
CASSDTSITGQAIYEQYF	TRBV25-1	NA	03/0490	NA	2
CASSDWGGTTGTGTQYF	TRBV10-2	NA	03/0490	NA	1
CASSDWRGPTGTDTQYF	TRBV10-2	NA	03/0490	NA	1
CASSDWRGTTGTDTQYF	TRBV10-2	NA	03/0490	NA	1
CASSDYEQYF	TRBV2	NA	03/0490	NA	1
CASSEAITYEQYF	TRBV2	NA	03/0490	NA	1
CASSEALQGQGPDTQYF	TRBV2	NA	03/0490	NA	1
CASSEDLGTKYEQYF	TRBV25-1	NA	03/0490	NA	1
CASSEGFKDRGEVGYTF	TRBV25-1	NA	03/0490	NA	1
CASSEGRGLMNTEAFF	TRBV6-1	NA	03/0490	NA	1
CASSEGRVDEQYF	TRBV25-1	NA	03/0490	NA	1
CASSEPDNSDQFF	TRBV10-1	NA	03/0490	NA	1
CASSEQMNTEAFF	TRBV25-1	NA	03/0490	NA	1
CASSETGRGKEAFF	TRBV7-2	NA	03/0490	NA	1
CASSEVADNSPLHF	TRBV2	NA	03/0490	NA	1
CASSEVLSYPGRNSPLHF	TRBV6-1	NA	03/0490	NA	1
CASSEWQGFQETQYF	TRBV10-2	NA	03/0490	NA	1
CASSFDLEGPHEQFF	TRBV11-2	NA	03/0490	NA	1
CASSFGPRAPGNTQYF	TRBV5-1	NA	03/0490	NA	2
CASSFGQGMSSLYEQYF	TRBV5-1	NA	03/0490	NA	1
CASSFGSYGYTF	TRBV5-6	NA	03/0490	NA	1
CASSFGTESNQPQHF	TRBV7-2	NA	03/0490	NA	1
CASSFGTGGMYEQYF	TRBV27	NA	03/0490	NA	1
CASSFIGGQGPDGYTF	TRBV5-1	NA	03/0490	NA	1
CASSFKGGTRPYEQYF	TRBV7-2	NA	03/0490	NA	1
CASSFLTGTTNEKLFF	TRBV27	NA	03/0490	NA	1
CASSFPGGPMANEQFF	TRBV11-2	NA	03/0490	NA	2
CASSFSYEQYF	TRBV11-2	NA	03/0490	NA	1
CASSFTRDSNSPLHF	TRBV6-2	NA	03/0490	NA	1
CASSFVPGQGAGGYTF	TRBV28	NA	03/0490	NA	3
CASSFVPGQGAGVYTF	TRBV28	NA	03/0490	NA	1
CASSFYRASGGQQYNEQFF	TRBV27	NA	03/0490	NA	2
CASSGGSSYEQYF	TRBV6-1	NA	03/0490	NA	1
CASSGGTGTSYEQYF	TRBV10-2	NA	03/0490	NA	1
CASSGGWYDEAFF	TRBV6-1	NA	03/0490	NA	1
CASSGQGGAGANVLTF	TRBV7-6	NA	03/0490	NA	1
CASSGQLNTEAFF	TRBV10-2	NA	03/0490	NA	1
CASSGRSSGGDRDRQYF	TRBV24-1	NA	03/0490	NA	1
CASSGTGFYNEQFF	TRBV5-1	NA	03/0490	NA	1
CASSGTGSTEAFF	TRBV5-1	NA	03/0490	NA	1
CASSHAALAVGREQFF	TRBV4-2	NA	03/0490	NA	1
CASSHAGETYEQYF	TRBV3-1	NA	03/0490	NA	1
CASSHPGTAYEQYF	TRBV14	NA	03/0490	NA	1
CASSHRLQVTDTQYF	TRBV4-3	NA	03/0490	NA	1
CASSHSGGYEQFF	TRBV3-1	NA	03/0490	NA	1
CASSIRSSGSGELFF	TRBV19	NA	03/0490	NA	3
CASSKGGQGALGYTF	TRBV21-1	NA	03/0490	NA	1
CASSKGLYTGELFF	TRBV6-6	NA	03/0490	NA	1
CASSKGNPQGCYGYTF	TRBV21-1	NA	03/0490	NA	1
CASSKMVTRPGSNQPQHF	TRBV2	NA	03/0490	NA	1
CASSKPGQGARGNQPQHF	TRBV7-8	NA	03/0490	NA	1
CASSKTAAHNEQFF	TRBV19	NA	03/0490	NA	1
CASSLAAGYEQYF	TRBV7-6	NA	03/0490	NA	1
CASSLAESGGTGAYEQYF	TRBV7-9	NA	03/0490	NA	1
CASSLAGEGVNEQFF	TRBV5-1	NA	03/0490	NA	1
CASSLAGGTHTYEQYF	TRBV7-2	NA	03/0490	NA	1
CASSLAGPSTYEQYF	TRBV5-1	NA	03/0490	NA	1
CASSLAGYGYTF	TRBV5-5	NA	03/0490	NA	1
CASSLAISGNTIYF	TRBV7-2	NA	03/0490	NA	1
CASSLALAGGLNTEAFF	TRBV5-1	NA	03/0490	NA	1
CASSLAPFQGYSTDTQYF	TRBV5-1	NA	03/0490	NA	1
CASSLAPGSTGELFF	TRBV5-1	NA	03/0490	NA	1
CASSLASLISYEQYF	TRBV5-1	NA	03/0490	NA	1
CASSLATVQPQHF	TRBV7-8	NA	03/0490	NA	1
CASSLAVAMENSQYF	TRBV7-2	NA	03/0490	NA	1
CASSLAYGLAGEQYF	TRBV7-6	NA	03/0490	NA	1
CASSLDAQWNSPLHF	TRBV5-1	NA	03/0490	NA	1
CASSLDGAGEIYEQYF	TRBV5-5	NA	03/0490	NA	1
CASSLDLGGAEAFF	TRBV5-1	NA	03/0490	NA	1
CASSLDLNTEAFF	TRBV27	NA	03/0490	NA	1
CASSLDNMNTEAFF	TRBV5-1	NA	03/0490	NA	1
CASSLDPGGQYEQYF	TRBV5-1	NA	03/0490	NA	1
CASSLDPSGNIQYF	TRBV11-2	NA	03/0490	NA	1
CASSLDRGATQPQHF	TRBV5-4	NA	03/0490	NA	1
CASSLDRGGGYPLHF	TRBV5-1	NA	03/0490	NA	1
CASSLDRGGRDPLHF	TRBV5-1	NA	03/0490	NA	1
CASSLDRGQPQHF	TRBV5-1	NA	03/0490	NA	2
CASSLDSGIRGYNEQFF	TRBV5-1	NA	03/0490	NA	1
CASSLDSGRFTDTQYF	TRBV11-3	NA	03/0490	NA	1
CASSLDSSSYNEQCF	TRBV7-2	NA	03/0490	NA	1
CASSLDSSSYNEQFF	TRBV7-2	NA	03/0490	NA	2
CASSLDWEGTNTEAFF	TRBV11-2	NA	03/0490	NA	1
CASSLEAGGPLFF	TRBV12-3	NA	03/0490	NA	2
CASSLEFGEKMGLNTEAFF	TRBV5-1	NA	03/0490	NA	1
CASSLEGGAREKLFF	TRBV5-1	NA	03/0490	NA	2
CASSLEGGGREKLFF	TRBV5-1	NA	03/0490	NA	1
CASSLEGGLLYEQYF	TRBV5-1	NA	03/0490	NA	1
CASSLEGGYNEQFF	TRBV27	NA	03/0490	NA	1
CASSLELNTGELFF	TRBV7-7	NA	03/0490	NA	1
CASSLEPGGEQYF	TRBV11-2	NA	03/0490	NA	1
CASSLEPSGTGELFF	TRBV11-2	NA	03/0490	NA	1
CASSLEQAGNTIYF	TRBV5-1	NA	03/0490	NA	1
CASSLEQGATSTEAFF	TRBV5-1	NA	03/0490	NA	1
CASSLETGGPFGTQYF	TRBV7-9	NA	03/0490	NA	1
CASSLEWQGNTGELFF	TRBV7-2	NA	03/0490	NA	1
CASSLFGRSINSPLHF	TRBV27	NA	03/0490	NA	1
CASSLFSGQGPEKLFF	TRBV28	NA	03/0490	NA	1
CASSLGAGTADSTDTKYF	TRBV19	NA	03/0490	NA	1
CASSLGAGTASSTDTQYF	TRBV19	NA	03/0490	NA	1
CASSLGARGGNEQFF	TRBV7-9	NA	03/0490	NA	1
CASSLGGPKTQYF	TRBV7-6	NA	03/0490	NA	1
CASSLGPGRTEAFF	TRBV7-2	NA	03/0490	NA	1
CASSLGPRDTQYF	TRBV7-7	NA	03/0490	NA	1
CASSLGQPYNEQFF	TRBV5-1	NA	03/0490	NA	1
CASSLGRASYEQYF	TRBV27	NA	03/0490	NA	1
CASSLGSVRQPQHF	TRBV6-2	NA	03/0490	NA	3
CASSLGTAGMNEKLFF	TRBV27	NA	03/0490	NA	1
CASSLGTAYEQYF	TRBV7-6	NA	03/0490	NA	2
CASSLGTESNQPQHF	TRBV7-2	NA	03/0490	NA	2
CASSLGTNSRSYEQYF	TRBV5-1	NA	03/0490	NA	1
CASSLGVETQYF	TRBV5-1	NA	03/0490	NA	1
CASSLIAAGPDTQYF	TRBV4-1	NA	03/0490	NA	2
CASSLIGAPGDGNTEAFF	TRBV5-1	NA	03/0490	NA	1
CASSLKGGSSYNEQFF	TRBV7-2	NA	03/0490	NA	2
CASSLKRGRYHNAQFF	TRBV7-2	NA	03/0490	NA	1
CASSLLAYNEQFF	TRBV7-2	NA	03/0490	NA	1
CASSLLGGTDTQYF	TRBV2	NA	03/0490	NA	1
CASSLLPPRVAGGPHTGELFF	TRBV4-3	NA	03/0490	NA	1
CASSLLSYNEQFF	TRBV7-2	NA	03/0490	NA	3
CASSLLWKPEAFF	TRBV7-8	NA	03/0490	NA	1
CASSLMGGGTDTQYF	TRBV7-2	NA	03/0490	NA	2
CASSLMRGGTDTQYF	TRBV7-2	NA	03/0490	NA	3
CASSLMRGGTETQYF	TRBV7-2	NA	03/0490	NA	1
CASSLNRGDGYTF	TRBV9	NA	03/0490	NA	1
CASSLPKLAGGRSSYNEQFF	TRBV4-2	NA	03/0490	NA	1
CASSLPTGANTGAFF	TRBV6-1	NA	03/0490	NA	1
CASSLQAKNIQYF	TRBV27	NA	03/0490	NA	1
CASSLQGEAYEQYF	TRBV7-6	NA	03/0490	NA	1
CASSLQGGSYNEQFF	TRBV18	NA	03/0490	NA	2
CASSLQNRGSYEQYF	TRBV4-3	NA	03/0490	NA	1
CASSLQVQETQYF	TRBV5-1	NA	03/0490	NA	1
CASSLRGAPTNEKLFF	TRBV27	NA	03/0490	NA	1
CASSLRGSDAYEQYF	TRBV5-1	NA	03/0490	NA	1
CASSLRLPVGEGDNIYEQYF	TRBV7-2	NA	03/0490	NA	1
CASSLRRGGLDIQYF	TRBV7-2	NA	03/0490	NA	1
CASSLRRTGLGEQYF	TRBV7-9	NA	03/0490	NA	1
CASSLRSPGASKNIQYF	TRBV7-8	NA	03/0490	NA	1
CASSLRVSDSYEQYF	TRBV5-1	NA	03/0490	NA	1
CASSLRYGNGYTF	TRBV12-4	NA	03/0490	NA	1
CASSLSAQGSTEAFF	TRBV7-8	NA	03/0490	NA	1
CASSLSEGSGAFF	TRBV27	NA	03/0490	NA	1
CASSLSGGFGSNQPQHF	TRBV27	NA	03/0490	NA	1
CASSLSGGRTEAFF	TRBV27	NA	03/0490	NA	1
CASSLSGNFYNEQFF	TRBV5-1	NA	03/0490	NA	2
CASSLSGQQYNEQFF	TRBV5-1	NA	03/0490	NA	1
CASSLSHLKNEQFF	TRBV27	NA	03/0490	NA	1
CASSLSHRSNQPQHF	TRBV7-2	NA	03/0490	NA	1
CASSLSHRSNQPRHF	TRBV7-2	NA	03/0490	NA	1
CASSLSLGNYGYTF	TRBV27	NA	03/0490	NA	1
CASSLSLGSEGIYF	TRBV27	NA	03/0490	NA	1
CASSLSPAPYNSPLHF	TRBV11-2	NA	03/0490	NA	1
CASSLSPVNTEAFF	TRBV5-1	NA	03/0490	NA	1
CASSLSQGIYNEQFF	TRBV5-1	NA	03/0490	NA	1
CASSLSRGGHEQYF	TRBV27	NA	03/0490	NA	3
CASSLSRPNEQFF	TRBV27	NA	03/0490	NA	1
CASSLSSGGAYEQYF	TRBV4-2	NA	03/0490	NA	1
CASSLSSTLTYEQYF	TRBV27	NA	03/0490	NA	1
CASSLTDKHYEQYF	TRBV12-4	NA	03/0490	NA	1
CASSLTDSNLYGYTF	TRBV7-9	NA	03/0490	NA	1
CASSLTGEQFF	TRBV11-2	NA	03/0490	NA	1
CASSLTGGDGYTF	TRBV7-6	NA	03/0490	NA	1
CASSLTGGGNSPLHF	TRBV12-3	NA	03/0490	NA	1
CASSLTPPGQQAPQYF	TRBV7-2	NA	03/0490	NA	1
CASSLVGFGAKNIQYF	TRBV7-2	NA	03/0490	NA	1
CASSLVGGYTEAFF	TRBV7-2	NA	03/0490	NA	1
CASSLVGSTDTQYF	TRBV7-2	NA	03/0490	NA	1
CASSLVKLAGGPTDTQYF	TRBV7-2	NA	03/0490	NA	2
CASSLVLGVNEKLFF	TRBV7-8	NA	03/0490	NA	1
CASSLVPGLGYEQYF	TRBV7-2	NA	03/0490	NA	1
CASSLVPQRIREAFF	TRBV7-9	NA	03/0490	NA	1
CASSLVQYSYEQYF	TRBV11-2	NA	03/0490	NA	1
CASSLVSIGAMASAFF	TRBV7-9	NA	03/0490	NA	1
CASSLVTGTGNTIYF	TRBV7-2	NA	03/0490	NA	1
CASSLVTYTGNTEAFF	TRBV5-1	NA	03/0490	NA	1
CASSLVVGFGSYNSPLHF	TRBV5-5	NA	03/0490	NA	1
CASSLWGQGRETQYF	TRBV7-8	NA	03/0490	NA	2
CASSLYGQGAETQYF	TRBV7-2	NA	03/0490	NA	1
CASSLYGSTDTQYF	TRBV27	NA	03/0490	NA	1
CASSLYSNQPQHF	TRBV7-2	NA	03/0490	NA	1
CASSMTGDPGELFF	TRBV19	NA	03/0490	NA	1
CASSMVVDQTQHF	TRBV19	NA	03/0490	NA	1
CASSNTKGGDTQYF	TRBV12-4	NA	03/0490	NA	1
CASSNYQTYGYTF	TRBV19	NA	03/0490	NA	1
CASSPAETVHEQYF	TRBV6-5	NA	03/0490	NA	1
CASSPAGAIRGEQFF	TRBV27	NA	03/0490	NA	1
CASSPAGVYNEQFF	TRBV7-2	NA	03/0490	NA	2
CASSPDGAAYGYTF	TRBV5-6	NA	03/0490	NA	1
CASSPDGGWYTEAFF	TRBV14	NA	03/0490	NA	1
CASSPDRGAYEQYF	TRBV18	NA	03/0490	NA	1
CASSPDRRDTQYF	TRBV7-2	NA	03/0490	NA	3
CASSPEGNTEAFF	TRBV18	NA	03/0490	NA	1
CASSPETGEGYGYTF	TRBV4-1	NA	03/0490	NA	1
CASSPGGAATYEQYF	TRBV5-1	NA	03/0490	NA	3
CASSPGGTEAFF	TRBV7-9	NA	03/0490	NA	1
CASSPGQGVETQYF	TRBV28	NA	03/0490	NA	1
CASSPGTGRSYNEQFF	TRBV5-4	NA	03/0490	NA	2
CASSPGTLGTYEQYF	TRBV18	NA	03/0490	NA	1
CASSPHPGGTWEQYF	TRBV9	NA	03/0490	NA	2
CASSPIRQETQYF	TRBV11-2	NA	03/0490	NA	1
CASSPLANEKLFF	TRBV4-3	NA	03/0490	NA	1
CASSPLLTRATDTQYF	TRBV27	NA	03/0490	NA	1
CASSPLSNEKLFF	TRBV4-3	NA	03/0490	NA	1
CASSPMSAYTEAFF	TRBV7-7	NA	03/0490	NA	1
CASSPNEGLGQFF	TRBV7-2	NA	03/0490	NA	1
CASSPPAGEVFGELFF	TRBV12-4	NA	03/0490	NA	1
CASSPPAGGQNEQFF	TRBV12-4	NA	03/0490	NA	1
CASSPPGDRGRDGYTF	TRBV6-5	NA	03/0490	NA	1
CASSPPGTAGEKLFF	TRBV18	NA	03/0490	NA	1
CASSPPQGLEQYF	TRBV18	NA	03/0490	NA	1
CASSPQGAGLYEQYF	TRBV4-2	NA	03/0490	NA	1
CASSPQQGGTEAFF	TRBV9	NA	03/0490	NA	1
CASSPRAENEKLFF	TRBV7-2	NA	03/0490	NA	1
CASSPRAGRLMNTEAFF	TRBV7-2	NA	03/0490	NA	1
CASSPRDSNQPQHF	TRBV25-1	NA	03/0490	NA	1
CASSPRQFNQPQHF	TRBV12-3	NA	03/0490	NA	2
CASSPRRVSTGRNTEAFF	TRBV18	NA	03/0490	NA	1
CASSPRVVGQATTGELFF	TRBV7-9	NA	03/0490	NA	1
CASSPRWSLRTEKLFF	TRBV7-2	NA	03/0490	NA	1
CASSPSAGGLTGELFF	TRBV7-7	NA	03/0490	NA	1
CASSPSAPGAAGGNTIYF	TRBV18	NA	03/0490	NA	1
CASSPSEYEQYF	TRBV7-9	NA	03/0490	NA	1
CASSPSGGYLNEQFF	TRBV5-1	NA	03/0490	NA	1
CASSPSGISFNNEQFF	TRBV2	NA	03/0490	NA	1
CASSPTGVTDTQYF	TRBV5-6	NA	03/0490	NA	1
CASSPTPGVRTHSGNTIYF	TRBV18	NA	03/0490	NA	1
CASSPYKGTNEQFF	TRBV27	NA	03/0490	NA	1
CASSQAAGAANSPLHF	TRBV3-2	NA	03/0490	NA	1
CASSQAAGGANSPLPF	TRBV3-2	NA	03/0490	NA	1
CASSQAGETYEQYF	TRBV3-1	NA	03/0490	NA	3
CASSQAQTSYEQYF	TRBV4-1	NA	03/0490	NA	1
CASSQAWTASYEQYF	TRBV4-3	NA	03/0490	NA	1
CASSQDALAGGREQFF	TRBV4-2	NA	03/0490	NA	2
CASSQDGAGGGADTQYF	TRBV4-3	NA	03/0490	NA	1
CASSQDGLAGGYNEQFF	TRBV3-1	NA	03/0490	NA	1
CASSQDGRGRYNEQFF	TRBV14	NA	03/0490	NA	1
CASSQDGVAGGYNGQFF	TRBV3-1	NA	03/0490	NA	1
CASSQDHLVSGANVLTF	TRBV4-1	NA	03/0490	NA	1
CASSQDHSGGPFRRTQYF	TRBV4-2	NA	03/0490	NA	1
CASSQDPGTGGYSPLHF	TRBV4-2	NA	03/0490	NA	1
CASSQDPPRGRGEKLFF	TRBV4-1	NA	03/0490	NA	1
CASSQDPQGGGNGYTF	TRBV4-1	NA	03/0490	NA	1
CASSQDRGGTGHPEQYF	TRBV4-1	NA	03/0490	NA	1
CASSQDRRAGDTQYF	TRBV4-2	NA	03/0490	NA	3
CASSQDSGAYGYTF	TRBV4-3	NA	03/0490	NA	2
CASSQDTARAFF	TRBV5-1	NA	03/0490	NA	1
CASSQDYAGGRRYEQYF	TRBV4-3	NA	03/0490	NA	2
CASSQENPPDTQYF	TRBV4-3	NA	03/0490	NA	1
CASSQEPAVGELFF	TRBV4-3	NA	03/0490	NA	1
CASSQEPGLAPNEQFF	TRBV4-2	NA	03/0490	NA	1
CASSQERAPSLTEAFF	TRBV4-3	NA	03/0490	NA	1
CASSQERGVGEQFF	TRBV3-1	NA	03/0490	NA	1
CASSQESRTGYEQYF	TRBV4-2	NA	03/0490	NA	1
CASSQETGQQETQYF	TRBV3-1	NA	03/0490	NA	1
CASSQEWAFQYF	TRBV3-1	NA	03/0490	NA	1
CASSQFLDTQYF	TRBV3-1	NA	03/0490	NA	1
CASSQFNGNYGYTF	TRBV3-1	NA	03/0490	NA	1
CASSQFQGQGDEKYF	TRBV18	NA	03/0490	NA	1
CASSQFQGQGDEQYF	TRBV18	NA	03/0490	NA	1
CASSQGAGTGGLLGNQPKHF	TRBV4-1	NA	03/0490	NA	1
CASSQGAGTGGLLGSQPQHF	TRBV4-1	NA	03/0490	NA	1
CASSQGAGTGGPLGHQPQHF	TRBV4-1	NA	03/0490	NA	1
CASSQGDTGEAFF	TRBV4-2	NA	03/0490	NA	1
CASSQGFASSAETQYF	TRBV3-1	NA	03/0490	NA	1
CASSQGQSKNIQYF	TRBV5-1	NA	03/0490	NA	7
CASSQGVNPSYEQYF	TRBV3-1	NA	03/0490	NA	1
CASSQIGTGRNYGYTF	TRBV3-1	NA	03/0490	NA	1
CASSQLRDTQYF	TRBV3-1	NA	03/0490	NA	1
CASSQNARPNSPLHF	TRBV14	NA	03/0490	NA	1
CASSQPFTYEQYF	TRBV2	NA	03/0490	NA	1
CASSQQANTEAFF	TRBV2	NA	03/0490	NA	1
CASSQRGIETQYF	TRBV5-1	NA	03/0490	NA	1
CASSQRGQYEQFF	TRBV4-1	NA	03/0490	NA	1
CASSQTSGFGTDTQYF	TRBV6-6	NA	03/0490	NA	1
CASSQTTGEKLFF	TRBV5-1	NA	03/0490	NA	1
CASSQVAWGGNTEAFF	TRBV12-4	NA	03/0490	NA	1
CASSQVFLARRAGGLFF	TRBV4-3	NA	03/0490	NA	1
CASSQVGADYNEQFF	TRBV4-1	NA	03/0490	NA	2
CASSQVGTGNTIYF	TRBV4-1	NA	03/0490	NA	1
CASSQVGTGSTIYF	TRBV4-1	NA	03/0490	NA	1
CASSQVRPGPKGTDTDTQYF	TRBV3-1	NA	03/0490	NA	2
CASSRASLQYEQYF	TRBV18	NA	03/0490	NA	1
CASSRDNGELFF	TRBV5-4	NA	03/0490	NA	1
CASSRDSRSSYEQYF	TRBV5-5	NA	03/0490	NA	1
CASSREVGGNTIYF	TRBV7-2	NA	03/0490	NA	1
CASSRGAGPTGELFF	TRBV4-3	NA	03/0490	NA	1
CASSRGGGGEQFF	TRBV11-2	NA	03/0490	NA	1
CASSRGNGNIQYF	TRBV27	NA	03/0490	NA	1
CASSRGVGGEQFF	TRBV11-2	NA	03/0490	NA	1
CASSRGVGYNSPLHF	TRBV18	NA	03/0490	NA	1
CASSRLGRAEAFF	TRBV7-2	NA	03/0490	NA	1
CASSRLPGKGTYEQYF	TRBV28	NA	03/0490	NA	1
CASSRPGEGEQYF	TRBV7-2	NA	03/0490	NA	1
CASSRPLDRGRDTQYF	TRBV7-8	NA	03/0490	NA	3
CASSRRGRADQFF	TRBV7-2	NA	03/0490	NA	1
CASSRRGRAEQFF	TRBV7-2	NA	03/0490	NA	2
CASSRRSGDTEAFF	TRBV5-6	NA	03/0490	NA	1
CASSRRSGNTEAFF	TRBV5-6	NA	03/0490	NA	1
CASSRSPSGGGNEKFF	TRBV4-3	NA	03/0490	NA	1
CASSRSPSGGGNEQFF	TRBV4-3	NA	03/0490	NA	1
CASSRSSSVQETQYF	TRBV5-1	NA	03/0490	NA	1
CASSRTGRSSYEQYF	TRBV5-1	NA	03/0490	NA	1
CASSRTSSGNTIYF	TRBV5-1	NA	03/0490	NA	1
CASSRYPGGSNSGANVLTF	TRBV4-3	NA	03/0490	NA	1
CASSSAPRGQRGGEQFF	TRBV7-3	NA	03/0490	NA	1
CASSSDGTYEQYF	TRBV5-1	NA	03/0490	NA	1
CASSSDPGGTVHF	TRBV5-1	NA	03/0490	NA	1
CASSSDPYNEQFF	TRBV5-1	NA	03/0490	NA	1
CASSSDRGSNYGYTF	TRBV7-2	NA	03/0490	NA	1
CASSSDRISYYGQYF	TRBV12-3	NA	03/0490	NA	1
CASSSEGGVDEQFF	TRBV5-1	NA	03/0490	NA	2
CASSSETGGYGYTF	TRBV11-2	NA	03/0490	NA	1
CASSSGQERNTGELFF	TRBV5-4	NA	03/0490	NA	1
CASSSIGDITYEQYF	TRBV7-8	NA	03/0490	NA	1
CASSSLAGYEQYF	TRBV7-8	NA	03/0490	NA	1
CASSSLDRGIYGYTF	TRBV27	NA	03/0490	NA	1
CASSSLRGQGRAYEQYF	TRBV7-6	NA	03/0490	NA	1
CASSSPDRDAFF	TRBV28	NA	03/0490	NA	1
CASSSPTPGTGEETQYF	TRBV7-9	NA	03/0490	NA	2
CASSSQGHGELFF	TRBV5-1	NA	03/0490	NA	1
CASSSQGTGDYEQYF	TRBV7-8	NA	03/0490	NA	1
CASSSRAATDTQYF	TRBV5-4	NA	03/0490	NA	1
CASSSRAGSYNEQFF	TRBV5-1	NA	03/0490	NA	1
CASSSRGGATEAFF	TRBV2	NA	03/0490	NA	2
CASSSRGGTEAFF	TRBV7-9	NA	03/0490	NA	1
CASSSRGLAKNIQYF	TRBV6-5	NA	03/0490	NA	1
CASSSRGTSYNEQFF	TRBV12-4	NA	03/0490	NA	1
CASSSRGVATEAFF	TRBV2	NA	03/0490	NA	1
CASSSRRGRVNAFF	TRBV7-2	NA	03/0490	NA	1
CASSSRTGRLNAFF	TRBV7-2	NA	03/0490	NA	3
CASSSRTSGDEQYF	TRBV5-4	NA	03/0490	NA	1
CASSSRWTLRNEKLFF	TRBV7-2	NA	03/0490	NA	4
CASSSTAMASGTDNTEAFF	TRBV7-8	NA	03/0490	NA	1
CASSSTETGVMVQETQYF	TRBV13	NA	03/0490	NA	1
CASSSTGDLNQPQHF	TRBV5-1	NA	03/0490	NA	1
CASSSTGGNQPQHF	TRBV6-2	NA	03/0490	NA	1
CASSSTGRSSYEQYF	TRBV5-1	NA	03/0490	NA	3
CASSSTTSGDTQYF	TRBV6-2	NA	03/0490	NA	1
CASSSVGSLTYNSPLHF	TRBV5-1	NA	03/0490	NA	1
CASSSWGAGNQPQHF	TRBV7-2	NA	03/0490	NA	1
CASSSWTAAYEQYF	TRBV5-5	NA	03/0490	NA	1
CASSTDRQETQYF	TRBV5-5	NA	03/0490	NA	1
CASSTGANTEAFF	TRBV13	NA	03/0490	NA	1
CASSTGDGYGYTF	TRBV19	NA	03/0490	NA	1
CASSTGEGYGYTF	TRBV19	NA	03/0490	NA	1
CASSTGTQRATDNEQFF	TRBV5-4	NA	03/0490	NA	1
CASSTGTQRATYNEQFF	TRBV5-4	NA	03/0490	NA	1
CASSTNRGGETQYF	TRBV5-4	NA	03/0490	NA	1
CASSTPGGYGYTF	TRBV11-2	NA	03/0490	NA	1
CASSTPQGPNEKLFF	TRBV5-1	NA	03/0490	NA	1
CASSTRAGVDAYEQYF	TRBV7-6	NA	03/0490	NA	1
CASSTRGGVSNQPQHF	TRBV27	NA	03/0490	NA	1
CASSTRQGNTEAFF	TRBV5-1	NA	03/0490	NA	1
CASSTSGGGTEAFF	TRBV21-1	NA	03/0490	NA	1
CASSTSGGQNTQYF	TRBV12-4	NA	03/0490	NA	2
CASSVAMTSLGTDTQYF	TRBV9	NA	03/0490	NA	1
CASSVAPSRGKGDTQYF	TRBV9	NA	03/0490	NA	1
CASSVAPYGGITGELFF	TRBV9	NA	03/0490	NA	1
CASSVDPGQGREQYF	TRBV9	NA	03/0490	NA	1
CASSVEQGATGTEAFF	TRBV5-1	NA	03/0490	NA	1
CASSVERVEVGYTF	TRBV6-1	NA	03/0490	NA	1
CASSVGGNQPQHF	TRBV9	NA	03/0490	NA	1
CASSVGSSLAVFEQYF	TRBV9	NA	03/0490	NA	1
CASSVGTSGGTGELFF	TRBV19	NA	03/0490	NA	1
CASSVPSGDTQYF	TRBV7-9	NA	03/0490	NA	1
CASSVRGNGELFF	TRBV6-1	NA	03/0490	NA	1
CASSVRTSLGDTQYF	TRBV19	NA	03/0490	NA	1
CASSVTGFRDEKLFF	TRBV7-8	NA	03/0490	NA	1
CASSVTGQGLGGNEQFF	TRBV9	NA	03/0490	NA	1
CASSVTPGSYEQYF	TRBV9	NA	03/0490	NA	1
CASSWAGGPNEKRFF	TRBV7-9	NA	03/0490	NA	1
CASSWGSETQYF	TRBV5-6	NA	03/0490	NA	1
CASSWQGDEKLFF	TRBV27	NA	03/0490	NA	1
CASSWTGGAYGYTF	TRBV5-1	NA	03/0490	NA	1
CASSWTGRGACEQYF	TRBV6-5	NA	03/0490	NA	1
CASSWTGSSYNEQYF	TRBV5-1	NA	03/0490	NA	1
CASSYAAGLYNEQFF	TRBV6-5	NA	03/0490	NA	1
CASSYAGGNTEAFF	TRBV6-6	NA	03/0490	NA	1
CASSYFSPGSSTDTQYF	TRBV6-5	NA	03/0490	NA	1
CASSYGKGAGEKLFF	TRBV6-6	NA	03/0490	NA	1
CASSYGWSGANVLTF	TRBV7-3	NA	03/0490	NA	1
CASSYIGQGKLFF	TRBV7-2	NA	03/0490	NA	1
CASSYRGLAKNIQYF	TRBV6-5	NA	03/0490	NA	1
CASSYSGTFRSYNEQFF	TRBV6-2	NA	03/0490	NA	1
CASSYSGTSYNEQFF	TRBV6-2	NA	03/0490	NA	1
CASSYSPGPTYEQYF	TRBV6-5	NA	03/0490	NA	1
CASSYSPNEQFF	TRBV2	NA	03/0490	NA	1
CASSYSTGQDSTDTQYF	TRBV7-6	NA	03/0490	NA	1
CASSYSTPNYEQYF	TRBV6-6	NA	03/0490	NA	1
CASSYTAGGTEAFF	TRBV6-5	NA	03/0490	NA	1
CASSYTWTFRGSYEQYF	TRBV6-2	NA	03/0490	NA	1
CASSYTWTVRGSYAQYF	TRBV6-2	NA	03/0490	NA	1
CASTAELGGAYNDPFF	TRBV12-3	NA	03/0490	NA	1
CASTAELGGAYNEQFF	TRBV12-3	NA	03/0490	NA	1
CASTGGAFNKTQHF	TRBV5-1	NA	03/0490	NA	1
CASTGGNSYEQYF	TRBV5-5	NA	03/0490	NA	1
CASTLGGAGTQYF	TRBV6-6	NA	03/0490	NA	1
CASTLGGDGNTIYF	TRBV12-3	NA	03/0490	NA	1
CASTPGAPANTEAFF	TRBV7-8	NA	03/0490	NA	1
CASTPPAGVSTDTQYF	TRBV6-2	NA	03/0490	NA	1
CASTRGAGTGELFF	TRBV6-2	NA	03/0490	NA	1
CASTRGGSGEQYF	TRBV27	NA	03/0490	NA	1
CASTRYRGCEKYF	TRBV11-3	NA	03/0490	NA	1
CASTRYRGCEQYF	TRBV11-3	NA	03/0490	NA	1
CASTTNRDRPNYGYTF	TRBV12-3	NA	03/0490	NA	1
CASVGGPDTQYF	TRBV27	NA	03/0490	NA	1
CASVGGRVDEQYF	TRBV25-1	NA	03/0490	NA	1
CATGPGGAGGQFF	TRBV24-1	NA	03/0490	NA	1
CATGRGQIGHSF	TRBV15	NA	03/0490	NA	1
CATKKGGLNNQPQHF	TRBV15	NA	03/0490	NA	2
CATKQWVLHTQPQHF	TRBV15	NA	03/0490	NA	1
CATNDRIGSPLHF	TRBV6-2	NA	03/0490	NA	2
CATNTGVRTEAFF	TRBV15	NA	03/0490	NA	1
CATRDRYNYGYTF	TRBV27	NA	03/0490	NA	1
CATRNPGRGTEAFF	TRBV15	NA	03/0490	NA	4
CATRPGAETQYF	TRBV2	NA	03/0490	NA	2
CATRTASQYGYTF	TRBV6-5	NA	03/0490	NA	1
CATRTGDGETQYF	TRBV2	NA	03/0490	NA	1
CATSAGFANEKLFF	TRBV15	NA	03/0490	NA	1
CATSDFQWKQENGYNEQFF	TRBV24-1	NA	03/0490	NA	1
CATSDPDSDLYPSTDTQYF	TRBV24-1	NA	03/0490	NA	1
CATSDRPGFETDTQYF	TRBV24-1	NA	03/0490	NA	1
CATSERTSGGNTDTQYF	TRBV24-1	NA	03/0490	NA	2
CATSGEKGFNQTQYF	TRBV15	NA	03/0490	NA	1
CATSGGGFNYGYTF	TRBV24-1	NA	03/0490	NA	1
CATSGLASNQPQHF	TRBV24-1	NA	03/0490	NA	1
CATSINPGTPQHF	TRBV15	NA	03/0490	NA	1
CATSINPVTPQHF	TRBV15	NA	03/0490	NA	1
CATSIRGGGETQYF	TRBV15	NA	03/0490	NA	1
CATSNGGFNQPQHF	TRBV24-1	NA	03/0490	NA	1
CATSRDKGFNQPQHF	TRBV15	NA	03/0490	NA	4
CATSRDKGSNEKLFF	TRBV15	NA	03/0490	NA	2
CATSRDPGVGTEKQFF	TRBV15	NA	03/0490	NA	1
CATSRDPSAQETQYF	TRBV15	NA	03/0490	NA	2
CATSRDVRAWTDTQYF	TRBV15	NA	03/0490	NA	1
CATSRDVRAWTEAFF	TRBV15	NA	03/0490	NA	7
CATSRDVRAWTEAQFF	TRBV15	NA	03/0490	NA	1
CATSRDYGLAGGSDTQYF	TRBV15	NA	03/0490	NA	1
CATSREGRAWTEAFF	TRBV15	NA	03/0490	NA	1
CATSREPPKTGRDTQYF	TRBV15	NA	03/0490	NA	2
CATSRGGYPTSSTDTQYF	TRBV15	NA	03/0490	NA	1
CATSRGPAPETQYF	TRBV15	NA	03/0490	NA	1
CATSRHPGQGLNEQFF	TRBV15	NA	03/0490	NA	1
CATSRHPGQGLNVQFF	TRBV15	NA	03/0490	NA	1
CATSRKDRPLRDTIYF	TRBV15	NA	03/0490	NA	1
CATSRLPGQGLNEQFF	TRBV15	NA	03/0490	NA	1
CATSRWDNQPQHF	TRBV15	NA	03/0490	NA	1
CATSRWDSQPQYF	TRBV15	NA	03/0490	NA	1
CATSSRWTLRNDKLFF	TRBV7-2	NA	03/0490	NA	1
CATSSSIQGPGAFF	TRBV15	NA	03/0490	NA	1
CATSTGDGETQYF	TRBV2	NA	03/0490	NA	2
CATSTVKQYF	TRBV15	NA	03/0490	NA	5
CATSVRGGEETQYF	TRBV15	NA	03/0490	NA	1
CATTRGVRTDAFF	TRBV15	NA	03/0490	NA	1
CAVRSGGQAYEQYF	TRBV10-3	NA	03/0490	NA	3
CAVSARTGEIHEQYF	TRBV7-2	NA	03/0490	NA	1
CAWISPGLATDTQYF	TRBV30	NA	03/0490	NA	1
CAWKGRGRYNEQFF	TRBV30	NA	03/0490	NA	1
CAWQRWDRDNSPLHF	TRBV30	NA	03/0490	NA	1
CAWRAMGTGNSPGYTF	TRBV30	NA	03/0490	NA	1
CAWSLGGSQPQHF	TRBV30	NA	03/0490	NA	1
CAWSRQPSYEQYF	TRBV30	NA	03/0490	NA	1
CAWSRSGSSGANVLTF	TRBV30	NA	03/0490	NA	1
CAWSTGGLEFF	TRBV30	NA	03/0490	NA	1
CAWSTVGLECF	TRBV30	NA	03/0490	NA	1
CAWSVGGRSNEQFF	TRBV30	NA	03/0490	NA	1
CAWSVQGRRNYNEQFF	TRBV30	NA	03/0490	NA	2
CCARGESTVGGGLFF	TRBV20-1	NA	03/0490	NA	1
CCARTSGGGTEELFF	TRBV20-1	NA	03/0490	NA	1
CCGEPAGQGDYGYTF	TRBV29-1	NA	03/0490	NA	1
CCSIIRRGGSGELFF	TRBV19	NA	03/0490	NA	1
CDRSSSGGGLNGELFF	TRBV7-7	NA	03/0490	NA	1
CDSSLEFGEKLELNTEAFF	TRBV5-1	NA	03/0490	NA	1
CGAGGLGGGPYGQDF	TRBV20-1	NA	03/0490	NA	1
CGARSPEQGGGEQYF	TRBV20-1	NA	03/0490	NA	1
CGASPGGGRTGEQYF	TRBV20-1	NA	03/0490	NA	1
CGAWGGETYNEQFF	TRBV20-1	NA	03/0490	NA	1
CGGGEGGGANVLTF	TRBV20-1	NA	03/0490	NA	1
CGGRDPRAVPNEMLFF	TRBV20-1	NA	03/0490	NA	1
CGGSAGQGRNTGELFF	TRBV5-4	NA	03/0490	NA	1
CGGSWEAGELFF	TRBV7-2	NA	03/0490	NA	1
CGSRVGPGGEQYF	TRBV11-2	NA	03/0490	NA	1
CGTSRDQGWNAKLFF	TRBV15	NA	03/0490	NA	1
CGWISPGRATDTQYF	TRBV30	NA	03/0490	NA	1
CIARFGAAPYEQYF	TRBV20-1	NA	03/0490	NA	1
CIASHSGVGTEAFF	TRBV20-1	NA	03/0490	NA	1
CIPRNPLENGFFGHTQYF	TRBV20-1	NA	03/0490	NA	1
CIVDSSEGMFNQPQHF	TRBV29-1	NA	03/0490	NA	1
CRAGEGGGANVLTF	TRBV20-1	NA	03/0490	NA	1
CRAGTSLGGYTF	TRBV20-1	NA	03/0490	NA	1
CRANRGKGKIGEQFF	TRBV20-1	NA	03/0490	NA	1
CRAPVQSWYGYTF	TRBV20-1	NA	03/0490	NA	1
CRAREGGGANVLTF	TRBV20-1	NA	03/0490	NA	2
CRAREGSVTEAFF	TRBV20-1	NA	03/0490	NA	1
CRARTGNQPQHF	TRBV20-1	NA	03/0490	NA	1
CRARVRLTSYEQYF	TRBV20-1	NA	03/0490	NA	1
CRASPGTHSNQPQHF	TRBV20-1	NA	03/0490	NA	1
CRCREGGGANVLTF	TRBV20-1	NA	03/0490	NA	1
CRVGSGWGMDTEAFF	TRBV29-1	NA	03/0490	NA	1
CRVREGGGPNDLTF	TRBV20-1	NA	03/0490	NA	1
CSAAAGLRGGAFF	TRBV20-1	NA	03/0490	NA	4
CSAAIAAATKQYF	TRBV20-1	NA	03/0490	NA	1
CSAAIAASTKQYF	TRBV20-1	NA	03/0490	NA	2
CSAARWTLNTDPQYF	TRBV20-1	NA	03/0490	NA	1
CSAATGLGGNQPQYF	TRBV29-1	NA	03/0490	NA	1
CSAAVAASTKQYF	TRBV20-1	NA	03/0490	NA	1
CSACCATSGTDTQYF	TRBV20-1	NA	03/0490	NA	1
CSADGQGAKNIQYF	TRBV20-1	NA	03/0490	NA	1
CSADGVDSGNTIYF	TRBV20-1	NA	03/0490	NA	1
CSADRGLPNYGYTF	TRBV29-1	NA	03/0490	NA	1
CSADVHGRAEAFF	TRBV20-1	NA	03/0490	NA	1
CSAERGVRTDTQYF	TRBV20-1	NA	03/0490	NA	1
CSAERGVSTDTQYF	TRBV20-1	NA	03/0490	NA	1
CSAFERGTVGTQYF	TRBV20-1	NA	03/0490	NA	1
CSAFGTSPYNEQFF	TRBV20-1	NA	03/0490	NA	1
CSAFTTVSYNEQFF	TRBV20-1	NA	03/0490	NA	1
CSAGGPQEGNTGELFF	TRBV20-1	NA	03/0490	NA	1
CSAGGSGLGHGYTF	TRBV20-1	NA	03/0490	NA	1
CSAGKNLAKNIQYF	TRBV20-1	NA	03/0490	NA	1
CSAGLTRAKNIQYF	TRBV20-1	NA	03/0490	NA	2
CSAGRDYIKTQYF	TRBV20-1	NA	03/0490	NA	2
CSAGRISNTEAFF	TRBV20-1	NA	03/0490	NA	1
CSAGRSANAEAFF	TRBV20-1	NA	03/0490	NA	1
CSAGRSPEAFF	TRBV20-1	NA	03/0490	NA	3
CSAGRVADTQYF	TRBV29-1	NA	03/0490	NA	3
CSAGTAYGYTF	TRBV20-1	NA	03/0490	NA	1
CSAGTSRAKNIQYF	TRBV20-1	NA	03/0490	NA	2
CSAIAGATGNEQFF	TRBV20-1	NA	03/0490	NA	2
CSAISVLSLVEACF	TRBV20-1	NA	03/0490	NA	1
CSAKGPANTGELFF	TRBV20-1	NA	03/0490	NA	1
CSAKGPGQGPTRAFF	TRBV20-1	NA	03/0490	NA	1
CSAKGQANTEELLF	TRBV20-1	NA	03/0490	NA	1
CSAKGQANTGELFF	TRBV20-1	NA	03/0490	NA	1
CSAKGQDTGELVF	TRBV20-1	NA	03/0490	NA	1
CSAKKGFDKNIQYF	TRBV20-1	NA	03/0490	NA	3
CSAKLTGELGEQCF	TRBV20-1	NA	03/0490	NA	1
CSAKLTGELGEQFF	TRBV20-1	NA	03/0490	NA	2
CSAKPGGGPIGVQYF	TRBV20-1	NA	03/0490	NA	1
CSAKPGGWPIGEQYF	TRBV20-1	NA	03/0490	NA	1
CSAKPNSKIQF	TRBV20-1	NA	03/0490	NA	1
CSAKVETSGTKILTDTQYF	TRBV20-1	NA	03/0490	NA	1
CSALMTGESTDTQYF	TRBV20-1	NA	03/0490	NA	1
CSALSTSGGARPAYEQYF	TRBV20-1	NA	03/0490	NA	1
CSALTGTGELFF	TRBV20-1	NA	03/0490	NA	1
CSAMAGTDNQPQHF	TRBV20-1	NA	03/0490	NA	3
CSANASGGPTGKQYF	TRBV20-1	NA	03/0490	NA	1
CSANGQAAKNIQYF	TRBV20-1	NA	03/0490	NA	1
CSAPDRVNYGYTF	TRBV20-1	NA	03/0490	NA	1
CSAPGRTNTGELFF	TRBV29-1	NA	03/0490	NA	1
CSAPHMGLAGVYEQYF	TRBV20-1	NA	03/0490	NA	1
CSAPIAGTGGNQPQHF	TRBV20-1	NA	03/0490	NA	1
CSAPPSGDRNTQYF	TRBV20-1	NA	03/0490	NA	1
CSAPPSGGRNTKYF	TRBV20-1	NA	03/0490	NA	1
CSAPPSGGRNTQYF	TRBV20-1	NA	03/0490	NA	2
CSAPSGTRDSPLHF	TRBV20-1	NA	03/0490	NA	1
CSAPTGAAGYTF	TRBV20-1	NA	03/0490	NA	2
CSAPTQGPYNEQFF	TRBV20-1	NA	03/0490	NA	1
CSAQTGDQPQHF	TRBV20-1	NA	03/0490	NA	1
CSARAGDRDYQQYF	TRBV20-1	NA	03/0490	NA	3
CSARAGGNSYEQYF	TRBV20-1	NA	03/0490	NA	1
CSARAQNTGELFF	TRBV20-1	NA	03/0490	NA	2
CSARAREALRTDTQYF	TRBV20-1	NA	03/0490	NA	1
CSARARGPGTETRYF	TRBV20-1	NA	03/0490	NA	1
CSARATNHGVSYNEQFF	TRBV20-1	NA	03/0490	NA	1
CSARDAGDF	TRBV20-1	NA	03/0490	NA	1
CSARDARGTYEQYF	TRBV20-1	NA	03/0490	NA	1
CSARDGGAGGSYNSPLHF	TRBV20-1	NA	03/0490	NA	1
CSARDGKLKNIQYF	TRBV20-1	NA	03/0490	NA	2
CSARDGPKETQYF	TRBV20-1	NA	03/0490	NA	1
CSARDHRRTGPDTQYF	TRBV20-1	NA	03/0490	NA	1
CSARDIQGFEKLFF	TRBV20-1	NA	03/0490	NA	1
CSARDLARDPYEQYF	TRBV20-1	NA	03/0490	NA	1
CSARDLEGSNYGYTF	TRBV20-1	NA	03/0490	NA	1
CSARDLGTHYEQYF	TRBV20-1	NA	03/0490	NA	1
CSARDLRTGVYEQYF	TRBV20-1	NA	03/0490	NA	2
CSARDNGYYEQYF	TRBV20-1	NA	03/0490	NA	1
CSARDPEQGVGEQYF	TRBV20-1	NA	03/0490	NA	2
CSARDPHEGSTGELFF	TRBV20-1	NA	03/0490	NA	1
CSARDPQEGNTGELFF	TRBV20-1	NA	03/0490	NA	1
CSARDPRAATNEKLFF	TRBV20-1	NA	03/0490	NA	1
CSARDRGAEQYF	TRBV20-1	NA	03/0490	NA	1
CSARDRGLDQPQHF	TRBV20-1	NA	03/0490	NA	4
CSARDRYGLEYGYTF	TRBV20-1	NA	03/0490	NA	3
CSARDRYSSSDRWDTQYF	TRBV20-1	NA	03/0490	NA	1
CSARDYEAEAFF	TRBV20-1	NA	03/0490	NA	2
CSAREGGGANVLTF	TRBV20-1	NA	03/0490	NA	1
CSAREGGRRQPQHF	TRBV20-1	NA	03/0490	NA	1
CSAREGYEQYF	TRBV29-1	NA	03/0490	NA	1
CSAREMARHEQYF	TRBV20-1	NA	03/0490	NA	1
CSARFGAAPYEQYF	TRBV20-1	NA	03/0490	NA	1
CSARGCSSSGLSSTDTQYF	TRBV20-1	NA	03/0490	NA	1
CSARGGIAGESSYEQYF	TRBV20-1	NA	03/0490	NA	1
CSARGGWDVNTGELFF	TRBV29-1	NA	03/0490	NA	1
CSARGGWGMNTEAFF	TRBV29-1	NA	03/0490	NA	1
CSARGQGAHEKYF	TRBV20-1	NA	03/0490	NA	1
CSARGQGAHEQYF	TRBV20-1	NA	03/0490	NA	2
CSARGQSWYGYTGELFF	TRBV20-1	NA	03/0490	NA	1
CSARGRTGDGYTF	TRBV20-1	NA	03/0490	NA	1
CSARGSLNTEAFF	TRBV20-1	NA	03/0490	NA	1
CSARGSLNTEDFF	TRBV20-1	NA	03/0490	NA	1
CSARGTYDNSPLHF	TRBV20-1	NA	03/0490	NA	3
CSARGVSGGAQHDEQFF	TRBV20-1	NA	03/0490	NA	1
CSARIGSSGNTIYF	TRBV20-1	NA	03/0490	NA	1
CSARLGTTQETQYF	TRBV20-1	NA	03/0490	NA	2
CSARLLRDGYYEQYF	TRBV20-1	NA	03/0490	NA	1
CSARLNRDLYNEQFF	TRBV20-1	NA	03/0490	NA	2
CSARLPGDSMADTF	TRBV20-1	NA	03/0490	NA	1
CSARNPQENSFFADTQYF	TRBV20-1	NA	03/0490	NA	1
CSARNPQENSVFADTQYF	TRBV20-1	NA	03/0490	NA	1
CSARPEKGWNTEACF	TRBV20-1	NA	03/0490	NA	1
CSARPEQGWNTEAFF	TRBV20-1	NA	03/0490	NA	2
CSARPSGRSDYGDTF	TRBV20-1	NA	03/0490	NA	1
CSARPSGRSDYGYTF	TRBV20-1	NA	03/0490	NA	3
CSARQGDTEAFF	TRBV20-1	NA	03/0490	NA	3
CSARQGLVNYGYTF	TRBV20-1	NA	03/0490	NA	1
CSARQRPHNSPLHF	TRBV20-1	NA	03/0490	NA	1
CSARRGIAGNEQFF	TRBV20-1	NA	03/0490	NA	1
CSARRKGNVLTF	TRBV20-1	NA	03/0490	NA	1
CSARRPTSGGAGNIQYF	TRBV20-1	NA	03/0490	NA	1
CSARSGLVADTQYF	TRBV20-1	NA	03/0490	NA	1
CSARTDPTDTQYF	TRBV20-1	NA	03/0490	NA	2
CSARTGIQTQYF	TRBV20-1	NA	03/0490	NA	1
CSARTGNQPQHF	TRBV20-1	NA	03/0490	NA	2
CSARTTQHRYEQYF	TRBV20-1	NA	03/0490	NA	1
CSARTTTGELFF	TRBV20-1	NA	03/0490	NA	1
CSARVEYEQFF	TRBV20-1	NA	03/0490	NA	1
CSARVGLALETQDF	TRBV20-1	NA	03/0490	NA	1
CSARVGVALESQYF	TRBV20-1	NA	03/0490	NA	1
CSARVRRLPTDTQYF	TRBV20-1	NA	03/0490	NA	1
CSARYLGGNYGYTF	TRBV20-1	NA	03/0490	NA	1
CSASAPGHKNIQYF	TRBV20-1	NA	03/0490	NA	1
CSASDAGGKISPQHF	TRBV20-1	NA	03/0490	NA	1
CSASDRVGYGYTF	TRBV20-1	NA	03/0490	NA	1
CSASDSHNEQFF	TRBV20-1	NA	03/0490	NA	1
CSASEARVRGNQPQHF	TRBV20-1	NA	03/0490	NA	1
CSASFHRGLGEQYF	TRBV20-1	NA	03/0490	NA	1
CSASGDFTYEQYF	TRBV20-1	NA	03/0490	NA	1
CSASGDRGRDEKLFF	TRBV20-1	NA	03/0490	NA	1
CSASGDRGRDEKMFF	TRBV20-1	NA	03/0490	NA	1
CSASGEVTYKQDF	TRBV20-1	NA	03/0490	NA	1
CSASGFSAKNIQYF	TRBV20-1	NA	03/0490	NA	1
CSASGGGAGGELFF	TRBV20-1	NA	03/0490	NA	1
CSASGNEQFF	TRBV20-1	NA	03/0490	NA	2
CSASGQPPYEQYF	TRBV20-1	NA	03/0490	NA	1
CSASGRQSFTEAFF	TRBV20-1	NA	03/0490	NA	1
CSASHRTGTGDLFF	TRBV20-1	NA	03/0490	NA	1
CSASHRTGTGELFF	TRBV20-1	NA	03/0490	NA	1
CSASKGIYNEQFF	TRBV20-1	NA	03/0490	NA	1
CSASLHRGLGEQYF	TRBV20-1	NA	03/0490	NA	1
CSASLPGTDTQYF	TRBV20-1	NA	03/0490	NA	2
CSASNRLSFVGGYTF	TRBV20-1	NA	03/0490	NA	1
CSASPGAASGVADTQYF	TRBV20-1	NA	03/0490	NA	2
CSASPGGKGEQYF	TRBV20-1	NA	03/0490	NA	2
CSASPGWGMDTEAFF	TRBV29-1	NA	03/0490	NA	1
CSASPGWGMNTEAFF	TRBV29-1	NA	03/0490	NA	1
CSASPHAADTQYF	TRBV20-1	NA	03/0490	NA	1
CSASPQYIRHGYTF	TRBV20-1	NA	03/0490	NA	1
CSASRAGTSSYEQYF	TRBV20-1	NA	03/0490	NA	1
CSASRGGDTEAFF	TRBV20-1	NA	03/0490	NA	1
CSASRGRGSTEAFF	TRBV20-1	NA	03/0490	NA	1
CSASRRSNTGELFF	TRBV20-1	NA	03/0490	NA	1
CSASRRSNTGGLFF	TRBV20-1	NA	03/0490	NA	1
CSASRTAPATGPGTGELFF	TRBV20-1	NA	03/0490	NA	1
CSASRTAPATGPSTGELFF	TRBV20-1	NA	03/0490	NA	2
CSASSGQGQFF	TRBV20-1	NA	03/0490	NA	1
CSASSPGPKNIQYF	TRBV20-1	NA	03/0490	NA	1
CSASTGLNNEKLFF	TRBV20-1	NA	03/0490	NA	2
CSASTGLNTDTLFF	TRBV20-1	NA	03/0490	NA	1
CSASWASGRGETQYF	TRBV20-1	NA	03/0490	NA	1
CSATDRDVSYEQYF	TRBV20-1	NA	03/0490	NA	1
CSATELAGGSYNEQFF	TRBV20-1	NA	03/0490	NA	1
CSATETTGENEKLFF	TRBV20-1	NA	03/0490	NA	1
CSATIEQGIFGEQFF	TRBV20-1	NA	03/0490	NA	1
CSATLDRGSGEKLFF	TRBV20-1	NA	03/0490	NA	1
CSATMRGGTGFSEKYF	TRBV20-1	NA	03/0490	NA	3
CSATQGGTEAFF	TRBV20-1	NA	03/0490	NA	1
CSATRRDQPQHF	TRBV20-1	NA	03/0490	NA	1
CSATSGTSGGQETQYF	TRBV20-1	NA	03/0490	NA	1
CSATTSGTSYEQYF	TRBV20-1	NA	03/0490	NA	1
CSAVDRLAGVSEQYF	TRBV20-1	NA	03/0490	NA	1
CSAVERGIVGTQYF	TRBV20-1	NA	03/0490	NA	1
CSAVQSANEKLFF	TRBV20-1	NA	03/0490	NA	1
CSAWGGETSNEQFF	TRBV20-1	NA	03/0490	NA	1
CSAWGGKTYNEQFF	TRBV20-1	NA	03/0490	NA	1
CSAYRDLSTDTQYF	TRBV20-1	NA	03/0490	NA	1
CSDISGLSLVEAFF	TRBV20-1	NA	03/0490	NA	1
CSGRAGWGMNTEAFF	TRBV29-1	NA	03/0490	NA	1
CSGRGGGGANVLTF	TRBV20-1	NA	03/0490	NA	2
CSGRPSGRSDDGYTF	TRBV20-1	NA	03/0490	NA	1
CSGSVDRDDHTF	TRBV20-1	NA	03/0490	NA	1
CSIGRGMNTEAFF	TRBV20-1	NA	03/0490	NA	1
CSLPRDGTQYF	TRBV20-1	NA	03/0490	NA	1
CSPGRGPNTEAFF	TRBV20-1	NA	03/0490	NA	1
CSPPPRAGRNSPLHF	TRBV20-1	NA	03/0490	NA	1
CSPRELEKEAYTQYF	TRBV20-1	NA	03/0490	NA	1
CSPRVPGQMNTEAFF	TRBV20-1	NA	03/0490	NA	1
CSSIISNRSNQHQHF	TRBV7-2	NA	03/0490	NA	1
CSSRCPCRVPSWATLHF	TRBV5-1	NA	03/0490	NA	1
CSSRGTDPGELFF	TRBV20-1	NA	03/0490	NA	1
CSSSGPLDRGRDTQYF	TRBV7-8	NA	03/0490	NA	1
CSSSQGQGNQPQHF	TRBV3-1	NA	03/0490	NA	1
CSSSQVAGTGGLLGNQPQHF	TRBV4-1	NA	03/0490	NA	1
CSTMTGGGSNEQFF	TRBV20-1	NA	03/0490	NA	1
CSTSERTSGGNTDTQYF	TRBV24-1	NA	03/0490	NA	1
CSVAGIGGPNEKLFF	TRBV29-1	NA	03/0490	NA	1
CSVAGMGDGYTF	TRBV20-1	NA	03/0490	NA	1
CSVAPREGPYNEQFF	TRBV29-1	NA	03/0490	NA	1
CSVASGRVSTGELFF	TRBV29-1	NA	03/0490	NA	1
CSVATTNSNQPQHF	TRBV29-1	NA	03/0490	NA	1
CSVCQGGGGELFF	TRBV29-1	NA	03/0490	NA	1
CSVDDPSGTKNIQYF	TRBV29-1	NA	03/0490	NA	1
CSVDGGGDYGYTF	TRBV29-1	NA	03/0490	NA	1
CSVDGTPKRYGYTF	TRBV29-1	NA	03/0490	NA	1
CSVDKSAGGRTEAFF	TRBV29-1	NA	03/0490	NA	1
CSVEALPGTGQGHQETQYF	TRBV29-1	NA	03/0490	NA	1
CSVEDPKYPGQGNYGYTF	TRBV29-1	NA	03/0490	NA	1
CSVEDRGGF	TRBV29-1	NA	03/0490	NA	1
CSVEDRLKETQYF	TRBV29-1	NA	03/0490	NA	1
CSVEFPDRVRSEQYF	TRBV29-1	NA	03/0490	NA	1
CSVEGGRDTEAFF	TRBV29-1	NA	03/0490	NA	2
CSVEGQGGSLHGYTF	TRBV29-1	NA	03/0490	NA	1
CSVEGQGGSLYGYTF	TRBV29-1	NA	03/0490	NA	1
CSVEGRGGWDTEEFF	TRBV29-1	NA	03/0490	NA	1
CSVENRGKVTEAFF	TRBV29-1	NA	03/0490	NA	1
CSVERQKNLLGDTQYF	TRBV29-1	NA	03/0490	NA	1
CSVESRGKVTEAFF	TRBV29-1	NA	03/0490	NA	1
CSVETGDTEAFF	TRBV29-1	NA	03/0490	NA	1
CSVETSLAGTYEQYF	TRBV29-1	NA	03/0490	NA	1
CSVEVGTRAGEQFF	TRBV29-1	NA	03/0490	NA	1
CSVEVRYNYGYTF	TRBV29-1	NA	03/0490	NA	1
CSVEVTEPISSGANVLTF	TRBV29-1	NA	03/0490	NA	1
CSVEWGTGELFF	TRBV29-1	NA	03/0490	NA	1
CSVGGGWGMNTEAFF	TRBV29-1	NA	03/0490	NA	1
CSVGLGAGTEAFF	TRBV29-1	NA	03/0490	NA	1
CSVGRTGSYEQYF	TRBV29-1	NA	03/0490	NA	1
CSVGSGWGMDTEAFF	TRBV29-1	NA	03/0490	NA	1
CSVKSRTDEKLFF	TRBV29-1	NA	03/0490	NA	2
CSVLELNPEAFF	TRBV29-1	NA	03/0490	NA	1
CSVLRELNTEAFF	TRBV29-1	NA	03/0490	NA	1
CSVPDRGEAEAFF	TRBV29-1	NA	03/0490	NA	1
CSVPIAGTGGNQPQHF	TRBV20-1	NA	03/0490	NA	1
CSVQGAGPFSYEQYF	TRBV29-1	NA	03/0490	NA	1
CSVQRGGTEAFF	TRBV29-1	NA	03/0490	NA	1
CSVQTSGGIGTQYF	TRBV20-1	NA	03/0490	NA	2
CSVRAGWGMNTEAFF	TRBV29-1	NA	03/0490	NA	1
CSVRGGRDANTGELFF	TRBV29-1	NA	03/0490	NA	1
CSVRRDANTGELFF	TRBV29-1	NA	03/0490	NA	1
CSVRYRQGASTEACF	TRBV20-1	NA	03/0490	NA	1
CSVSSGTGVTGEMFF	TRBV29-1	NA	03/0490	NA	1
CSVTGASAKNEQYF	TRBV20-1	NA	03/0490	NA	1
CSVTGGPYTEAFF	TRBV29-1	NA	03/0490	NA	1
CSVTLQGIAFF	TRBV29-1	NA	03/0490	NA	1
CSVVVEGGNEHFF	TRBV29-1	NA	03/0490	NA	1
CSVVYLGTGELFF	TRBV29-1	NA	03/0490	NA	1
CSVYIRATLNTEAFF	TRBV29-1	NA	03/0490	NA	1
CSVYRESSYEQYF	TRBV29-1	NA	03/0490	NA	1
CTRSQFQGQGDEQYF	TRBV18	NA	03/0490	NA	1
CTSKEGTSEQYF	TRBV27	NA	03/0490	NA	1
CTSSHQQGLRETQYF	TRBV7-6	NA	03/0490	NA	1
CTSSRDRRDTQYF	TRBV7-2	NA	03/0490	NA	1
CTTGGPEQFF	TRBV29-1	NA	03/0490	NA	1
CVAREGGGANVLTF	TRBV20-1	NA	03/0490	NA	1
CVSRCGPGEVAGGDTF	TRBV28	NA	03/0490	NA	1
CVSSADSPAGGYNKQFF	TRBV3-1	NA	03/0490	NA	1
CAISALNRGHSGYTF	TRBV10-3	NA	09/0123	NA	1
CAISDRQVSSYEQYF	TRBV10-3	NA	09/0123	NA	1
CARSLVGPGDANEQFF	TRBV5-1	NA	09/0123	NA	1
CASANRDRDVQYF	TRBV7-8	NA	09/0123	NA	1
CASRDRPTDTQYF	TRBV25-1	NA	09/0123	NA	1
CASRLRDTGELFF	TRBV5-1	NA	09/0123	NA	1
CASRQGRYGYTF	TRBV28	NA	09/0123	NA	1
CASSAGRNNSPLHF	TRBV5-1	NA	09/0123	NA	1
CASSAYGQNTEAFF	TRBV6-4	NA	09/0123	NA	1
CASSDFSTNTEAFF	TRBV6-4	NA	09/0123	NA	1
CASSDGAYNTEAFF	TRBV25-1	NA	09/0123	NA	1
CASSDPELAGGNEQFF	TRBV25-1	NA	09/0123	NA	1
CASSDRDLGRDTQETQYF	TRBV25-1	NA	09/0123	NA	1
CASSEAAYEQYF	TRBV6-1	NA	09/0123	NA	1
CASSELEADTQYF	TRBV2	NA	09/0123	NA	1
CASSFPVQTYGYTF	TRBV5-5	NA	09/0123	NA	1
CASSFQRGGGETQYF	TRBV7-2	NA	09/0123	NA	1
CASSGNRGTFLLDTQYF	TRBV25-1	NA	09/0123	NA	1
CASSGTSGYTDEQFF	TRBV5-4	NA	09/0123	NA	1
CASSLAGDTEAFF	TRBV12-3	NA	09/0123	NA	1
CASSLALAGAGEQFF	TRBV5-1	NA	09/0123	NA	1
CASSLDGNTGELFF	TRBV5-1	NA	09/0123	NA	1
CASSLDGTGQYEQYF	TRBV5-4	NA	09/0123	NA	1
CASSLDRGDTEAFF	TRBV5-1	NA	09/0123	NA	1
CASSLEGQGNEKLFF	TRBV5-1	NA	09/0123	NA	1
CASSLELAGGPWTGELFF	TRBV7-2	NA	09/0123	NA	1
CASSLGGGRGPYEQYF	TRBV27	NA	09/0123	NA	1
CASSLGSSSGGREQYF	TRBV7-2	NA	09/0123	NA	1
CASSLRAGTGNTEAFF	TRBV5-1	NA	09/0123	NA	1
CASSLRGQGANEKLFF	TRBV7-2	NA	09/0123	NA	1
CASSLRGTAYEQYF	TRBV5-1	NA	09/0123	NA	1
CASSLSVGRVGQPQHF	TRBV5-6	NA	09/0123	NA	1
CASSLVGASDTQYF	TRBV27	NA	09/0123	NA	1
CASSLVGPGDANEQFF	TRBV5-1	NA	09/0123	NA	1
CASSLVLELNTDTQYF	TRBV7-9	NA	09/0123	NA	2
CASSLVTYNEQFF	TRBV12-4	NA	09/0123	NA	1
CASSPAGGATDTQYF	TRBV11-3	NA	09/0123	NA	1
CASSPAGLGYGYTF	TRBV7-3	NA	09/0123	NA	1
CASSPGLAGNTDTQYF	TRBV5-1	NA	09/0123	NA	1
CASSPGQGHGYTF	TRBV7-2	NA	09/0123	NA	1
CASSPRQGYYGYTF	TRBV19	NA	09/0123	NA	1
CASSQDLRGDNEQFF	TRBV3-1	NA	09/0123	NA	1
CASSQELASDGGYGYTF	TRBV4-2	NA	09/0123	NA	1
CASSQGRNTEAFF	TRBV3-1	NA	09/0123	NA	1
CASSQSLDGTDTQYF	TRBV4-1	NA	09/0123	NA	1
CASSQSPDNYGYTF	TRBV4-1	NA	09/0123	NA	1
CASSQVGVSTDTQYF	TRBV4-1	NA	09/0123	NA	2
CASSQVQGPGELFF	TRBV5-1	NA	09/0123	NA	1
CASSRDRGNNNEQFF	TRBV5-4	NA	09/0123	NA	1
CASSRGTSGTGELFF	TRBV3-1	NA	09/0123	NA	1
CASSRLPDNSPLHF	TRBV5-1	NA	09/0123	NA	1
CASSRQGADEQYF	TRBV5-4	NA	09/0123	NA	1
CASSSRSQETQYF	TRBV7-8	NA	09/0123	NA	1
CASSSRTQSALGKQYF	TRBV19	NA	09/0123	NA	1
CASSSTPGLVNEQFF	TRBV7-2	NA	09/0123	NA	1
CASSTHRGAAYNEQFF	TRBV11-2	NA	09/0123	NA	1
CASSTPGLDNEKLFF	TRBV9	NA	09/0123	NA	1
CASSVEGNSPLHF	TRBV9	NA	09/0123	NA	1
CASSVGDSPLHF	TRBV2	NA	09/0123	NA	1
CASSWEGGPLGTDTQYF	TRBV5-4	NA	09/0123	NA	1
CASSWPGDTQYF	TRBV7-3	NA	09/0123	NA	1
CASSYVGVQSQPQHF	TRBV6-2	NA	09/0123	NA	1
CAVSRGDSYEQYF	TRBV3-1	NA	09/0123	NA	1
CAWSVFGRGVVTNTVELFF	TRBV30	NA	09/0123	NA	1
CSADGDGDYEQYF	TRBV20-1	NA	09/0123	NA	1
CSADGGSGNTIYF	TRBV20-1	NA	09/0123	NA	1
CSAHQGDPNQPQHF	TRBV20-1	NA	09/0123	NA	1
CSAKKQGSGNTEAFF	TRBV20-1	NA	09/0123	NA	1
CSALDPGTSGGGVRNEQFF	TRBV20-1	NA	09/0123	NA	1
CSAPRLGTEAFF	TRBV20-1	NA	09/0123	NA	1
CSAQGQGINTEAFF	TRBV20-1	NA	09/0123	NA	1
CSARATGAINQPQHF	TRBV20-1	NA	09/0123	NA	1
CSARDDKNIQYF	TRBV20-1	NA	09/0123	NA	1
CSARDPGIGTPGQSFGAYEQYF	TRBV20-1	NA	09/0123	NA	1
CSARDRTGGAYNEQFF	TRBV20-1	NA	09/0123	NA	1
CSARELGNTQYF	TRBV20-1	NA	09/0123	NA	1
CSARGRVNTEAFF	TRBV20-1	NA	09/0123	NA	1
CSARGTGDYSNQPQHF	TRBV20-1	NA	09/0123	NA	1
CSARGTISSSYNEQFF	TRBV20-1	NA	09/0123	NA	1
CSARRDGETQYF	TRBV20-1	NA	09/0123	NA	1
CSARVGASNTEAFF	TRBV20-1	NA	09/0123	NA	1
CSASQDLGGYTF	TRBV20-1	NA	09/0123	NA	2
CSASQGLGGYTF	TRBV20-1	NA	09/0123	NA	1
CSATIEQGIIGEQFF	TRBV20-1	NA	09/0123	NA	4
CSATTGSEGYQPQHF	TRBV20-1	NA	09/0123	NA	1
CSAVYRRGNTIYF	TRBV20-1	NA	09/0123	NA	1
CSVAPGSSGNTIYF	TRBV29-1	NA	09/0123	NA	1
CSVDQAGYGYTF	TRBV29-1	NA	09/0123	NA	2
CSVEDLFGGGNTIYF	TRBV29-1	NA	09/0123	NA	1
CSVMRGTGNTIYF	TRBV29-1	NA	09/0123	NA	1
CSVPGPREDTQYF	TRBV29-1	NA	09/0123	NA	1
CSVRGQVDTEAFF	TRBV29-1	NA	09/0123	NA	1
CSVTGGWGMNTEAFF	TRBV29-1	NA	09/0123	NA	1
CACRTGSAGNQPQHF	TRBV30	NA	09/0123	NA	1
CADSPGRVSAGRNTEAFF	TRBV18	NA	09/0123	NA	1
CAGLRQGSHQPQHF	TRBV27	NA	09/0123	NA	1
CAGSGQQGLGETKYF	TRBV7-6	NA	09/0123	NA	1
CAGTLTAPTYEQYF	TRBV5-6	NA	09/0123	NA	1
CAIRASGDQYF	TRBV10-3	NA	09/0123	NA	1
CAISASGDQYF	TRBV10-3	NA	09/0123	NA	1
CAISESDGNTIYF	TRBV10-3	NA	09/0123	NA	1
CAISESTEQFF	TRBV10-3	NA	09/0123	NA	1
CAISRDRKSEAFF	TRBV3-1	NA	09/0123	NA	1
CANSTHRGAAYNEQFF	TRBV11-3	NA	09/0123	NA	1
CARRGPGASYEQYF	TRBV10-2	NA	09/0123	NA	1
CARRQSRQGYNEQYF	TRBV19	NA	09/0123	NA	1
CARSEAAATTYEQYF	TRBV6-1	NA	09/0123	NA	1
CARSPGRGSYNEQFF	TRBV3-1	NA	09/0123	NA	1
CARSQETAAPSRTDTQYF	TRBV4-3	NA	09/0123	NA	1
CARSRGLAGDEQYF	TRBV5-1	NA	09/0123	NA	1
CASAPIAGGHTGELFF	TRBV12-5	NA	09/0123	NA	2
CASATDRGSFNEQFF	TRBV18	NA	09/0123	NA	1
CASDQVRSGKNIQYF	TRBV3-1	NA	09/0123	NA	1
CASGLERTVYNEQFF	TRBV12-5	NA	09/0123	NA	1
CASGSSDRGEATLHF	TRBV27	NA	09/0123	NA	1
CASIASPYSAEYNEQFF	TRBV25-1	NA	09/0123	NA	1
CASKRDSYNEQFF	TRBV10-2	NA	09/0123	NA	1
CASNNVRPGPEGADTDTQDF	TRBV3-1	NA	09/0123	NA	1
CASNRATREYYEQYF	TRBV14	NA	09/0123	NA	1
CASNVKHLTEAFF	TRBV7-9	NA	09/0123	NA	1
CASQAGGPTDTQYF	TRBV28	NA	09/0123	NA	1
CASQRASRYEQYF	TRBV7-2	NA	09/0123	NA	1
CASREAESTQYF	TRBV2	NA	09/0123	NA	1
CASRGPGASYEQYF	TRBV10-2	NA	09/0123	NA	1
CASRLDGGLDERYF	TRBV7-2	NA	09/0123	NA	1
CASRLGHPSNLGQTNTRELHF	TRBV12-3	NA	09/0123	NA	1
CASRLTPANYEQYF	TRBV5-6	NA	09/0123	NA	1
CASRLTPSTYEQYF	TRBV5-6	NA	09/0123	NA	1
CASRPGQVWQPQHF	TRBV6-5	NA	09/0123	NA	1
CASRPLSYNSPLHF	TRBV27	NA	09/0123	NA	1
CASRRDRQSDEQYF	TRBV6-5	NA	09/0123	NA	1
CASRRQVLYEQYF	TRBV10-1	NA	09/0123	NA	1
CASRSLGQNYYGYTF	TRBV5-8	NA	09/0123	NA	2
CASRSNKMKNTEAFF	TRBV7-2	NA	09/0123	NA	1
CASRTMDGYEQYF	TRBV10-1	NA	09/0123	NA	1
CASRYSSGGGGETKYF	TRBV28	NA	09/0123	NA	1
CASSCPTGANYGYTF	TRBV28	NA	09/0123	NA	1
CASSDFLAGGSQETQYF	TRBV25-1	NA	09/0123	NA	1
CASSDRFGGQETQYF	TRBV25-1	NA	09/0123	NA	1
CASSEANYGYTF	TRBV6-1	NA	09/0123	NA	1
CASSEAPLNRGEQFF	TRBV6-1	NA	09/0123	NA	1
CASSEGDRGHTEAFF	TRBV10-3	NA	09/0123	NA	1
CASSEGIFGLENTEAFF	TRBV3-1	NA	09/0123	NA	1
CASSEKDPLAWTQYF	TRBV4-1	NA	09/0123	NA	1
CASSERGLVQYF	TRBV6-2	NA	09/0123	NA	1
CASSETYLSYGEKLFF	TRBV2	NA	09/0123	NA	1
CASSEVETSTDPQYF	TRBV2	NA	09/0123	NA	1
CASSFETGGQETQYF	TRBV7-2	NA	09/0123	NA	1
CASSFQGIGSPLHF	TRBV6-4	NA	09/0123	NA	1
CASSFRAGETYEQYF	TRBV27	NA	09/0123	NA	1
CASSGENTEPLHF	TRBV9	NA	09/0123	NA	1
CASSGGKNIQYF	TRBV5-1	NA	09/0123	NA	1
CASSGLEGGETQYF	TRBV25-1	NA	09/0123	NA	1
CASSGRGVAYEQYF	TRBV5-1	NA	09/0123	NA	1
CASSGVYEQYF	TRBV6-2	NA	09/0123	NA	1
CASSKAQQDKAYEQYF	TRBV21-1	NA	09/0123	NA	1
CASSKRGDTDTQYF	TRBV11-3	NA	09/0123	NA	1
CASSLAGWNTGELFF	TRBV5-1	NA	09/0123	NA	2
CASSLAGWNTGEMFF	TRBV5-1	NA	09/0123	NA	1
CASSLAQTNTEAFF	TRBV5-1	NA	09/0123	NA	1
CASSLCGAAYNDQFF	TRBV27	NA	09/0123	NA	1
CASSLDGGASKTKYF	TRBV5-1	NA	09/0123	NA	1
CASSLDGGASKTQYF	TRBV5-1	NA	09/0123	NA	2
CASSLDGTGTRGGCGYTF	TRBV7-2	NA	09/0123	NA	1
CASSLEGGNQETQYF	TRBV7-9	NA	09/0123	NA	1
CASSLGGALSNQPQHF	TRBV28	NA	09/0123	NA	1
CASSLGGLGEKLFF	TRBV5-1	NA	09/0123	NA	1
CASSLGLAGIDGELFF	TRBV27	NA	09/0123	NA	2
CASSLRDGDSGANVLTF	TRBV4-2	NA	09/0123	NA	1
CASSLRGRSPRHF	TRBV27	NA	09/0123	NA	1
CASSLRKGAYNEQFF	TRBV4-1	NA	09/0123	NA	1
CASSLRQGAYNEQFF	TRBV4-1	NA	09/0123	NA	1
CASSLSGTGYNEQFF	TRBV7-2	NA	09/0123	NA	1
CASSLSRGSARSYNSPLHF	TRBV27	NA	09/0123	NA	1
CASSLTGFRDEKLFF	TRBV7-8	NA	09/0123	NA	2
CASSLTPATYEQYF	TRBV5-6	NA	09/0123	NA	1
CASSLTPSTYEQYF	TRBV5-6	NA	09/0123	NA	2
CASSLVAGGFYEQYF	TRBV5-1	NA	09/0123	NA	1
CASSLVSGLPEELFF	TRBV5-6	NA	09/0123	NA	1
CASSLVTSGAYYGQYF	TRBV5-1	NA	09/0123	NA	1
CASSLWGAAYNEQFF	TRBV27	NA	09/0123	NA	1
CASSLWRAGAGETQYF	TRBV28	NA	09/0123	NA	1
CASSMGVGERQRF	TRBV19	NA	09/0123	NA	1
CASSMVVDQPQHF	TRBV19	NA	09/0123	NA	1
CASSNQGTEAFF	TRBV6-5	NA	09/0123	NA	1
CASSPDVGREAFF	TRBV6-6	NA	09/0123	NA	1
CASSPGPGEETQYF	TRBV5-1	NA	09/0123	NA	1
CASSPQGLDQYF	TRBV6-6	NA	09/0123	NA	1
CASSPRLAGGEQYF	TRBV7-2	NA	09/0123	NA	1
CASSPSWILGGRAEAFF	TRBV3-1	NA	09/0123	NA	1
CASSPTVYYGYTF	TRBV28	NA	09/0123	NA	1
CASSQDRGRQPQHF	TRBV2	NA	09/0123	NA	1
CASSQGRGSYNEQFF	TRBV3-1	NA	09/0123	NA	2
CASSQVAGARTDTQYF	TRBV11-2	NA	09/0123	NA	2
CASSQVDWSGNTEAFF	TRBV12-4	NA	09/0123	NA	1
CASSQYRQGGEKLFF	TRBV3-1	NA	09/0123	NA	1
CASSRADSVYSPLHF	TRBV5-1	NA	09/0123	NA	1
CASSRAGNYEQYF	TRBV3-1	NA	09/0123	NA	1
CASSRAGNYGQNF	TRBV3-1	NA	09/0123	NA	1
CASSRAGSANTGELFF	TRBV4-1	NA	09/0123	NA	1
CASSRGRPTEAFF	TRBV25-1	NA	09/0123	NA	1
CASSRTGRSAYGQYF	TRBV5-1	NA	09/0123	NA	1
CASSSDRNIQYF	TRBV5-4	NA	09/0123	NA	1
CASSSRRGKYNEQFF	TRBV28	NA	09/0123	NA	1
CASSSSDRGYSPLHF	TRBV27	NA	09/0123	NA	1
CASSSSRDSHIF	TRBV4-1	NA	09/0123	NA	1
CASSSTLKQYF	TRBV11-2	NA	09/0123	NA	1
CASSSTVNQTQHF	TRBV7-3	NA	09/0123	NA	1
CASSTAGGGTEAFF	TRBV21-1	NA	09/0123	NA	1
CASSTIGQWGSNPHSYDQYF	TRBV28	NA	09/0123	NA	1
CASSTPGGENEQFF	TRBV6-2	NA	09/0123	NA	1
CASSTPGGQNEQFF	TRBV6-2	NA	09/0123	NA	1
CASSTPGGQNGQFF	TRBV6-2	NA	09/0123	NA	1
CASSVARQQETKYF	TRBV5-4	NA	09/0123	NA	1
CASSVDSGWDTQYF	TRBV11-2	NA	09/0123	NA	1
CASSVEQGGYGYTF	TRBV2	NA	09/0123	NA	1
CASSVGGRRYTDTQYF	TRBV5-1	NA	09/0123	NA	1
CASSVMAGGQETQYF	TRBV7-2	NA	09/0123	NA	1
CASSVVAAGPDTQYF	TRBV4-1	NA	09/0123	NA	1
CASSWDHIREKLFF	TRBV5-1	NA	09/0123	NA	1
CASSWSGEGTGELFF	TRBV5-1	NA	09/0123	NA	1
CASSWTGRSSYAQYF	TRBV4-2	NA	09/0123	NA	1
CASSYGSQETQYF	TRBV6-6	NA	09/0123	NA	1
CASSYPAAQTYNEQFF	TRBV6-2	NA	09/0123	NA	1
CASSYPAASYNEQFF	TRBV6-2	NA	09/0123	NA	1
CASSYSGGGTEAFF	TRBV6-2	NA	09/0123	NA	1
CASSYSQGSRAEAFF	TRBV6-5	NA	09/0123	NA	1
CASSYVSRTDTQYF	TRBV6-5	NA	09/0123	NA	1
CASTLRLRGVNTGWLFF	TRBV19	NA	09/0123	NA	1
CASTRSSGANVLTF	TRBV2	NA	09/0123	NA	1
CATINGSYEQYF	TRBV25-1	NA	09/0123	NA	1
CATRQGGLGKEQFF	TRBV24-1	NA	09/0123	NA	1
CATSRGEGVFDREQFF	TRBV15	NA	09/0123	NA	1
CATSRGQEGMNTEAFF	TRBV15	NA	09/0123	NA	1
CATSRRQGGADTQYF	TRBV15	NA	09/0123	NA	1
CAWGAPGGRNQPQHF	TRBV30	NA	09/0123	NA	1
CAWSPIRTWETQYF	TRBV30	NA	09/0123	NA	1
CAWSVKGRRKYNEQFF	TRBV30	NA	09/0123	NA	1
CCSSTGRTRYEQYF	TRBV5-1	NA	09/0123	NA	1
CGGSAPGGQNGQFF	TRBV6-2	NA	09/0123	NA	1
CGISAGGGTNYGYTF	TRBV10-3	NA	09/0123	NA	1
CGSSCGRNARELFF	TRBV11-3	NA	09/0123	NA	1
CGSSNVGGAGDAQYF	TRBV4-2	NA	09/0123	NA	1
CGTSRNAGVGLDTQYF	TRBV15	NA	09/0123	NA	1
CIASQELGGYTF	TRBV20-1	NA	09/0123	NA	1
CRARSLIRKGQDFSYEQYF	TRBV20-1	NA	09/0123	NA	1
CRASQDLGGYTF	TRBV20-1	NA	09/0123	NA	1
CRVEGGRDAEAFF	TRBV29-1	NA	09/0123	NA	1
CSAEGDRGYGYTF	TRBV20-1	NA	09/0123	NA	1
CSAGAADQGVSYNEQFF	TRBV20-1	NA	09/0123	NA	1
CSAGGLGVETQYF	TRBV20-1	NA	09/0123	NA	1
CSAGPGASGVSNGQFF	TRBV20-1	NA	09/0123	NA	1
CSAGRGGSTDTQYF	TRBV20-1	NA	09/0123	NA	1
CSAKSGPGYGYTF	TRBV29-1	NA	09/0123	NA	1
CSALDPRTSGGGVRNKQFF	TRBV20-1	NA	09/0123	NA	1
CSANIQGNEQFF	TRBV20-1	NA	09/0123	NA	3
CSAPLRGGYEQYF	TRBV20-1	NA	09/0123	NA	1
CSAPRLGTEPFF	TRBV20-1	NA	09/0123	NA	1
CSAPWAWGANVLTF	TRBV20-1	NA	09/0123	NA	1
CSAQGLAEAFF	TRBV20-1	NA	09/0123	NA	2
CSARADRPQGYQPQHF	TRBV20-1	NA	09/0123	NA	1
CSARAGTSGGYEQYF	TRBV20-1	NA	09/0123	NA	1
CSARAPGEQFF	TRBV20-1	NA	09/0123	NA	2
CSARARRAGQETQYF	TRBV20-1	NA	09/0123	NA	1
CSARDGGAGGSYKSPLDF	TRBV20-1	NA	09/0123	NA	1
CSARDHPSWAGTTEKLFF	TRBV20-1	NA	09/0123	NA	1
CSARGHGETQYF	TRBV20-1	NA	09/0123	NA	1
CSARNDGGETEAFF	TRBV20-1	NA	09/0123	NA	1
CSARPGTHSNQPQHF	TRBV20-1	NA	09/0123	NA	1
CSARQGLVNDGYTF	TRBV20-1	NA	09/0123	NA	1
CSARRPELMNTEAFF	TRBV20-1	NA	09/0123	NA	2
CSARTGEGDTF	TRBV20-1	NA	09/0123	NA	1
CSARTGEGYTF	TRBV20-1	NA	09/0123	NA	1
CSASARGKTGNTIYF	TRBV20-1	NA	09/0123	NA	1
CSASGETNTEAFF	TRBV20-1	NA	09/0123	NA	1
CSASGGGLAGLKSYNEQFF	TRBV20-1	NA	09/0123	NA	1
CSASGGGLAGRKSYNEQFF	TRBV20-1	NA	09/0123	NA	1
CSASGQPPCEQYF	TRBV20-1	NA	09/0123	NA	1
CSASHREVGHHAFF	TRBV20-1	NA	09/0123	NA	1
CSASHRGVGTEAFF	TRBV20-1	NA	09/0123	NA	4
CSASHRGVGTESFF	TRBV20-1	NA	09/0123	NA	1
CSASLTGGAQPQHF	TRBV20-1	NA	09/0123	NA	1
CSASPSQSSYGYTF	TRBV20-1	NA	09/0123	NA	1
CSASRRGVGTEAFF	TRBV20-1	NA	09/0123	NA	1
CSATIEQGIIGEKCF	TRBV20-1	NA	09/0123	NA	1
CSATRLAGGQSYNEQFF	TRBV20-1	NA	09/0123	NA	1
CSATRQGGNQPQHF	TRBV20-1	NA	09/0123	NA	1
CSATRRAGGQSYNEQFF	TRBV20-1	NA	09/0123	NA	1
CSAVPSGRTCAQYF	TRBV29-1	NA	09/0123	NA	1
CSDSSRSGVLYYEQFF	TRBV20-1	NA	09/0123	NA	1
CSERENGYTF	TRBV29-1	NA	09/0123	NA	1
CSLCCPDATVSQPQHF	TRBV7-3	NA	09/0123	NA	1
CSLSESEYGYTF	TRBV29-1	NA	09/0123	NA	1
CSQAGHRDGEAFF	TRBV20-1	NA	09/0123	NA	1
CSSSYGIAGIDGEQFF	TRBV27	NA	09/0123	NA	1
CSSTARTGGSAEAFF	TRBV5-1	NA	09/0123	NA	1
CSVAVTVSNYGYTF	TRBV29-1	NA	09/0123	NA	1
CSVAYRGRANDKLFF	TRBV29-1	NA	09/0123	NA	1
CSVDDLRPNTEAFF	TRBV29-1	NA	09/0123	NA	1
CSVEDLRPNTEAFF	TRBV29-1	NA	09/0123	NA	1
CSVEDPGSSDEQYF	TRBV29-1	NA	09/0123	NA	1
CSVMAGTANQPQHF	TRBV20-1	NA	09/0123	NA	1
CSVVAGSSGNTIYF	TRBV29-1	NA	09/0123	NA	1
CSWGSGRVIAKNIQYF	TRBV30	NA	09/0123	NA	1
CTGSRQETQDF	TRBV5-6	NA	09/0123	NA	1
CTISAFRQCTDEAFF	TRBV10-3	NA	09/0123	NA	1
CVGSLTGGAQPLHF	TRBV20-1	NA	09/0123	NA	1
CASKGTGGSNQPQHF	TRBV27	NA	09/0256	NA	1
CASNSGPTANYGYTF	TRBV4-2	NA	09/0256	NA	1
CASRDRGLSYEQYF	TRBV6-5	NA	09/0256	NA	3
CASRGGNTEAFF	TRBV5-1	NA	09/0256	NA	3
CASRRTGAEAFF	TRBV6-5	NA	09/0256	NA	1
CASRTQGGGTEAFF	TRBV5-1	NA	09/0256	NA	1
CASSADRAKETQYF	TRBV7-2	NA	09/0256	NA	1
CASSAGRNTEAFF	TRBV27	NA	09/0256	NA	1
CASSARERGAPLSTDTQYF	TRBV2	NA	09/0256	NA	1
CASSDGLAGQPQHF	TRBV6-5	NA	09/0256	NA	1
CASSDPGQEQFF	TRBV7-3	NA	09/0256	NA	5
CASSEALGTGISREKLFF	TRBV2	NA	09/0256	NA	1
CASSELANHREKLFF	TRBV25-1	NA	09/0256	NA	2
CASSEPRDRGGSSYEQYF	TRBV5-1	NA	09/0256	NA	1
CASSESRTDYEAFF	TRBV6-2	NA	09/0256	NA	1
CASSEVYTEAFF	TRBV6-1	NA	09/0256	NA	1
CASSEYVRGELSGNTIYF	TRBV25-1	NA	09/0256	NA	1
CASSFAERNQPQHF	TRBV28	NA	09/0256	NA	1
CASSFPVQTYGYTF	TRBV5-5	NA	09/0256	NA	1
CASSFQAGETYEQYF	TRBV27	NA	09/0256	NA	2
CASSFQRGGGETQYF	TRBV7-2	NA	09/0256	NA	1
CASSFTGGVTNEKLFF	TRBV5-1	NA	09/0256	NA	1
CASSGLAGGTSTDTQYF	TRBV7-6	NA	09/0256	NA	2
CASSHRLASATFSNQPQHF	TRBV4-2	NA	09/0256	NA	1
CASSLDRGDTEAFF	TRBV5-1	NA	09/0256	NA	1
CASSLEGPLNTEAFF	TRBV5-1	NA	09/0256	NA	1
CASSLFSGTQYF	TRBV5-1	NA	09/0256	NA	15
CASSLGGRQYTDTQYF	TRBV5-1	NA	09/0256	NA	2
CASSLGGTKSYNEQFF	TRBV7-3	NA	09/0256	NA	4
CASSLGQNNEQFF	TRBV11-2	NA	09/0256	NA	2
CASSLLAGIYNEQFF	TRBV5-1	NA	09/0256	NA	1
CASSLMRGGYNEQFF	TRBV4-3	NA	09/0256	NA	1
CASSLRLAGELFF	TRBV7-2	NA	09/0256	NA	1
CASSLRTGGLASEKLFF	TRBV5-4	NA	09/0256	NA	2
CASSLSGGDSPLHF	TRBV27	NA	09/0256	NA	1
CASSLSQGGGYTF	TRBV7-3	NA	09/0256	NA	2
CASSLVAGGGDTQYF	TRBV7-2	NA	09/0256	NA	2
CASSLYADSNQPQHF	TRBV7-2	NA	09/0256	NA	1
CASSPAGATYNEQFF	TRBV5-1	NA	09/0256	NA	1
CASSPAGGNIQYF	TRBV5-1	NA	09/0256	NA	1
CASSPAGLGYGYTF	TRBV7-3	NA	09/0256	NA	1
CASSPAGSYNEQFF	TRBV12-4	NA	09/0256	NA	2
CASSPGGHRGTDTQYF	TRBV7-3	NA	09/0256	NA	2
CASSPGLAGNTDTQYF	TRBV5-1	NA	09/0256	NA	3
CASSPGLAGVGEQFF	TRBV18	NA	09/0256	NA	1
CASSPGTAKTEAFF	TRBV5-1	NA	09/0256	NA	1
CASSPKTGTRAYTDTQYF	TRBV4-3	NA	09/0256	NA	1
CASSPRSGGSWTEAFF	TRBV18	NA	09/0256	NA	1
CASSQAERYKEQYF	TRBV3-1	NA	09/0256	NA	1
CASSQALGQVYGYTF	TRBV4-2	NA	09/0256	NA	4
CASSQARGTGGLFF	TRBV4-2	NA	09/0256	NA	4
CASSQDYGLPETQYF	TRBV4-2	NA	09/0256	NA	2
CASSQEGTGPNQPQHF	TRBV4-1	NA	09/0256	NA	1
CASSQERRAGDTQYF	TRBV4-2	NA	09/0256	NA	1
CASSQESPSSEQYF	TRBV3-1	NA	09/0256	NA	1
CASSQGRSGGADTQYF	TRBV4-2	NA	09/0256	NA	1
CASSQQRTEAFF	TRBV19	NA	09/0256	NA	2
CASSQYNGINYGYTF	TRBV3-1	NA	09/0256	NA	3
CASSRSGGHQSTNEKLFF	TRBV4-2	NA	09/0256	NA	3
CASSRTGGSNQPQHF	TRBV7-2	NA	09/0256	NA	4
CASSSLIGDRYGYTF	TRBV12-3	NA	09/0256	NA	3
CASSSQRGAPEQYF	TRBV7-6	NA	09/0256	NA	1
CASSSTPVAFELTDTQYF	TRBV6-6	NA	09/0256	NA	1
CASSVDQETQYF	TRBV9	NA	09/0256	NA	1
CASSVGDSPLHF	TRBV2	NA	09/0256	NA	1
CASSVPGGTGGISNQPQHF	TRBV7-2	NA	09/0256	NA	3
CASSWGGSTGELFF	TRBV6-2	NA	09/0256	NA	3
CASSWTGTGVYEQYF	TRBV6-5	NA	09/0256	NA	3
CASSYAAGANTGELFF	TRBV6-5	NA	09/0256	NA	1
CASSYSARMIYGYTF	TRBV6-2	NA	09/0256	NA	1
CASTDLPHPDTQYF	TRBV2	NA	09/0256	NA	2
CASTTGGPIETQYF	TRBV28	NA	09/0256	NA	6
CATSRDNQPQHF	TRBV15	NA	09/0256	NA	1
CATSWEKAGERFAEAFF	TRBV15	NA	09/0256	NA	3
CAVGLGEKLFF	TRBV10-3	NA	09/0256	NA	1
CSAGSGSDYNEQFF	TRBV20-1	NA	09/0256	NA	1
CSAGTSGRLIAKNIQYF	TRBV20-1	NA	09/0256	NA	1
CSALQATQYF	TRBV20-1	NA	09/0256	NA	1
CSAMTSGGRNEQFF	TRBV20-1	NA	09/0256	NA	1
CSAPGPFQETQYF	TRBV20-1	NA	09/0256	NA	1
CSARAGTGQFYTEAFF	TRBV20-1	NA	09/0256	NA	2
CSARDGRGDNEQFF	TRBV20-1	NA	09/0256	NA	1
CSARDRTGGAYNEQFF	TRBV20-1	NA	09/0256	NA	1
CSARDSERGSYTDTQYF	TRBV20-1	NA	09/0256	NA	1
CSARDTLAKNIQYF	TRBV20-1	NA	09/0256	NA	1
CSARDYAVHTEAFF	TRBV20-1	NA	09/0256	NA	1
CSAREASGTGRNGYTF	TRBV20-1	NA	09/0256	NA	1
CSAREERRGNQPQHF	TRBV20-1	NA	09/0256	NA	2
CSARGTGDYSNQPQHF	TRBV20-1	NA	09/0256	NA	1
CSARKQALSNEQFF	TRBV20-1	NA	09/0256	NA	1
CSARSGTSGGYEQYF	TRBV20-1	NA	09/0256	NA	1
CSARSPGGAGANVLTF	TRBV20-1	NA	09/0256	NA	4
CSARTANTEAFF	TRBV20-1	NA	09/0256	NA	5
CSARTGGTGTEAFF	TRBV20-1	NA	09/0256	NA	1
CSARTSGGGTGELFF	TRBV20-1	NA	09/0256	NA	1
CSARVDLAGGLDTQYF	TRBV20-1	NA	09/0256	NA	3
CSARVETSSLGEQFF	TRBV20-1	NA	09/0256	NA	1
CSARVGASNTEAFF	TRBV20-1	NA	09/0256	NA	1
CSASAGPLSTDTQYF	TRBV20-1	NA	09/0256	NA	1
CSASGGLAGPRMSSYNEQFF	TRBV20-1	NA	09/0256	NA	1
CSASPGTHSNQPQHF	TRBV20-1	NA	09/0256	NA	12
CSASRQGKGTGELFF	TRBV20-1	NA	09/0256	NA	1
CSASWGGELFF	TRBV20-1	NA	09/0256	NA	1
CSATPGATNYGYTF	TRBV20-1	NA	09/0256	NA	1
CSAVAGQGSGSYNEQFF	TRBV20-1	NA	09/0256	NA	1
CSTTGAGVNTEAFF	TRBV29-1	NA	09/0256	NA	3
CSVAPGWGMNTEAFF	TRBV29-1	NA	09/0256	NA	2
CSVEGPRTVYGYTF	TRBV29-1	NA	09/0256	NA	1
CSVPQGSADTQYF	TRBV29-1	NA	09/0256	NA	1
CSVVFLTDTQYF	TRBV29-1	NA	09/0256	NA	1
CAASRNQIGHAF	TRBV15	NA	09/0256	NA	1
CACSLGPPGLSSYNEHFF	TRBV7-2	NA	09/0256	NA	1
CADSGPGGVTGELFF	TRBV10-3	NA	09/0256	NA	1
CAGGGGGRGAGETQYF	TRBV9	NA	09/0256	NA	1
CAGGVGGGGAGETQYF	TRBV9	NA	09/0256	NA	1
CAGGVGGRGAGETQYF	TRBV9	NA	09/0256	NA	1
CAGRGGGGGAGETQYF	TRBV9	NA	09/0256	NA	1
CAGRGRGTGDEQYF	TRBV6-5	NA	09/0256	NA	1
CAGRPKLLVGYGYTF	TRBV7-2	NA	09/0256	NA	1
CAGRRQGGDGDTF	TRBV7-2	NA	09/0256	NA	1
CAGRRSRQGYNEQFF	TRBV19	NA	09/0256	NA	1
CAGSCGAGGGAQYF	TRBV7-2	NA	09/0256	NA	1
CAGSGGGWGAGETQYF	TRBV9	NA	09/0256	NA	1
CAGSLGGTKSYNEQFF	TRBV7-3	NA	09/0256	NA	1
CAGSVGAGGGEQDF	TRBV7-2	NA	09/0256	NA	1
CAGSWVAGGGDTQYF	TRBV7-2	NA	09/0256	NA	1
CAIAQMDDEQYF	TRBV10-3	NA	09/0256	NA	1
CAIKGGAGTDTQYF	TRBV10-3	NA	09/0256	NA	1
CAIRGGSNQPQHF	TRBV28	NA	09/0256	NA	1
CAIRSTRGGGGLNEQFF	TRBV10-3	NA	09/0256	NA	1
CAIRVQGARYGYTF	TRBV10-3	NA	09/0256	NA	1
CAIRWDSTDTQYF	TRBV10-3	NA	09/0256	NA	1
CAISDAGGTTGELFF	TRBV10-3	NA	09/0256	NA	2
CAISDDRGRYEQYF	TRBV10-3	NA	09/0256	NA	1
CAISDSAWNNTEAFF	TRBV10-3	NA	09/0256	NA	1
CAISDSTEQFF	TRBV10-3	NA	09/0256	NA	1
CAISEGGYGYTF	TRBV10-3	NA	09/0256	NA	1
CAISEIGEHREKLFF	TRBV25-1	NA	09/0256	NA	1
CAISELGQGNFDEQYF	TRBV10-3	NA	09/0256	NA	1
CAISELQGNTGELFF	TRBV10-3	NA	09/0256	NA	2
CAISENRGYTF	TRBV10-3	NA	09/0256	NA	1
CAISERGGNQNTEAFF	TRBV10-3	NA	09/0256	NA	1
CAISESAAQTF	TRBV10-3	NA	09/0256	NA	1
CAISESYADYGYTF	TRBV10-3	NA	09/0256	NA	1
CAISGQGLDTQYF	TRBV10-3	NA	09/0256	NA	1
CAISLIKNTEAFF	TRBV12-4	NA	09/0256	NA	1
CAISLKEEGSMNTEAFF	TRBV3-1	NA	09/0256	NA	1
CAISLSGTGGGETQYF	TRBV10-3	NA	09/0256	NA	1
CAISRGTAGDSPLHF	TRBV10-3	NA	09/0256	NA	1
CAISRNNNEQFF	TRBV10-3	NA	09/0256	NA	1
CAISRTSGACGIQYF	TRBV10-3	NA	09/0256	NA	1
CAISVGDSGNTIYF	TRBV10-3	NA	09/0256	NA	1
CAITGRGPYEQYF	TRBV7-2	NA	09/0256	NA	1
CALDRSSYNEQFF	TRBV7-9	NA	09/0256	NA	1
CAPFEARLQETQYF	TRBV20-1	NA	09/0256	NA	1
CAPSLGAGGGGQYF	TRBV7-2	NA	09/0256	NA	1
CARGQGRAGKNNKYF	TRBV3-1	NA	09/0256	NA	1
CARGRDTQYF	TRBV30	NA	09/0256	NA	1
CARGVGGGGAGETQYF	TRBV9	NA	09/0256	NA	1
CARIFGAGCGEQYF	TRBV7-2	NA	09/0256	NA	1
CARIPRDRSLTSTDTQYF	TRBV10-1	NA	09/0256	NA	1
CARNNGTSFLGEQFF	TRBV30	NA	09/0256	NA	1
CARRDPGQGQFF	TRBV7-3	NA	09/0256	NA	1
CARRQELGLTETQYF	TRBV4-2	NA	09/0256	NA	1
CARSFGAGGGEQYF	TRBV7-2	NA	09/0256	NA	1
CARSGGASNQPQHF	TRBV5-5	NA	09/0256	NA	1
CARSGLAGGTSTDTQCF	TRBV7-9	NA	09/0256	NA	1
CARSLDGGAFF	TRBV7-3	NA	09/0256	NA	1
CARSLWAGGGEQYF	TRBV7-2	NA	09/0256	NA	1
CARSPGGHRDTGTQYF	TRBV7-3	NA	09/0256	NA	1
CARSPNRVGHQPPDF	TRBV7-2	NA	09/0256	NA	1
CARSPRSRPGDQYF	TRBV7-2	NA	09/0256	NA	1
CARSVADRGYNEQFF	TRBV9	NA	09/0256	NA	1
CARSVCSGTQYF	TRBV5-8	NA	09/0256	NA	1
CARSVERIGGLFF	TRBV5-1	NA	09/0256	NA	1
CASALVGGGGDTQYF	TRBV7-2	NA	09/0256	NA	1
CASAMELAGEETQYF	TRBV5-1	NA	09/0256	NA	1
CASAPVAGGHTGELFF	TRBV12-5	NA	09/0256	NA	1
CASARGLNTEAFF	TRBV5-1	NA	09/0256	NA	1
CASATGGLTEAFF	TRBV10-2	NA	09/0256	NA	1
CASATGGSTESFF	TRBV10-2	NA	09/0256	NA	1
CASETTGTGAETQYF	TRBV5-1	NA	09/0256	NA	1
CASGFGAGGGEQYF	TRBV7-2	NA	09/0256	NA	1
CASGFGRCDTQDF	TRBV19	NA	09/0256	NA	1
CASGGGGGGAGETQYF	TRBV9	NA	09/0256	NA	1
CASGGGGRGAGETQYF	TRBV9	NA	09/0256	NA	1
CASGGRGPNEKYF	TRBV7-2	NA	09/0256	NA	1
CASGLAGGSGYNEQFF	TRBV7-3	NA	09/0256	NA	1
CASGLVPDGLYSYNEQFF	TRBV12-5	NA	09/0256	NA	1
CASGLVSGTQYF	TRBV5-1	NA	09/0256	NA	1
CASGLVVGQSDRPQHF	TRBV12-5	NA	09/0256	NA	1
CASGLYGDTKQTQHF	TRBV7-2	NA	09/0256	NA	1
CASGNGGAGDKLYF	TRBV7-2	NA	09/0256	NA	1
CASGNGGAGDTQYF	TRBV7-2	NA	09/0256	NA	1
CASGNGGGGDTQYF	TRBV7-2	NA	09/0256	NA	1
CASGPRARPGEQYF	TRBV7-2	NA	09/0256	NA	1
CASGQVRSGKNIQYF	TRBV3-1	NA	09/0256	NA	1
CASGRDPDGTQYF	TRBV19	NA	09/0256	NA	1
CASGRRGRADEQFF	TRBV7-2	NA	09/0256	NA	1
CASGVGAGRGGQYF	TRBV7-2	NA	09/0256	NA	1
CASGVGGGGAGETQYF	TRBV9	NA	09/0256	NA	2
CASGVGGRGAGETQYF	TRBV9	NA	09/0256	NA	2
CASIFRLEGADTKYF	TRBV2	NA	09/0256	NA	1
CASIFRLEGADTQYF	TRBV2	NA	09/0256	NA	1
CASITGDLTEAFF	TRBV10-2	NA	09/0256	NA	1
CASITVDLTEAFF	TRBV10-2	NA	09/0256	NA	1
CASKGAGVDEQYF	TRBV5-6	NA	09/0256	NA	1
CASKVVNYGYTF	TRBV2	NA	09/0256	NA	1
CASLLITGQPQHF	TRBV18	NA	09/0256	NA	1
CASLSGGAYNEQFF	TRBV6-1	NA	09/0256	NA	1
CASLSGGITDTQYF	TRBV10-2	NA	09/0256	NA	1
CASMARTGDTGELFF	TRBV2	NA	09/0256	NA	1
CASMRTDNTEAFF	TRBV5-1	NA	09/0256	NA	1
CASNERGGGDTQYF	TRBV18	NA	09/0256	NA	1
CASNGLRDTGELFF	TRBV6-6	NA	09/0256	NA	1
CASNPADRGPDTQYF	TRBV27	NA	09/0256	NA	1
CASNRERGNQPQHF	TRBV2	NA	09/0256	NA	1
CASNRQGGTEAFF	TRBV2	NA	09/0256	NA	1
CASNSGPTANYGDTF	TRBV4-2	NA	09/0256	NA	1
CASRAGGANEKLFF	TRBV12-3	NA	09/0256	NA	1
CASRAPGLKREQYF	TRBV25-1	NA	09/0256	NA	1
CASRARVGDGNTEAFF	TRBV19	NA	09/0256	NA	2
CASRDQGILGEAFF	TRBV7-8	NA	09/0256	NA	1
CASRDSDTYGYTF	TRBV19	NA	09/0256	NA	1
CASRDSNQPQHF	TRBV6-1	NA	09/0256	NA	1
CASREAGSGYGYTF	TRBV7-8	NA	09/0256	NA	1
CASREGGLKLNTEAFF	TRBV6-1	NA	09/0256	NA	1
CASREGVLKLNTEAFF	TRBV6-1	NA	09/0256	NA	1
CASREQVELLDTGATQFF	TRBV5-1	NA	09/0256	NA	1
CASREVGNHREKLFF	TRBV25-1	NA	09/0256	NA	1
CASRFAVTGGPVGETHYF	TRBV5-1	NA	09/0256	NA	1
CASRFGAGGGEQYF	TRBV7-2	NA	09/0256	NA	1
CASRFTRGRNSPLHF	TRBV6-2	NA	09/0256	NA	1
CASRGFGTHREKLVF	TRBV25-1	NA	09/0256	NA	1
CASRGGLGQANIQYF	TRBV27	NA	09/0256	NA	1
CASRGQGASYGYTF	TRBV11-2	NA	09/0256	NA	1
CASRGQGDTEAFF	TRBV2	NA	09/0256	NA	1
CASRGRGPYDQSF	TRBV7-2	NA	09/0256	NA	1
CASRGRGPYEQYF	TRBV7-2	NA	09/0256	NA	2
CASRKPRSSYNSPLHF	TRBV6-6	NA	09/0256	NA	1
CASRKRGGGMQPQHF	TRBV2	NA	09/0256	NA	1
CASRKSAGEQYF	TRBV27	NA	09/0256	NA	1
CASRKTGSRETQYF	TRBV27	NA	09/0256	NA	1
CASRLDSPQETQYF	TRBV5-1	NA	09/0256	NA	1
CASRLEPGGEQYF	TRBV11-2	NA	09/0256	NA	1
CASRLEVPLNTEAFF	TRBV5-1	NA	09/0256	NA	1
CASRLVGGGGDTQYF	TRBV7-2	NA	09/0256	NA	1
CASRPGKAEESQGF	TRBV5-1	NA	09/0256	NA	1
CASRPGQGSRELFF	TRBV10-1	NA	09/0256	NA	1
CASRPKLLVGYGYTF	TRBV7-2	NA	09/0256	NA	2
CASRPRDGYYEQYF	TRBV6-5	NA	09/0256	NA	1
CASRPSGQINSPLHF	TRBV28	NA	09/0256	NA	1
CASRPTGAYGYTF	TRBV12-3	NA	09/0256	NA	1
CASRQASSYNSPLHF	TRBV18	NA	09/0256	NA	1
CASRQDDRNQPQHF	TRBV4-3	NA	09/0256	NA	1
CASRQPGDYGYTF	TRBV5-1	NA	09/0256	NA	1
CASRRQGGDGYNF	TRBV7-2	NA	09/0256	NA	1
CASRRQGGYGYTF	TRBV7-2	NA	09/0256	NA	4
CASRRTSSYEQYF	TRBV12-4	NA	09/0256	NA	1
CASRSNAEAFF	TRBV5-1	NA	09/0256	NA	1
CASRSQGDTQYF	TRBV7-2	NA	09/0256	NA	4
CASRSSDRGYSPLHF	TRBV27	NA	09/0256	NA	1
CASRVGGGGAGETQYF	TRBV9	NA	09/0256	NA	1
CASRWGGSTGELFF	TRBV6-2	NA	09/0256	NA	1
CASRWRGGDEKLFF	TRBV5-4	NA	09/0256	NA	1
CASSADRAKETKYF	TRBV7-2	NA	09/0256	NA	1
CASSAGASAAEPYF	TRBV25-1	NA	09/0256	NA	1
CASSAGDGEKLFF	TRBV2	NA	09/0256	NA	1
CASSAHSGDEQFF	TRBV2	NA	09/0256	NA	1
CASSALGLAGARRNEQFF	TRBV4-1	NA	09/0256	NA	1
CASSARMQGYEQYF	TRBV2	NA	09/0256	NA	1
CASSARPFNSGANVLTF	TRBV7-2	NA	09/0256	NA	1
CASSASLVSSYNEQFF	TRBV5-1	NA	09/0256	NA	1
CASSCAVAMENIQYF	TRBV7-2	NA	09/0256	NA	1
CASSCGAGGGEKYF	TRBV7-2	NA	09/0256	NA	1
CASSCPSGGGDYNEQFF	TRBV5-1	NA	09/0256	NA	1
CASSDGRGTTGTDTQYF	TRBV10-2	NA	09/0256	NA	1
CASSDLAGGPLDTQYF	TRBV5-4	NA	09/0256	NA	1
CASSDLENTEAFF	TRBV2	NA	09/0256	NA	1
CASSDLGQIEAFF	TRBV25-1	NA	09/0256	NA	1
CASSDPGQDGSYTF	TRBV7-3	NA	09/0256	NA	1
CASSDQGDSYEQYF	TRBV25-1	NA	09/0256	NA	1
CASSDTSGGAGNEQFF	TRBV6-6	NA	09/0256	NA	1
CASSDVKTVNMGNEQFF	TRBV11-2	NA	09/0256	NA	1
CASSEALGSNEKLFF	TRBV2	NA	09/0256	NA	1
CASSEGAGANVLTF	TRBV5-1	NA	09/0256	NA	1
CASSEGAGGETQYF	TRBV2	NA	09/0256	NA	1
CASSEGGRDTEAFF	TRBV25-1	NA	09/0256	NA	1
CASSEGGRGTEAFF	TRBV25-1	NA	09/0256	NA	1
CASSEGLAGGKETQYF	TRBV25-1	NA	09/0256	NA	1
CASSEGQLVEAFF	TRBV10-2	NA	09/0256	NA	3
CASSEIAGGVGGELFF	TRBV6-4	NA	09/0256	NA	1
CASSEKGLGIEQFF	TRBV25-1	NA	09/0256	NA	1
CASSEKGRGIEQFF	TRBV25-1	NA	09/0256	NA	1
CASSELETATDTQYF	TRBV2	NA	09/0256	NA	1
CASSELLGAGNIQYF	TRBV6-1	NA	09/0256	NA	1
CASSELSQQAEAFF	TRBV6-1	NA	09/0256	NA	1
CASSEQGDSYEQYF	TRBV25-1	NA	09/0256	NA	1
CASSERDREAFF	TRBV6-1	NA	09/0256	NA	1
CASSERLAGVETQYF	TRBV10-2	NA	09/0256	NA	1
CASSESKGNTEAFF	TRBV10-1	NA	09/0256	NA	1
CASSESSGGTGELFF	TRBV9	NA	09/0256	NA	1
CASSEVAANEKLFF	TRBV2	NA	09/0256	NA	1
CASSEVENTEAFF	TRBV2	NA	09/0256	NA	1
CASSEVENTEDFF	TRBV2	NA	09/0256	NA	1
CASSFAGGAGAIRNQAQHF	TRBV7-2	NA	09/0256	NA	1
CASSFAVAMENIQYF	TRBV7-2	NA	09/0256	NA	1
CASSFDPGGEAEAFF	TRBV11-2	NA	09/0256	NA	1
CASSFDRATNEKLFF	TRBV11-2	NA	09/0256	NA	1
CASSFEGLTGYEQYF	TRBV28	NA	09/0256	NA	1
CASSFGAGGGEQYF	TRBV7-2	NA	09/0256	NA	1
CASSFGAGVGEQYF	TRBV7-2	NA	09/0256	NA	1
CASSFGGTGETGELFF	TRBV5-1	NA	09/0256	NA	1
CASSFGNFDYTF	TRBV5-4	NA	09/0256	NA	1
CASSFGQGPYEQYF	TRBV5-1	NA	09/0256	NA	1
CASSFGQGVTDTQYF	TRBV5-1	NA	09/0256	NA	1
CASSFGRAATEAFF	TRBV5-1	NA	09/0256	NA	1
CASSFGRGDTQYF	TRBV19	NA	09/0256	NA	1
CASSFGRGYYGYTF	TRBV27	NA	09/0256	NA	1
CASSFGRNTGELFF	TRBV11-3	NA	09/0256	NA	1
CASSFGSNYEQYF	TRBV5-1	NA	09/0256	NA	1
CASSFGSSYEQYF	TRBV5-6	NA	09/0256	NA	1
CASSFNPSGARAGELFF	TRBV7-2	NA	09/0256	NA	1
CASSFNPSGDRAGEMFF	TRBV7-2	NA	09/0256	NA	1
CASSFNRDTAKNIQYF	TRBV5-1	NA	09/0256	NA	1
CASSFPGYSYEQYF	TRBV11-2	NA	09/0256	NA	1
CASSFPSGGGDYNEQFF	TRBV5-1	NA	09/0256	NA	1
CASSFQAGETYAQYF	TRBV27	NA	09/0256	NA	1
CASSFSEGLTEAFF	TRBV5-1	NA	09/0256	NA	2
CASSFSSGEYEQYF	TRBV7-2	NA	09/0256	NA	1
CASSFSTSGGAETQYF	TRBV7-2	NA	09/0256	NA	1
CASSFTGTGEAFF	TRBV5-6	NA	09/0256	NA	1
CASSFTRLTGELFF	TRBV27	NA	09/0256	NA	1
CASSFVAGGGGQYF	TRBV7-2	NA	09/0256	NA	1
CASSGAAANEKLFF	TRBV2	NA	09/0256	NA	1
CASSGAAANEKMFF	TRBV2	NA	09/0256	NA	1
CASSGASGYNEQFF	TRBV6-1	NA	09/0256	NA	1
CASSGCGPAEDTQYF	TRBV5-1	NA	09/0256	NA	1
CASSGDRDEQPQHF	TRBV2	NA	09/0256	NA	1
CASSGGGGNDTLYF	TRBV5-4	NA	09/0256	NA	1
CASSGGGGQETQYF	TRBV5-1	NA	09/0256	NA	1
CASSGGGRGAGETQYF	TRBV9	NA	09/0256	NA	1
CASSGGHTEAFF	TRBV6-6	NA	09/0256	NA	1
CASSGGQPNEKLFF	TRBV5-1	NA	09/0256	NA	1
CASSGGRSREQYF	TRBV25-1	NA	09/0256	NA	1
CASSGGTMNTEAFF	TRBV9	NA	09/0256	NA	1
CASSGNLRGTDTQYF	TRBV25-1	NA	09/0256	NA	1
CASSGPGGTWGISNQPQHF	TRBV7-2	NA	09/0256	NA	1
CASSGTGDNSPLHF	TRBV5-1	NA	09/0256	NA	1
CASSGTSRSSYEQYF	TRBV4-2	NA	09/0256	NA	1
CASSGVSRSRTQYF	TRBV7-9	NA	09/0256	NA	1
CASSHGGLRDTEAFF	TRBV4-2	NA	09/0256	NA	1
CASSHGRGASTDTQYF	TRBV3-1	NA	09/0256	NA	1
CASSHSGGDSTDTQYF	TRBV2	NA	09/0256	NA	1
CASSIAGGQGAGEQFF	TRBV19	NA	09/0256	NA	1
CASSIATASSYEQYF	TRBV19	NA	09/0256	NA	1
CASSIDRGDYGYTF	TRBV6-5	NA	09/0256	NA	1
CASSIGTGGYGQFF	TRBV19	NA	09/0256	NA	1
CASSIQDHSGNEQFF	TRBV19	NA	09/0256	NA	1
CASSIQSGTDYNEQFF	TRBV19	NA	09/0256	NA	1
CASSISGGACADTQYF	TRBV5-1	NA	09/0256	NA	1
CASSISGGAGADTQYF	TRBV5-1	NA	09/0256	NA	1
CASSKRLRQGITEAFF	TRBV21-1	NA	09/0256	NA	1
CASSLAEPGPSNEQFF	TRBV5-1	NA	09/0256	NA	1
CASSLAGGYGNTIYF	TRBV4-1	NA	09/0256	NA	1
CASSLAGIGNTIYF	TRBV5-1	NA	09/0256	NA	1
CASSLAGLSYNEQFF	TRBV7-2	NA	09/0256	NA	1
CASSLAGNPTDTQYF	TRBV3-1	NA	09/0256	NA	1
CASSLAGSPLHF	TRBV7-8	NA	09/0256	NA	1
CASSLAHLKNSGNTIYF	TRBV12-3	NA	09/0256	NA	1
CASSLAHSQETQYF	TRBV7-2	NA	09/0256	NA	1
CASSLALSWELFF	TRBV12-4	NA	09/0256	NA	1
CASSLALVGTTNEKLFF	TRBV5-1	NA	09/0256	NA	1
CASSLAPGLGTEAFF	TRBV7-3	NA	09/0256	NA	1
CASSLAPNNEQFF	TRBV7-2	NA	09/0256	NA	2
CASSLASGGATDTQYF	TRBV12-3	NA	09/0256	NA	1
CASSLASGVIEQFF	TRBV5-6	NA	09/0256	NA	2
CASSLAVTGGPVGDTQYF	TRBV5-1	NA	09/0256	NA	1
CASSLAVTGGTVGDTQYF	TRBV5-1	NA	09/0256	NA	1
CASSLCSGTQYF	TRBV5-1	NA	09/0256	NA	1
CASSLDAGYGYTF	TRBV5-1	NA	09/0256	NA	4
CASSLDFQGGGYTF	TRBV7-2	NA	09/0256	NA	1
CASSLDGDTNQPQHF	TRBV7-2	NA	09/0256	NA	1
CASSLDGDTSQPQHF	TRBV7-2	NA	09/0256	NA	1
CASSLDGGLYEQYF	TRBV7-2	NA	09/0256	NA	2
CASSLDGIEELFF	TRBV5-1	NA	09/0256	NA	1
CASSLDGRAQEPRYF	TRBV5-1	NA	09/0256	NA	1
CASSLDNGELFF	TRBV5-4	NA	09/0256	NA	3
CASSLDPGGNSPLHF	TRBV11-2	NA	09/0256	NA	1
CASSLDPGPLTEQYF	TRBV11-2	NA	09/0256	NA	1
CASSLDPTGANGYTF	TRBV5-1	NA	09/0256	NA	1
CASSLDRENTGELFF	TRBV5-6	NA	09/0256	NA	1
CASSLDRIGELFF	TRBV5-1	NA	09/0256	NA	3
CASSLEAAETQYF	TRBV12-3	NA	09/0256	NA	1
CASSLEAGYGYTF	TRBV5-1	NA	09/0256	NA	1
CASSLEATRGETQYF	TRBV5-5	NA	09/0256	NA	1
CASSLEESLAGGSYILSSYEQYF	TRBV11-3	NA	09/0256	NA	2
CASSLEGDRGTDTQYF	TRBV5-1	NA	09/0256	NA	1
CASSLEGGGGGGYTF	TRBV5-1	NA	09/0256	NA	1
CASSLEGGGVGGYTF	TRBV5-1	NA	09/0256	NA	4
CASSLEGGPSEQYF	TRBV7-2	NA	09/0256	NA	1
CASSLENGEMFF	TRBV5-4	NA	09/0256	NA	1
CASSLENRRGLPSYEQYF	TRBV11-1	NA	09/0256	NA	1
CASSLENSPLHF	TRBV5-1	NA	09/0256	NA	1
CASSLERGGNEQFF	TRBV5-1	NA	09/0256	NA	1
CASSLERGSDTQYF	TRBV5-1	NA	09/0256	NA	1
CASSLESGAGYTF	TRBV11-2	NA	09/0256	NA	1
CASSLEYGLDSNQPQHF	TRBV7-9	NA	09/0256	NA	1
CASSLEYRHEPTEAFF	TRBV12-3	NA	09/0256	NA	1
CASSLFSGKQYF	TRBV5-1	NA	09/0256	NA	1
CASSLFSGTKYF	TRBV5-1	NA	09/0256	NA	2
CASSLFTGGETQYF	TRBV5-1	NA	09/0256	NA	2
CASSLGAGGGEQYF	TRBV7-2	NA	09/0256	NA	1
CASSLGASGGETQYF	TRBV5-1	NA	09/0256	NA	1
CASSLGASNQPQHF	TRBV5-5	NA	09/0256	NA	1
CASSLGAWGGAGNTIYF	TRBV7-6	NA	09/0256	NA	1
CASSLGCRQYTDTQYF	TRBV5-1	NA	09/0256	NA	1
CASSLGFIEPGVADTQYF	TRBV27	NA	09/0256	NA	1
CASSLGGGAWETQYF	TRBV7-2	NA	09/0256	NA	1
CASSLGGGGGDTQYF	TRBV7-2	NA	09/0256	NA	1
CASSLGGISSTDTQYF	TRBV12-4	NA	09/0256	NA	1
CASSLGGSGGYTDTQYF	TRBV11-2	NA	09/0256	NA	1
CASSLGGTRSYNEQFF	TRBV7-3	NA	09/0256	NA	1
CASSLGINRLNTEAFF	TRBV7-2	NA	09/0256	NA	1
CASSLGNNRLNTEAFF	TRBV7-2	NA	09/0256	NA	1
CASSLGPPGLSSYNEQFF	TRBV7-2	NA	09/0256	NA	2
CASSLGQGLPNTEAFF	TRBV5-5	NA	09/0256	NA	1
CASSLGQGRAYEQYF	TRBV27	NA	09/0256	NA	1
CASSLGQGRSGANVLTF	TRBV7-3	NA	09/0256	NA	1
CASSLGQVGLGTEAFF	TRBV4-1	NA	09/0256	NA	1
CASSLGRGLEAFF	TRBV27	NA	09/0256	NA	1
CASSLGSSSYNAQFF	TRBV7-2	NA	09/0256	NA	1
CASSLGSTQRNTEAFF	TRBV7-9	NA	09/0256	NA	1
CASSLGSVRQHQHF	TRBV6-2	NA	09/0256	NA	1
CASSLGTASVFQYF	TRBV28	NA	09/0256	NA	1
CASSLIDSTDTQYF	TRBV5-1	NA	09/0256	NA	1
CASSLIKNTEAFF	TRBV12-4	NA	09/0256	NA	1
CASSLINSPLHF	TRBV7-2	NA	09/0256	NA	1
CASSLKGRFYEQYF	TRBV27	NA	09/0256	NA	1
CASSLKPAGGSSSQETQYF	TRBV7-2	NA	09/0256	NA	1
CASSLLAGAYNEQFF	TRBV11-2	NA	09/0256	NA	1
CASSLLAGSTDTQYF	TRBV5-6	NA	09/0256	NA	1
CASSLLEDEQFF	TRBV7-6	NA	09/0256	NA	1
CASSLLGASQETQYF	TRBV5-1	NA	09/0256	NA	3
CASSLLPGSSYNSPLHF	TRBV7-2	NA	09/0256	NA	1
CASSLMGAGNTIYF	TRBV7-2	NA	09/0256	NA	1
CASSLNGPGYGYTF	TRBV5-6	NA	09/0256	NA	1
CASSLNPGQPQHF	TRBV18	NA	09/0256	NA	2
CASSLPGAEDTQYF	TRBV5-1	NA	09/0256	NA	1
CASSLPGGTGNQPQQF	TRBV7-2	NA	09/0256	NA	1
CASSLPGQANGYTF	TRBV5-1	NA	09/0256	NA	2
CASSLPGRGDAQYF	TRBV5-1	NA	09/0256	NA	1
CASSLPQGNTGELFF	TRBV5-1	NA	09/0256	NA	1
CASSLPRGGYTF	TRBV12-4	NA	09/0256	NA	1
CASSLPSGTGGLNTEAFF	TRBV6-2	NA	09/0256	NA	1
CASSLQGFGANVLTF	TRBV12-4	NA	09/0256	NA	1
CASSLQGGSEAFF	TRBV7-2	NA	09/0256	NA	1
CASSLQGLHQPQHF	TRBV5-1	NA	09/0256	NA	2
CASSLQGQETQYF	TRBV5-1	NA	09/0256	NA	1
CASSLQGSGANVLTF	TRBV12-4	NA	09/0256	NA	1
CASSLQGSGDKVLTF	TRBV12-4	NA	09/0256	NA	1
CASSLQGSLNTEAFF	TRBV5-1	NA	09/0256	NA	1
CASSLQGSSYNSPLHF	TRBV5-1	NA	09/0256	NA	1
CASSLQNSSSNEQYF	TRBV4-3	NA	09/0256	NA	1
CASSLQSNQPQHF	TRBV7-2	NA	09/0256	NA	1
CASSLRAADTQYF	TRBV5-4	NA	09/0256	NA	1
CASSLRAAGERGNTEAFF	TRBV5-1	NA	09/0256	NA	1
CASSLREGGPTDTQYF	TRBV7-3	NA	09/0256	NA	1
CASSLRGGDEKLFF	TRBV5-4	NA	09/0256	NA	1
CASSLRGNTEAFF	TRBV7-2	NA	09/0256	NA	1
CASSLRILLPSYNEQFF	TRBV5-5	NA	09/0256	NA	1
CASSLRPEETQYF	TRBV7-2	NA	09/0256	NA	1
CASSLRRLPGEKLFF	TRBV7-2	NA	09/0256	NA	1
CASSLRSGSARSYKSPHPF	TRBV27	NA	09/0256	NA	1
CASSLRTGGAKYGYTF	TRBV28	NA	09/0256	NA	1
CASSLSASRDTQYF	TRBV5-4	NA	09/0256	NA	1
CASSLSEGDEKLFF	TRBV5-4	NA	09/0256	NA	1
CASSLSFTGLTDTQYF	TRBV27	NA	09/0256	NA	1
CASSLSGEYGYTF	TRBV5-1	NA	09/0256	NA	2
CASSLSGFALHF	TRBV7-2	NA	09/0256	NA	2
CASSLSGGASEQFF	TRBV6-4	NA	09/0256	NA	1
CASSLSPAGVTGELFF	TRBV11-2	NA	09/0256	NA	1
CASSLSPAPDNSPLHF	TRBV11-2	NA	09/0256	NA	1
CASSLSRDRRQETQYF	TRBV11-2	NA	09/0256	NA	1
CASSLSRDSFPETQYF	TRBV5-1	NA	09/0256	NA	1
CASSLSRRGVNEQYF	TRBV27	NA	09/0256	NA	1
CASSLSVSETQYF	TRBV7-9	NA	09/0256	NA	1
CASSLTDATVGQPQHF	TRBV7-3	NA	09/0256	NA	1
CASSLTGASGYNEQFF	TRBV7-3	NA	09/0256	NA	1
CASSLTGGTDTQYF	TRBV7-7	NA	09/0256	NA	1
CASSLTGGYGYTF	TRBV5-1	NA	09/0256	NA	1
CASSLTGQGADTIYF	TRBV12-3	NA	09/0256	NA	1
CASSLTGQGKAQHF	TRBV28	NA	09/0256	NA	1
CASSLTLVGTTNEKLFF	TRBV5-1	NA	09/0256	NA	1
CASSLTNTEAFF	TRBV3-1	NA	09/0256	NA	1
CASSLTPGLGTEAFF	TRBV7-3	NA	09/0256	NA	3
CASSLTPIEQFF	TRBV7-2	NA	09/0256	NA	1
CASSLTQGNTGELFF	TRBV5-1	NA	09/0256	NA	1
CASSLVAGGSYEQYF	TRBV5-1	NA	09/0256	NA	1
CASSLVAPTGLTEAFF	TRBV7-6	NA	09/0256	NA	1
CASSLVDGGYEQYF	TRBV5-1	NA	09/0256	NA	1
CASSLVDIQYF	TRBV28	NA	09/0256	NA	1
CASSLVGGHGNQPQHF	TRBV7-2	NA	09/0256	NA	1
CASSLVGVGTEQYF	TRBV7-2	NA	09/0256	NA	1
CASSLVNNEQFF	TRBV5-1	NA	09/0256	NA	2
CASSLVPGGTEAFF	TRBV5-1	NA	09/0256	NA	1
CASSLVSGAEAFF	TRBV5-6	NA	09/0256	NA	1
CASSLYGDTGNQPQHF	TRBV7-2	NA	09/0256	NA	1
CASSLYGDTNQPQHF	TRBV7-2	NA	09/0256	NA	4
CASSLYGDTNQPQNF	TRBV7-2	NA	09/0256	NA	1
CASSLYGEANQPQHF	TRBV7-2	NA	09/0256	NA	1
CASSLYYNEQFF	TRBV5-6	NA	09/0256	NA	1
CASSMDRGDYGYTF	TRBV6-5	NA	09/0256	NA	1
CASSNQGQGGEKLFF	TRBV21-1	NA	09/0256	NA	1
CASSNRGRNTEAFF	TRBV5-4	NA	09/0256	NA	1
CASSNRVTDTQYF	TRBV6-5	NA	09/0256	NA	1
CASSPAETAHEQYF	TRBV6-5	NA	09/0256	NA	1
CASSPAGLSYGYTF	TRBV7-3	NA	09/0256	NA	1
CASSPAGSGNTIYF	TRBV18	NA	09/0256	NA	1
CASSPARGPEYGYTF	TRBV18	NA	09/0256	NA	1
CASSPDRPPGAKNIQYF	TRBV27	NA	09/0256	NA	1
CASSPDTMNTEAFF	TRBV18	NA	09/0256	NA	1
CASSPEGAPTDTQYF	TRBV18	NA	09/0256	NA	1
CASSPEQDTQYF	TRBV2	NA	09/0256	NA	2
CASSPEYLKRSTEAFF	TRBV7-8	NA	09/0256	NA	1
CASSPFSANYGYTF	TRBV5-1	NA	09/0256	NA	1
CASSPFSANYVYTF	TRBV5-1	NA	09/0256	NA	1
CASSPFSGPVVETQYF	TRBV5-1	NA	09/0256	NA	1
CASSPGGDTDTQYF	TRBV5-1	NA	09/0256	NA	1
CASSPGGPREQYF	TRBV7-2	NA	09/0256	NA	1
CASSPGGRTDTQYF	TRBV7-3	NA	09/0256	NA	1
CASSPGPAYEQYF	TRBV25-1	NA	09/0256	NA	1
CASSPGQGLEAFF	TRBV7-2	NA	09/0256	NA	1
CASSPGQGPGELFF	TRBV5-1	NA	09/0256	NA	1
CASSPGQQYGYTF	TRBV12-3	NA	09/0256	NA	1
CASSPGRLQETQYF	TRBV11-1	NA	09/0256	NA	1
CASSPGRPTEAFF	TRBV25-1	NA	09/0256	NA	2
CASSPGTSGWPGELFF	TRBV5-1	NA	09/0256	NA	2
CASSPGTTEETQYF	TRBV5-1	NA	09/0256	NA	1
CASSPGVNTEAFF	TRBV5-1	NA	09/0256	NA	1
CASSPHGDGVQSAFF	TRBV7-2	NA	09/0256	NA	2
CASSPHLRGYNEQFF	TRBV14	NA	09/0256	NA	1
CASSPIPGGTKEHGYTF	TRBV27	NA	09/0256	NA	2
CASSPKGEGPMNTEAFF	TRBV3-1	NA	09/0256	NA	1
CASSPLAGRTEKLFF	TRBV9	NA	09/0256	NA	1
CASSPLGGDNEQFF	TRBV4-2	NA	09/0256	NA	1
CASSPLGRPRDGSYEQYF	TRBV11-2	NA	09/0256	NA	1
CASSPLGSASYEKYF	TRBV5-1	NA	09/0256	NA	1
CASSPLGSASYEQYF	TRBV5-1	NA	09/0256	NA	1
CASSPLTGRTEKLFF	TRBV9	NA	09/0256	NA	1
CASSPMGGSNQPQHF	TRBV7-2	NA	09/0256	NA	1
CASSPNRVGNQPQHF	TRBV7-2	NA	09/0256	NA	2
CASSPNSGQLYEQYF	TRBV5-1	NA	09/0256	NA	1
CASSPPGDSEKLFF	TRBV19	NA	09/0256	NA	1
CASSPPGEKLFF	TRBV7-2	NA	09/0256	NA	1
CASSPPGRHTEAFF	TRBV7-2	NA	09/0256	NA	1
CASSPPSNSGNTIYF	TRBV18	NA	09/0256	NA	1
CASSPQDSMGYGYTF	TRBV4-2	NA	09/0256	NA	1
CASSPQDSRGYGYTF	TRBV4-2	NA	09/0256	NA	1
CASSPQRAEQYF	TRBV7-2	NA	09/0256	NA	1
CASSPQSGVGSDTQYF	TRBV3-1	NA	09/0256	NA	1
CASSPQTGEGYGYAF	TRBV4-1	NA	09/0256	NA	1
CASSPQTGEGYGYTF	TRBV4-1	NA	09/0256	NA	1
CASSPRAGGTEAFF	TRBV27	NA	09/0256	NA	2
CASSPRARPGEQYF	TRBV7-2	NA	09/0256	NA	4
CASSPRCVDRGGYGYTF	TRBV7-8	NA	09/0256	NA	1
CASSPRDGSTGGYGYAF	TRBV7-9	NA	09/0256	NA	1
CASSPRERAGPQHF	TRBV3-1	NA	09/0256	NA	1
CASSPRFVDRGGYGYTF	TRBV7-8	NA	09/0256	NA	1
CASSPRGAPYNEQFF	TRBV6-5	NA	09/0256	NA	1
CASSPRGGFDEQFF	TRBV5-4	NA	09/0256	NA	1
CASSPRGGRDQHQHF	TRBV7-2	NA	09/0256	NA	1
CASSPRGGSNQPQHF	TRBV7-2	NA	09/0256	NA	1
CASSPRLGDTQYF	TRBV11-3	NA	09/0256	NA	1
CASSPRQASYYGYTF	TRBV9	NA	09/0256	NA	1
CASSPRRGGTDTQYF	TRBV7-8	NA	09/0256	NA	1
CASSPRVASGYTF	TRBV18	NA	09/0256	NA	1
CASSPRVTDTQYF	TRBV6-5	NA	09/0256	NA	1
CASSPTGDQPQHF	TRBV25-1	NA	09/0256	NA	1
CASSPTGGVLEKLFF	TRBV18	NA	09/0256	NA	1
CASSPTGIGYTF	TRBV9	NA	09/0256	NA	1
CASSPTSGTGTFSGNTIYF	TRBV7-9	NA	09/0256	NA	1
CASSPTTGAGELFF	TRBV7-3	NA	09/0256	NA	1
CASSPVTGTNSPLHF	TRBV10-2	NA	09/0256	NA	1
CASSPWTGKNIQYF	TRBV7-2	NA	09/0256	NA	1
CASSPYRGQGNEQFF	TRBV7-3	NA	09/0256	NA	2
CASSQAFRTSGGRSYNEQFF	TRBV4-1	NA	09/0256	NA	1
CASSQAGGNTGELFF	TRBV4-1	NA	09/0256	NA	1
CASSQAGGQLNSPLHF	TRBV4-1	NA	09/0256	NA	1
CASSQALVQVYGYTF	TRBV4-2	NA	09/0256	NA	1
CASSQAPGLAENIQYF	TRBV4-1	NA	09/0256	NA	1
CASSQARGTGELFF	TRBV4-2	NA	09/0256	NA	2
CASSQARTAGNQPQHF	TRBV4-1	NA	09/0256	NA	1
CASSQATGDSSAISF	TRBV4-3	NA	09/0256	NA	1
CASSQDAHGYTF	TRBV4-3	NA	09/0256	NA	1
CASSQDLAGGRNQETQYF	TRBV4-2	NA	09/0256	NA	1
CASSQDPGQTYTEAFF	TRBV4-3	NA	09/0256	NA	1
CASSQDRGSYEQYF	TRBV14	NA	09/0256	NA	1
CASSQDSQGATEAFF	TRBV4-1	NA	09/0256	NA	1
CASSQDSRADTYNEQYF	TRBV4-3	NA	09/0256	NA	1
CASSQDVSGGSAQYF	TRBV3-1	NA	09/0256	NA	1
CASSQDWDRRNTIYF	TRBV4-1	NA	09/0256	NA	1
CASSQDWGSGGAEQFF	TRBV4-2	NA	09/0256	NA	1
CASSQEGRQGEAFF	TRBV4-1	NA	09/0256	NA	1
CASSQEGSSTEAFF	TRBV4-3	NA	09/0256	NA	1
CASSQERSKGFAVTDTQYF	TRBV3-1	NA	09/0256	NA	2
CASSQETGNTIYF	TRBV4-1	NA	09/0256	NA	1
CASSQFTGAGEQFF	TRBV3-1	NA	09/0256	NA	1
CASSQGAGKNEQFF	TRBV3-1	NA	09/0256	NA	1
CASSQGAGVGYEQYF	TRBV4-1	NA	09/0256	NA	1
CASSQGDAGELFF	TRBV7-7	NA	09/0256	NA	1
CASSQGGGGTDTQYF	TRBV4-2	NA	09/0256	NA	1
CASSQGHGNQPQPF	TRBV3-1	NA	09/0256	NA	1
CASSQGQGAGTGELFF	TRBV19	NA	09/0256	NA	1
CASSQKDPLAGTQYF	TRBV4-1	NA	09/0256	NA	1
CASSQLPGGVAKNIQYF	TRBV4-1	NA	09/0256	NA	1
CASSQPGLAGAGGELFF	TRBV4-2	NA	09/0256	NA	1
CASSQPRTSGLQFTLTDTQYF	TRBV4-1	NA	09/0256	NA	1
CASSQPRTSGLQVTLTDTQYF	TRBV4-1	NA	09/0256	NA	1
CASSQRTGGPADTQYF	TRBV4-3	NA	09/0256	NA	2
CASSQSGADTQYF	TRBV3-1	NA	09/0256	NA	2
CASSQTANDPDTQYF	TRBV4-1	NA	09/0256	NA	1
CASSQTWGGNQPQHF	TRBV5-1	NA	09/0256	NA	1
CASSQTWRVGEAFF	TRBV3-1	NA	09/0256	NA	1
CASSQVAWSGKTEAFF	TRBV12-4	NA	09/0256	NA	1
CASSQVAWSGNTEAFF	TRBV12-4	NA	09/0256	NA	1
CASSQVGAEYNEQFF	TRBV4-1	NA	09/0256	NA	1
CASSQVGRTNYGYTF	TRBV4-1	NA	09/0256	NA	1
CASSQVRGGKDEQFF	TRBV14	NA	09/0256	NA	1
CASSQVRGKGQETQYF	TRBV3-1	NA	09/0256	NA	2
CASSQVSSTDTQYF	TRBV4-1	NA	09/0256	NA	1
CASSQYNRVGSNEAFF	TRBV3-1	NA	09/0256	NA	1
CASSRDIPDEQFF	TRBV7-2	NA	09/0256	NA	1
CASSRDLSSGNTIYF	TRBV5-1	NA	09/0256	NA	1
CASSRDRGYGYTF	TRBV10-2	NA	09/0256	NA	1
CASSRGGQGENTQYF	TRBV5-1	NA	09/0256	NA	1
CASSRGVGYKSPLHF	TRBV18	NA	09/0256	NA	1
CASSRKTGGLDSNNEQFF	TRBV4-2	NA	09/0256	NA	1
CASSRLGGTDTQYF	TRBV2	NA	09/0256	NA	1
CASSRLSKGGRNNEQFF	TRBV27	NA	09/0256	NA	1
CASSRPDHTDTQYF	TRBV7-6	NA	09/0256	NA	1
CASSRPGQGRMADTQYF	TRBV7-9	NA	09/0256	NA	1
CASSRRASADTQYF	TRBV7-3	NA	09/0256	NA	1
CASSRRGSTDTQYF	TRBV27	NA	09/0256	NA	1
CASSRSDSVYSPLHF	TRBV5-1	NA	09/0256	NA	3
CASSRTGSANTGELFF	TRBV4-1	NA	09/0256	NA	1
CASSRTQGDTQYF	TRBV6-5	NA	09/0256	NA	1
CASSRTTTNEKLFF	TRBV19	NA	09/0256	NA	1
CASSSARTSGGGGETQYF	TRBV7-2	NA	09/0256	NA	1
CASSSASGGATDTQYF	TRBV12-3	NA	09/0256	NA	1
CASSSASTYNEQFF	TRBV7-2	NA	09/0256	NA	1
CASSSDSRNTEAFF	TRBV5-1	NA	09/0256	NA	1
CASSSDYQVPEQYF	TRBV19	NA	09/0256	NA	1
CASSSEVEAFF	TRBV5-1	NA	09/0256	NA	1
CASSSFREGETQYF	TRBV5-1	NA	09/0256	NA	1
CASSSGQGGTQYF	TRBV5-1	NA	09/0256	NA	2
CASSSGTEQEKLFF	TRBV27	NA	09/0256	NA	1
CASSSGTRGRTEAFF	TRBV5-1	NA	09/0256	NA	1
CASSSHGETNQPLFF	TRBV7-2	NA	09/0256	NA	1
CASSSIADYTGETQYF	TRBV12-3	NA	09/0256	NA	1
CASSSKTRKVPNYGYTF	TRBV7-3	NA	09/0256	NA	1
CASSSLAGGQFGTDTQYF	TRBV4-2	NA	09/0256	NA	1
CASSSLIEPGLAFNEQFF	TRBV5-1	NA	09/0256	NA	1
CASSSLIEPGLAGNTDTQYF	TRBV5-1	NA	09/0256	NA	1
CASSSLIEPGLAVNTDTQYF	TRBV5-1	NA	09/0256	NA	1
CASSSLPSGATYEQYF	TRBV18	NA	09/0256	NA	1
CASSSNRGWGETQYF	TRBV11-2	NA	09/0256	NA	1
CASSSPGGKGKQAQDF	TRBV7-2	NA	09/0256	NA	1
CASSSPGGTGNESQHF	TRBV7-2	NA	09/0256	NA	1
CASSSPGGTGNQPQHF	TRBV7-2	NA	09/0256	NA	2
CASSSPGTGESGYTF	TRBV6-6	NA	09/0256	NA	1
CASSSPRTELGYGYTF	TRBV6-5	NA	09/0256	NA	1
CASSSQGDRLYF	TRBV7-2	NA	09/0256	NA	1
CASSSQGLLQFF	TRBV6-6	NA	09/0256	NA	1
CASSSRDKETQYF	TRBV27	NA	09/0256	NA	1
CASSSRGQGRKADTQYF	TRBV7-9	NA	09/0256	NA	1
CASSSRQVRGQPQHF	TRBV7-2	NA	09/0256	NA	1
CASSSRRESEAFF	TRBV19	NA	09/0256	NA	1
CASSSRTSGDEDTQYF	TRBV5-1	NA	09/0256	NA	2
CASSSSGGDLYTQYF	TRBV6-5	NA	09/0256	NA	2
CASSSSGGNLYTQYF	TRBV6-5	NA	09/0256	NA	1
CASSSSGGSTDTQYF	TRBV27	NA	09/0256	NA	1
CASSSTGGPYEQYF	TRBV7-9	NA	09/0256	NA	1
CASSSTGSTDTQYF	TRBV5-1	NA	09/0256	NA	1
CASSSTGTTGELFF	TRBV5-1	NA	09/0256	NA	1
CASSSTPSTYEQYF	TRBV5-6	NA	09/0256	NA	1
CASSSTVNQPQHF	TRBV7-3	NA	09/0256	NA	2
CASSSTWGAGEDHYF	TRBV27	NA	09/0256	NA	1
CASSSWGSSYNSPLHF	TRBV12-3	NA	09/0256	NA	1
CASSSYTQGGEAFF	TRBV27	NA	09/0256	NA	1
CASSTAGGQNEQFF	TRBV6-2	NA	09/0256	NA	1
CASSTDYGELFF	TRBV5-1	NA	09/0256	NA	1
CASSTERDGGGYTF	TRBV27	NA	09/0256	NA	1
CASSTGGWTEAFF	TRBV19	NA	09/0256	NA	1
CASSTGISTDTQYF	TRBV9	NA	09/0256	NA	1
CASSTGQGKEGYTF	TRBV5-1	NA	09/0256	NA	1
CASSTGSGANVLTF	TRBV5-1	NA	09/0256	NA	1
CASSTLGLAGARRNEQFF	TRBV4-1	NA	09/0256	NA	1
CASSTPFRDRTDTQYF	TRBV25-1	NA	09/0256	NA	1
CASSTPQGPNEKLCF	TRBV5-1	NA	09/0256	NA	1
CASSTRAGVDSYEQYF	TRBV7-6	NA	09/0256	NA	2
CASSTRGREKREAQYF	TRBV11-2	NA	09/0256	NA	1
CASSTRTSGGTGELFF	TRBV9	NA	09/0256	NA	1
CASSVADRCYNYQFF	TRBV9	NA	09/0256	NA	1
CASSVADRGYNEQFF	TRBV9	NA	09/0256	NA	1
CASSVALVGTTYEKLFF	TRBV5-1	NA	09/0256	NA	1
CASSVATSAGGRTDTQYF	TRBV9	NA	09/0256	NA	1
CASSVDLVGKTNEKLLF	TRBV5-1	NA	09/0256	NA	1
CASSVEEFEAGGFETQYF	TRBV9	NA	09/0256	NA	2
CASSVEQGSYGYTF	TRBV2	NA	09/0256	NA	1
CASSVERGEVGYTF	TRBV6-1	NA	09/0256	NA	1
CASSVGGAGQGEDGYTF	TRBV9	NA	09/0256	NA	2
CASSVGGRGAGETQYF	TRBV9	NA	09/0256	NA	2
CASSVGGRQYTDTQYF	TRBV5-1	NA	09/0256	NA	1
CASSVGGTKSYNEQFF	TRBV7-3	NA	09/0256	NA	1
CASSVGLAGEQYF	TRBV5-1	NA	09/0256	NA	1
CASSVGRSTGELFF	TRBV11-3	NA	09/0256	NA	1
CASSVGSALAVFEQYF	TRBV9	NA	09/0256	NA	1
CASSVGSGGYQPQHF	TRBV6-1	NA	09/0256	NA	1
CASSVGSSYNEKFF	TRBV9	NA	09/0256	NA	1
CASSVGSSYNEQFF	TRBV9	NA	09/0256	NA	1
CASSVGSTYEEQFF	TRBV9	NA	09/0256	NA	1
CASSVGTNTGELFF	TRBV9	NA	09/0256	NA	1
CASSVGTNTGEMFF	TRBV9	NA	09/0256	NA	1
CASSVLSGTQYF	TRBV5-1	NA	09/0256	NA	1
CASSVPGAEDTQYF	TRBV5-1	NA	09/0256	NA	1
CASSVPGAKSYKEQFF	TRBV7-3	NA	09/0256	NA	1
CASSVPGGTGGTSNQPQHF	TRBV7-2	NA	09/0256	NA	1
CASSVQGIHQPQHF	TRBV5-1	NA	09/0256	NA	1
CASSVRGGTGGSSNQAQNF	TRBV7-2	NA	09/0256	NA	1
CASSVRVKGANVLTF	TRBV9	NA	09/0256	NA	1
CASSVSSSYNEQFF	TRBV2	NA	09/0256	NA	1
CASSVTTNTGELFF	TRBV9	NA	09/0256	NA	1
CASSVTWSADSPLHF	TRBV7-2	NA	09/0256	NA	1
CASSWEAGELFF	TRBV7-2	NA	09/0256	NA	1
CASSWGGAVEAFF	TRBV7-2	NA	09/0256	NA	1
CASSWGGGQETQYF	TRBV5-1	NA	09/0256	NA	1
CASSWGRAAGKSIYF	TRBV5-1	NA	09/0256	NA	1
CASSWGSAAGNTIYF	TRBV5-1	NA	09/0256	NA	1
CASSWGTGTNTEAFF	TRBV7-6	NA	09/0256	NA	1
CASSWTGRGVDKQYF	TRBV6-5	NA	09/0256	NA	1
CASSWTSRSSYEQYF	TRBV4-2	NA	09/0256	NA	1
CASSWWAGSGANVLTF	TRBV5-1	NA	09/0256	NA	1
CASSYDQSSYNPPLHF	TRBV6-6	NA	09/0256	NA	1
CASSYGPNYNSPLHF	TRBV18	NA	09/0256	NA	1
CASSYGQGAYTEAFF	TRBV6-2	NA	09/0256	NA	1
CASSYGTGVVNEQFF	TRBV6-5	NA	09/0256	NA	2
CASSYISGGARYNEQFF	TRBV7-2	NA	09/0256	NA	1
CASSYLAGKGYTF	TRBV6-5	NA	09/0256	NA	1
CASSYLTGTQYF	TRBV6-5	NA	09/0256	NA	1
CASSYMGAGGYTF	TRBV6-5	NA	09/0256	NA	1
CASSYNNQPQHF	TRBV6-7	NA	09/0256	NA	1
CASSYPAGPMNTEAFF	TRBV6-6	NA	09/0256	NA	1
CASSYPVPGARRYGYTF	TRBV6-2	NA	09/0256	NA	1
CASSYQKGSNQPQHF	TRBV6-5	NA	09/0256	NA	1
CASSYQKRSHQPQHF	TRBV6-5	NA	09/0256	NA	1
CASSYRDRGRRGYAF	TRBV27	NA	09/0256	NA	1
CASSYRDRGTLTNTEAFF	TRBV6-1	NA	09/0256	NA	1
CASSYRRGQQPQHF	TRBV12-3	NA	09/0256	NA	1
CASSYRVGSEAFF	TRBV28	NA	09/0256	NA	1
CASSYSGRNTEAFF	TRBV6-5	NA	09/0256	NA	1
CASSYSKEVSGYNF	TRBV6-6	NA	09/0256	NA	1
CASSYSLNLGKDQPQHF	TRBV6-6	NA	09/0256	NA	1
CASSYSLQGRSEAFF	TRBV6-5	NA	09/0256	NA	1
CASSYSLQGRSKHYF	TRBV6-5	NA	09/0256	NA	1
CASSYSLRSGELFF	TRBV6-2	NA	09/0256	NA	1
CASSYSQGKAFF	TRBV6-6	NA	09/0256	NA	1
CASSYSTDVSGYTF	TRBV6-6	NA	09/0256	NA	1
CASSYTSGGAGNEQFF	TRBV6-6	NA	09/0256	NA	2
CASSYVRDRGPDTQYF	TRBV10-1	NA	09/0256	NA	1
CASTASGGPYNEQFF	TRBV2	NA	09/0256	NA	2
CASTCGGGGVEQYF	TRBV7-2	NA	09/0256	NA	1
CASTLGTALYGYTF	TRBV12-3	NA	09/0256	NA	1
CASTPGQGASMNTEAFF	TRBV5-1	NA	09/0256	NA	1
CASTPGQGYKERFF	TRBV6-1	NA	09/0256	NA	1
CASTPGQSYNEQFF	TRBV6-1	NA	09/0256	NA	2
CASTSGLVVDTQYF	TRBV5-6	NA	09/0256	NA	1
CASTSLPRHDRLTGELFF	TRBV12-4	NA	09/0256	NA	1
CASTSVPRHDRLTGELFF	TRBV12-4	NA	09/0256	NA	1
CASTTGGGETQYF	TRBV5-5	NA	09/0256	NA	1
CASTYGAGGRNTQYF	TRBV5-1	NA	09/0256	NA	1
CASVPAVMWLAGGLYF	TRBV2	NA	09/0256	NA	1
CASVVGAGGGEQYF	TRBV7-2	NA	09/0256	NA	1
CATGRAGGTGELFF	TRBV24-1	NA	09/0256	NA	2
CATNQRPSSYNEQFF	TRBV10-3	NA	09/0256	NA	1
CATRGRYGGRTEAFF	TRBV10-3	NA	09/0256	NA	1
CATRQGGLGNEQFF	TRBV24-1	NA	09/0256	NA	1
CATRRTSGGADTQYF	TRBV15	NA	09/0256	NA	1
CATSDGGFNYGYTF	TRBV24-1	NA	09/0256	NA	1
CATSDSSVGANTGELFF	TRBV24-1	NA	09/0256	NA	1
CATSDTANNEQFF	TRBV24-1	NA	09/0256	NA	1
CATSESRGTEAFF	TRBV15	NA	09/0256	NA	1
CATSETSGGADTQYF	TRBV15	NA	09/0256	NA	1
CATSGDPSIAGLGFNEQFF	TRBV24-1	NA	09/0256	NA	1
CATSGQPFNYGYTF	TRBV24-1	NA	09/0256	NA	1
CATSQARGGTDTQYF	TRBV24-1	NA	09/0256	NA	1
CATSRDKGLGETQYF	TRBV15	NA	09/0256	NA	1
CATSRDNTGSGTEAFF	TRBV15	NA	09/0256	NA	1
CATSRDPGNTIYF	TRBV15	NA	09/0256	NA	1
CATSRDPGPGTEAFF	TRBV15	NA	09/0256	NA	2
CATSRDPNRAGELFF	TRBV15	NA	09/0256	NA	2
CATSRDQIGHSF	TRBV15	NA	09/0256	NA	1
CATSRDQIVHSF	TRBV15	NA	09/0256	NA	1
CATSRDQNEQFF	TRBV15	NA	09/0256	NA	1
CATSRDTDTQYF	TRBV15	NA	09/0256	NA	6
CATSRDYQPQHF	TRBV15	NA	09/0256	NA	1
CATSREKAGDSNQPQHF	TRBV15	NA	09/0256	NA	1
CATSREPNRAGELFF	TRBV15	NA	09/0256	NA	1
CATSRGGGNYGYTF	TRBV15	NA	09/0256	NA	1
CATSRGQNEQFF	TRBV15	NA	09/0256	NA	1
CATSRTSGGADTQYF	TRBV15	NA	09/0256	NA	1
CATSSFPGSGDGYTF	TRBV15	NA	09/0256	NA	1
CATSSGQGAIFQPQHF	TRBV15	NA	09/0256	NA	1
CATSSNEVEQFF	TRBV15	NA	09/0256	NA	3
CATSSPDRGLFGYTF	TRBV15	NA	09/0256	NA	1
CATSSPDRGLVGYTF	TRBV15	NA	09/0256	NA	1
CATSSPDRGLVVNTF	TRBV15	NA	09/0256	NA	1
CATSWEEAGGGIAETFF	TRBV15	NA	09/0256	NA	1
CATSWEKAGERFTEAFF	TRBV15	NA	09/0256	NA	1
CAVREGGATDTQYF	TRBV10-3	NA	09/0256	NA	1
CAWDRGGNEQFF	TRBV30	NA	09/0256	NA	1
CAWEWGQGDTEAFF	TRBV30	NA	09/0256	NA	1
CAWKGRGRYHEQFF	TRBV30	NA	09/0256	NA	1
CAWRPPRGNEQFF	TRBV30	NA	09/0256	NA	1
CAWSANAWGAPMAEAFF	TRBV30	NA	09/0256	NA	1
CAWSARGSNQPQHF	TRBV30	NA	09/0256	NA	1
CAWSGQGSQPQHF	TRBV30	NA	09/0256	NA	1
CAWSHGTSNQPQHF	TRBV30	NA	09/0256	NA	1
CAWSIEDTQYF	TRBV30	NA	09/0256	NA	1
CAWSIMGLAGGQRDTQYF	TRBV30	NA	09/0256	NA	1
CAWSNGRVIAKNIQYF	TRBV30	NA	09/0256	NA	2
CAWSRGDLNTEAFF	TRBV30	NA	09/0256	NA	1
CAWSVRGTGNTEAFF	TRBV30	NA	09/0256	NA	1
CCSQFRDFSYDEPFF	TRBV2	NA	09/0256	NA	1
CCSRGTGGEGYGYTF	TRBV20-1	NA	09/0256	NA	1
CCSTTGGPIETQYF	TRBV28	NA	09/0256	NA	1
CDGSLFSGTQYF	TRBV5-1	NA	09/0256	NA	1
CDISRVAWSQKADPFF	TRBV12-4	NA	09/0256	NA	1
CDRSDLGQIEAFF	TRBV25-1	NA	09/0256	NA	1
CDSIFGGGGGEQYF	TRBV7-2	NA	09/0256	NA	1
CDSRPGVNTEAFF	TRBV19	NA	09/0256	NA	1
CDSSVTPGVGTEAFF	TRBV7-3	NA	09/0256	NA	1
CDSTRRSEAFF	TRBV30	NA	09/0256	NA	1
CDWSENDGGARMDEGFF	TRBV30	NA	09/0256	NA	1
CGAREVGGGYYIEQFF	TRBV20-1	NA	09/0256	NA	1
CGARGLIANEKLFF	TRBV20-1	NA	09/0256	NA	1
CGISDAGGTTGELFF	TRBV10-3	NA	09/0256	NA	1
CGSTRYRGCEQYF	TRBV11-3	NA	09/0256	NA	1
CGVASGPVNTGELFF	TRBV29-1	NA	09/0256	NA	1
CIARSPGGAGANVLTF	TRBV20-1	NA	09/0256	NA	1
CIVAGPGGSLYGYSF	TRBV29-1	NA	09/0256	NA	1
CNASPGTHSNQPQHF	TRBV20-1	NA	09/0256	NA	1
CRAASGRANGQFF	TRBV20-1	NA	09/0256	NA	1
CRAGPRDTQYF	TRBV20-1	NA	09/0256	NA	1
CRAHTTGLAVLDTQYF	TRBV20-1	NA	09/0256	NA	1
CRAITDGKETPQHF	TRBV20-1	NA	09/0256	NA	1
CRAPLAGGPSTDTQYF	TRBV20-1	NA	09/0256	NA	1
CRARDGGGVNEQFF	TRBV20-1	NA	09/0256	NA	1
CRARDLVAGATGELFF	TRBV20-1	NA	09/0256	NA	1
CRAREGARAMNTEAFF	TRBV20-1	NA	09/0256	NA	1
CRAWETCGTDPGELFF	TRBV20-1	NA	09/0256	NA	1
CRFFGDRGGEQYF	TRBV29-1	NA	09/0256	NA	1
CRRRSGDLIEAFF	TRBV10-2	NA	09/0256	NA	1
CRTGTGLGNEQFF	TRBV20-1	NA	09/0256	NA	1
CRTRDRRNDIQYF	TRBV20-1	NA	09/0256	NA	1
CRVVSEFGQGGEYGYTF	TRBV29-1	NA	09/0256	NA	1
CSAARNGRGGDTQYF	TRBV20-1	NA	09/0256	NA	1
CSAARWTLNTDTQYF	TRBV20-1	NA	09/0256	NA	1
CSAAVQGYNSPLHF	TRBV20-1	NA	09/0256	NA	1
CSAENPSTSQETQYF	TRBV20-1	NA	09/0256	NA	1
CSAFKQGAGQTLCF	TRBV20-1	NA	09/0256	NA	1
CSAFKQGAGQTQYF	TRBV20-1	NA	09/0256	NA	2
CSAGDRISSYEQYF	TRBV20-1	NA	09/0256	NA	1
CSAGGLYQPQHF	TRBV20-1	NA	09/0256	NA	1
CSAGHRKGAGNTEAFF	TRBV20-1	NA	09/0256	NA	2
CSAGLAANEQFF	TRBV20-1	NA	09/0256	NA	1
CSAGLAEQYF	TRBV20-1	NA	09/0256	NA	1
CSAGRSSGGAKNIQYF	TRBV20-1	NA	09/0256	NA	1
CSAGSGSDYNEQCF	TRBV20-1	NA	09/0256	NA	1
CSAHFKGAGGTGELFF	TRBV29-1	NA	09/0256	NA	1
CSAHFKGAGGTGELLF	TRBV29-1	NA	09/0256	NA	1
CSAIDNEQFF	TRBV20-1	NA	09/0256	NA	1
CSAILPDAKSNQPQHF	TRBV20-1	NA	09/0256	NA	1
CSAISSTLNEQFF	TRBV20-1	NA	09/0256	NA	1
CSAITDRKETPQHF	TRBV20-1	NA	09/0256	NA	3
CSAKGRFTDTQYF	TRBV20-1	NA	09/0256	NA	1
CSAKIGSPVYF	TRBV20-1	NA	09/0256	NA	1
CSAKSPGTSGGSSYNEQFF	TRBV20-1	NA	09/0256	NA	1
CSALFDGTGNTIYF	TRBV20-1	NA	09/0256	NA	1
CSALGHGETQYF	TRBV20-1	NA	09/0256	NA	1
CSALGVRHTYGYTF	TRBV20-1	NA	09/0256	NA	1
CSALPVARGNQPQHF	TRBV20-1	NA	09/0256	NA	1
CSALPVGGNQPQHF	TRBV20-1	NA	09/0256	NA	2
CSALRQGPNSPLHF	TRBV20-1	NA	09/0256	NA	1
CSALTGQGATGELFF	TRBV20-1	NA	09/0256	NA	1
CSANIQGKAQFF	TRBV20-1	NA	09/0256	NA	1
CSANPSGAEQETQYF	TRBV20-1	NA	09/0256	NA	1
CSAPDGGLTEAFF	TRBV20-1	NA	09/0256	NA	1
CSAPGPCQETQYF	TRBV20-1	NA	09/0256	NA	1
CSAPGPFSGNTIYF	TRBV20-1	NA	09/0256	NA	1
CSAPGRYNYGYTF	TRBV20-1	NA	09/0256	NA	1
CSAPILGTASNYGYTF	TRBV20-1	NA	09/0256	NA	1
CSAPPSGEPYEQYF	TRBV20-1	NA	09/0256	NA	1
CSAPRAGQPQHF	TRBV20-1	NA	09/0256	NA	2
CSAPVQSWYGYTF	TRBV20-1	NA	09/0256	NA	1
CSAPVRGGYEQYF	TRBV20-1	NA	09/0256	NA	1
CSAQAGVSYNSPVHF	TRBV20-1	NA	09/0256	NA	1
CSAQEGGGSNQPQHF	TRBV20-1	NA	09/0256	NA	4
CSAQGQGWERGYTF	TRBV20-1	NA	09/0256	NA	1
CSAQTGGNTGELFF	TRBV29-1	NA	09/0256	NA	1
CSARAELAGGSTDTQYF	TRBV20-1	NA	09/0256	NA	1
CSARAFLSGGNYGYTF	TRBV20-1	NA	09/0256	NA	1
CSARAGTLQTYGYTF	TRBV20-1	NA	09/0256	NA	1
CSARDGGGVNEQFF	TRBV20-1	NA	09/0256	NA	2
CSARDGISNYGYTF	TRBV20-1	NA	09/0256	NA	1
CSARDHANTGELFF	TRBV20-1	NA	09/0256	NA	1
CSARDLAGGHTGELFF	TRBV20-1	NA	09/0256	NA	1
CSARDLGGPGEKLFF	TRBV20-1	NA	09/0256	NA	1
CSARDLLAGATGELFF	TRBV20-1	NA	09/0256	NA	1
CSARDLSGASYNEQFF	TRBV20-1	NA	09/0256	NA	1
CSARDLSGGVDTGELFF	TRBV20-1	NA	09/0256	NA	1
CSARDMARHEQYF	TRBV20-1	NA	09/0256	NA	1
CSARDPLKGGDSGNTIYF	TRBV20-1	NA	09/0256	NA	2
CSARDPRGINTEAFF	TRBV20-1	NA	09/0256	NA	1
CSARDPRQGNTGELFF	TRBV20-1	NA	09/0256	NA	1
CSARDQRTGSTDTQYF	TRBV20-1	NA	09/0256	NA	1
CSARDRDFPYNEQFF	TRBV20-1	NA	09/0256	NA	1
CSARDRDFSYNEQFF	TRBV20-1	NA	09/0256	NA	1
CSARDRGGIFYEQYF	TRBV20-1	NA	09/0256	NA	1
CSARDRGLSTDTQYF	TRBV20-1	NA	09/0256	NA	3
CSARDRTWGAYNEQFF	TRBV20-1	NA	09/0256	NA	1
CSARDSGTDSPLHF	TRBV20-1	NA	09/0256	NA	2
CSARDTGGNQPLHF	TRBV20-1	NA	09/0256	NA	1
CSARDTRTGELFF	TRBV20-1	NA	09/0256	NA	1
CSARDVARDEQYF	TRBV20-1	NA	09/0256	NA	1
CSARDVRGGYYNEQFF	TRBV20-1	NA	09/0256	NA	1
CSARDWRQDLKNTEAFF	TRBV20-1	NA	09/0256	NA	1
CSAREAVANDGYTF	TRBV20-1	NA	09/0256	NA	1
CSAREAVNTEAFF	TRBV20-1	NA	09/0256	NA	1
CSAREGARAMNTEAFF	TRBV20-1	NA	09/0256	NA	1
CSAREGAVTEAFF	TRBV20-1	NA	09/0256	NA	1
CSARESPGGPPTQYF	TRBV20-1	NA	09/0256	NA	1
CSAREWQDRSGNTIYF	TRBV20-1	NA	09/0256	NA	1
CSARGARVGTEAFF	TRBV29-1	NA	09/0256	NA	1
CSARGELDYGYTF	TRBV20-1	NA	09/0256	NA	1
CSARGGEGLADTEQFF	TRBV20-1	NA	09/0256	NA	1
CSARGLAGVGTGELFF	TRBV20-1	NA	09/0256	NA	1
CSARGLITNEKLFF	TRBV20-1	NA	09/0256	NA	2
CSARGRQGRYQPQHF	TRBV20-1	NA	09/0256	NA	1
CSARGSGGETQYF	TRBV20-1	NA	09/0256	NA	1
CSARGTGDYSKHPQHF	TRBV20-1	NA	09/0256	NA	1
CSARGTGKAFF	TRBV20-1	NA	09/0256	NA	1
CSARHSSYNEQFF	TRBV20-1	NA	09/0256	NA	1
CSARNGLAGYGYTF	TRBV20-1	NA	09/0256	NA	1
CSARPDDGTSGGYNEQFF	TRBV20-1	NA	09/0256	NA	1
CSARPGEANYGYTF	TRBV20-1	NA	09/0256	NA	1
CSARPGQGATGELFF	TRBV20-1	NA	09/0256	NA	1
CSARPSNTEAFF	TRBV20-1	NA	09/0256	NA	1
CSARPTSNEKLFF	TRBV20-1	NA	09/0256	NA	1
CSARQATNEKLFF	TRBV20-1	NA	09/0256	NA	1
CSARQGDSPLHF	TRBV20-1	NA	09/0256	NA	1
CSARQTDFSYNEQFF	TRBV20-1	NA	09/0256	NA	1
CSARRGGQNYGYTF	TRBV20-1	NA	09/0256	NA	1
CSARRTGSTEAFF	TRBV20-1	NA	09/0256	NA	1
CSARSRGDNSPLHF	TRBV20-1	NA	09/0256	NA	1
CSARTGGAYQPQHF	TRBV20-1	NA	09/0256	NA	1
CSARTGKGTDTQYF	TRBV20-1	NA	09/0256	NA	1
CSARTHNEQFF	TRBV20-1	NA	09/0256	NA	2
CSARVGDSGELFF	TRBV20-1	NA	09/0256	NA	1
CSARVGRWSHGYTF	TRBV20-1	NA	09/0256	NA	2
CSARVPGRDTNQPQHF	TRBV20-1	NA	09/0256	NA	1
CSARVPGTNTEAFF	TRBV20-1	NA	09/0256	NA	1
CSARVPQKNTEAFF	TRBV20-1	NA	09/0256	NA	1
CSARVRSYGYTF	TRBV20-1	NA	09/0256	NA	1
CSARYLGGSYGYPF	TRBV20-1	NA	09/0256	NA	1
CSASENRDRSYEQYF	TRBV20-1	NA	09/0256	NA	1
CSASFRASSEKLFF	TRBV20-1	NA	09/0256	NA	1
CSASGDTNTEAFF	TRBV20-1	NA	09/0256	NA	1
CSASGGNYGYTF	TRBV20-1	NA	09/0256	NA	1
CSASGLRGGDTEAFF	TRBV20-1	NA	09/0256	NA	2
CSASLLRGQAYEQYF	TRBV20-1	NA	09/0256	NA	1
CSASLLVTDTQYF	TRBV20-1	NA	09/0256	NA	2
CSASMRQGTNEQFF	TRBV20-1	NA	09/0256	NA	1
CSASNNRDRANGYTF	TRBV20-1	NA	09/0256	NA	1
CSASPGKHSNKPKNF	TRBV20-1	NA	09/0256	NA	1
CSASPLPPRIGEQYF	TRBV20-1	NA	09/0256	NA	1
CSASPRDEQYF	TRBV20-1	NA	09/0256	NA	1
CSASPWSHSNQPQHF	TRBV20-1	NA	09/0256	NA	1
CSASPYAEDTQYF	TRBV20-1	NA	09/0256	NA	1
CSASQGAVEKLFF	TRBV20-1	NA	09/0256	NA	1
CSASRPGTDTQYF	TRBV20-1	NA	09/0256	NA	1
CSASRTGGSFGNHPQHF	TRBV20-1	NA	09/0256	NA	1
CSASSGPLAKNIKYF	TRBV20-1	NA	09/0256	NA	1
CSASSGPLAKNIQYF	TRBV20-1	NA	09/0256	NA	1
CSASSPGGAGANVLTF	TRBV20-1	NA	09/0256	NA	1
CSASSRSGELYNEQFF	TRBV20-1	NA	09/0256	NA	3
CSASTGPTGFAYGYTF	TRBV20-1	NA	09/0256	NA	1
CSASTRAADTQYF	TRBV20-1	NA	09/0256	NA	1
CSASWASGRGQTQYF	TRBV20-1	NA	09/0256	NA	1
CSASYSSTDTQYF	TRBV20-1	NA	09/0256	NA	1
CSATEGGRQGRYGYTF	TRBV20-1	NA	09/0256	NA	1
CSATGTGDAYGYTF	TRBV20-1	NA	09/0256	NA	1
CSATHSLAGPYSEQFF	TRBV20-1	NA	09/0256	NA	1
CSATLAGNEQFF	TRBV20-1	NA	09/0256	NA	1
CSATLGRGENTEAFF	TRBV20-1	NA	09/0256	NA	1
CSATPGLAGTKGANVLTF	TRBV20-1	NA	09/0256	NA	1
CSATQGNYGYTF	TRBV20-1	NA	09/0256	NA	1
CSATRDMNTEAFF	TRBV20-1	NA	09/0256	NA	1
CSATRGAGGELFF	TRBV20-1	NA	09/0256	NA	1
CSATRGRGENTEAFF	TRBV20-1	NA	09/0256	NA	1
CSATRGRYNEQFF	TRBV20-1	NA	09/0256	NA	1
CSATRPTGELFF	TRBV20-1	NA	09/0256	NA	1
CSATTGSQNTEAFF	TRBV29-1	NA	09/0256	NA	1
CSAVPGQGVSTEAFF	TRBV20-1	NA	09/0256	NA	1
CSAVPRQGVSTEAFF	TRBV20-1	NA	09/0256	NA	1
CSAVRFMNTEAFF	TRBV29-1	NA	09/0256	NA	1
CSAVRVMNTEAFF	TRBV29-1	NA	09/0256	NA	1
CSAWRGVTDTQYF	TRBV20-1	NA	09/0256	NA	1
CSCAPGLGMDTEAFF	TRBV29-1	NA	09/0256	NA	1
CSEGWCNQPQHF	TRBV29-1	NA	09/0256	NA	1
CSGRGERRGNQPQHF	TRBV20-1	NA	09/0256	NA	1
CSGRVCFRGTGELFF	TRBV20-1	NA	09/0256	NA	1
CSHEGGPNQPQHF	TRBV29-1	NA	09/0256	NA	1
CSISDRTTNYGYTF	TRBV29-1	NA	09/0256	NA	1
CSLSDGDYGYTF	TRBV29-1	NA	09/0256	NA	1
CSLSDRDYGYTF	TRBV29-1	NA	09/0256	NA	1
CSPGKGLGNEHFF	TRBV20-1	NA	09/0256	NA	1
CSRADTSTDTQYF	TRBV20-1	NA	09/0256	NA	1
CSRLAGGTDTQYF	TRBV20-1	NA	09/0256	NA	1
CSSRDPLTSSYNEQFF	TRBV20-1	NA	09/0256	NA	1
CSSSGERWEVCYTF	TRBV6-1	NA	09/0256	NA	1
CSSSLTGAAGDNEQFF	TRBV7-3	NA	09/0256	NA	1
CSSSLTPGVGTEDYF	TRBV7-3	NA	09/0256	NA	1
CSSSLVATTRGTEAFF	TRBV7-2	NA	09/0256	NA	1
CSTGTGLGNEQFF	TRBV20-1	NA	09/0256	NA	1
CSTREGARAMKTEAFF	TRBV20-1	NA	09/0256	NA	1
CSTTRTSGSTDTQYF	TRBV20-1	NA	09/0256	NA	1
CSVAAGQGNAGELFF	TRBV29-1	NA	09/0256	NA	1
CSVADRDYGYTF	TRBV29-1	NA	09/0256	NA	1
CSVAGQGKSYEQYF	TRBV29-1	NA	09/0256	NA	1
CSVALGSTADTAVFF	TRBV29-1	NA	09/0256	NA	1
CSVAPGRGMNTEDFF	TRBV29-1	NA	09/0256	NA	1
CSVASGQVNTGELFF	TRBV29-1	NA	09/0256	NA	5
CSVASGQVNTGEMFF	TRBV29-1	NA	09/0256	NA	1
CSVASGQVNTMELSF	TRBV29-1	NA	09/0256	NA	1
CSVASWQVNTGELFF	TRBV29-1	NA	09/0256	NA	1
CSVAWTGGEKLFF	TRBV29-1	NA	09/0256	NA	1
CSVDDRGDEQFF	TRBV29-1	NA	09/0256	NA	1
CSVDGGGSYEQYF	TRBV29-1	NA	09/0256	NA	1
CSVDQRESYGYTF	TRBV29-1	NA	09/0256	NA	1
CSVDSGQVNNGELFF	TRBV29-1	NA	09/0256	NA	1
CSVEDRDGGYGYTF	TRBV29-1	NA	09/0256	NA	1
CSVEDRTENTQYF	TRBV29-1	NA	09/0256	NA	1
CSVEDRVVQYF	TRBV29-1	NA	09/0256	NA	1
CSVEESSGNEQFF	TRBV29-1	NA	09/0256	NA	1
CSVEGGARAGEQFF	TRBV29-1	NA	09/0256	NA	1
CSVEIGLADTQYF	TRBV29-1	NA	09/0256	NA	1
CSVELAGRDTQYF	TRBV29-1	NA	09/0256	NA	1
CSVELEGRDTKYF	TRBV29-1	NA	09/0256	NA	1
CSVELQGREKLFF	TRBV29-1	NA	09/0256	NA	1
CSVEPGGRQETQYF	TRBV29-1	NA	09/0256	NA	1
CSVEPGTDTQYF	TRBV29-1	NA	09/0256	NA	1
CSVERTPSRNEQFF	TRBV29-1	NA	09/0256	NA	1
CSVESQIVGEAFF	TRBV29-1	NA	09/0256	NA	1
CSVESRDRSYF	TRBV29-1	NA	09/0256	NA	1
CSVGFGGASTEKLFF	TRBV29-1	NA	09/0256	NA	1
CSVGLAGGQETQYF	TRBV29-1	NA	09/0256	NA	1
CSVGQGPGDEQYF	TRBV29-1	NA	09/0256	NA	1
CSVGTGGTEAFF	TRBV29-1	NA	09/0256	NA	1
CSVGVEGEHGYTF	TRBV29-1	NA	09/0256	NA	1
CSVHRTNEQFF	TRBV29-1	NA	09/0256	NA	1
CSVLKRDGSTNEKLFF	TRBV29-1	NA	09/0256	NA	1
CSVLKSTAGTEAFF	TRBV29-1	NA	09/0256	NA	1
CSVLNAGTDTQYF	TRBV29-1	NA	09/0256	NA	1
CSVLQDSAFTEAFF	TRBV29-1	NA	09/0256	NA	1
CSVLRDRGWEEQFF	TRBV29-1	NA	09/0256	NA	1
CSVLRQASTEAFF	TRBV29-1	NA	09/0256	NA	1
CSVPGGVGQETQYF	TRBV29-1	NA	09/0256	NA	1
CSVPGTSGGYGDTQYF	TRBV29-1	NA	09/0256	NA	1
CSVPQGAADTQYF	TRBV29-1	NA	09/0256	NA	1
CSVPRQGMNTEAFF	TRBV29-1	NA	09/0256	NA	1
CSVPVIFPDRVRDQPQHF	TRBV29-1	NA	09/0256	NA	1
CSVQIPSTDTQYF	TRBV29-1	NA	09/0256	NA	1
CSVRDRGSTGAFF	TRBV20-1	NA	09/0256	NA	1
CSVSDRRPYEQYF	TRBV29-1	NA	09/0256	NA	1
CSVSGDSNQPQHF	TRBV29-1	NA	09/0256	NA	1
CSVSTLLRDTEAFF	TRBV29-1	NA	09/0256	NA	1
CSVTGQGPRSGELFF	TRBV29-1	NA	09/0256	NA	1
CSVTVQGPGTQYF	TRBV29-1	NA	09/0256	NA	1
CSVVADRFPYEQYF	TRBV29-1	NA	09/0256	NA	1
CSVVGAGANVLTF	TRBV29-1	NA	09/0256	NA	1
CSVVRDFGQGGDYGYTF	TRBV29-1	NA	09/0256	NA	2
CSVVSGTDNQPQHF	TRBV29-1	NA	09/0256	NA	1
CSVVSQLNTEAFF	TRBV29-1	NA	09/0256	NA	1
CTPSGGAGDTQYF	TRBV20-1	NA	09/0256	NA	1
CTRSLGGGDEKLFF	TRBV5-4	NA	09/0256	NA	1
CTSRSRGDTQYF	TRBV7-2	NA	09/0256	NA	1
CTSSILAGGKDTQYF	TRBV1	NA	09/0256	NA	1
CTSSKRLRQGITEAFF	TRBV21-1	NA	09/0256	NA	1
CVCGPNGVDNQPQRF	TRBV7-2	NA	09/0256	NA	1
CVCSCRINRMNNEDYF	TRBV7-2	NA	09/0256	NA	1
CVRSLEGGGVGGYTF	TRBV5-1	NA	09/0256	NA	1
CVSSGLAGGASTDTQYF	TRBV7-9	NA	09/0256	NA	1
CVSSYSSGRGGETQYF	TRBV28	NA	09/0256	NA	1
CVYGCASSDESGENGEVLF	TRBV18	NA	09/0256	NA	1
CAISETYELPQYF	TRBV10-3	NA	09/0301	NA	1
CANTLRRVKDNSPLHF	TRBV5-1	NA	09/0301	NA	1
CASAQKGQYTGELFF	TRBV7-2	NA	09/0301	NA	3
CASGPGGTYEQYF	TRBV27	NA	09/0301	NA	1
CASKRVMNTEAFF	TRBV2	NA	09/0301	NA	1
CASMTSGGGDTQYF	TRBV25-1	NA	09/0301	NA	1
CASRGGEGGGNYNEQFF	TRBV10-1	NA	09/0301	NA	1
CASRGTVQETQYF	TRBV27	NA	09/0301	NA	1
CASRRAFAGELFF	TRBV5-1	NA	09/0301	NA	1
CASRSVKGSAKNIQYF	TRBV11-2	NA	09/0301	NA	1
CASSADRAKETQYF	TRBV7-2	NA	09/0301	NA	1
CASSAGRNTEAFF	TRBV27	NA	09/0301	NA	1
CASSEPRDRGGSSYEQYF	TRBV5-1	NA	09/0301	NA	1
CASSESRTDYEAFF	TRBV6-2	NA	09/0301	NA	1
CASSFRGLGEAFF	TRBV5-1	NA	09/0301	NA	1
CASSFTEGDTQYF	TRBV7-2	NA	09/0301	NA	1
CASSGPLAGGNTGELFF	TRBV10-2	NA	09/0301	NA	2
CASSGQGWVDEQFF	TRBV5-1	NA	09/0301	NA	1
CASSHRRTTDTQYF	TRBV7-8	NA	09/0301	NA	1
CASSLAGGGTEAFF	TRBV5-1	NA	09/0301	NA	1
CASSLANTEAFF	TRBV7-9	NA	09/0301	NA	1
CASSLDTGGSYNEQFF	TRBV5-1	NA	09/0301	NA	1
CASSLEGLATYNEQFF	TRBV5-4	NA	09/0301	NA	1
CASSLGGDTQYF	TRBV5-6	NA	09/0301	NA	1
CASSLGGWGRPGGQPQHF	TRBV7-2	NA	09/0301	NA	1
CASSLGLAGGYADTQYF	TRBV7-2	NA	09/0301	NA	1
CASSLGQGDDIQYF	TRBV5-1	NA	09/0301	NA	1
CASSLLGGMATDTQYF	TRBV5-1	NA	09/0301	NA	1
CASSLNGGMRTDTQYF	TRBV5-1	NA	09/0301	NA	1
CASSLNSNTGELFF	TRBV5-5	NA	09/0301	NA	3
CASSLRNTGELFF	TRBV25-1	NA	09/0301	NA	1
CASSLSPGGDGYTF	TRBV5-5	NA	09/0301	NA	1
CASSLVDRAGNTEAFF	TRBV5-4	NA	09/0301	NA	1
CASSLVYPGAGSYEQYF	TRBV5-1	NA	09/0301	NA	1
CASSPGLAAGDEQFF	TRBV5-1	NA	09/0301	NA	1
CASSPGQGPRKLHF	TRBV6-5	NA	09/0301	NA	1
CASSPKTGTRAYTDTQYF	TRBV4-3	NA	09/0301	NA	1
CASSPPSGADTQYF	TRBV18	NA	09/0301	NA	1
CASSQDSRGRGNEQFF	TRBV3-1	NA	09/0301	NA	1
CASSQGISVWGYTF	TRBV3-1	NA	09/0301	NA	1
CASSQYNGINYGYTF	TRBV3-1	NA	09/0301	NA	1
CASSSREGRDGYTF	TRBV5-1	NA	09/0301	NA	1
CASSTPGRLYGYTF	TRBV12-3	NA	09/0301	NA	1
CASSVRDFLYNEQFF	TRBV6-1	NA	09/0301	NA	1
CASSYAAGANTGELFF	TRBV6-5	NA	09/0301	NA	1
CASSYARTGRTGVSNQPQHF	TRBV7-8	NA	09/0301	NA	1
CASSYGRNTEAFF	TRBV6-5	NA	09/0301	NA	1
CASSYLGQDGGETQYF	TRBV5-1	NA	09/0301	NA	1
CASSYSRTGGMNTEAFF	TRBV6-5	NA	09/0301	NA	1
CASTDPLTSGGPLKSYNEQFF	TRBV9	NA	09/0301	NA	1
CASTHVRVPYYEQYF	TRBV7-2	NA	09/0301	NA	1
CASTLAGGGYNEQFF	TRBV6-1	NA	09/0301	NA	1
CATSRGGGTGEYGYTF	TRBV15	NA	09/0301	NA	1
CATSWEKAGERFAEAFF	TRBV7-3	NA	09/0301	NA	1
CAWRRDPAGGAFF	TRBV30	NA	09/0301	NA	1
CSAGRTEAFF	TRBV20-1	NA	09/0301	NA	2
CSAGSGSYNEQFF	TRBV20-1	NA	09/0301	NA	2
CSAKAGWGMSTEAFF	TRBV29-1	NA	09/0301	NA	1
CSARAGTGQFYTEAFF	TRBV20-1	NA	09/0301	NA	1
CSARDPTANSPLHF	TRBV20-1	NA	09/0301	NA	1
CSARDTLAKNIQYF	TRBV20-1	NA	09/0301	NA	1
CSARELAGGEDNEQFF	TRBV20-1	NA	09/0301	NA	1
CSARENTGELFF	TRBV20-1	NA	09/0301	NA	1
CSARETGRSGQPQHF	TRBV20-1	NA	09/0301	NA	1
CSARMSDRATEAFF	TRBV29-1	NA	09/0301	NA	1
CSARPQGGEETQYF	TRBV20-1	NA	09/0301	NA	1
CSARPQGREETQYF	TRBV20-1	NA	09/0301	NA	4
CSARTSGGGTGELFF	TRBV20-1	NA	09/0301	NA	1
CSARVDLAGGLDTQYF	TRBV20-1	NA	09/0301	NA	1
CSARVPNGFWGYTF	TRBV20-1	NA	09/0301	NA	1
CSASAGPLSTDTQYF	TRBV20-1	NA	09/0301	NA	1
CSASAPGLAGGPLYEQYF	TRBV20-1	NA	09/0301	NA	1
CSATQGMETQYF	TRBV20-1	NA	09/0301	NA	3
CSVEGPRTVYGYTF	TRBV29-1	NA	09/0301	NA	1
CSVERQGVNYGYTF	TRBV29-1	NA	09/0301	NA	1
CSVPQGSADTQYF	TRBV29-1	NA	09/0301	NA	1
CSVVSSGTGPYGYTF	TRBV29-1	NA	09/0301	NA	1
CSVYSQGLEAFF	TRBV29-1	NA	09/0301	NA	2
CACLLGGADNESFF	TRBV12-4	NA	09/0301	NA	1
CAGGLQGASTGGFF	TRBV7-8	NA	09/0301	NA	1
CAGGRHSYEQYF	TRBV30	NA	09/0301	NA	1
CAGRSPGGVTDTQYF	TRBV12-4	NA	09/0301	NA	1
CAGSGTGALLPETQYF	TRBV30	NA	09/0301	NA	1
CAGSPGGHGGTDTQYF	TRBV7-3	NA	09/0301	NA	1
CAIGGQPPNYGYTF	TRBV28	NA	09/0301	NA	2
CAIRPSRGTGELVF	TRBV7-2	NA	09/0301	NA	1
CAISDYPGQVDEQYF	TRBV10-3	NA	09/0301	NA	1
CAISQDSQGATEAFF	TRBV4-1	NA	09/0301	NA	1
CALHRGLNYGYPF	TRBV30	NA	09/0301	NA	1
CANGQAQRADGYNF	TRBV4-2	NA	09/0301	NA	1
CARGGETQYF	TRBV3-1	NA	09/0301	NA	1
CARRFGGGLFTQYF	TRBV7-2	NA	09/0301	NA	1
CARRLEGGTQYF	TRBV7-9	NA	09/0301	NA	1
CARSARRKEKLFF	TRBV19	NA	09/0301	NA	1
CARSRGGTETQYF	TRBV19	NA	09/0301	NA	1
CARSSLQGAKDTQYF	TRBV7-6	NA	09/0301	NA	1
CASAGTTGANVRTF	TRBV18	NA	09/0301	NA	1
CASAQRGQYTGERGF	TRBV7-2	NA	09/0301	NA	1
CASAQRTATQNTEAFF	TRBV19	NA	09/0301	NA	1
CASCLGTPPGVTQPQHF	TRBV5-5	NA	09/0301	NA	1
CASCLSGASSSTGELFF	TRBV7-2	NA	09/0301	NA	1
CASGCTGTGNAEEMFF	TRBV27	NA	09/0301	NA	1
CASGEKGQYNGELFF	TRBV7-2	NA	09/0301	NA	1
CASGELGTFAGNTIYF	TRBV6-1	NA	09/0301	NA	1
CASGGASGNEKLFF	TRBV2	NA	09/0301	NA	3
CASGGNRAEGYTF	TRBV5-4	NA	09/0301	NA	1
CASGKRYVGSNDQYF	TRBV7-9	NA	09/0301	NA	1
CASGPDPSNQPKHF	TRBV6-1	NA	09/0301	NA	1
CASGPDPSNQPQHF	TRBV6-1	NA	09/0301	NA	1
CASGPGRGAHYGDTF	TRBV7-2	NA	09/0301	NA	1
CASGPLQEGASPLHF	TRBV7-6	NA	09/0301	NA	1
CASGPRGPYTGELYF	TRBV7-2	NA	09/0301	NA	1
CASGREGATEAFF	TRBV5-1	NA	09/0301	NA	1
CASGRRSVASCGRYF	TRBV7-9	NA	09/0301	NA	1
CASGVTGQGLGGNEQFF	TRBV9	NA	09/0301	NA	1
CASILCGTGTEAFF	TRBV19	NA	09/0301	NA	1
CASILSGTGTEAFF	TRBV19	NA	09/0301	NA	1
CASILTEQGPLAYSNQPQHF	TRBV5-6	NA	09/0301	NA	1
CASILVPGLGYEQYF	TRBV7-2	NA	09/0301	NA	1
CASINAGTGTEAYF	TRBV19	NA	09/0301	NA	1
CASIVSPTSGSYNEQFF	TRBV27	NA	09/0301	NA	1
CASKDRDRGTYEQYF	TRBV19	NA	09/0301	NA	1
CASNPPATPYGYTF	TRBV6-6	NA	09/0301	NA	1
CASPWQGEETQYF	TRBV10-3	NA	09/0301	NA	1
CASRDRVIGELFF	TRBV5-1	NA	09/0301	NA	1
CASRERGPTDPQYF	TRBV6-1	NA	09/0301	NA	1
CASRGLKNTGELCF	TRBV2	NA	09/0301	NA	1
CASRHRGVRDEQCF	TRBV12-3	NA	09/0301	NA	1
CASRHRGVRDEQFF	TRBV12-3	NA	09/0301	NA	1
CASRLAGGPIDTQYF	TRBV5-6	NA	09/0301	NA	1
CASRLPGQSLAGELFF	TRBV10-2	NA	09/0301	NA	1
CASRMDRNTEAFF	TRBV6-4	NA	09/0301	NA	1
CASRPRPGVKLFF	TRBV27	NA	09/0301	NA	1
CASRPSSGPDTQYF	TRBV12-3	NA	09/0301	NA	1
CASRQSGGRDEQFF	TRBV12-3	NA	09/0301	NA	1
CASRSGTGRDSNQPQHF	TRBV27	NA	09/0301	NA	1
CASRSTTGLQSRHF	TRBV12-3	NA	09/0301	NA	1
CASSADRLNTEAFF	TRBV5-1	NA	09/0301	NA	1
CASSAEGGRGQPQHF	TRBV12-3	NA	09/0301	NA	1
CASSAGGTYNEQFF	TRBV19	NA	09/0301	NA	1
CASSAGPSGRKQFF	TRBV19	NA	09/0301	NA	1
CASSALAEYNEQFF	TRBV5-6	NA	09/0301	NA	1
CASSCGGATRGYTF	TRBV12-4	NA	09/0301	NA	1
CASSCPVELYF	TRBV7-6	NA	09/0301	NA	1
CASSDGLGQVNTEAFF	TRBV6-5	NA	09/0301	NA	1
CASSDGTSADTQDF	TRBV6-4	NA	09/0301	NA	1
CASSDGTSADTQYF	TRBV6-4	NA	09/0301	NA	2
CASSDRGNTGELFF	TRBV4-1	NA	09/0301	NA	1
CASSDRPGTSRGGYTF	TRBV10-2	NA	09/0301	NA	1
CASSDRTLKQPQHF	TRBV6-5	NA	09/0301	NA	1
CASSEARAKYF	TRBV6-1	NA	09/0301	NA	1
CASSEARAQYF	TRBV6-1	NA	09/0301	NA	3
CASSEGSGADAQYF	TRBV6-4	NA	09/0301	NA	1
CASSEGSQAGNTIYF	TRBV2	NA	09/0301	NA	1
CASSEPRATNEKLFF	TRBV25-1	NA	09/0301	NA	1
CASSERGNTGELFF	TRBV4-1	NA	09/0301	NA	1
CASSESDSNQPQHF	TRBV25-1	NA	09/0301	NA	1
CASSESGGQGGDQPQHF	TRBV25-1	NA	09/0301	NA	1
CASSEYPEGTEAFF	TRBV25-1	NA	09/0301	NA	1
CASSEYRVGNQPQHF	TRBV25-1	NA	09/0301	NA	1
CASSFGLADYNEQFF	TRBV6-6	NA	09/0301	NA	3
CASSFLDRAGGYTF	TRBV11-2	NA	09/0301	NA	1
CASSFNSKSTDTQYF	TRBV7-2	NA	09/0301	NA	1
CASSFPGRGRGYSGANVLTF	TRBV28	NA	09/0301	NA	1
CASSFPLMRQGYGNQPKHF	TRBV28	NA	09/0301	NA	1
CASSFPLMRQGYGNQPQHF	TRBV28	NA	09/0301	NA	1
CASSFPLMRQRYGNQPQHF	TRBV28	NA	09/0301	NA	1
CASSFRGQGDGYTF	TRBV12-3	NA	09/0301	NA	1
CASSFTSPDVTTTEAFF	TRBV6-5	NA	09/0301	NA	1
CASSGAEAQYF	TRBV6-1	NA	09/0301	NA	1
CASSGDGADTRYF	TRBV2	NA	09/0301	NA	1
CASSGDVGTAEQYF	TRBV25-1	NA	09/0301	NA	1
CASSGEVGTAEQYF	TRBV25-1	NA	09/0301	NA	1
CASSGGADGYEQYF	TRBV25-1	NA	09/0301	NA	1
CASSGGADGYGQYF	TRBV25-1	NA	09/0301	NA	1
CASSGGLAVIGADTQYF	TRBV5-1	NA	09/0301	NA	1
CASSGGTSGRNEQFF	TRBV5-4	NA	09/0301	NA	1
CASSGNMAEGYTF	TRBV5-4	NA	09/0301	NA	1
CASSGPLAGGNTGEMFF	TRBV10-2	NA	09/0301	NA	1
CASSGPLAVGNTGELFF	TRBV10-2	NA	09/0301	NA	1
CASSGSGGIHEQYF	TRBV25-1	NA	09/0301	NA	1
CASSHLAGGLNEQYF	TRBV6-4	NA	09/0301	NA	1
CASSIELTGEGYTF	TRBV19	NA	09/0301	NA	1
CASSILGEATDTQYF	TRBV19	NA	09/0301	NA	1
CASSILGQATDTQYF	TRBV19	NA	09/0301	NA	1
CASSKDFRGGGLWGANVLTF	TRBV15	NA	09/0301	NA	1
CASSKRSVSSYEQYF	TRBV7-9	NA	09/0301	NA	1
CASSKSTSGSSGANVLTF	TRBV6-1	NA	09/0301	NA	1
CASSLAAASGNTIYF	TRBV5-1	NA	09/0301	NA	1
CASSLAGGLFTQYF	TRBV7-2	NA	09/0301	NA	1
CASSLAGTGSYDEQFF	TRBV7-3	NA	09/0301	NA	1
CASSLAGTVTEELFF	TRBV5-1	NA	09/0301	NA	1
CASSLAGVIDQPQHF	TRBV5-6	NA	09/0301	NA	1
CASSLARGSGEQYF	TRBV7-6	NA	09/0301	NA	1
CASSLASQSRETQYF	TRBV7-2	NA	09/0301	NA	1
CASSLAYKGTVAYEQYF	TRBV7-2	NA	09/0301	NA	1
CASSLDLRTLDYGYTF	TRBV5-1	NA	09/0301	NA	1
CASSLDPRGTEAFF	TRBV7-2	NA	09/0301	NA	1
CASSLDRGETQPQHF	TRBV5-4	NA	09/0301	NA	1
CASSLEGGNTEAFF	TRBV5-4	NA	09/0301	NA	1
CASSLEGGTQYF	TRBV7-9	NA	09/0301	NA	1
CASSLFGTAQEIQYF	TRBV5-1	NA	09/0301	NA	1
CASSLFNQPQHF	TRBV28	NA	09/0301	NA	1
CASSLFTSATNEKLFF	TRBV5-1	NA	09/0301	NA	4
CASSLGGLAGGPRSYNEQFF	TRBV12-3	NA	09/0301	NA	1
CASSLGQGVNGYTF	TRBV12-4	NA	09/0301	NA	1
CASSLGRRLAGVFNEQFF	TRBV7-2	NA	09/0301	NA	1
CASSLGSHSQLEFF	TRBV7-2	NA	09/0301	NA	2
CASSLGTDTEAFF	TRBV5-1	NA	09/0301	NA	1
CASSLGTPRGVNQPQHF	TRBV5-5	NA	09/0301	NA	1
CASSLGTPRVVNQPQHF	TRBV5-5	NA	09/0301	NA	1
CASSLGVGSSYEQYF	TRBV27	NA	09/0301	NA	1
CASSLKPLGGLNNEQFF	TRBV11-2	NA	09/0301	NA	2
CASSLKPTRANTEAFF	TRBV5-1	NA	09/0301	NA	1
CASSLLDSSYNEQFF	TRBV9	NA	09/0301	NA	1
CASSLLRGRVQNYNEEFF	TRBV5-6	NA	09/0301	NA	1
CASSLLRGRVQNYNEQFF	TRBV5-6	NA	09/0301	NA	2
CASSLLTGVAEAFF	TRBV27	NA	09/0301	NA	1
CASSLLTGVSKETQYF	TRBV5-1	NA	09/0301	NA	1
CASSLPSTGAATEAFF	TRBV11-2	NA	09/0301	NA	1
CASSLQGASTEAFF	TRBV7-8	NA	09/0301	NA	3
CASSLTGELFF	TRBV7-6	NA	09/0301	NA	2
CASSLTGERFF	TRBV7-6	NA	09/0301	NA	1
CASSLTGQGPLAYSNQPHHF	TRBV5-6	NA	09/0301	NA	1
CASSLTGQGPLAYSNQPQHF	TRBV5-6	NA	09/0301	NA	1
CASSLTGTNTGELFF	TRBV7-2	NA	09/0301	NA	1
CASSLTTGVNTEAFF	TRBV27	NA	09/0301	NA	2
CASSLVLVYEQYF	TRBV11-2	NA	09/0301	NA	1
CASSLVPEGEQYF	TRBV5-1	NA	09/0301	NA	2
CASSLVPRQGVNRAGANVLTF	TRBV5-1	NA	09/0301	NA	1
CASSLVPVLGYEQYF	TRBV7-2	NA	09/0301	NA	1
CASSLVSGSRAQYF	TRBV7-2	NA	09/0301	NA	1
CASSLVTGTDTQYF	TRBV27	NA	09/0301	NA	1
CASSMPRTGGGQPQHF	TRBV19	NA	09/0301	NA	1
CASSMPRTWGGQPQHF	TRBV19	NA	09/0301	NA	1
CASSPAGDWANVYTF	TRBV7-3	NA	09/0301	NA	1
CASSPDRRAYEQYF	TRBV5-4	NA	09/0301	NA	1
CASSPDSRAYEQYF	TRBV5-4	NA	09/0301	NA	1
CASSPFYARGATLGTQYF	TRBV7-6	NA	09/0301	NA	1
CASSPGAVKDNNQPQHF	TRBV18	NA	09/0301	NA	1
CASSPGAVNDNNQPQHF	TRBV18	NA	09/0301	NA	1
CASSPGGRDTQYF	TRBV7-2	NA	09/0301	NA	1
CASSPIAWSSLYEQYF	TRBV11-2	NA	09/0301	NA	1
CASSPKIQGGETQYF	TRBV19	NA	09/0301	NA	1
CASSPLAGAPNEQFF	TRBV27	NA	09/0301	NA	1
CASSPLAGQETQYF	TRBV18	NA	09/0301	NA	3
CASSPPGRGPNTEAFF	TRBV18	NA	09/0301	NA	1
CASSPPRGTGELFF	TRBV7-2	NA	09/0301	NA	2
CASSPPTGDTQYF	TRBV19	NA	09/0301	NA	1
CASSPQGATEAFF	TRBV5-1	NA	09/0301	NA	1
CASSPQPDTQYF	TRBV21-1	NA	09/0301	NA	1
CASSPRAGGGNEQFF	TRBV5-1	NA	09/0301	NA	1
CASSPRAGGGNEQYF	TRBV5-1	NA	09/0301	NA	1
CASSPRGFRDTYEQYF	TRBV11-2	NA	09/0301	NA	1
CASSPRGGGTDTQYF	TRBV12-3	NA	09/0301	NA	1
CASSPRRADAYNEQFF	TRBV27	NA	09/0301	NA	1
CASSPRTGGWSYEQYF	TRBV27	NA	09/0301	NA	1
CASSPSPGTGDYTEAFF	TRBV19	NA	09/0301	NA	1
CASSPSRGGNEQYF	TRBV18	NA	09/0301	NA	1
CASSQAGAEAFF	TRBV3-1	NA	09/0301	NA	1
CASSQAGGFPNTGELFF	TRBV18	NA	09/0301	NA	1
CASSQARGGNEKFF	TRBV4-2	NA	09/0301	NA	1
CASSQARGGNEQFF	TRBV4-2	NA	09/0301	NA	2
CASSQDITLPLRGQYF	TRBV4-3	NA	09/0301	NA	1
CASSQDLGNIQYF	TRBV4-1	NA	09/0301	NA	1
CASSQDRIAGVMYEQYF	TRBV3-1	NA	09/0301	NA	1
CASSQDTALAGGTDTQYF	TRBV4-2	NA	09/0301	NA	1
CASSQDTALGGGTDTQYF	TRBV4-2	NA	09/0301	NA	1
CASSQEDRNYGYTF	TRBV4-1	NA	09/0301	NA	1
CASSQEPQGYEQYF	TRBV4-1	NA	09/0301	NA	1
CASSQGGTGAIEQYF	TRBV4-2	NA	09/0301	NA	1
CASSQGLLNTEAFF	TRBV4-3	NA	09/0301	NA	1
CASSQGRAGGLGRETQYF	TRBV3-1	NA	09/0301	NA	1
CASSQPWESSYEQYF	TRBV7-6	NA	09/0301	NA	1
CASSQRGTDTQYF	TRBV3-1	NA	09/0301	NA	2
CASSQVGQLTSGNNEQFF	TRBV4-1	NA	09/0301	NA	1
CASSQVPNQPQHF	TRBV3-1	NA	09/0301	NA	1
CASSRGGLVHISNEQFF	TRBV4-1	NA	09/0301	NA	1
CASSRGGTETQYF	TRBV19	NA	09/0301	NA	2
CASSRGQGSAYEQYF	TRBV21-1	NA	09/0301	NA	1
CASSRGTSGSEAYEQYF	TRBV3-1	NA	09/0301	NA	1
CASSRRYSNQPQHF	TRBV28	NA	09/0301	NA	1
CASSRSPGEGTEAFF	TRBV5-1	NA	09/0301	NA	1
CASSRSTGEGTEAFF	TRBV5-1	NA	09/0301	NA	2
CASSRTGGADTEAVF	TRBV5-1	NA	09/0301	NA	1
CASSRTGSKEQFF	TRBV6-5	NA	09/0301	NA	1
CASSRTGSNEQFF	TRBV6-5	NA	09/0301	NA	1
CASSSLQGAKDTQYF	TRBV7-6	NA	09/0301	NA	1
CASSSMRSNTGELFF	TRBV5-4	NA	09/0301	NA	1
CASSSPTEYYGYTF	TRBV28	NA	09/0301	NA	2
CASSSQRLAGGETQYF	TRBV5-1	NA	09/0301	NA	1
CASSSRDSYEQYF	TRBV27	NA	09/0301	NA	1
CASSSSRDHYEQYF	TRBV5-4	NA	09/0301	NA	1
CASSSSRYTQYF	TRBV5-1	NA	09/0301	NA	1
CASSSSSSGNTIYF	TRBV2	NA	09/0301	NA	1
CASSSSTVTSYGASF	TRBV5-1	NA	09/0301	NA	1
CASSSTTGTTYGYTF	TRBV5-1	NA	09/0301	NA	1
CASSTGTGEARNKQYF	TRBV11-3	NA	09/0301	NA	1
CASSTWTGLGYMQYF	TRBV5-1	NA	09/0301	NA	1
CASSVDAGSYGYTF	TRBV5-1	NA	09/0301	NA	1
CASSVDTGGSYNEQFF	TRBV5-1	NA	09/0301	NA	1
CASSVEGGTQYF	TRBV7-9	NA	09/0301	NA	1
CASSVFGGEQNTQYF	TRBV9	NA	09/0301	NA	1
CASSVFTSATNEKLFF	TRBV5-1	NA	09/0301	NA	1
CASSVGTLYGYTF	TRBV25-1	NA	09/0301	NA	1
CASSVGVGCSTETEYF	TRBV9	NA	09/0301	NA	1
CASSVGVGSSTDTQYF	TRBV9	NA	09/0301	NA	1
CASSVGVGSSYEQYF	TRBV27	NA	09/0301	NA	1
CASSVLTGRTDTQYF	TRBV9	NA	09/0301	NA	2
CASSVNGPGYGYTF	TRBV5-6	NA	09/0301	NA	1
CASSVYGQGAETQYF	TRBV7-2	NA	09/0301	NA	1
CASSWAGGDEQYF	TRBV27	NA	09/0301	NA	1
CASSWDGDANYGYTF	TRBV5-1	NA	09/0301	NA	1
CASSWEASGANVLTF	TRBV5-1	NA	09/0301	NA	1
CASSWLAGGPNTGELFF	TRBV6-2	NA	09/0301	NA	1
CASSWTPNTEAFF	TRBV7-2	NA	09/0301	NA	1
CASSYFGGIQPQHF	TRBV5-1	NA	09/0301	NA	1
CASSYFGGNQPQHF	TRBV5-1	NA	09/0301	NA	1
CASSYGPKSGSLNTGELFF	TRBV6-6	NA	09/0301	NA	2
CASSYGRVAGGLYNEQFF	TRBV6-5	NA	09/0301	NA	1
CASSYPPFGTQYF	TRBV6-5	NA	09/0301	NA	1
CASSYPRRTGNIHYGYTF	TRBV6-2	NA	09/0301	NA	1
CASSYSSTNEKLFF	TRBV6-6	NA	09/0301	NA	1
CASTAVGNSPLHF	TRBV28	NA	09/0301	NA	1
CASTDRDQPQHF	TRBV19	NA	09/0301	NA	1
CASTKEGGPTIEAFF	TRBV21-1	NA	09/0301	NA	1
CASTPFRDTSYNEQFF	TRBV7-9	NA	09/0301	NA	1
CASTSDRSTYEQYF	TRBV25-1	NA	09/0301	NA	1
CASTSVRNSPLHF	TRBV28	NA	09/0301	NA	1
CATGGASGNEKMFF	TRBV2	NA	09/0301	NA	1
CATKDPDHYNEQFF	TRBV6-1	NA	09/0301	NA	1
CATRRSRVRNNEALF	TRBV15	NA	09/0301	NA	1
CATSCGADTQYF	TRBV6-1	NA	09/0301	NA	1
CATSDFGRGYTGELFF	TRBV24-1	NA	09/0301	NA	1
CATSDFPAGEMNNQPQHF	TRBV24-1	NA	09/0301	NA	1
CATSFGADTQYF	TRBV6-1	NA	09/0301	NA	1
CATSNFGGNQPQHF	TRBV5-1	NA	09/0301	NA	1
CATSRDFRGGGLWGANVLTF	TRBV15	NA	09/0301	NA	1
CATSRQGSSPLHF	TRBV15	NA	09/0301	NA	1
CATSRQGTSEAFF	TRBV15	NA	09/0301	NA	1
CATSRQGTTEAFF	TRBV15	NA	09/0301	NA	2
CATSRQGTTEAQFF	TRBV15	NA	09/0301	NA	1
CATSSAGARGTQYF	TRBV15	NA	09/0301	NA	1
CATSSAGTRGTQYF	TRBV15	NA	09/0301	NA	1
CATSSLDYPQYF	TRBV15	NA	09/0301	NA	1
CAWCGTDGNTRYF	TRBV30	NA	09/0301	NA	1
CAWDRGLTDTEAFF	TRBV30	NA	09/0301	NA	1
CAWGVGGVGNNDAFF	TRBV30	NA	09/0301	NA	1
CAWGVNSNQPQHF	TRBV30	NA	09/0301	NA	1
CAWKIRGWAGELFF	TRBV30	NA	09/0301	NA	1
CAWNGGREAFF	TRBV30	NA	09/0301	NA	1
CAWSGQGKASYGYTF	TRBV30	NA	09/0301	NA	1
CAWSGTGAPLQETQYF	TRBV30	NA	09/0301	NA	1
CAWSGTRPYEQYF	TRBV30	NA	09/0301	NA	1
CAWSRDISNSPLHF	TRBV30	NA	09/0301	NA	1
CAWSSQVHYGYTF	TRBV30	NA	09/0301	NA	1
CDSGSTGALFGEAMNAEAFF	TRBV7-2	NA	09/0301	NA	1
CDSSLKGASTEAFF	TRBV7-8	NA	09/0301	NA	1
CGLDGEGSDGQIF	TRBV29-1	NA	09/0301	NA	1
CGSRAPRGSGEMCF	TRBV7-2	NA	09/0301	NA	1
CGSRRGGTETQYF	TRBV19	NA	09/0301	NA	1
CGSSLQGASKEAFF	TRBV7-8	NA	09/0301	NA	1
CRAGRISGANVLTF	TRBV20-1	NA	09/0301	NA	1
CRAQLSGGVRDTQYF	TRBV20-1	NA	09/0301	NA	1
CRARDRGRAQETQYF	TRBV20-1	NA	09/0301	NA	1
CRARPRTGPGGYGYTF	TRBV20-1	NA	09/0301	NA	1
CRASDRGRSSGNTIYF	TRBV20-1	NA	09/0301	NA	1
CRAYRGINAPHHF	TRBV20-1	NA	09/0301	NA	1
CRGDRLTGGEQYF	TRBV20-1	NA	09/0301	NA	1
CSAAPGTSGRDEQYF	TRBV20-1	NA	09/0301	NA	1
CSAEGSSHSNQPQHF	TRBV20-1	NA	09/0301	NA	1
CSAFPGQGLSNQTQRF	TRBV20-1	NA	09/0301	NA	1
CSAGGTSGELFF	TRBV20-1	NA	09/0301	NA	1
CSAGIAGTNTGYLFF	TRBV20-1	NA	09/0301	NA	1
CSAGPGTHSNQPQHF	TRBV20-1	NA	09/0301	NA	1
CSAIERQGAYDTQYF	TRBV20-1	NA	09/0301	NA	1
CSAIVSRGAFTGELFF	TRBV20-1	NA	09/0301	NA	1
CSALGSVNAATQYF	TRBV20-1	NA	09/0301	NA	1
CSALPGQGLSNQPQHF	TRBV20-1	NA	09/0301	NA	2
CSALRFDAVNTEAFF	TRBV20-1	NA	09/0301	NA	1
CSALVTGIGEQYF	TRBV20-1	NA	09/0301	NA	1
CSAPGGQGEGSSYEQYF	TRBV20-1	NA	09/0301	NA	1
CSAPKFPRVYEQYF	TRBV20-1	NA	09/0301	NA	1
CSAQLSGGVRDTQYF	TRBV20-1	NA	09/0301	NA	1
CSARASIYGYTF	TRBV20-1	NA	09/0301	NA	1
CSARDADRGREELFF	TRBV20-1	NA	09/0301	NA	1
CSARDGGDRAYNSPLHF	TRBV20-1	NA	09/0301	NA	1
CSARDLGTDNEKLFF	TRBV20-1	NA	09/0301	NA	1
CSARDLYGYTF	TRBV20-1	NA	09/0301	NA	1
CSARDQLGYEQYF	TRBV20-1	NA	09/0301	NA	1
CSARDSRGSSPLHF	TRBV20-1	NA	09/0301	NA	1
CSARDSWIAMNTEAFF	TRBV20-1	NA	09/0301	NA	1
CSAREGDYEQYF	TRBV20-1	NA	09/0301	NA	2
CSAREWDRVSPITDTQYF	TRBV20-1	NA	09/0301	NA	1
CSAREWGGSDQPQHF	TRBV20-1	NA	09/0301	NA	1
CSARGIRDIETYEQYF	TRBV20-1	NA	09/0301	NA	1
CSARGLRGSGNTIYF	TRBV20-1	NA	09/0301	NA	1
CSARGSVNAATQYF	TRBV20-1	NA	09/0301	NA	1
CSARIAGTNTGELFF	TRBV20-1	NA	09/0301	NA	1
CSARIAGTNTGEMFF	TRBV20-1	NA	09/0301	NA	1
CSARNPRGPDQPQHF	TRBV20-1	NA	09/0301	NA	1
CSARPQGREETKYF	TRBV20-1	NA	09/0301	NA	1
CSARRGSYKSPLHF	TRBV20-1	NA	09/0301	NA	1
CSARRTGGPTEAFF	TRBV20-1	NA	09/0301	NA	1
CSARRVRNQNYGYTF	TRBV20-1	NA	09/0301	NA	1
CSARVGGAPSTDTQYF	TRBV20-1	NA	09/0301	NA	1
CSASGTSGRNSVGEQFF	TRBV20-1	NA	09/0301	NA	1
CSASGTSYEQYF	TRBV20-1	NA	09/0301	NA	2
CSASIGEKLFF	TRBV20-1	NA	09/0301	NA	1
CSASPGTQSNQPQHF	TRBV20-1	NA	09/0301	NA	1
CSASVWGRNYGYTF	TRBV20-1	NA	09/0301	NA	1
CSATDFYNEQFF	TRBV20-1	NA	09/0301	NA	1
CSATDSRGSSPQYF	TRBV20-1	NA	09/0301	NA	1
CSAYGASGSQETQYF	TRBV20-1	NA	09/0301	NA	1
CSCRHPGLARTDTQYF	TRBV20-1	NA	09/0301	NA	1
CSFARGGEREQYF	TRBV29-1	NA	09/0301	NA	1
CSGDRLTGGEQYF	TRBV20-1	NA	09/0301	NA	1
CSGERLTGGEQYF	TRBV20-1	NA	09/0301	NA	1
CSGGGGSEPQHF	TRBV20-1	NA	09/0301	NA	1
CSGHRQTGEEQYF	TRBV20-1	NA	09/0301	NA	1
CSGTENTEAFF	TRBV29-1	NA	09/0301	NA	1
CSSSPRAGGVNEQFF	TRBV5-1	NA	09/0301	NA	1
CSVAPGNTEAFF	TRBV29-1	NA	09/0301	NA	1
CSVASGQVNNGELFF	TRBV29-1	NA	09/0301	NA	1
CSVEDRSSYEQYF	TRBV29-1	NA	09/0301	NA	1
CSVEGGPKGTDTKYF	TRBV29-1	NA	09/0301	NA	1
CSVEGGPTGTDTQYF	TRBV29-1	NA	09/0301	NA	1
CSVELVAGQNIQYF	TRBV29-1	NA	09/0301	NA	1
CSVEVYGGGGSGSYNEQFF	TRBV29-1	NA	09/0301	NA	1
CSVGGGSQPQHF	TRBV20-1	NA	09/0301	NA	1
CSVGQGGYNEQFF	TRBV29-1	NA	09/0301	NA	1
CSVHGGGVRNYNAQFF	TRBV29-1	NA	09/0301	NA	1
CSVHRRGVRNYNEQFF	TRBV29-1	NA	09/0301	NA	1
CSVIQGDIQYF	TRBV20-1	NA	09/0301	NA	1
CSVKGQGPGTQYF	TRBV29-1	NA	09/0301	NA	1
CSVLSSTGGGYGYTF	TRBV29-1	NA	09/0301	NA	1
CSVNGQGSEKLFF	TRBV29-1	NA	09/0301	NA	1
CSVRMCYARHEKLFF	TRBV29-1	NA	09/0301	NA	1
CSVSRTRQQTQYF	TRBV20-1	NA	09/0301	NA	1
CSVVGCGQSRTDTQYF	TRBV29-1	NA	09/0301	NA	1
CSVVGFGQSRTDTQYF	TRBV29-1	NA	09/0301	NA	1
CSVYGQESGELFF	TRBV29-1	NA	09/0301	NA	1
CSVYGQGNEKLFF	TRBV29-1	NA	09/0301	NA	1
CSVYGQGSEKLFF	TRBV29-1	NA	09/0301	NA	5
CSVYVQWREKLFF	TRBV29-1	NA	09/0301	NA	1
CSVYWDRFGTGELFF	TRBV29-1	NA	09/0301	NA	2
CTSSLGPTGLRYEQYF	TRBV5-1	NA	09/0301	NA	1
CVCGGGLLANNSQYF	TRBV4-1	NA	09/0301	NA	1
CVCNQVDRASTGELFF	TRBV27	NA	09/0301	NA	1
CVGSLGAGGGTDTQYF	TRBV5-1	NA	09/0301	NA	1
CASGGLATDTQYF	TRBV9	NA	09/0318	NA	1
CASGGPDGNEKLFF	TRBV2	NA	09/0318	NA	1
CASKLAGGIGELFF	TRBV25-1	NA	09/0318	NA	3
CASKVRQGANTGELFF	TRBV2	NA	09/0318	NA	2
CASLQGQGFSEQYF	TRBV2	NA	09/0318	NA	3
CASQRTAHIGELFF	TRBV6-5	NA	09/0318	NA	1
CASRGAGAWNEQFF	TRBV25-1	NA	09/0318	NA	3
CASRGGEGGGNYNEQFF	TRBV10-1	NA	09/0318	NA	1
CASRGVDRGLYQETQYF	TRBV27	NA	09/0318	NA	1
CASRKIQGSTGELFF	TRBV27	NA	09/0318	NA	1
CASRPRTGNEGMNTEAFF	TRBV19	NA	09/0318	NA	2
CASRTQGGGTEAFF	TRBV5-1	NA	09/0318	NA	1
CASSDSTDTQYF	TRBV25-1	NA	09/0318	NA	2
CASSESLPSSGANVLTF	TRBV10-2	NA	09/0318	NA	1
CASSETTGPRYYTF	TRBV10-2	NA	09/0318	NA	1
CASSEVGDNSPLHF	TRBV2	NA	09/0318	NA	1
CASSFGRGEETQYF	TRBV5-1	NA	09/0318	NA	1
CASSFNRGDRENIQYF	TRBV5-1	NA	09/0318	NA	1
CASSFPSSGSNNEQFF	TRBV7-2	NA	09/0318	NA	1
CASSFQRGGGETQYF	TRBV7-2	NA	09/0318	NA	1
CASSFRYGDEAFF	TRBV5-4	NA	09/0318	NA	2
CASSIGVYNEQFF	TRBV19	NA	09/0318	NA	1
CASSLDDRDYGYTF	TRBV5-1	NA	09/0318	NA	1
CASSLDGTGTTLHF	TRBV5-4	NA	09/0318	NA	2
CASSLFSGTQYF	TRBV5-1	NA	09/0318	NA	1
CASSLFVTPRQGKNTEAFF	TRBV5-5	NA	09/0318	NA	1
CASSLGALRGGARWEQYF	TRBV7-8	NA	09/0318	NA	1
CASSLGGDGYTF	TRBV5-1	NA	09/0318	NA	1
CASSLGSSGQGNTGELFF	TRBV11-2	NA	09/0318	NA	1
CASSLGVWETQYF	TRBV7-6	NA	09/0318	NA	1
CASSLPGGNIQYF	TRBV27	NA	09/0318	NA	1
CASSLRGVSWETQYF	TRBV11-2	NA	09/0318	NA	1
CASSLRPIPSEAFF	TRBV27	NA	09/0318	NA	1
CASSLTGVAKNIQYF	TRBV27	NA	09/0318	NA	1
CASSLVATTRGTEAFF	TRBV7-2	NA	09/0318	NA	1
CASSLYADSNQPQHF	TRBV7-2	NA	09/0318	NA	1
CASSPAGATYNEQFF	TRBV5-1	NA	09/0318	NA	2
CASSPAGGNIQYF	TRBV5-1	NA	09/0318	NA	1
CASSPFWGTGELFF	TRBV27	NA	09/0318	NA	1
CASSPGDGNTEAFF	TRBV27	NA	09/0318	NA	1
CASSPGPGLAQYNEQFF	TRBV28	NA	09/0318	NA	1
CASSPGQNTEKLFF	TRBV5-8	NA	09/0318	NA	2
CASSPGTAKTEAFF	TRBV5-1	NA	09/0318	NA	1
CASSPKGGQGAHEQYF	TRBV25-1	NA	09/0318	NA	9
CASSPLTGEGEKLFF	TRBV5-1	NA	09/0318	NA	1
CASSPSAGLAGDTGELFF	TRBV18	NA	09/0318	NA	1
CASSPSGTGVKNIQYF	TRBV7-2	NA	09/0318	NA	1
CASSPWTSGDNEQFF	TRBV12-3	NA	09/0318	NA	1
CASSQAYEQYF	TRBV3-1	NA	09/0318	NA	3
CASSQGAGGNTEAFF	TRBV3-1	NA	09/0318	NA	1
CASSQQGAAGYNEQFF	TRBV3-1	NA	09/0318	NA	1
CASSRDTGVPNQPQHF	TRBV4-1	NA	09/0318	NA	2
CASSSASTGELFF	TRBV7-2	NA	09/0318	NA	1
CASSSDRAGGHEQYF	TRBV7-2	NA	09/0318	NA	1
CASSSFRTDTQYF	TRBV11-3	NA	09/0318	NA	1
CASSSHRTPLHF	TRBV5-4	NA	09/0318	NA	2
CASSSQGATDTQYF	TRBV5-4	NA	09/0318	NA	2
CASSSRTWPHLNTEAFF	TRBV9	NA	09/0318	NA	1
CASSSTRLAVYEQYF	TRBV27	NA	09/0318	NA	1
CASSVDQETQYF	TRBV9	NA	09/0318	NA	1
CASSVRDRGLGEQFF	TRBV5-1	NA	09/0318	NA	1
CASSYRGADTGELFF	TRBV3-1	NA	09/0318	NA	1
CASTLTGHTGELFF	TRBV6-2	NA	09/0318	NA	1
CASTNNQIGDTQYF	TRBV6-2	NA	09/0318	NA	1
CASTRRSEAFF	TRBV30	NA	09/0318	NA	3
CATQRQGNKANVLTF	TRBV25-1	NA	09/0318	NA	2
CATSRDNQPQHF	TRBV15	NA	09/0318	NA	1
CAWSRGERGGLEQFF	TRBV30	NA	09/0318	NA	1
CAWSVQGKASYGYTF	TRBV30	NA	09/0318	NA	1
CSAEPRDTQYF	TRBV20-1	NA	09/0318	NA	1
CSAGDRSSGNTIYF	TRBV20-1	NA	09/0318	NA	1
CSAGTGGGGYTF	TRBV20-1	NA	09/0318	NA	1
CSALQATQYF	TRBV20-1	NA	09/0318	NA	1
CSALSPGLAGARDEQFF	TRBV20-1	NA	09/0318	NA	1
CSALSPGLAGGPATQYF	TRBV20-1	NA	09/0318	NA	2
CSAPLRPALHF	TRBV20-1	NA	09/0318	NA	1
CSAPSGPGTSSSYNEQFF	TRBV20-1	NA	09/0318	NA	1
CSARAPGLAGFNEQFF	TRBV20-1	NA	09/0318	NA	1
CSARDSERGSYTDTQYF	TRBV20-1	NA	09/0318	NA	1
CSARDYAVHTEAFF	TRBV20-1	NA	09/0318	NA	1
CSARETPGTGDTGELCF	TRBV20-1	NA	09/0318	NA	1
CSARGGGTGIAGELFF	TRBV20-1	NA	09/0318	NA	1
CSARGGRGYNSPLHF	TRBV20-1	NA	09/0318	NA	1
CSARGTSGVQYF	TRBV20-1	NA	09/0318	NA	1
CSARILQVNYGYTF	TRBV20-1	NA	09/0318	NA	1
CSARKGGRGNTIYF	TRBV20-1	NA	09/0318	NA	1
CSARKQALSNEQFF	TRBV20-1	NA	09/0318	NA	1
CSARSGSKNIQYF	TRBV20-1	NA	09/0318	NA	1
CSARSPGLAGYNEQFF	TRBV20-1	NA	09/0318	NA	1
CSARSSWAPGELFF	TRBV20-1	NA	09/0318	NA	1
CSARTGTSDTQYF	TRBV20-1	NA	09/0318	NA	1
CSARTSGRETQYF	TRBV20-1	NA	09/0318	NA	1
CSASDTRYYGYTF	TRBV20-1	NA	09/0318	NA	1
CSASFSSGSTDTQYF	TRBV20-1	NA	09/0318	NA	1
CSASKGTGIEGHEQYF	TRBV20-1	NA	09/0318	NA	1
CSASQGAGANVLTF	TRBV20-1	NA	09/0318	NA	4
CSASRPGGAYEQYF	TRBV20-1	NA	09/0318	NA	1
CSASSGLAGLNTGELFF	TRBV20-1	NA	09/0318	NA	1
CSASVDGDGYTF	TRBV20-1	NA	09/0318	NA	1
CSASWGGELFF	TRBV20-1	NA	09/0318	NA	2
CSATDRGLNEQFF	TRBV29-1	NA	09/0318	NA	1
CSATDTGELFF	TRBV20-1	NA	09/0318	NA	3
CSAVREREKLFF	TRBV29-1	NA	09/0318	NA	3
CSGRFGTGGNIQYF	TRBV20-1	NA	09/0318	NA	1
CSTNGGPEAFF	TRBV29-1	NA	09/0318	NA	1
CSVAPGWGMNTEAFF	TRBV29-1	NA	09/0318	NA	2
CSVEEGMNTEAFF	TRBV29-1	NA	09/0318	NA	1
CSVEGGAGTDTQYF	TRBV29-1	NA	09/0318	NA	1
CSVITGTAGNTIYF	TRBV29-1	NA	09/0318	NA	2
CSVREFTYEQYF	TRBV29-1	NA	09/0318	NA	1
CSVSGENEQYF	TRBV29-1	NA	09/0318	NA	1
CSYLVWDQETQYF	TRBV20-1	NA	09/0318	NA	1
CACSFGRGEETQYF	TRBV5-1	NA	09/0318	NA	1
CAGAAGGYEQYF	TRBV30	NA	09/0318	NA	2
CAGGGGCTEAFF	TRBV7-2	NA	09/0318	NA	1
CAGSETSGRGNEQFF	TRBV7-2	NA	09/0318	NA	2
CAGSLGRAGELFF	TRBV7-2	NA	09/0318	NA	1
CAGSLMRGVTDTQYF	TRBV7-2	NA	09/0318	NA	1
CAGSPVWGPLNEQFF	TRBV19	NA	09/0318	NA	1
CAGSSQGHGELFF	TRBV5-1	NA	09/0318	NA	1
CAGSSRQFNQPQHF	TRBV12-3	NA	09/0318	NA	1
CAIGGQAYGYTF	TRBV10-3	NA	09/0318	NA	1
CAIGGTRGETQYF	TRBV10-3	NA	09/0318	NA	1
CAILQGQGFSEQYF	TRBV2	NA	09/0318	NA	1
CAIRPSGQNTEAFF	TRBV10-3	NA	09/0318	NA	1
CAIRTMLPGALGGELFF	TRBV10-3	NA	09/0318	NA	1
CAISDKSSSLSVYNDLFF	TRBV25-1	NA	09/0318	NA	1
CAISDSDSSYEQYF	TRBV10-3	NA	09/0318	NA	1
CAISEFAGDRNQPQHF	TRBV10-3	NA	09/0318	NA	1
CAISEPRQGNEQFF	TRBV10-3	NA	09/0318	NA	1
CAISVAGVTDTQYF	TRBV10-3	NA	09/0318	NA	1
CAISVQRGCGETQYF	TRBV7-2	NA	09/0318	NA	1
CAITQTGGISSSGNTIYF	TRBV10-3	NA	09/0318	NA	1
CAPSSAGAWNEQFF	TRBV24-1	NA	09/0318	NA	1
CARGDYEQYF	TRBV2	NA	09/0318	NA	1
CARQARGTQYF	TRBV7-2	NA	09/0318	NA	1
CARRPPRGTETQYF	TRBV5-1	NA	09/0318	NA	1
CARSITGGTDTQYF	TRBV19	NA	09/0318	NA	1
CARSLHQSGRLHF	TRBV27	NA	09/0318	NA	1
CARSLKAKEQFF	TRBV28	NA	09/0318	NA	1
CARSTRLAGTLSYNEQFF	TRBV7-8	NA	09/0318	NA	1
CARSVAAFIGDEQFF	TRBV9	NA	09/0318	NA	1
CARSVPGGTGGISNQPQHF	TRBV7-2	NA	09/0318	NA	1
CASADRAKGYTF	TRBV6-2	NA	09/0318	NA	1
CASALQGGSYNEQFF	TRBV18	NA	09/0318	NA	1
CASFSTGTRQETQYF	TRBV5-1	NA	09/0318	NA	1
CASGDRGPNTGELFF	TRBV5-1	NA	09/0318	NA	1
CASGFMAGKNTGELFF	TRBV12-5	NA	09/0318	NA	1
CASGLAEGNEQFF	TRBV10-2	NA	09/0318	NA	1
CASGLDGRAQETQYF	TRBV5-1	NA	09/0318	NA	1
CASGLDSGFYGYTF	TRBV12-5	NA	09/0318	NA	1
CASGLVRAGELFF	TRBV7-2	NA	09/0318	NA	1
CASGNSGNSPLHF	TRBV9	NA	09/0318	NA	1
CASGRRVATETQFF	TRBV5-4	NA	09/0318	NA	1
CASHRPHGQETQYF	TRBV2	NA	09/0318	NA	1
CASIFYSAGGPTDTQYF	TRBV27	NA	09/0318	NA	1
CASIQERGSRGGTDTQYF	TRBV4-1	NA	09/0318	NA	1
CASITGTGDHQPQHF	TRBV25-1	NA	09/0318	NA	1
CASIWFSGTQYF	TRBV5-1	NA	09/0318	NA	1
CASLKGQGFSEQYF	TRBV2	NA	09/0318	NA	1
CASNLMGNKTFF	TRBV25-1	NA	09/0318	NA	1
CASNRGSYTDKQYF	TRBV5-1	NA	09/0318	NA	1
CASNRGSYTDTQYF	TRBV5-1	NA	09/0318	NA	2
CASPEVEVNTEAFF	TRBV5-1	NA	09/0318	NA	1
CASPRGGQNGYTF	TRBV28	NA	09/0318	NA	1
CASRFGSSYEQYF	TRBV5-6	NA	09/0318	NA	1
CASRGGLGEANMQYF	TRBV27	NA	09/0318	NA	1
CASRGTGGAYNEQFF	TRBV27	NA	09/0318	NA	1
CASRKARSSDNSPLHF	TRBV6-6	NA	09/0318	NA	1
CASRKMGTLPGSNQTQHF	TRBV2	NA	09/0318	NA	1
CASRLDRSPTDTQYF	TRBV6-2	NA	09/0318	NA	1
CASRLGRKVGYTF	TRBV28	NA	09/0318	NA	1
CASRLMAGGQETQYF	TRBV7-2	NA	09/0318	NA	1
CASRLNTEAFF	TRBV27	NA	09/0318	NA	1
CASRLWGAAYNEQFF	TRBV27	NA	09/0318	NA	1
CASRLWGQGRGNQYF	TRBV7-8	NA	09/0318	NA	1
CASRPGGADEELFF	TRBV12-3	NA	09/0318	NA	1
CASRPGGANENLFF	TRBV12-3	NA	09/0318	NA	1
CASRPGGNTEAFF	TRBV19	NA	09/0318	NA	1
CASRPGQGWQPQHF	TRBV6-5	NA	09/0318	NA	1
CASRPKGGQGAHEQYF	TRBV25-1	NA	09/0318	NA	1
CASRPRKGPDTQYF	TRBV28	NA	09/0318	NA	1
CASRPRPGNVGMNTEAFF	TRBV19	NA	09/0318	NA	1
CASRPRVTDTQYF	TRBV6-5	NA	09/0318	NA	1
CASRPSGISFNNEQFF	TRBV2	NA	09/0318	NA	1
CASRPSLGQEKQETQYF	TRBV6-6	NA	09/0318	NA	1
CASRQGPRNYGYTF	TRBV6-5	NA	09/0318	NA	2
CASRRGAGEKLFF	TRBV27	NA	09/0318	NA	1
CASRRGGFHNEQFF	TRBV10-2	NA	09/0318	NA	1
CASRRKTGGLDSNNEQCF	TRBV4-2	NA	09/0318	NA	1
CASRRLTNTEAFF	TRBV4-1	NA	09/0318	NA	1
CASRRQGYSYNEQFF	TRBV5-6	NA	09/0318	NA	1
CASRRQPPDSDTQYF	TRBV5-1	NA	09/0318	NA	1
CASRRQPPESDTQYF	TRBV5-1	NA	09/0318	NA	1
CASRRQQETQYF	TRBV12-3	NA	09/0318	NA	2
CASRSKQGLGTYNEQFF	TRBV12-2	NA	09/0318	NA	1
CASRTTQVPNEKLFF	TRBV5-1	NA	09/0318	NA	1
CASRVAGTQYF	TRBV6-5	NA	09/0318	NA	1
CASRWTGLDTQYF	TRBV27	NA	09/0318	NA	1
CASRYSQGKAFF	TRBV6-6	NA	09/0318	NA	1
CASSADFSSTDTQYF	TRBV5-1	NA	09/0318	NA	1
CASSADRASQETQYF	TRBV9	NA	09/0318	NA	1
CASSAEGAKETQYF	TRBV7-2	NA	09/0318	NA	1
CASSAGGGDTTDTQYF	TRBV9	NA	09/0318	NA	1
CASSAGTSAVAEQFF	TRBV6-4	NA	09/0318	NA	1
CASSAKDRGRENTEAFF	TRBV6-1	NA	09/0318	NA	1
CASSAKRGGRENQYF	TRBV10-2	NA	09/0318	NA	1
CASSAKRGGRETQYF	TRBV10-2	NA	09/0318	NA	1
CASSAPGTWYPQFF	TRBV5-6	NA	09/0318	NA	1
CASSAQGSNQPQHF	TRBV6-1	NA	09/0318	NA	1
CASSARGGDSMNTEAFF	TRBV19	NA	09/0318	NA	1
CASSASHTYNEQFF	TRBV5-1	NA	09/0318	NA	1
CASSASLWQTQYF	TRBV10-2	NA	09/0318	NA	1
CASSAWVEGRGTEAFF	TRBV25-1	NA	09/0318	NA	1
CASSCGPNTGELFF	TRBV5-5	NA	09/0318	NA	2
CASSCGVAMEDNQYF	TRBV7-2	NA	09/0318	NA	1
CASSCKRGGGETQYF	TRBV7-2	NA	09/0318	NA	1
CASSCQGGGGETQYF	TRBV7-2	NA	09/0318	NA	1
CASSDEGTSGLYNEQFF	TRBV25-1	NA	09/0318	NA	1
CASSDEGWAEYNEQFF	TRBV2	NA	09/0318	NA	1
CASSDKSSALSVYNEQFF	TRBV25-1	NA	09/0318	NA	1
CASSDKSSSLSVYNEQFF	TRBV25-1	NA	09/0318	NA	2
CASSDRGYNEQFF	TRBV11-1	NA	09/0318	NA	1
CASSDYEGYTF	TRBV25-1	NA	09/0318	NA	1
CASSEGTEKEKLFF	TRBV25-1	NA	09/0318	NA	1
CASSEGTGSFNEQFF	TRBV2	NA	09/0318	NA	1
CASSEKSSSLSVYNEQFF	TRBV25-1	NA	09/0318	NA	1
CASSELADHREKLFF	TRBV25-1	NA	09/0318	NA	1
CASSEMGQIYGYTF	TRBV2	NA	09/0318	NA	1
CASSEPLSRTDTQYF	TRBV27	NA	09/0318	NA	1
CASSEQARGENQYF	TRBV25-1	NA	09/0318	NA	1
CASSEQARGETQYF	TRBV25-1	NA	09/0318	NA	3
CASSERRSADTQYF	TRBV10-1	NA	09/0318	NA	1
CASSETRGSPLHF	TRBV2	NA	09/0318	NA	1
CASSEWVEGRGTEAFF	TRBV25-1	NA	09/0318	NA	1
CASSFAWDSPHSPLHF	TRBV7-2	NA	09/0318	NA	1
CASSFDSDSITTGELFF	TRBV7-3	NA	09/0318	NA	1
CASSFFGSSGEQFF	TRBV5-1	NA	09/0318	NA	1
CASSFGDLSYEQYF	TRBV7-9	NA	09/0318	NA	1
CASSFGPNTGELFF	TRBV5-5	NA	09/0318	NA	2
CASSFGQGANTF	TRBV12-3	NA	09/0318	NA	1
CASSFGVSETQYF	TRBV5-1	NA	09/0318	NA	1
CASSFIPADTQYF	TRBV5-1	NA	09/0318	NA	2
CASSFKAIGLADYGQYF	TRBV7-8	NA	09/0318	NA	1
CASSFLGGSVEQYF	TRBV5-6	NA	09/0318	NA	1
CASSFLGQAPGELFF	TRBV13	NA	09/0318	NA	1
CASSFLPAAKLFF	TRBV5-5	NA	09/0318	NA	1
CASSFLPAEKLFF	TRBV5-5	NA	09/0318	NA	1
CASSFPGDSYGDEVFF	TRBV5-4	NA	09/0318	NA	1
CASSFPGLKDLFDTQYF	TRBV5-8	NA	09/0318	NA	1
CASSFQGGTQSSYEQYF	TRBV7-2	NA	09/0318	NA	1
CASSFQRGGQETQYF	TRBV7-2	NA	09/0318	NA	1
CASSFQRGPQETQYF	TRBV7-2	NA	09/0318	NA	2
CASSFQRGTDETQYF	TRBV7-2	NA	09/0318	NA	1
CASSFRGGNTEAFF	TRBV27	NA	09/0318	NA	1
CASSFRGGSYEQYF	TRBV27	NA	09/0318	NA	1
CASSFRQRGFQETQYF	TRBV12-3	NA	09/0318	NA	1
CASSFRQTSYWTDTQYF	TRBV28	NA	09/0318	NA	1
CASSFRRKTGTDTQYF	TRBV11-2	NA	09/0318	NA	1
CASSFSGGEYEQYF	TRBV7-2	NA	09/0318	NA	1
CASSFSGILGEQFF	TRBV27	NA	09/0318	NA	1
CASSFSRWGGGAINNEQFF	TRBV5-1	NA	09/0318	NA	1
CASSFTANTEAFF	TRBV5-1	NA	09/0318	NA	1
CASSGAAANEKRFF	TRBV2	NA	09/0318	NA	1
CASSGDYEQYF	TRBV5-5	NA	09/0318	NA	1
CASSGESSGANVLTF	TRBV6-1	NA	09/0318	NA	1
CASSGGGDNEQFF	TRBV25-1	NA	09/0318	NA	1
CASSGGPYQPQHF	TRBV2	NA	09/0318	NA	1
CASSGLAGPTDTQYF	TRBV2	NA	09/0318	NA	1
CASSGQVGSGANVLTF	TRBV6-5	NA	09/0318	NA	1
CASSGSGTGVDEQFF	TRBV9	NA	09/0318	NA	1
CASSGTGGNSPLNF	TRBV5-1	NA	09/0318	NA	1
CASSGTLREQFF	TRBV25-1	NA	09/0318	NA	1
CASSHGSTTQPQHF	TRBV27	NA	09/0318	NA	1
CASSHPRGGTESGTQYF	TRBV4-2	NA	09/0318	NA	1
CASSHQGRGTEAFF	TRBV3-1	NA	09/0318	NA	1
CASSHRAEKEKLFF	TRBV7-2	NA	09/0318	NA	1
CASSIEGRGINEQFF	TRBV19	NA	09/0318	NA	1
CASSIEGWGTGELFF	TRBV19	NA	09/0318	NA	1
CASSITGGTDTQYF	TRBV19	NA	09/0318	NA	1
CASSIVNGNEAFF	TRBV19	NA	09/0318	NA	1
CASSKDRARGNSPLHF	TRBV6-5	NA	09/0318	NA	1
CASSKMGTLPGSNQPQHF	TRBV2	NA	09/0318	NA	2
CASSKWTSGAQETQYF	TRBV5-1	NA	09/0318	NA	1
CASSLAAADWGDTEAFF	TRBV7-6	NA	09/0318	NA	1
CASSLAADMNTEAFF	TRBV5-1	NA	09/0318	NA	1
CASSLAGFRDEKLFF	TRBV7-8	NA	09/0318	NA	1
CASSLAGGGTDTQYF	TRBV4-1	NA	09/0318	NA	1
CASSLAGHPPFEAFF	TRBV5-6	NA	09/0318	NA	1
CASSLAGLTDTQYF	TRBV5-1	NA	09/0318	NA	1
CASSLAHSGNEQFF	TRBV5-1	NA	09/0318	NA	1
CASSLARESFYGYTF	TRBV7-9	NA	09/0318	NA	1
CASSLATGTGELFF	TRBV7-9	NA	09/0318	NA	1
CASSLDGELRNTIYF	TRBV7-9	NA	09/0318	NA	1
CASSLDGGEYEQYF	TRBV7-8	NA	09/0318	NA	1
CASSLDGRAQETQYF	TRBV5-1	NA	09/0318	NA	1
CASSLDMQTGNTEAFF	TRBV5-1	NA	09/0318	NA	1
CASSLDNVDYGYTF	TRBV5-1	NA	09/0318	NA	1
CASSLDPGPLTGQYF	TRBV11-2	NA	09/0318	NA	1
CASSLDRGRSGELFF	TRBV28	NA	09/0318	NA	1
CASSLDTGGGGLYNEQFF	TRBV7-8	NA	09/0318	NA	1
CASSLDYYTDTQYF	TRBV5-1	NA	09/0318	NA	1
CASSLEASGGPNEQFF	TRBV5-1	NA	09/0318	NA	1
CASSLESAGDPTYEQYF	TRBV7-8	NA	09/0318	NA	1
CASSLETRYEQYF	TRBV23-1	NA	09/0318	NA	1
CASSLETTDTQYF	TRBV7-2	NA	09/0318	NA	1
CASSLFHTGELFF	TRBV5-1	NA	09/0318	NA	1
CASSLGGTERSYEQYF	TRBV7-2	NA	09/0318	NA	1
CASSLGGTQMSYEQYF	TRBV7-2	NA	09/0318	NA	1
CASSLGGTQSSYEQYF	TRBV7-2	NA	09/0318	NA	3
CASSLGGVEQYF	TRBV7-6	NA	09/0318	NA	1
CASSLGGYNF	TRBV11-3	NA	09/0318	NA	1
CASSLGGYTF	TRBV11-3	NA	09/0318	NA	1
CASSLGPADTQYF	TRBV5-5	NA	09/0318	NA	1
CASSLGPGIEAFF	TRBV7-6	NA	09/0318	NA	1
CASSLGQGADEQYF	TRBV5-1	NA	09/0318	NA	1
CASSLGQVPDTQYF	TRBV12-3	NA	09/0318	NA	1
CASSLGRGGPDTQYF	TRBV7-2	NA	09/0318	NA	1
CASSLGRGYEQYF	TRBV27	NA	09/0318	NA	1
CASSLGSEGYRPYGYTF	TRBV7-2	NA	09/0318	NA	1
CASSLGSRNEQFF	TRBV5-4	NA	09/0318	NA	1
CASSLGTDEKLFF	TRBV7-2	NA	09/0318	NA	1
CASSLGTYEKLFF	TRBV7-2	NA	09/0318	NA	2
CASSLGVVGSNQHQHF	TRBV5-1	NA	09/0318	NA	1
CASSLGVVGSNQPQHF	TRBV5-1	NA	09/0318	NA	1
CASSLGYGGYYEQYF	TRBV5-1	NA	09/0318	NA	1
CASSLHMVDYGYTF	TRBV12-3	NA	09/0318	NA	1
CASSLKDESTGGYGYTF	TRBV7-9	NA	09/0318	NA	1
CASSLKEPYEQYF	TRBV27	NA	09/0318	NA	1
CASSLKGGVFNTDTQYF	TRBV5-4	NA	09/0318	NA	1
CASSLKRGGYDQYF	TRBV5-4	NA	09/0318	NA	1
CASSLKRGGYEQYF	TRBV5-6	NA	09/0318	NA	1
CASSLKSGGFNTDTQYF	TRBV5-4	NA	09/0318	NA	1
CASSLLGQALHF	TRBV12-4	NA	09/0318	NA	1
CASSLLGQGTYEQYF	TRBV28	NA	09/0318	NA	1
CASSLLLGTFGELFF	TRBV7-9	NA	09/0318	NA	1
CASSLLLPGPNYGYTF	TRBV21-1	NA	09/0318	NA	1
CASSLLPRLAGGRDEQFF	TRBV4-1	NA	09/0318	NA	1
CASSLNPAGVGETQYF	TRBV7-2	NA	09/0318	NA	1
CASSLNSGGFNTDKQYF	TRBV5-4	NA	09/0318	NA	1
CASSLPGGRNIQYF	TRBV7-8	NA	09/0318	NA	1
CASSLPTPQGARGYTF	TRBV7-9	NA	09/0318	NA	1
CASSLQGAQETQYF	TRBV5-4	NA	09/0318	NA	1
CASSLQGSSDTQYF	TRBV5-4	NA	09/0318	NA	2
CASSLQGWNTEAFF	TRBV5-1	NA	09/0318	NA	2
CASSLQTGMSTDTQYF	TRBV27	NA	09/0318	NA	1
CASSLRVSGVLPTEAFF	TRBV5-1	NA	09/0318	NA	1
CASSLSGGLEQYF	TRBV27	NA	09/0318	NA	1
CASSLSGGRNEQFF	TRBV7-2	NA	09/0318	NA	1
CASSLSLGGYGYTF	TRBV27	NA	09/0318	NA	1
CASSLSNGFNNYGYTF	TRBV5-1	NA	09/0318	NA	1
CASSLSRTSGGETQYF	TRBV3-1	NA	09/0318	NA	1
CASSLSTGANTEAFF	TRBV27	NA	09/0318	NA	1
CASSLTGGSGMNTEAFF	TRBV5-1	NA	09/0318	NA	1
CASSLTSEDGYTF	TRBV7-3	NA	09/0318	NA	1
CASSLTSEPYEQYF	TRBV27	NA	09/0318	NA	1
CASSLVADTDTQYF	TRBV7-2	NA	09/0318	NA	1
CASSLVGGGGDTQYF	TRBV7-2	NA	09/0318	NA	1
CASSLVQVGQPQHF	TRBV7-2	NA	09/0318	NA	1
CASSLVRAGELFF	TRBV7-2	NA	09/0318	NA	1
CASSLVRGGTDKLYF	TRBV5-1	NA	09/0318	NA	1
CASSLYGDTNQTQHF	TRBV7-2	NA	09/0318	NA	1
CASSNSGVADTQYF	TRBV7-9	NA	09/0318	NA	1
CASSPCWGTGELFF	TRBV27	NA	09/0318	NA	1
CASSPDCRREASTGELFF	TRBV27	NA	09/0318	NA	1
CASSPDGIEAFF	TRBV27	NA	09/0318	NA	1
CASSPEGTARNYGYTF	TRBV4-1	NA	09/0318	NA	1
CASSPEQGQNTEAFF	TRBV9	NA	09/0318	NA	1
CASSPGRARTDTQYF	TRBV4-2	NA	09/0318	NA	1
CASSPGTFRSYNEQFF	TRBV7-6	NA	09/0318	NA	1
CASSPGTGEGNQPQHF	TRBV5-1	NA	09/0318	NA	1
CASSPGVGPQENQYF	TRBV5-1	NA	09/0318	NA	1
CASSPGVGPQETQYF	TRBV5-1	NA	09/0318	NA	3
CASSPKGGQGAHEQCF	TRBV25-1	NA	09/0318	NA	1
CASSPKMEGVSPLHF	TRBV18	NA	09/0318	NA	1
CASSPKTSGGEGDTQYF	TRBV27	NA	09/0318	NA	1
CASSPLGSLGLYEGYTF	TRBV5-4	NA	09/0318	NA	1
CASSPNPGPNTEAFF	TRBV18	NA	09/0318	NA	1
CASSPPDKPDTQYF	TRBV18	NA	09/0318	NA	1
CASSPPLGGELFF	TRBV5-1	NA	09/0318	NA	1
CASSPPMGADEKLFF	TRBV18	NA	09/0318	NA	1
CASSPPPGGAYGYTF	TRBV9	NA	09/0318	NA	1
CASSPPQRTGVGAEAFF	TRBV18	NA	09/0318	NA	1
CASSPPRGTETQYF	TRBV5-1	NA	09/0318	NA	1
CASSPPSAGSKSYNEQFF	TRBV3-1	NA	09/0318	NA	1
CASSPQGGVAYEQYF	TRBV27	NA	09/0318	NA	1
CASSPQGSLPYEQYF	TRBV5-1	NA	09/0318	NA	1
CASSPQGTGELFF	TRBV18	NA	09/0318	NA	1
CASSPQLTGELFF	TRBV7-2	NA	09/0318	NA	2
CASSPRLTGELFF	TRBV7-2	NA	09/0318	NA	1
CASSPRTGSNEKLFF	TRBV25-1	NA	09/0318	NA	1
CASSPSGTSNTGELFF	TRBV11-3	NA	09/0318	NA	1
CASSPSIQGNGNTIYF	TRBV5-1	NA	09/0318	NA	3
CASSPSIQGNGNTKYF	TRBV5-1	NA	09/0318	NA	1
CASSPSSGGTGRSYFNQPQHF	TRBV27	NA	09/0318	NA	2
CASSPSYNAQFF	TRBV18	NA	09/0318	NA	1
CASSPSYNEQFF	TRBV18	NA	09/0318	NA	1
CASSPTDPPSEQFF	TRBV18	NA	09/0318	NA	1
CASSPTGGPETQYF	TRBV5-1	NA	09/0318	NA	1
CASSPTGSPYEQYF	TRBV7-9	NA	09/0318	NA	1
CASSPTRLGLAAGWRETQYF	TRBV7-8	NA	09/0318	NA	1
CASSPTVYEQYF	TRBV6-2	NA	09/0318	NA	1
CASSPVGGQDIPEQYF	TRBV3-1	NA	09/0318	NA	1
CASSPYPGTTSTQETQYF	TRBV5-4	NA	09/0318	NA	1
CASSQAALAGGREQFF	TRBV4-2	NA	09/0318	NA	1
CASSQAGGGMDTQYF	TRBV4-1	NA	09/0318	NA	1
CASSQAGGGRETQYF	TRBV4-1	NA	09/0318	NA	1
CASSQAGNTIYF	TRBV7-2	NA	09/0318	NA	1
CASSQDGAFYGYTF	TRBV4-1	NA	09/0318	NA	1
CASSQDLAGQPQHF	TRBV4-3	NA	09/0318	NA	1
CASSQDLGESGVF	TRBV4-1	NA	09/0318	NA	1
CASSQDLTNPGTNYGYTF	TRBV4-2	NA	09/0318	NA	2
CASSQDLWGSTDTQYF	TRBV3-1	NA	09/0318	NA	1
CASSQDPRGGSGNTQYF	TRBV4-1	NA	09/0318	NA	1
CASSQDRASSENTEAFF	TRBV4-1	NA	09/0318	NA	1
CASSQDRLGIAWYTGELLF	TRBV4-1	NA	09/0318	NA	1
CASSQDRNQPQHF	TRBV3-1	NA	09/0318	NA	1
CASSQDVTNPGTNYGYTF	TRBV4-2	NA	09/0318	NA	1
CASSQDWAPKGEKLLF	TRBV4-2	NA	09/0318	NA	1
CASSQEDGSYGYTF	TRBV4-1	NA	09/0318	NA	1
CASSQEGGLNYEQYF	TRBV3-1	NA	09/0318	NA	1
CASSQEGLAGGYNEQFF	TRBV3-1	NA	09/0318	NA	1
CASSQEGVLNYEQYF	TRBV3-1	NA	09/0318	NA	1
CASSQEIGELYEQFF	TRBV3-1	NA	09/0318	NA	1
CASSQERGSRGGTDTQYF	TRBV4-1	NA	09/0318	NA	1
CASSQESGADYTDTQYF	TRBV3-1	NA	09/0318	NA	1
CASSQESPSSEQCF	TRBV3-1	NA	09/0318	NA	1
CASSQFLGVEQYF	TRBV3-1	NA	09/0318	NA	1
CASSQFTGAGGQFF	TRBV3-1	NA	09/0318	NA	1
CASSQGATEAFF	TRBV12-4	NA	09/0318	NA	1
CASSQGLEQYF	TRBV14	NA	09/0318	NA	1
CASSQGLGQPQHF	TRBV3-1	NA	09/0318	NA	4
CASSQGPSTGELFF	TRBV6-1	NA	09/0318	NA	1
CASSQGQATYNEQFF	TRBV4-1	NA	09/0318	NA	1
CASSQGSGGALDEQFF	TRBV4-1	NA	09/0318	NA	1
CASSQQDRAMQESSEAFF	TRBV4-1	NA	09/0318	NA	1
CASSQRGERNEQFF	TRBV4-2	NA	09/0318	NA	1
CASSQRKTGKTSGAPDTQYF	TRBV6-2	NA	09/0318	NA	1
CASSQRYDIQYF	TRBV2	NA	09/0318	NA	1
CASSQSAKGQGINSPLHF	TRBV4-2	NA	09/0318	NA	1
CASSQSSEAFF	TRBV5-1	NA	09/0318	NA	2
CASSQTTGVAQGQENQYF	TRBV3-1	NA	09/0318	NA	1
CASSQTTGVAQGQETQYF	TRBV3-1	NA	09/0318	NA	2
CASSQVILAGRAGELCF	TRBV4-3	NA	09/0318	NA	1
CASSQVNGGAIQETQYF	TRBV14	NA	09/0318	NA	1
CASSRALVQVYGYTF	TRBV4-2	NA	09/0318	NA	1
CASSRCSANTGELFF	TRBV5-1	NA	09/0318	NA	1
CASSRDFLRNTDTQYF	TRBV6-2	NA	09/0318	NA	1
CASSRDSQGATEAFF	TRBV4-1	NA	09/0318	NA	1
CASSRGQGASGELFF	TRBV6-1	NA	09/0318	NA	1
CASSRGVGLQESEYF	TRBV7-2	NA	09/0318	NA	1
CASSRLPGTGTYEQYF	TRBV28	NA	09/0318	NA	1
CASSRPGLAGDNEQFF	TRBV25-1	NA	09/0318	NA	1
CASSRQGATETQYF	TRBV5-4	NA	09/0318	NA	2
CASSRQGVTETQYF	TRBV5-4	NA	09/0318	NA	1
CASSRRQVNEQFF	TRBV12-4	NA	09/0318	NA	1
CASSRSGQTGTGELFF	TRBV5-1	NA	09/0318	NA	1
CASSRSGQTGTGVLFF	TRBV5-1	NA	09/0318	NA	1
CASSRTGGYEQYF	TRBV28	NA	09/0318	NA	1
CASSSDRAAEAFF	TRBV5-1	NA	09/0318	NA	1
CASSSDRISSYEQYF	TRBV12-3	NA	09/0318	NA	1
CASSSDTEQFF	TRBV9	NA	09/0318	NA	1
CASSSGLTGELFF	TRBV5-6	NA	09/0318	NA	1
CASSSGRKDEQYF	TRBV27	NA	09/0318	NA	1
CASSSGTRSTDTQYF	TRBV18	NA	09/0318	NA	1
CASSSGTVDHEQYF	TRBV5-1	NA	09/0318	NA	1
CASSSHYKEAWVETQYF	TRBV7-8	NA	09/0318	NA	1
CASSSKAGTDTQYF	TRBV5-1	NA	09/0318	NA	1
CASSSLAGSYNEQFF	TRBV5-1	NA	09/0318	NA	1
CASSSLQGGSYEQYF	TRBV7-2	NA	09/0318	NA	1
CASSSLQGRKVLMNEQFF	TRBV11-2	NA	09/0318	NA	1
CASSSQVANYDYTF	TRBV5-4	NA	09/0318	NA	1
CASSSSGDAGYGYTF	TRBV6-5	NA	09/0318	NA	1
CASSSSLGNSPLHF	TRBV7-6	NA	09/0318	NA	1
CASSSSSTYEQYF	TRBV7-2	NA	09/0318	NA	1
CASSSTGLLVGDEQFF	TRBV7-2	NA	09/0318	NA	1
CASSSTIQETQYF	TRBV5-1	NA	09/0318	NA	1
CASSSVRGSTDTQYF	TRBV5-1	NA	09/0318	NA	2
CASSSWALRGRNGELFF	TRBV5-1	NA	09/0318	NA	1
CASSTGQGQPQHF	TRBV10-2	NA	09/0318	NA	1
CASSTGSRQLNTEAFF	TRBV5-4	NA	09/0318	NA	1
CASSTLRGATTKDTQYF	TRBV25-1	NA	09/0318	NA	1
CASSTTGTGSYEQYF	TRBV19	NA	09/0318	NA	1
CASSVAAFIGDEQFF	TRBV9	NA	09/0318	NA	1
CASSVDRGNTEAFF	TRBV5-1	NA	09/0318	NA	1
CASSVESGPMSSYEQYF	TRBV5-1	NA	09/0318	NA	1
CASSVGGSYNSPLHF	TRBV9	NA	09/0318	NA	1
CASSVGQLDTYEQYF	TRBV7-9	NA	09/0318	NA	1
CASSVGYGGYYEQYF	TRBV5-1	NA	09/0318	NA	1
CASSVPGQGRHEQYF	TRBV27	NA	09/0318	NA	1
CASSVQGEGTQYF	TRBV9	NA	09/0318	NA	2
CASSVQGSSDTQYF	TRBV5-4	NA	09/0318	NA	1
CASSVREGGPTDKQYF	TRBV7-3	NA	09/0318	NA	1
CASSVTGYGYTF	TRBV11-2	NA	09/0318	NA	1
CASSVTSGSSYNEQFF	TRBV9	NA	09/0318	NA	2
CASSVTTNTGERFF	TRBV9	NA	09/0318	NA	1
CASSVVATGELFF	TRBV9	NA	09/0318	NA	1
CASSVVLLGGEQFF	TRBV9	NA	09/0318	NA	1
CASSWDRKNTGELFF	TRBV5-4	NA	09/0318	NA	1
CASSWGGETEAFF	TRBV5-1	NA	09/0318	NA	1
CASSWGIAAGNTIYF	TRBV5-1	NA	09/0318	NA	1
CASSWLGASQETQYF	TRBV5-1	NA	09/0318	NA	1
CASSWQSNTGELFF	TRBV5-1	NA	09/0318	NA	2
CASSWSSVNTGELFF	TRBV6-6	NA	09/0318	NA	1
CASSYETGEEREQYF	TRBV6-6	NA	09/0318	NA	1
CASSYGQRGTEAFF	TRBV11-2	NA	09/0318	NA	1
CASSYPGQGLGGYTF	TRBV5-4	NA	09/0318	NA	1
CASSYPGSSYNEQFF	TRBV6-2	NA	09/0318	NA	1
CASSYQRGGGETQYF	TRBV7-2	NA	09/0318	NA	1
CASSYRDRSAEGFF	TRBV6-6	NA	09/0318	NA	1
CASSYRHGWLATQYF	TRBV27	NA	09/0318	NA	1
CASSYRPRGSSYNEQFF	TRBV6-2	NA	09/0318	NA	1
CASSYRPSGSSYNEQFF	TRBV6-2	NA	09/0318	NA	1
CASSYRQGWRETQYF	TRBV27	NA	09/0318	NA	1
CASSYSAGGRIQANYGYTF	TRBV6-2	NA	09/0318	NA	1
CASSYSGRGVYNEQFF	TRBV6-5	NA	09/0318	NA	1
CASSYVSRTETQYF	TRBV6-5	NA	09/0318	NA	1
CASTFGGNQPQHF	TRBV7-8	NA	09/0318	NA	1
CASTIGTGVYNEQFF	TRBV27	NA	09/0318	NA	1
CASTLFPTDTEAFF	TRBV5-1	NA	09/0318	NA	1
CASTPSSGYNEQFF	TRBV7-9	NA	09/0318	NA	2
CASTRGGQNGYTF	TRBV28	NA	09/0318	NA	1
CASTSTGDLNTEAFF	TRBV7-2	NA	09/0318	NA	2
CASTVDTIYGYTF	TRBV6-2	NA	09/0318	NA	1
CASVKGQGASGYTF	TRBV28	NA	09/0318	NA	1
CASWGAGAWNEQFF	TRBV25-1	NA	09/0318	NA	1
CATCEGMNTEAFF	TRBV10-3	NA	09/0318	NA	1
CATGGAGANSGANVLTF	TRBV24-1	NA	09/0318	NA	1
CATIRDNQHQHF	TRBV15	NA	09/0318	NA	1
CATKEEGPGELFF	TRBV5-1	NA	09/0318	NA	1
CATRLGAGGGEQYF	TRBV7-2	NA	09/0318	NA	1
CATRRDLTGSEQYF	TRBV15	NA	09/0318	NA	1
CATSAMTGNHNEHFF	TRBV24-1	NA	09/0318	NA	1
CATSAMTGNHNEQFF	TRBV24-1	NA	09/0318	NA	1
CATSARTGNHNGQFF	TRBV24-1	NA	09/0318	NA	1
CATSDHRGGGSGANVLTF	TRBV24-1	NA	09/0318	NA	1
CATSDPAVPVYGYTF	TRBV24-1	NA	09/0318	NA	2
CATSGPAVPVYGYTF	TRBV24-1	NA	09/0318	NA	1
CATSPAGAGNEQFF	TRBV24-1	NA	09/0318	NA	1
CATSPAGAWNEQFF	TRBV24-1	NA	09/0318	NA	1
CATSPGRGNTEAFF	TRBV15	NA	09/0318	NA	4
CATSRDIRESWGEKLFF	TRBV15	NA	09/0318	NA	1
CATSRDLTGPEQYF	TRBV15	NA	09/0318	NA	3
CATSRDRRGATNEKLFF	TRBV15	NA	09/0318	NA	1
CATSRDRTGPEQYF	TRBV15	NA	09/0318	NA	1
CATSREKRGGLTDTQYF	TRBV15	NA	09/0318	NA	1
CATSRETSGYSYNEQFF	TRBV15	NA	09/0318	NA	2
CATSRGHMISYKEEFF	TRBV15	NA	09/0318	NA	1
CATSRGTGGYSYNEQFF	TRBV15	NA	09/0318	NA	1
CATSRGTSGYSYEEQFF	TRBV15	NA	09/0318	NA	1
CATSRPAGPVYGYTF	TRBV24-1	NA	09/0318	NA	1
CATSRRGSNQPQHF	TRBV15	NA	09/0318	NA	4
CATSSPSTNGELFF	TRBV15	NA	09/0318	NA	2
CATSYPAVPVYGYTF	TRBV24-1	NA	09/0318	NA	1
CAWGPLDRGSTGELFF	TRBV30	NA	09/0318	NA	1
CAWGPLVRDTIYF	TRBV12-4	NA	09/0318	NA	1
CAWRAGQGARAFF	TRBV30	NA	09/0318	NA	1
CAWRDRGNEQFF	TRBV30	NA	09/0318	NA	1
CAWRITDGQPQHF	TRBV30	NA	09/0318	NA	1
CAWSAGQGARAFF	TRBV30	NA	09/0318	NA	2
CAWSRQPSYRQYF	TRBV30	NA	09/0318	NA	1
CAWSVFAVLAFF	TRBV30	NA	09/0318	NA	1
CAWSVGGGANEQFF	TRBV30	NA	09/0318	NA	2
CAWSVSAGRAFF	TRBV30	NA	09/0318	NA	1
CDRSLRHTVRLLF	TRBV27	NA	09/0318	NA	1
CDSRNRGDADTQYF	TRBV7-9	NA	09/0318	NA	1
CDSSITGGTDTQYF	TRBV19	NA	09/0318	NA	1
CDSSYRPSGSSYNEQFF	TRBV6-2	NA	09/0318	NA	1
CETSRERRGATNEKLSF	TRBV15	NA	09/0318	NA	1
CGALHRASNEKLFF	TRBV20-1	NA	09/0318	NA	1
CGARAGDRDYQQYF	TRBV20-1	NA	09/0318	NA	1
CGARASGRSDYGYTF	TRBV20-1	NA	09/0318	NA	1
CGAREGGGANVLTF	TRBV20-1	NA	09/0318	NA	1
CGNSRDRRGATKGKLFF	TRBV15	NA	09/0318	NA	1
CGRSFPRGGGETQYF	TRBV7-2	NA	09/0318	NA	1
CGSGFGRGRENQYF	TRBV5-1	NA	09/0318	NA	1
CGSREQARGETQYF	TRBV25-1	NA	09/0318	NA	1
CGSSARARPSEQYF	TRBV7-2	NA	09/0318	NA	1
CGSSLGGTQCSDEQYF	TRBV7-2	NA	09/0318	NA	1
CGSSPLGSLGLYEGYTF	TRBV5-4	NA	09/0318	NA	1
CGSSRAYEQYF	TRBV3-1	NA	09/0318	NA	1
CGSSSVNRADGYTF	TRBV5-4	NA	09/0318	NA	1
CGSSVGGTQGSHGHYF	TRBV7-2	NA	09/0318	NA	1
CIALSPRLAGGRDEQFF	TRBV20-1	NA	09/0318	NA	1
CISGLHSPGASYGIKSPLHF	TRBV20-1	NA	09/0318	NA	1
CKVVREKEAVF	TRBV29-1	NA	09/0318	NA	1
CNNSDNTSTLSVYNEQFF	TRBV25-1	NA	09/0318	NA	1
CRARGVGGQGNGKLFF	TRBV20-1	NA	09/0318	NA	1
CRARLAGAVYNEQFF	TRBV20-1	NA	09/0318	NA	1
CRARPAGAGGTQYF	TRBV20-1	NA	09/0318	NA	1
CRARRAGAGGTQYF	TRBV20-1	NA	09/0318	NA	1
CRARTANTEAFF	TRBV20-1	NA	09/0318	NA	1
CRASQGAGANVLTF	TRBV20-1	NA	09/0318	NA	1
CRATGATDTQYF	TRBV20-1	NA	09/0318	NA	1
CRGSRASGANVLTF	TRBV20-1	NA	09/0318	NA	1
CRSRAGTFQTYVDTF	TRBV20-1	NA	09/0318	NA	1
CRSREVDTEAFF	TRBV20-1	NA	09/0318	NA	1
CSAAGRARSTEDFF	TRBV29-1	NA	09/0318	NA	1
CSAFRRPGDTEAFF	TRBV20-1	NA	09/0318	NA	1
CSAGDHYQETQYF	TRBV20-1	NA	09/0318	NA	1
CSAGDSSGGPRTQYF	TRBV20-1	NA	09/0318	NA	1
CSAGPHSPGASHGINSPLHF	TRBV20-1	NA	09/0318	NA	1
CSAGPWGGAYEQYF	TRBV20-1	NA	09/0318	NA	1
CSAGTVYNEQFF	TRBV29-1	NA	09/0318	NA	1
CSAHFTGAGGTGELFF	TRBV29-1	NA	09/0318	NA	1
CSAILAGESDTQYF	TRBV20-1	NA	09/0318	NA	1
CSAILPRASATQSF	TRBV20-1	NA	09/0318	NA	1
CSAIPGQGSYEQYF	TRBV20-1	NA	09/0318	NA	1
CSAISGGADTQYF	TRBV20-1	NA	09/0318	NA	1
CSAISGVADTQYF	TRBV20-1	NA	09/0318	NA	1
CSAKDPAGGHQPQHF	TRBV20-1	NA	09/0318	NA	1
CSAKGLRTYNAQFF	TRBV20-1	NA	09/0318	NA	1
CSAKGLRTYNEQFF	TRBV20-1	NA	09/0318	NA	1
CSAKLPGEIGAQFF	TRBV20-1	NA	09/0318	NA	1
CSALDVNEQFF	TRBV20-1	NA	09/0318	NA	1
CSALGGNTEAFF	TRBV20-1	NA	09/0318	NA	1
CSALRERETLFF	TRBV29-1	NA	09/0318	NA	1
CSALSASGGGRPAYEQYF	TRBV20-1	NA	09/0318	NA	1
CSALSPGLAGVRYGQFF	TRBV20-1	NA	09/0318	NA	1
CSALWGSGGPQFF	TRBV20-1	NA	09/0318	NA	1
CSAMAGTDNQPQYF	TRBV20-1	NA	09/0318	NA	1
CSAMAGTDNQSQHF	TRBV20-1	NA	09/0318	NA	1
CSANKYGTDKETQYF	TRBV20-1	NA	09/0318	NA	1
CSANPFGQGQETQYF	TRBV20-1	NA	09/0318	NA	1
CSANSLYTEAFF	TRBV20-1	NA	09/0318	NA	1
CSANTQGSGELFF	TRBV20-1	NA	09/0318	NA	1
CSAPGGNNQPQHF	TRBV20-1	NA	09/0318	NA	1
CSAPGPFRETQYF	TRBV20-1	NA	09/0318	NA	1
CSAPGQYWYGYTF	TRBV20-1	NA	09/0318	NA	1
CSAPIGTETQYF	TRBV20-1	NA	09/0318	NA	1
CSAPRASGETDTQYF	TRBV20-1	NA	09/0318	NA	1
CSAPWASGANVLTF	TRBV20-1	NA	09/0318	NA	2
CSAQGQDRYSNQPQHF	TRBV20-1	NA	09/0318	NA	1
CSARAPGEWVQYF	TRBV20-1	NA	09/0318	NA	1
CSARARDRPSYEQYF	TRBV20-1	NA	09/0318	NA	1
CSARARGDTGELFF	TRBV20-1	NA	09/0318	NA	1
CSARDGTGLAEKLFF	TRBV20-1	NA	09/0318	NA	1
CSARDHGGSPLHF	TRBV20-1	NA	09/0318	NA	2
CSARDLGGGGDIQYF	TRBV20-1	NA	09/0318	NA	2
CSARDMARHEKYF	TRBV20-1	NA	09/0318	NA	1
CSARDMRNTGELFF	TRBV20-1	NA	09/0318	NA	1
CSARDPAGYEQYF	TRBV20-1	NA	09/0318	NA	1
CSARDPNGNIQYF	TRBV20-1	NA	09/0318	NA	1
CSARDPVLYGGAEGNQPQHF	TRBV20-1	NA	09/0318	NA	1
CSARDRFGQGGIYYGYTF	TRBV20-1	NA	09/0318	NA	1
CSARDRGLEHPQHF	TRBV20-1	NA	09/0318	NA	1
CSARDRRAGELFF	TRBV20-1	NA	09/0318	NA	1
CSARDRVGGSSYNEQFF	TRBV29-1	NA	09/0318	NA	1
CSARDRVVSTEAFF	TRBV20-1	NA	09/0318	NA	2
CSARDSALGEKLFF	TRBV20-1	NA	09/0318	NA	1
CSARDTRKESNQPQHF	TRBV20-1	NA	09/0318	NA	1
CSAREERGGNQPQHF	TRBV20-1	NA	09/0318	NA	1
CSAREGGGIYEQYF	TRBV20-1	NA	09/0318	NA	1
CSAREVAKNIQYF	TRBV20-1	NA	09/0318	NA	1
CSARGAGGPYNEQFF	TRBV20-1	NA	09/0318	NA	1
CSARGGTGGQLYEQYF	TRBV20-1	NA	09/0318	NA	1
CSARGLSSYHSPLHF	TRBV20-1	NA	09/0318	NA	1
CSARGREVRGYNEQFF	TRBV20-1	NA	09/0318	NA	1
CSARGSGRAYNEQFF	TRBV20-1	NA	09/0318	NA	1
CSARGVGGQGNEKLFF	TRBV20-1	NA	09/0318	NA	1
CSARIGTETQYF	TRBV20-1	NA	09/0318	NA	1
CSARIRGESGELFF	TRBV20-1	NA	09/0318	NA	1
CSARKGMGETQYF	TRBV20-1	NA	09/0318	NA	1
CSARKIWEPRGHEQFF	TRBV20-1	NA	09/0318	NA	1
CSARKSWEPRGHEQFF	TRBV20-1	NA	09/0318	NA	1
CSARLGLNTDTQYF	TRBV20-1	NA	09/0318	NA	1
CSARPAGAGGTQYF	TRBV20-1	NA	09/0318	NA	2
CSARRIGGGYTGELFF	TRBV20-1	NA	09/0318	NA	1
CSARSGVGTEAFF	TRBV20-1	NA	09/0318	NA	1
CSARTGGYYGYTF	TRBV20-1	NA	09/0318	NA	1
CSARTGLGYTF	TRBV20-1	NA	09/0318	NA	1
CSARVFFRGTGELFF	TRBV20-1	NA	09/0318	NA	1
CSARVGDTEAFF	TRBV20-1	NA	09/0318	NA	1
CSARVGTEKLFF	TRBV20-1	NA	09/0318	NA	1
CSARVGWETQYF	TRBV20-1	NA	09/0318	NA	1
CSARVMRPSKNIQYF	TRBV20-1	NA	09/0318	NA	1
CSARVRLTSDEQDF	TRBV20-1	NA	09/0318	NA	1
CSARVTGTGVSYGYTF	TRBV20-1	NA	09/0318	NA	1
CSARVWGAGGWNTGELFF	TRBV20-1	NA	09/0318	NA	1
CSARWASGANVLTF	TRBV20-1	NA	09/0318	NA	1
CSASAQGLAGMHEQYF	TRBV20-1	NA	09/0318	NA	1
CSASDYQISDRAAFF	TRBV20-1	NA	09/0318	NA	1
CSASGDTYEQYF	TRBV20-1	NA	09/0318	NA	1
CSASGLDNPSAGGLFF	TRBV20-1	NA	09/0318	NA	1
CSASKGSMNTEAFF	TRBV20-1	NA	09/0318	NA	1
CSASLARVAGNQPQHF	TRBV20-1	NA	09/0318	NA	1
CSASLGWGSDDTQYF	TRBV20-1	NA	09/0318	NA	1
CSASLWWGSDDTQYF	TRBV20-1	NA	09/0318	NA	1
CSASPLNNEQFF	TRBV20-1	NA	09/0318	NA	1
CSASQGADNEQFF	TRBV20-1	NA	09/0318	NA	1
CSASQGAGANVLIF	TRBV20-1	NA	09/0318	NA	1
CSASRALGRGAYNEQYF	TRBV20-1	NA	09/0318	NA	1
CSASRDGYEKLFF	TRBV20-1	NA	09/0318	NA	1
CSASRTSASTDTQYF	TRBV20-1	NA	09/0318	NA	2
CSASRVEDRQTDTQYF	TRBV20-1	NA	09/0318	NA	1
CSASSGGADTQYF	TRBV20-1	NA	09/0318	NA	1
CSASSGGASDKQYF	TRBV20-1	NA	09/0318	NA	1
CSASSGGASDTQYF	TRBV20-1	NA	09/0318	NA	1
CSASSGPLAESIQYF	TRBV20-1	NA	09/0318	NA	1
CSASTGGTQLERLYGYTF	TRBV20-1	NA	09/0318	NA	1
CSATEDMNQRQHF	TRBV29-1	NA	09/0318	NA	1
CSATETGELFF	TRBV20-1	NA	09/0318	NA	1
CSATGAYGYTF	TRBV20-1	NA	09/0318	NA	1
CSATGGNGYTF	TRBV20-1	NA	09/0318	NA	1
CSATGSYGYTF	TRBV20-1	NA	09/0318	NA	1
CSATPGGGPIGEQYF	TRBV20-1	NA	09/0318	NA	1
CSAWGGNTEAFF	TRBV20-1	NA	09/0318	NA	1
CSFRLGTGPTKLFF	TRBV29-1	NA	09/0318	NA	1
CSGEDPRGDHNEQFF	TRBV29-1	NA	09/0318	NA	1
CSGGGKNYGYTF	TRBV20-1	NA	09/0318	NA	1
CSGPQPLNYGYTF	TRBV20-1	NA	09/0318	NA	1
CSGRDRGRSAEAFF	TRBV29-1	NA	09/0318	NA	1
CSGRLGTGGYDQYF	TRBV20-1	NA	09/0318	NA	1
CSGTGTAHGYTF	TRBV20-1	NA	09/0318	NA	1
CSISITGGTDTQYF	TRBV19	NA	09/0318	NA	1
CSSEGTVEAFF	TRBV20-1	NA	09/0318	NA	1
CSSLSPGLAGARDEQFF	TRBV20-1	NA	09/0318	NA	1
CSSPRAGQPQHF	TRBV20-1	NA	09/0318	NA	1
CSSRGGATDTQYF	TRBV29-1	NA	09/0318	NA	1
CSSRGLASTYEQYF	TRBV20-1	NA	09/0318	NA	1
CSSRGQGASYGYTF	TRBV11-2	NA	09/0318	NA	1
CSVAGFPNTGELFF	TRBV29-1	NA	09/0318	NA	1
CSVAPGWGMNSEAFF	TRBV29-1	NA	09/0318	NA	1
CSVAPGWGMNTAAFF	TRBV29-1	NA	09/0318	NA	1
CSVDAKNIQYF	TRBV29-1	NA	09/0318	NA	1
CSVDGASNSYEQYF	TRBV29-1	NA	09/0318	NA	1
CSVDGGYQETQYF	TRBV29-1	NA	09/0318	NA	1
CSVDLRSERWTQYF	TRBV29-1	NA	09/0318	NA	1
CSVDPRGGINEQFF	TRBV29-1	NA	09/0318	NA	1
CSVDPVNTEAFF	TRBV29-1	NA	09/0318	NA	1
CSVDSAEWDYGYTF	TRBV29-1	NA	09/0318	NA	1
CSVEDGGRVGYTF	TRBV29-1	NA	09/0318	NA	1
CSVEDGGTYGYTF	TRBV29-1	NA	09/0318	NA	1
CSVEDHRTGPSTEAFF	TRBV29-1	NA	09/0318	NA	1
CSVEDPFRELFF	TRBV29-1	NA	09/0318	NA	1
CSVEDRWGGGLATQYF	TRBV29-1	NA	09/0318	NA	1
CSVEEAILNEQFF	TRBV29-1	NA	09/0318	NA	1
CSVEEGAGGVGVYNEQFF	TRBV29-1	NA	09/0318	NA	2
CSVEGAGRGGYEQYF	TRBV29-1	NA	09/0318	NA	1
CSVEGGFPNYGYTF	TRBV29-1	NA	09/0318	NA	1
CSVEGKKETGRLYYGYTF	TRBV29-1	NA	09/0318	NA	1
CSVEGLPVSIEETMYF	TRBV29-1	NA	09/0318	NA	1
CSVEGPGANGYFF	TRBV29-1	NA	09/0318	NA	1
CSVEGPGGVTDTQYF	TRBV29-1	NA	09/0318	NA	1
CSVEGRSDTEEQYF	TRBV29-1	NA	09/0318	NA	1
CSVEKPGGFDTEAFF	TRBV29-1	NA	09/0318	NA	1
CSVENRGKVTEALF	TRBV29-1	NA	09/0318	NA	1
CSVEQELNTEAFF	TRBV29-1	NA	09/0318	NA	1
CSVFERGHQLEEQYF	TRBV29-1	NA	09/0318	NA	1
CSVGEMGQPQHF	TRBV29-1	NA	09/0318	NA	1
CSVGEWEDNEQFF	TRBV29-1	NA	09/0318	NA	1
CSVGPKNGYTF	TRBV29-1	NA	09/0318	NA	1
CSVGPRLSDTQYF	TRBV20-1	NA	09/0318	NA	1
CSVGQANYGYTF	TRBV29-1	NA	09/0318	NA	1
CSVGQGSGELFF	TRBV29-1	NA	09/0318	NA	1
CSVGTGGGVETQYF	TRBV29-1	NA	09/0318	NA	1
CSVGWPGLNIQYF	TRBV29-1	NA	09/0318	NA	1
CSVITGTAGNNIYF	TRBV29-1	NA	09/0318	NA	1
CSVLRANTGELFF	TRBV29-1	NA	09/0318	NA	1
CSVLRGGVSAEAFF	TRBV29-1	NA	09/0318	NA	1
CSVPARQQAGANYGYTF	TRBV29-1	NA	09/0318	NA	1
CSVRLGTGPTKLFF	TRBV29-1	NA	09/0318	NA	2
CSVRTGYTQYF	TRBV20-1	NA	09/0318	NA	1
CSVSSGWGMNTEAFF	TRBV29-1	NA	09/0318	NA	1
CSVVAGSPGSTMFF	TRBV29-1	NA	09/0318	NA	1
CSVVIRNTEAFF	TRBV29-1	NA	09/0318	NA	1
CSVVLAGTPYEQYF	TRBV29-1	NA	09/0318	NA	1
CSVVPRGASGATYEQYF	TRBV29-1	NA	09/0318	NA	1
CSVVRDFGEGGPYEQYF	TRBV29-1	NA	09/0318	NA	1
CSVVRDTEAFF	TRBV29-1	NA	09/0318	NA	1
CSVVSAGGSYEQYF	TRBV29-1	NA	09/0318	NA	1
CSVVSGRWDTEAFF	TRBV29-1	NA	09/0318	NA	1
CSVVTGYNEQFF	TRBV29-1	NA	09/0318	NA	1
CSVVWGDPVGVYNEQFF	TRBV29-1	NA	09/0318	NA	1
CSVVWGGANEQFF	TRBV29-1	NA	09/0318	NA	1
CSVWGDVYEQYF	TRBV29-1	NA	09/0318	NA	1
CTSSQDLTNPGTNYGYTF	TRBV4-2	NA	09/0318	NA	1
CVAHRGDNEQFF	TRBV6-9	NA	09/0318	NA	1
CVRSSGALRGINGELFF	TRBV5-1	NA	09/0318	NA	1
CVSSQTTGVAQGQETQYF	TRBV3-1	NA	09/0318	NA	1
CVSSRRGAKETQHF	TRBV5-4	NA	09/0318	NA	1
CAGLRQGAHQPQHF	TRBV27	NA	09/0361	NA	5
CAISALNRGHSGYTF	TRBV10-3	NA	09/0361	NA	2
CAISDRQVSSYEQYF	TRBV10-3	NA	09/0361	NA	1
CAITGTGGFSTDTQYF	TRBV10-3	NA	09/0361	NA	1
CARSLVGPGDANEQFF	TRBV5-1	NA	09/0361	NA	1
CASALGGAYGYTF	TRBV5-1	NA	09/0361	NA	1
CASANRDRDVQYF	TRBV7-8	NA	09/0361	NA	1
CASARTISNQPQHF	TRBV10-2	NA	09/0361	NA	2
CASIPGAGSNYGYTF	TRBV6-1	NA	09/0361	NA	2
CASLSGGSYNEQFF	TRBV12-3	NA	09/0361	NA	3
CASRDRPTDTQYF	TRBV25-1	NA	09/0361	NA	1
CASRGGGHNTGELFF	TRBV7-2	NA	09/0361	NA	1
CASRGRDGGRNTEAFF	TRBV7-2	NA	09/0361	NA	1
CASRLRDTGELFF	TRBV5-1	NA	09/0361	NA	2
CASRWDGDTQYF	TRBV5-4	NA	09/0361	NA	6
CASSAGRNNSPLHF	TRBV5-1	NA	09/0361	NA	1
CASSAYGQNTEAFF	TRBV6-4	NA	09/0361	NA	1
CASSDFSTNTEAFF	TRBV6-4	NA	09/0361	NA	1
CASSDGAYNTEAFF	TRBV25-1	NA	09/0361	NA	1
CASSDGPGILLMNTEAFF	TRBV25-1	NA	09/0361	NA	2
CASSDPELAGGNEQFF	TRBV25-1	NA	09/0361	NA	1
CASSDRDLGRDTQETQYF	TRBV25-1	NA	09/0361	NA	1
CASSDWGSGGTDTQYF	TRBV10-2	NA	09/0361	NA	4
CASSEAAYEQYF	TRBV6-1	NA	09/0361	NA	1
CASSEAGVPDYGYTF	TRBV5-4	NA	09/0361	NA	2
CASSELEADTQYF	TRBV2	NA	09/0361	NA	1
CASSELYEQYF	TRBV2	NA	09/0361	NA	2
CASSESASGNTIYF	TRBV25-1	NA	09/0361	NA	8
CASSEVHEQYF	TRBV2	NA	09/0361	NA	1
CASSFFGTSGAPGDTQYF	TRBV27	NA	09/0361	NA	3
CASSFGAGPSWDQPQHF	TRBV7-6	NA	09/0361	NA	4
CASSFGTGSSPLHF	TRBV27	NA	09/0361	NA	2
CASSFIRGGFSYNEQFF	TRBV7-2	NA	09/0361	NA	6
CASSFLGTGNNSPLHF	TRBV7-2	NA	09/0361	NA	3
CASSFPRDRDTDTQYF	TRBV5-4	NA	09/0361	NA	2
CASSFRGEGQPQHF	TRBV5-4	NA	09/0361	NA	2
CASSGNRGTFLLDTQYF	TRBV25-1	NA	09/0361	NA	1
CASSGQGWVDEQFF	TRBV5-1	NA	09/0361	NA	1
CASSGTSGYTDEQFF	TRBV5-4	NA	09/0361	NA	1
CASSHDRGPDTQYF	TRBV5-1	NA	09/0361	NA	3
CASSHGERDNEQFF	TRBV4-2	NA	09/0361	NA	19
CASSHPSSAGGQETQYF	TRBV4-2	NA	09/0361	NA	2
CASSIKGGIRRQPQHF	TRBV19	NA	09/0361	NA	2
CASSKVGVRTDTQYF	TRBV12-3	NA	09/0361	NA	2
CASSLAGDTEAFF	TRBV12-3	NA	09/0361	NA	2
CASSLAGTMNTEAFF	TRBV5-1	NA	09/0361	NA	3
CASSLANTEAFF	TRBV7-9	NA	09/0361	NA	3
CASSLAYKGTVSYEQYF	TRBV11-3	NA	09/0361	NA	4
CASSLDGNTGELFF	TRBV5-1	NA	09/0361	NA	1
CASSLDQSTDTQYF	TRBV5-1	NA	09/0361	NA	4
CASSLDSLGNQPQHF	TRBV5-1	NA	09/0361	NA	1
CASSLEGQGNEKLFF	TRBV5-1	NA	09/0361	NA	1
CASSLELAGGPWTGELFF	TRBV7-2	NA	09/0361	NA	1
CASSLERTHGYTF	TRBV5-1	NA	09/0361	NA	5
CASSLFPGREYF	TRBV7-2	NA	09/0361	NA	9
CASSLGGAQAYEQYF	TRBV7-6	NA	09/0361	NA	2
CASSLGGRMGAFF	TRBV3-1	NA	09/0361	NA	1
CASSLGGWGRPGGQPQHF	TRBV7-2	NA	09/0361	NA	4
CASSLGSSSGGREQYF	TRBV7-2	NA	09/0361	NA	1
CASSLGWTEAFF	TRBV5-1	NA	09/0361	NA	5
CASSLLGLAGGTRFGEQFF	TRBV5-4	NA	09/0361	NA	2
CASSLNPGGPADTQYF	TRBV5-1	NA	09/0361	NA	2
CASSLNSAKFPRRNTIYF	TRBV7-2	NA	09/0361	NA	2
CASSLRAGTGNTEAFF	TRBV5-1	NA	09/0361	NA	2
CASSLRGTAYEQYF	TRBV5-1	NA	09/0361	NA	2
CASSLRPSGGNTDTQYF	TRBV7-2	NA	09/0361	NA	1
CASSLRTANTEAFF	TRBV3-1	NA	09/0361	NA	2
CASSLSIAFEAFF	TRBV5-6	NA	09/0361	NA	4
CASSLSVGRVGQPQHF	TRBV5-6	NA	09/0361	NA	1
CASSLTGWGSGYTF	TRBV7-3	NA	09/0361	NA	3
CASSLVGASDTQYF	TRBV27	NA	09/0361	NA	1
CASSLVGPGDANEQFF	TRBV5-1	NA	09/0361	NA	4
CASSLVLAGDNEQFF	TRBV5-6	NA	09/0361	NA	3
CASSLVLELNTDTQYF	TRBV7-9	NA	09/0361	NA	3
CASSLVTYNEQFF	TRBV12-4	NA	09/0361	NA	1
CASSPAGGATDTQYF	TRBV11-3	NA	09/0361	NA	1
CASSPGGTVPQHF	TRBV5-5	NA	09/0361	NA	2
CASSPGMNTEAFF	TRBV7-2	NA	09/0361	NA	3
CASSPGQGHGYTF	TRBV7-2	NA	09/0361	NA	1
CASSPGQGTGYTF	TRBV18	NA	09/0361	NA	2
CASSPITGTGGYEQYF	TRBV3-1	NA	09/0361	NA	3
CASSPPGQGSVGTDTQYF	TRBV18	NA	09/0361	NA	1
CASSPRQGYYGYTF	TRBV19	NA	09/0361	NA	1
CASSPSGGTFNEQFF	TRBV5-1	NA	09/0361	NA	10
CASSQAGGGAGEQYF	TRBV4-2	NA	09/0361	NA	3
CASSQDISGGALVETQYF	TRBV4-2	NA	09/0361	NA	2
CASSQDLRGDNEQFF	TRBV3-1	NA	09/0361	NA	1
CASSQDQGGYTF	TRBV3-1	NA	09/0361	NA	3
CASSQEGGVTYNEQFF	TRBV4-2	NA	09/0361	NA	3
CASSQELASDGGYGYTF	TRBV4-2	NA	09/0361	NA	1
CASSQGRNTEAFF	TRBV3-1	NA	09/0361	NA	1
CASSQSLDGTDTQYF	TRBV4-1	NA	09/0361	NA	1
CASSQSPDNYGYTF	TRBV4-1	NA	09/0361	NA	1
CASSQTNEQFF	TRBV11-2	NA	09/0361	NA	3
CASSQVGVSTDTQYF	TRBV4-1	NA	09/0361	NA	1
CASSRDGHNYGYTF	TRBV12-3	NA	09/0361	NA	1
CASSRDRGNNNEQFF	TRBV5-4	NA	09/0361	NA	4
CASSRLPDNSPLHF	TRBV5-1	NA	09/0361	NA	3
CASSRVDRFRGNTEAFF	TRBV5-6	NA	09/0361	NA	1
CASSSGLLGWQFF	TRBV7-2	NA	09/0361	NA	3
CASSSIQYTEAFF	TRBV5-4	NA	09/0361	NA	2
CASSSPGFYNEQFF	TRBV5-1	NA	09/0361	NA	3
CASSSPGGVTDTQYF	TRBV12-4	NA	09/0361	NA	2
CASSSPRLARPIYGYTF	TRBV7-8	NA	09/0361	NA	1
CASSSPWAGELFF	TRBV5-1	NA	09/0361	NA	1
CASSSRGQSNYGYTF	TRBV5-1	NA	09/0361	NA	2
CASSSRPGQVNNEQFF	TRBV5-1	NA	09/0361	NA	5
CASSSRSQETQYF	TRBV7-8	NA	09/0361	NA	2
CASSSRTQSALGKQYF	TRBV19	NA	09/0361	NA	1
CASSSTPGLVNEQFF	TRBV7-2	NA	09/0361	NA	1
CASSTDNTEAFF	TRBV5-1	NA	09/0361	NA	1
CASSTHRGAAYNEQFF	TRBV11-3	NA	09/0361	NA	1
CASSTPGLDNEKLFF	TRBV9	NA	09/0361	NA	1
CASSTPGTGGLDTQYF	TRBV6-5	NA	09/0361	NA	2
CASSTRQGVFVGYTF	TRBV12-4	NA	09/0361	NA	2
CASSVEGNSPLHF	TRBV9	NA	09/0361	NA	1
CASSVRDFLYNEQFF	TRBV6-1	NA	09/0361	NA	2
CASSWPGDTQYF	TRBV7-3	NA	09/0361	NA	4
CASSWTSGGGTDTQYF	TRBV7-2	NA	09/0361	NA	3
CASSYFGVVQGGTEAFF	TRBV27	NA	09/0361	NA	2
CASSYGTDTQYF	TRBV6-6	NA	09/0361	NA	4
CASSYSRTGGMNTEAFF	TRBV6-5	NA	09/0361	NA	1
CASSYVGVQSQPQHF	TRBV6-2	NA	09/0361	NA	1
CASTHVRVPYYEQYF	TRBV7-2	NA	09/0361	NA	1
CASTLAGGGYNEQFF	TRBV6-1	NA	09/0361	NA	3
CATSDLTGSDTQYF	TRBV24-1	NA	09/0361	NA	1
CATSEWTGPNYGYTF	TRBV15	NA	09/0361	NA	2
CATSGWDSNYGYTF	TRBV24-1	NA	09/0361	NA	1
CATSRDNSPLHF	TRBV15	NA	09/0361	NA	3
CATSRGKGLDNEQFF	TRBV15	NA	09/0361	NA	4
CAVSRGDSYEQYF	TRBV3-1	NA	09/0361	NA	1
CAWSPDPERSYTF	TRBV30	NA	09/0361	NA	5
CAWSVFGRGVVTNTVELFF	TRBV30	NA	09/0361	NA	1
CAWSVPTGGQPQHF	TRBV30	NA	09/0361	NA	1
CSADGDGDYEQYF	TRBV20-1	NA	09/0361	NA	1
CSADGGSGNTIYF	TRBV20-1	NA	09/0361	NA	1
CSAGDRVGGSSYNEQFF	TRBV29-1	NA	09/0361	NA	1
CSAGSGSYNEQFF	TRBV20-1	NA	09/0361	NA	1
CSAHQGDPNQPQHF	TRBV20-1	NA	09/0361	NA	6
CSAKKQGSGNTEAFF	TRBV20-1	NA	09/0361	NA	2
CSALDPGTSGGGVRNEQFF	TRBV20-1	NA	09/0361	NA	2
CSALQLAGGYNEQFF	TRBV29-1	NA	09/0361	NA	7
CSALYIGSGGRTDTQYF	TRBV20-1	NA	09/0361	NA	4
CSARASGTGTEAFF	TRBV20-1	NA	09/0361	NA	1
CSARATGAINQPQHF	TRBV20-1	NA	09/0361	NA	4
CSARDDKNIQYF	TRBV20-1	NA	09/0361	NA	1
CSARDIGQARKLFF	TRBV20-1	NA	09/0361	NA	10
CSARDPGIGTPGQSFGAYEQYF	TRBV20-1	NA	09/0361	NA	3
CSARELGNTQYF	TRBV20-1	NA	09/0361	NA	1
CSARETGRSGQPQHF	TRBV20-1	NA	09/0361	NA	1
CSARGQPSGQETQYF	TRBV20-1	NA	09/0361	NA	4
CSARGRVNTEAFF	TRBV20-1	NA	09/0361	NA	1
CSARNPPGEAEYF	TRBV20-1	NA	09/0361	NA	7
CSARPPAGETQYF	TRBV20-1	NA	09/0361	NA	3
CSARRDGETQYF	TRBV20-1	NA	09/0361	NA	1
CSARRGNTEAFF	TRBV20-1	NA	09/0361	NA	1
CSARVLASGSTDTQYF	TRBV20-1	NA	09/0361	NA	1
CSASDSYEQYF	TRBV20-1	NA	09/0361	NA	1
CSASQDLGGYTF	TRBV29-1	NA	09/0361	NA	1
CSASRDSEQFF	TRBV20-1	NA	09/0361	NA	2
CSASRGRGNTEAFF	TRBV20-1	NA	09/0361	NA	1
CSASSARGTYNEQFF	TRBV20-1	NA	09/0361	NA	2
CSASSPGLAGYNEQFF	TRBV20-1	NA	09/0361	NA	9
CSASVADNYGYTF	TRBV20-1	NA	09/0361	NA	3
CSATHPNTEAFF	TRBV20-1	NA	09/0361	NA	4
CSATITLKNTEAFF	TRBV20-1	NA	09/0361	NA	2
CSATPFTTPEAFF	TRBV20-1	NA	09/0361	NA	2
CSATPPLTGQETQYF	TRBV20-1	NA	09/0361	NA	2
CSAVYRRGNTIYF	TRBV20-1	NA	09/0361	NA	1
CSAWDSSANYGYTF	TRBV20-1	NA	09/0361	NA	1
CSAYRGINSPLHF	TRBV20-1	NA	09/0361	NA	6
CSQQGGLDQPQHF	TRBV20-1	NA	09/0361	NA	3
CSVAGGGSEAFF	TRBV20-1	NA	09/0361	NA	6
CSVDVGLLGDEQYF	TRBV29-1	NA	09/0361	NA	3
CSVDWPGGTDTQYF	TRBV29-1	NA	09/0361	NA	1
CSVEDLFGGGNTIYF	TRBV29-1	NA	09/0361	NA	1
CSVEVAGGPTDTQYF	TRBV29-1	NA	09/0361	NA	2
CSVGGREETQYF	TRBV29-1	NA	09/0361	NA	3
CSVHREMNTEAFF	TRBV29-1	NA	09/0361	NA	2
CSVMRGTGNTIYF	TRBV29-1	NA	09/0361	NA	2
CSVRGQVDTEAFF	TRBV29-1	NA	09/0361	NA	2
CSVSIPSAGSGTQYF	TRBV20-1	NA	09/0361	NA	2
CSVVAQLNTEAFF	TRBV29-1	NA	09/0361	NA	4
CSVVRRVTSGTTNQETQYF	TRBV29-1	NA	09/0361	NA	1
CSVVRTSATYEQYF	TRBV29-1	NA	09/0361	NA	1
CSVVSSGTGPYGYTF	TRBV29-1	NA	09/0361	NA	1
CSVYSQGLEAFF	TRBV29-1	NA	09/0361	NA	1
CAAGGTANYEQYF	TRBV10-3	NA	09/0361	NA	1
CACMPGGGGSNTGELCF	TRBV7-2	NA	09/0361	NA	1
CACNPCGDSPNNGHTF	TRBV19	NA	09/0361	NA	1
CACRTDSNQPQHF	TRBV30	NA	09/0361	NA	2
CACSSAVQGRFTGANVLTF	TRBV19	NA	09/0361	NA	1
CACSSMRSNTGELFF	TRBV5-4	NA	09/0361	NA	1
CADRSIRYTEAFF	TRBV5-4	NA	09/0361	NA	1
CAESSIQYKEAFF	TRBV5-4	NA	09/0361	NA	1
CAGGQEEQFF	TRBV5-4	NA	09/0361	NA	1
CAGRARTVEGSPLHF	TRBV7-9	NA	09/0361	NA	1
CAGSCLGTVRNSPLLF	TRBV7-2	NA	09/0361	NA	1
CAGSLEGTSGVYEQYF	TRBV7-2	NA	09/0361	NA	1
CAGSLERRGPGETRYF	TRBV7-2	NA	09/0361	NA	1
CAGSLGVGVDGYTF	TRBV7-2	NA	09/0361	NA	1
CAGSPSGGTFNEQCF	TRBV5-1	NA	09/0361	NA	1
CAGSRLTGAGGKQFF	TRBV4-1	NA	09/0361	NA	1
CAGSSQRTVGANFLSF	TRBV5-4	NA	09/0361	NA	1
CAGSSRAGSGEQYF	TRBV11-2	NA	09/0361	NA	1
CAGSSWPRAEQYF	TRBV7-2	NA	09/0361	NA	1
CAGSWSGGGNKEQFF	TRBV5-4	NA	09/0361	NA	1
CAIREVPLNTEAFF	TRBV10-3	NA	09/0361	NA	1
CAIRGDSSDEQFF	TRBV10-3	NA	09/0361	NA	1
CAIRGGTVNTEAFF	TRBV10-3	NA	09/0361	NA	1
CAIRPGTGGVETQYF	TRBV10-3	NA	09/0361	NA	1
CAIRSSDRPNEKLFF	TRBV10-3	NA	09/0361	NA	1
CAISAGTENQPQHF	TRBV10-3	NA	09/0361	NA	1
CAISALNRGHSGYNF	TRBV10-3	NA	09/0361	NA	1
CAISDAGLALSYNEQFF	TRBV10-3	NA	09/0361	NA	1
CAISDGTGETGELFF	TRBV10-3	NA	09/0361	NA	2
CAISDLPGPGQGVRAEAFF	TRBV10-3	NA	09/0361	NA	1
CAISEAGVADYGYTF	TRBV5-4	NA	09/0361	NA	1
CAISEFVSRGDYGYTF	TRBV10-3	NA	09/0361	NA	1
CAISEGDRGHTEAFF	TRBV10-3	NA	09/0361	NA	1
CAISESAGLTNTEAFF	TRBV10-3	NA	09/0361	NA	1
CAISESAGYNQPQHF	TRBV10-3	NA	09/0361	NA	1
CAISESILGNSYEQYF	TRBV10-3	NA	09/0361	NA	1
CAISESNLGLDEQFF	TRBV10-3	NA	09/0361	NA	5
CAISESTGDQPQHF	TRBV10-3	NA	09/0361	NA	1
CAISETGNGYTF	TRBV10-3	NA	09/0361	NA	1
CAISEVVSRGDYGYTF	TRBV10-3	NA	09/0361	NA	1
CAISGASGTYKEQFF	TRBV10-3	NA	09/0361	NA	1
CAISGASGTYNEQFF	TRBV10-3	NA	09/0361	NA	2
CAISGSQGKTQYF	TRBV10-3	NA	09/0361	NA	1
CAISHQETQYF	TRBV10-3	NA	09/0361	NA	1
CAISKGTEAFF	TRBV6-2	NA	09/0361	NA	1
CAISLRREEGEAFF	TRBV10-3	NA	09/0361	NA	4
CAISPALSSPEQYF	TRBV5-1	NA	09/0361	NA	1
CAISPGSTAQETQYF	TRBV10-3	NA	09/0361	NA	1
CAISPLRGEQYF	TRBV10-3	NA	09/0361	NA	1
CAISRLGRDTGELFF	TRBV10-3	NA	09/0361	NA	2
CAISSQGGENQPQHF	TRBV10-3	NA	09/0361	NA	2
CAISSRGETTDTQYF	TRBV10-3	NA	09/0361	NA	1
CAISWTGQEAFF	TRBV10-3	NA	09/0361	NA	1
CALARPGPRNNEQFF	TRBV5-4	NA	09/0361	NA	1
CANRWAGDTQYF	TRBV5-4	NA	09/0361	NA	1
CAPGQGGYTF	TRBV2	NA	09/0361	NA	1
CAPLRADNEQFF	TRBV5-1	NA	09/0361	NA	2
CAQQGGLDQPQHF	TRBV20-1	NA	09/0361	NA	1
CARANRDRDVQYF	TRBV7-8	NA	09/0361	NA	1
CARGLALEPTEPYF	TRBV5-1	NA	09/0361	NA	1
CARHRGRDTEAFF	TRBV5-4	NA	09/0361	NA	1
CARLNRGGGAGDEQFF	TRBV27	NA	09/0361	NA	1
CARRDQGPYEQYF	TRBV25-1	NA	09/0361	NA	1
CARRETVGGSQPQHF	TRBV6-1	NA	09/0361	NA	1
CARRWGPDRNQHQHF	TRBV7-9	NA	09/0361	NA	1
CARSALSTAGEQYF	TRBV5-1	NA	09/0361	NA	1
CARSEDRGNTEAFF	TRBV18	NA	09/0361	NA	1
CARSFFGGGEEKLFF	TRBV5-1	NA	09/0361	NA	1
CARSHALAGTTEKLFF	TRBV4-1	NA	09/0361	NA	1
CARSIGLLGRYNEQCF	TRBV19	NA	09/0361	NA	1
CARSLDRTGSGYTF	TRBV7-2	NA	09/0361	NA	1
CARSPETGLQGPQCF	TRBV7-2	NA	09/0361	NA	1
CARSQARLNEQFF	TRBV4-1	NA	09/0361	NA	1
CARSQARVKWQFF	TRBV4-1	NA	09/0361	NA	1
CARSQGVNSPLHF	TRBV5-1	NA	09/0361	NA	1
CARSSEEGETQYF	TRBV5-3	NA	09/0361	NA	1
CARSWERQETQYF	TRBV5-1	NA	09/0361	NA	1
CARTLGVFDNQPQHF	TRBV6-1	NA	09/0361	NA	3
CASADYSGKNIQYF	TRBV2	NA	09/0361	NA	1
CASAGDTGELCF	TRBV7-9	NA	09/0361	NA	1
CASAGDTGELFF	TRBV7-9	NA	09/0361	NA	2
CASAPLRDRGNDQYF	TRBV18	NA	09/0361	NA	1
CASDPGFSRTNTEAFF	TRBV12-5	NA	09/0361	NA	1
CASELASGNTIYF	TRBV12-4	NA	09/0361	NA	1
CASGAPGGGTNEKLFF	TRBV12-5	NA	09/0361	NA	1
CASGEWTGPNDSYTF	TRBV15	NA	09/0361	NA	1
CASGFIRGGFAYDEQFF	TRBV7-2	NA	09/0361	NA	1
CASGFTRGGLPYEQYF	TRBV11-2	NA	09/0361	NA	1
CASGGQGYEQYF	TRBV25-1	NA	09/0361	NA	1
CASGKRGGETQYF	TRBV12-5	NA	09/0361	NA	1
CASGLASPGQGITDTQYF	TRBV12-5	NA	09/0361	NA	1
CASGLAWPFKSGANVLTF	TRBV7-2	NA	09/0361	NA	1
CASGLDRWGEGSPSPDEQYF	TRBV7-2	NA	09/0361	NA	1
CASGLGLAGNNEQYF	TRBV7-2	NA	09/0361	NA	1
CASGLGNRERNNEQFF	TRBV12-5	NA	09/0361	NA	1
CASGLTGAGNTIYF	TRBV12-5	NA	09/0361	NA	1
CASGLVLRGIGDGYTF	TRBV12-5	NA	09/0361	NA	1
CASGLVQGFLDTEAFF	TRBV12-5	NA	09/0361	NA	1
CASGPRSASGASNEQFF	TRBV12-5	NA	09/0361	NA	1
CASGQEGGDTNNGQFF	TRBV4-2	NA	09/0361	NA	1
CASGQGRGTDTQYF	TRBV19	NA	09/0361	NA	1
CASGQRVGGYTF	TRBV7-2	NA	09/0361	NA	1
CASGRTHTGELFF	TRBV6-5	NA	09/0361	NA	4
CASGSGTSGPKSYEQYF	TRBV12-5	NA	09/0361	NA	1
CASGSPGLWGRTDTQYF	TRBV5-6	NA	09/0361	NA	1
CASGSSTDTQYF	TRBV7-9	NA	09/0361	NA	1
CASGTFPRTQYF	TRBV7-2	NA	09/0361	NA	1
CASGTGGPGANVLTF	TRBV13	NA	09/0361	NA	1
CASGTLDLVF	TRBV7-2	NA	09/0361	NA	1
CASGTSGPHEQYF	TRBV19	NA	09/0361	NA	2
CASGVGAGCATHHF	TRBV27	NA	09/0361	NA	1
CASGVVVELNTDTQYF	TRBV7-9	NA	09/0361	NA	1
CASHRAGDGTGANVLTF	TRBV28	NA	09/0361	NA	1
CASIKDRTGTDTQYF	TRBV27	NA	09/0361	NA	1
CASIKGRTGRDTQYF	TRBV27	NA	09/0361	NA	1
CASILAGGGYKAQFF	TRBV6-1	NA	09/0361	NA	1
CASILGQGLHEQYF	TRBV12-4	NA	09/0361	NA	1
CASILTSGGTDTQYF	TRBV7-2	NA	09/0361	NA	1
CASIPRQCYSGYPF	TRBV19	NA	09/0361	NA	1
CASIPTGGPDAPLHF	TRBV5-1	NA	09/0361	NA	1
CASIRMGGGAADTQYF	TRBV12-3	NA	09/0361	NA	1
CASIRVAAYGTQYF	TRBV19	NA	09/0361	NA	1
CASISMDTGELFF	TRBV2	NA	09/0361	NA	1
CASKGRRAGSYGYTF	TRBV2	NA	09/0361	NA	1
CASKLAGAYNEQFF	TRBV6-1	NA	09/0361	NA	1
CASLGLLSNIQYF	TRBV25-1	NA	09/0361	NA	1
CASLLGAAYNEQFF	TRBV12-4	NA	09/0361	NA	1
CASMEWETQYF	TRBV19	NA	09/0361	NA	1
CASMQGGFGEAFF	TRBV3-1	NA	09/0361	NA	1
CASNDGGVGQPQHF	TRBV6-4	NA	09/0361	NA	1
CASNGAAGQGTTGELFF	TRBV2	NA	09/0361	NA	1
CASNPVRVPYDEQYF	TRBV7-2	NA	09/0361	NA	1
CASNTGTGRSPLHF	TRBV28	NA	09/0361	NA	1
CASPLTPGASTDTQYF	TRBV7-9	NA	09/0361	NA	1
CASQGGAGPTGELFF	TRBV6-6	NA	09/0361	NA	2
CASQRAGDGTGANVLTF	TRBV28	NA	09/0361	NA	1
CASQSAMGTDTQYF	TRBV6-5	NA	09/0361	NA	1
CASRAELRYTF	TRBV7-2	NA	09/0361	NA	2
CASRAPGLHIAKNIQYF	TRBV11-2	NA	09/0361	NA	1
CASRATRETGVKDTQYF	TRBV7-9	NA	09/0361	NA	2
CASRDPYASSTDTQYF	TRBV5-1	NA	09/0361	NA	1
CASRDRDRGTDEQYF	TRBV19	NA	09/0361	NA	1
CASRDSGDTGELFF	TRBV6-1	NA	09/0361	NA	1
CASRDSSRSTDTQYF	TRBV5-6	NA	09/0361	NA	1
CASRDSSYEQYF	TRBV28	NA	09/0361	NA	1
CASREPGVNTEAFF	TRBV11-2	NA	09/0361	NA	1
CASRESCGKGGDQPQHF	TRBV25-1	NA	09/0361	NA	1
CASRETLGGNQPQHF	TRBV6-1	NA	09/0361	NA	1
CASRETYLSYEQYF	TRBV2	NA	09/0361	NA	1
CASRFSGEGGYGYTF	TRBV12-2	NA	09/0361	NA	1
CASRGIAGGTYEQYF	TRBV5-6	NA	09/0361	NA	2
CASRGLAGNGELFF	TRBV2	NA	09/0361	NA	1
CASRGLKNTGELFF	TRBV2	NA	09/0361	NA	2
CASRGRSVEGSPLPF	TRBV7-9	NA	09/0361	NA	1
CASRGRTVEGSPLHF	TRBV7-9	NA	09/0361	NA	4
CASRGSPNRSNSPLHF	TRBV5-5	NA	09/0361	NA	1
CASRGTGGEAFF	TRBV6-4	NA	09/0361	NA	1
CASRGTGTKNEQFF	TRBV27	NA	09/0361	NA	2
CASRGTRNTEAFF	TRBV19	NA	09/0361	NA	1
CASRIGTSGVNDKLFF	TRBV12-3	NA	09/0361	NA	1
CASRKKSSGANVLTF	TRBV6-1	NA	09/0361	NA	3
CASRKKSSGDNVLTF	TRBV6-1	NA	09/0361	NA	1
CASRKLYNEQFF	TRBV27	NA	09/0361	NA	2
CASRKRGGQETQYF	TRBV6-6	NA	09/0361	NA	1
CASRLAYKGTVSYEQYF	TRBV7-9	NA	09/0361	NA	1
CASRLDRIFMNTEAFF	TRBV27	NA	09/0361	NA	1
CASRLDRSSGNTIYF	TRBV27	NA	09/0361	NA	6
CASRLFPGREYF	TRBV7-2	NA	09/0361	NA	1
CASRLGQGGQPQHF	TRBV7-2	NA	09/0361	NA	1
CASRLGSGKLDPEAFF	TRBV5-1	NA	09/0361	NA	1
CASRLRQGGNTEAFF	TRBV7-9	NA	09/0361	NA	1
CASRLTGGRNQPQHF	TRBV5-1	NA	09/0361	NA	1
CASRLTGQGNSPLHF	TRBV25-1	NA	09/0361	NA	1
CASRMTSGVSYNEQFF	TRBV6-1	NA	09/0361	NA	1
CASRPGTGLQETQYF	TRBV7-2	NA	09/0361	NA	1
CASRPGWADTQYF	TRBV7-3	NA	09/0361	NA	1
CASRPLVDRNTDTQYF	TRBV7-9	NA	09/0361	NA	1
CASRPPENAGERFF	TRBV7-3	NA	09/0361	NA	1
CASRPPENTGELFF	TRBV7-3	NA	09/0361	NA	1
CASRPTAIYEQYF	TRBV12-4	NA	09/0361	NA	1
CASRQDLAGTNENLFF	TRBV4-1	NA	09/0361	NA	1
CASRRAGGPIDTQYF	TRBV5-6	NA	09/0361	NA	1
CASRRDWSRGEQYF	TRBV6-5	NA	09/0361	NA	2
CASRRFTGELFF	TRBV27	NA	09/0361	NA	1
CASRRGLESEIESPDTQYF	TRBV23-1	NA	09/0361	NA	1
CASRRGSWTVNTEAFF	TRBV12-4	NA	09/0361	NA	1
CASRRGTDGNTIYF	TRBV5-1	NA	09/0361	NA	1
CASRRSGGTFNEQFF	TRBV5-1	NA	09/0361	NA	1
CASRSELAGQVSQYF	TRBV5-1	NA	09/0361	NA	1
CASRSNKIMNTEAFF	TRBV7-2	NA	09/0361	NA	2
CASRSNKSMNTEAFF	TRBV7-2	NA	09/0361	NA	1
CASRSPGDYEQYF	TRBV7-3	NA	09/0361	NA	4
CASRSTKIINTKAFF	TRBV7-2	NA	09/0361	NA	1
CASRSVFMNTEAFF	TRBV27	NA	09/0361	NA	1
CASRTARANVLTF	TRBV13	NA	09/0361	NA	2
CASRTGGGYNEQFF	TRBV2	NA	09/0361	NA	1
CASRTGSRPYEQYF	TRBV12-4	NA	09/0361	NA	1
CASRVSGQGGTEAFF	TRBV5-1	NA	09/0361	NA	1
CASRWDGDTKYF	TRBV5-4	NA	09/0361	NA	1
CASRWRGLSYEQYF	TRBV7-8	NA	09/0361	NA	1
CASSAEITGELFF	TRBV6-1	NA	09/0361	NA	2
CASSAETGQGYTF	TRBV6-4	NA	09/0361	NA	1
CASSAGENTEAFF	TRBV2	NA	09/0361	NA	1
CASSAGHDGYTF	TRBV5-8	NA	09/0361	NA	3
CASSAGLAGGLYNEQFF	TRBV25-1	NA	09/0361	NA	1
CASSAGQATTEAFF	TRBV9	NA	09/0361	NA	1
CASSAGQGGADTQYF	TRBV19	NA	09/0361	NA	1
CASSAGRSFNYGYTF	TRBV12-4	NA	09/0361	NA	1
CASSAGTAFYGYTF	TRBV7-2	NA	09/0361	NA	3
CASSAGTGTAPLHF	TRBV11-2	NA	09/0361	NA	1
CASSAGTGVETQYF	TRBV11-3	NA	09/0361	NA	2
CASSAGTGVGTKYF	TRBV11-3	NA	09/0361	NA	1
CASSAIQRGNYEQYF	TRBV7-2	NA	09/0361	NA	1
CASSALENTEAFF	TRBV2	NA	09/0361	NA	1
CASSALTTAGEQYF	TRBV5-1	NA	09/0361	NA	2
CASSANSVGPGNTIYF	TRBV6-1	NA	09/0361	NA	2
CASSARGGLNGYTF	TRBV12-4	NA	09/0361	NA	1
CASSARGGVNGYTF	TRBV12-4	NA	09/0361	NA	1
CASSARRKEKLFF	TRBV19	NA	09/0361	NA	1
CASSARSGGLNIQYF	TRBV7-2	NA	09/0361	NA	3
CASSASPSGGLYTQYF	TRBV7-2	NA	09/0361	NA	1
CASSATRETGVKDTQYF	TRBV7-9	NA	09/0361	NA	1
CASSAVGPGIHNEQFF	TRBV11-2	NA	09/0361	NA	1
CASSAYRDSANYGYTF	TRBV19	NA	09/0361	NA	1
CASSCIRGGFSYNEQFF	TRBV7-2	NA	09/0361	NA	1
CASSCLGTGNNSPLHF	TRBV7-2	NA	09/0361	NA	1
CASSDDRERQPQHF	TRBV25-1	NA	09/0361	NA	2
CASSDGSAKNIQYF	TRBV19	NA	09/0361	NA	1
CASSDIRRGGSYNEQFF	TRBV11-2	NA	09/0361	NA	1
CASSDLAVGGKLLYGYTF	TRBV5-6	NA	09/0361	NA	1
CASSDLFRGTGGNNTEAFF	TRBV6-4	NA	09/0361	NA	1
CASSDMGTGIGQGKYYNEQFF	TRBV25-1	NA	09/0361	NA	1
CASSDPELGGGNEQFF	TRBV25-1	NA	09/0361	NA	1
CASSDPGLADSTDTQYF	TRBV2	NA	09/0361	NA	1
CASSDPGLAGGNEQYF	TRBV10-1	NA	09/0361	NA	1
CASSDPPAPETQYF	TRBV7-2	NA	09/0361	NA	1
CASSDPQPQHF	TRBV2	NA	09/0361	NA	1
CASSDPRAGVVTDTQYF	TRBV25-1	NA	09/0361	NA	1
CASSDQGPYEQYF	TRBV25-1	NA	09/0361	NA	2
CASSDQRPYEQYF	TRBV25-1	NA	09/0361	NA	1
CASSDSRQGAMGAQFF	TRBV6-4	NA	09/0361	NA	1
CASSDSSRRGGPSCDNEQFF	TRBV6-5	NA	09/0361	NA	1
CASSDVGTYEQYF	TRBV10-2	NA	09/0361	NA	1
CASSDVKGRTYGYTF	TRBV11-2	NA	09/0361	NA	1
CASSEAAVNYGYTF	TRBV2	NA	09/0361	NA	1
CASSEAGARSGGETQYF	TRBV2	NA	09/0361	NA	1
CASSEAGQNLPLHF	TRBV6-1	NA	09/0361	NA	1
CASSEARLSTDTQYF	TRBV2	NA	09/0361	NA	2
CASSEARVAFF	TRBV6-1	NA	09/0361	NA	2
CASSEARVITEAFF	TRBV18	NA	09/0361	NA	1
CASSEDRGNTEAFF	TRBV18	NA	09/0361	NA	7
CASSEDRGSTDGFF	TRBV18	NA	09/0361	NA	1
CASSEDSGHTEAFF	TRBV18	NA	09/0361	NA	1
CASSEDSSSGNTIYF	TRBV2	NA	09/0361	NA	1
CASSEEKLAATGELFF	TRBV25-1	NA	09/0361	NA	1
CASSEENQPQHF	TRBV10-3	NA	09/0361	NA	1
CASSEFGQGIGTEAFF	TRBV6-1	NA	09/0361	NA	1
CASSEGHINGYTF	TRBV2	NA	09/0361	NA	1
CASSEGLAGPGSEQYF	TRBV6-6	NA	09/0361	NA	3
CASSEGRRGVSIQYF	TRBV5-1	NA	09/0361	NA	1
CASSEGRVVEAFF	TRBV10-2	NA	09/0361	NA	2
CASSEGVNSPHHF	TRBV5-1	NA	09/0361	NA	1
CASSEGWGRSSYEQYF	TRBV2	NA	09/0361	NA	1
CASSELAGTDTQYF	TRBV11-1	NA	09/0361	NA	3
CASSELHEQYF	TRBV2	NA	09/0361	NA	1
CASSEMQRATF	TRBV6-1	NA	09/0361	NA	1
CASSEMRQPYEQYF	TRBV25-1	NA	09/0361	NA	1
CASSERDAGGYTF	TRBV6-1	NA	09/0361	NA	1
CASSERLRTGNGYTF	TRBV25-1	NA	09/0361	NA	1
CASSERTGDEKLFF	TRBV10-1	NA	09/0361	NA	1
CASSESGLNYEQYF	TRBV5-1	NA	09/0361	NA	1
CASSETGPAEAFF	TRBV6-1	NA	09/0361	NA	1
CASSETSGGHNEQFF	TRBV9	NA	09/0361	NA	1
CASSETTEAFF	TRBV5-1	NA	09/0361	NA	2
CASSEVWGRSSYEQYF	TRBV2	NA	09/0361	NA	1
CASSEWLGTGEGEQYF	TRBV25-1	NA	09/0361	NA	2
CASSEYTGVLYEQYF	TRBV25-1	NA	09/0361	NA	1
CASSFDGTDTQYF	TRBV5-1	NA	09/0361	NA	1
CASSFDRWNTEAFF	TRBV7-2	NA	09/0361	NA	1
CASSFFGLAGGPDLSTDTQYF	TRBV27	NA	09/0361	NA	1
CASSFFPNQPQHF	TRBV27	NA	09/0361	NA	1
CASSFFQQAYMNTEAFF	TRBV5-1	NA	09/0361	NA	2
CASSFFRGGEEKLFF	TRBV5-1	NA	09/0361	NA	1
CASSFGAGRIQETQYF	TRBV7-2	NA	09/0361	NA	2
CASSFGAGTYEQYF	TRBV7-2	NA	09/0361	NA	1
CASSFGATGELFF	TRBV5-1	NA	09/0361	NA	3
CASSFGDRGFADTQYF	TRBV5-3	NA	09/0361	NA	4
CASSFGEGGGNTEAFF	TRBV5-1	NA	09/0361	NA	1
CASSFGGGGIGETQYF	TRBV7-2	NA	09/0361	NA	1
CASSFGGGGNTQYF	TRBV7-2	NA	09/0361	NA	2
CASSFGLAYEQYF	TRBV3-1	NA	09/0361	NA	1
CASSFGLEDYKEQFF	TRBV6-6	NA	09/0361	NA	1
CASSFGQGGGNTEAFF	TRBV5-1	NA	09/0361	NA	1
CASSFIPGGLSYNEQFF	TRBV7-2	NA	09/0361	NA	1
CASSFKDTQYF	TRBV7-2	NA	09/0361	NA	2
CASSFKGGAEQYF	TRBV7-2	NA	09/0361	NA	2
CASSFLAGDTQYF	TRBV7-3	NA	09/0361	NA	1
CASSFLGAMGNGYTF	TRBV12-4	NA	09/0361	NA	4
CASSFLGHPNSFYNEQFF	TRBV5-1	NA	09/0361	NA	2
CASSFLGTGNKSPLHF	TRBV7-2	NA	09/0361	NA	1
CASSFLGTGNNSPRHF	TRBV7-2	NA	09/0361	NA	1
CASSFPASNPVF	TRBV7-9	NA	09/0361	NA	1
CASSFPLRSNEQYF	TRBV5-1	NA	09/0361	NA	2
CASSFPPDEQFF	TRBV19	NA	09/0361	NA	1
CASSFQTGGFSGYTF	TRBV28	NA	09/0361	NA	2
CASSFRDRGRKDEQFF	TRBV5-4	NA	09/0361	NA	2
CASSFRGKGTEAFF	TRBV27	NA	09/0361	NA	1
CASSFRPGSLNTEALF	TRBV7-8	NA	09/0361	NA	1
CASSFRRAGGSTDTQYF	TRBV10-2	NA	09/0361	NA	1
CASSFRSGVADTQYF	TRBV5-1	NA	09/0361	NA	2
CASSFRTGRDEQYF	TRBV2	NA	09/0361	NA	1
CASSFRTPYNEQFF	TRBV7-6	NA	09/0361	NA	1
CASSFSGGEQFF	TRBV7-3	NA	09/0361	NA	2
CASSFSGNTGELFF	TRBV7-2	NA	09/0361	NA	4
CASSFSMDTEAFF	TRBV18	NA	09/0361	NA	1
CASSFSSGGDNEQFF	TRBV5-4	NA	09/0361	NA	2
CASSFSSGGHNEQFF	TRBV5-4	NA	09/0361	NA	7
CASSFTSGGLTYEQYF	TRBV11-2	NA	09/0361	NA	1
CASSFYMDTEAFF	TRBV18	NA	09/0361	NA	1
CASSFYRGNTGELFF	TRBV7-2	NA	09/0361	NA	1
CASSGEGSQPQHF	TRBV10-2	NA	09/0361	NA	1
CASSGGSGGPGETQYF	TRBV10-1	NA	09/0361	NA	1
CASSGPGPRNTEAFF	TRBV5-4	NA	09/0361	NA	1
CASSGPVFSGPSGPEAFF	TRBV2	NA	09/0361	NA	1
CASSGQEGGNIKYF	TRBV7-6	NA	09/0361	NA	1
CASSGQGGGNIQYF	TRBV7-6	NA	09/0361	NA	4
CASSGQGIYNEQFF	TRBV5-1	NA	09/0361	NA	4
CASSGRAKNIQYF	TRBV10-1	NA	09/0361	NA	1
CASSGRGAPYEQYF	TRBV4-1	NA	09/0361	NA	1
CASSGSATGVGGTEAFF	TRBV5-1	NA	09/0361	NA	1
CASSGSGQGGTEAFF	TRBV5-1	NA	09/0361	NA	1
CASSGSTGGTEKLFF	TRBV6-1	NA	09/0361	NA	1
CASSGTRGYTDEQFF	TRBV5-4	NA	09/0361	NA	1
CASSGTTGANVLTF	TRBV18	NA	09/0361	NA	2
CASSGVGGVLAKNIQYF	TRBV10-2	NA	09/0361	NA	1
CASSGVLGPRDSLYVGYTF	TRBV25-1	NA	09/0361	NA	2
CASSGVRGRYEQYF	TRBV2	NA	09/0361	NA	1
CASSGYPMDTQYF	TRBV9	NA	09/0361	NA	2
CASSHGERDNEQCF	TRBV4-2	NA	09/0361	NA	1
CASSHGERENEKFF	TRBV4-2	NA	09/0361	NA	1
CASSHGQGSNTIYF	TRBV3-1	NA	09/0361	NA	1
CASSHLRWGVAGGDEQYF	TRBV4-1	NA	09/0361	NA	1
CASSHPGGNGYTF	TRBV6-2	NA	09/0361	NA	1
CASSHPGNEQYF	TRBV7-2	NA	09/0361	NA	1
CASSHPPAPETQYF	TRBV7-2	NA	09/0361	NA	4
CASSHPRGGGRDQPQHF	TRBV11-2	NA	09/0361	NA	1
CASSHPTGGTNEKLFF	TRBV4-2	NA	09/0361	NA	1
CASSHQTGLQGYTF	TRBV3-1	NA	09/0361	NA	1
CASSHRLTTDAQYF	TRBV7-8	NA	09/0361	NA	1
CASSHSGGPQFF	TRBV3-1	NA	09/0361	NA	1
CASSHSRGPQHF	TRBV3-1	NA	09/0361	NA	2
CASSHTLAGVYNEQFF	TRBV4-2	NA	09/0361	NA	1
CASSHWGSTDTQYF	TRBV4-2	NA	09/0361	NA	3
CASSIAAHYEQYF	TRBV7-8	NA	09/0361	NA	1
CASSIDGHYEQYF	TRBV19	NA	09/0361	NA	1
CASSIDRVAGNTIYF	TRBV19	NA	09/0361	NA	1
CASSIERAGFSNQPQHF	TRBV19	NA	09/0361	NA	1
CASSIGGSSYNEQFF	TRBV19	NA	09/0361	NA	1
CASSIGLLGIYNEQFF	TRBV19	NA	09/0361	NA	1
CASSIGQGGARNQPQHF	TRBV7-8	NA	09/0361	NA	1
CASSIGSGIELNTEAFF	TRBV19	NA	09/0361	NA	2
CASSIGWTEAFF	TRBV5-1	NA	09/0361	NA	1
CASSILGREDQPQHF	TRBV19	NA	09/0361	NA	1
CASSIQNNQPQHF	TRBV19	NA	09/0361	NA	1
CASSIRETGELFF	TRBV25-1	NA	09/0361	NA	1
CASSISGGQTYEQYF	TRBV5-1	NA	09/0361	NA	1
CASSISGGTGEAQYF	TRBV7-2	NA	09/0361	NA	1
CASSIVAAYGEQYF	TRBV19	NA	09/0361	NA	3
CASSIVPAAYYEQYF	TRBV7-2	NA	09/0361	NA	1
CASSKAHGGALLNTQYF	TRBV21-1	NA	09/0361	NA	1
CASSKDPGPEQYF	TRBV21-1	NA	09/0361	NA	1
CASSKDRGMANEQFF	TRBV7-8	NA	09/0361	NA	1
CASSKEPGPEQYF	TRBV21-1	NA	09/0361	NA	1
CASSKGEGGGHGYTF	TRBV21-1	NA	09/0361	NA	1
CASSKGGQYYEQYF	TRBV12-4	NA	09/0361	NA	1
CASSKVRKVIPRGYTF	TRBV21-1	NA	09/0361	NA	1
CASSKYRVPEDTEAFF	TRBV27	NA	09/0361	NA	2
CASSLADTQYF	TRBV14	NA	09/0361	NA	1
CASSLAGDWTEAFF	TRBV28	NA	09/0361	NA	1
CASSLAGGGNEQFF	TRBV7-9	NA	09/0361	NA	2
CASSLAGGPYEQYF	TRBV3-1	NA	09/0361	NA	2
CASSLAGGSGNTIYF	TRBV12-4	NA	09/0361	NA	1
CASSLAGNNEQFF	TRBV10-2	NA	09/0361	NA	1
CASSLAGSLNTEAFF	TRBV5-4	NA	09/0361	NA	1
CASSLAGSRDEQFF	TRBV5-1	NA	09/0361	NA	4
CASSLAGSSYEQYF	TRBV7-2	NA	09/0361	NA	2
CASSLAGTGELFF	TRBV11-2	NA	09/0361	NA	1
CASSLAGTGGSNEQFF	TRBV5-6	NA	09/0361	NA	1
CASSLAGTGNEKLFF	TRBV5-1	NA	09/0361	NA	1
CASSLAGTMDTEAFF	TRBV5-1	NA	09/0361	NA	1
CASSLAGTSEKLFF	TRBV5-4	NA	09/0361	NA	1
CASSLAGTVNTEAFF	TRBV5-1	NA	09/0361	NA	1
CASSLAGTVTEKLFF	TRBV5-1	NA	09/0361	NA	1
CASSLAKGQGAYEQYF	TRBV7-6	NA	09/0361	NA	1
CASSLALDPNEQYF	TRBV5-1	NA	09/0361	NA	1
CASSLALGEQYF	TRBV5-4	NA	09/0361	NA	1
CASSLANRAGLMNTEAFF	TRBV5-4	NA	09/0361	NA	3
CASSLANRAGLRNTEAFF	TRBV5-4	NA	09/0361	NA	1
CASSLARGEDTQYF	TRBV27	NA	09/0361	NA	1
CASSLARLAGLGDTQYF	TRBV27	NA	09/0361	NA	1
CASSLARTSGALGDTQYF	TRBV27	NA	09/0361	NA	1
CASSLATGAPSTGELFF	TRBV5-1	NA	09/0361	NA	1
CASSLATVETQYF	TRBV5-5	NA	09/0361	NA	1
CASSLAVAGVSPLHF	TRBV12-3	NA	09/0361	NA	1
CASSLAVGAHNEQFF	TRBV7-9	NA	09/0361	NA	1
CASSLAWPFKSGANVLTF	TRBV7-2	NA	09/0361	NA	4
CASSLCPGREYF	TRBV7-2	NA	09/0361	NA	1
CASSLDCCTDTQYF	TRBV5-1	NA	09/0361	NA	1
CASSLDDTEAFF	TRBV7-9	NA	09/0361	NA	2
CASSLDEHTEAFF	TRBV7-6	NA	09/0361	NA	1
CASSLDGLTDTQDF	TRBV5-1	NA	09/0361	NA	1
CASSLDGLTDTQYF	TRBV5-1	NA	09/0361	NA	4
CASSLDGTGGMGTEAFF	TRBV7-2	NA	09/0361	NA	1
CASSLDGTSGVYEQYF	TRBV7-2	NA	09/0361	NA	2
CASSLDGVTDTQYF	TRBV5-1	NA	09/0361	NA	2
CASSLDPSPNTEAFF	TRBV5-1	NA	09/0361	NA	2
CASSLDPSRTTEAFF	TRBV5-1	NA	09/0361	NA	1
CASSLDRAFVNEQFF	TRBV11-3	NA	09/0361	NA	1
CASSLDRFNTEAFF	TRBV7-8	NA	09/0361	NA	1
CASSLDRGGNQPQHF	TRBV7-8	NA	09/0361	NA	1
CASSLDRTGSGYTF	TRBV7-2	NA	09/0361	NA	2
CASSLDRWGGGSPSSYEQYF	TRBV7-2	NA	09/0361	NA	2
CASSLDSGGGYNEQFF	TRBV7-3	NA	09/0361	NA	1
CASSLDSGGYTDTQYF	TRBV5-1	NA	09/0361	NA	1
CASSLDSGRQETQYF	TRBV5-1	NA	09/0361	NA	3
CASSLDSGWDTQYF	TRBV11-2	NA	09/0361	NA	1
CASSLDSQETQYF	TRBV5-1	NA	09/0361	NA	2
CASSLDSSTEAFF	TRBV7-2	NA	09/0361	NA	1
CASSLDTDRGYGYTF	TRBV7-2	NA	09/0361	NA	1
CASSLDVAVDEQYF	TRBV5-1	NA	09/0361	NA	1
CASSLDVPRTETQYF	TRBV11-2	NA	09/0361	NA	1
CASSLDYRGQYLNEQFF	TRBV7-6	NA	09/0361	NA	1
CASSLEDRGPQETQYF	TRBV5-1	NA	09/0361	NA	1
CASSLEGAKNIQYF	TRBV5-1	NA	09/0361	NA	1
CASSLEGAPNTEAFF	TRBV5-1	NA	09/0361	NA	1
CASSLEGFVGGPNNEQFF	TRBV7-6	NA	09/0361	NA	1
CASSLEGPKGTIYF	TRBV5-1	NA	09/0361	NA	1
CASSLEGSGRAEEQYF	TRBV5-5	NA	09/0361	NA	1
CASSLELHYGYTF	TRBV7-2	NA	09/0361	NA	2
CASSLEPGTEAFF	TRBV5-1	NA	09/0361	NA	1
CASSLEQGWTGKNQPQHF	TRBV7-9	NA	09/0361	NA	1
CASSLEQKQPQHF	TRBV5-4	NA	09/0361	NA	1
CASSLEQNQPQHF	TRBV5-4	NA	09/0361	NA	1
CASSLERGGLSGELFF	TRBV7-2	NA	09/0361	NA	3
CASSLERGGPGGAQYF	TRBV7-2	NA	09/0361	NA	1
CASSLERGPGTYEQCF	TRBV11-3	NA	09/0361	NA	1
CASSLERGPGTYEQYF	TRBV11-3	NA	09/0361	NA	3
CASSLERRGPGETQYF	TRBV7-2	NA	09/0361	NA	7
CASSLETGFAKNIQYF	TRBV7-8	NA	09/0361	NA	1
CASSLEVGGGASGYTF	TRBV7-2	NA	09/0361	NA	1
CASSLEVRGGGQYF	TRBV5-4	NA	09/0361	NA	1
CASSLEVRGSGQYF	TRBV5-4	NA	09/0361	NA	1
CASSLEYEQFF	TRBV5-1	NA	09/0361	NA	1
CASSLFGSVSYNEQFF	TRBV5-1	NA	09/0361	NA	1
CASSLFIRGQGTSPLHF	TRBV28	NA	09/0361	NA	1
CASSLFPEGQRNGYTF	TRBV27	NA	09/0361	NA	1
CASSLFRSGGDTQYF	TRBV5-1	NA	09/0361	NA	1
CASSLFTGRGSTSTDTQYF	TRBV27	NA	09/0361	NA	1
CASSLGASYEQYF	TRBV5-1	NA	09/0361	NA	1
CASSLGASYGYTF	TRBV7-9	NA	09/0361	NA	3
CASSLGCTEAFF	TRBV5-1	NA	09/0361	NA	1
CASSLGDFQGAGGYTF	TRBV5-1	NA	09/0361	NA	1
CASSLGDFQGARGYTF	TRBV5-1	NA	09/0361	NA	1
CASSLGDRNLDTQYF	TRBV5-1	NA	09/0361	NA	1
CASSLGDTEAQFF	TRBV7-9	NA	09/0361	NA	1
CASSLGGLLPDTQYF	TRBV7-6	NA	09/0361	NA	1
CASSLGGLTDTQYF	TRBV5-1	NA	09/0361	NA	1
CASSLGGNQPQHF	TRBV5-1	NA	09/0361	NA	3
CASSLGGPALGETQYF	TRBV5-1	NA	09/0361	NA	1
CASSLGGPSLGETQYF	TRBV5-1	NA	09/0361	NA	1
CASSLGGVETQYF	TRBV5-4	NA	09/0361	NA	1
CASSLGLAAAYNEQFF	TRBV7-8	NA	09/0361	NA	1
CASSLGLAGTYEQYF	TRBV7-2	NA	09/0361	NA	2
CASSLGLAGTYVQYF	TRBV7-2	NA	09/0361	NA	1
CASSLGLQSYNEQFF	TRBV5-1	NA	09/0361	NA	1
CASSLGLRDTEAFF	TRBV7-2	NA	09/0361	NA	2
CASSLGNGGETQYF	TRBV7-6	NA	09/0361	NA	1
CASSLGPDSNQPQHF	TRBV7-9	NA	09/0361	NA	1
CASSLGPGGYGQYF	TRBV7-2	NA	09/0361	NA	1
CASSLGPGKVDTEAFF	TRBV5-1	NA	09/0361	NA	4
CASSLGPSTDTQYF	TRBV7-2	NA	09/0361	NA	2
CASSLGPTIQYF	TRBV12-4	NA	09/0361	NA	1
CASSLGPWSSLGQTNTGELFF	TRBV12-3	NA	09/0361	NA	1
CASSLGQGGSRHQPQHF	TRBV7-8	NA	09/0361	NA	3
CASSLGQGGSRQQPQHF	TRBV7-8	NA	09/0361	NA	1
CASSLGQGNMQYF	TRBV11-3	NA	09/0361	NA	1
CASSLGQGVTGYTF	TRBV12-4	NA	09/0361	NA	3
CASSLGQLGDTQYF	TRBV12-3	NA	09/0361	NA	1
CASSLGQQGPHEEQYF	TRBV5-1	NA	09/0361	NA	2
CASSLGRRLADTQYF	TRBV11-2	NA	09/0361	NA	1
CASSLGRRLAGVLNEQFF	TRBV7-2	NA	09/0361	NA	1
CASSLGRTGQNTGELFF	TRBV7-8	NA	09/0361	NA	1
CASSLGSRGIPGAHLSGANVLTF	TRBV5-1	NA	09/0361	NA	1
CASSLGSRGTDTQYF	TRBV7-2	NA	09/0361	NA	1
CASSLGTDSGGREQYF	TRBV7-2	NA	09/0361	NA	1
CASSLGTDSNQPQHF	TRBV7-9	NA	09/0361	NA	1
CASSLGTETNQETQYF	TRBV5-1	NA	09/0361	NA	1
CASSLGTGGFYEQYF	TRBV7-2	NA	09/0361	NA	2
CASSLGTRPYNEQFF	TRBV11-2	NA	09/0361	NA	1
CASSLGTVYEQYF	TRBV5-1	NA	09/0361	NA	1
CASSLGVGETQYF	TRBV5-1	NA	09/0361	NA	1
CASSLGVLHSYEQYF	TRBV5-4	NA	09/0361	NA	1
CASSLGWTTGELFF	TRBV5-1	NA	09/0361	NA	1
CASSLIAGSHEQYF	TRBV5-1	NA	09/0361	NA	9
CASSLIGTDTQYF	TRBV27	NA	09/0361	NA	1
CASSLILYNEQFF	TRBV14	NA	09/0361	NA	1
CASSLKAGSHEQYF	TRBV5-1	NA	09/0361	NA	1
CASSLLGAMGNGYTF	TRBV12-4	NA	09/0361	NA	1
CASSLLGQINSPLHF	TRBV19	NA	09/0361	NA	1
CASSLLGSMNTEAFF	TRBV7-2	NA	09/0361	NA	1
CASSLLLGQGLSGANVLTF	TRBV4-1	NA	09/0361	NA	4
CASSLLLGQGVSGDNVLTF	TRBV4-1	NA	09/0361	NA	1
CASSLLPEGERNGYAF	TRBV27	NA	09/0361	NA	1
CASSLLQPSTDTQYF	TRBV5-1	NA	09/0361	NA	1
CASSLLSGQQFF	TRBV6-5	NA	09/0361	NA	1
CASSLLTGTDTQYF	TRBV27	NA	09/0361	NA	1
CASSLNPNQPQHF	TRBV7-9	NA	09/0361	NA	1
CASSLNQIAGGYEQYF	TRBV7-2	NA	09/0361	NA	1
CASSLNRQPQHF	TRBV5-6	NA	09/0361	NA	1
CASSLNTEAFF	TRBV5-1	NA	09/0361	NA	1
CASSLNTGELFF	TRBV5-1	NA	09/0361	NA	1
CASSLPAGLDGANVLTF	TRBV5-6	NA	09/0361	NA	2
CASSLPGGTGNTIYF	TRBV4-1	NA	09/0361	NA	1
CASSLPGTGKAQYF	TRBV7-2	NA	09/0361	NA	6
CASSLPNMRSSYEQYF	TRBV5-1	NA	09/0361	NA	1
CASSLPPRSGQFEKLFF	TRBV4-1	NA	09/0361	NA	2
CASSLQADSAHNEQFF	TRBV5-1	NA	09/0361	NA	1
CASSLQGARGRYGTEAFF	TRBV7-2	NA	09/0361	NA	1
CASSLQGLWYNEQFF	TRBV6-1	NA	09/0361	NA	2
CASSLQGRIYGYTF	TRBV6-1	NA	09/0361	NA	1
CASSLQLPNGYTF	TRBV7-9	NA	09/0361	NA	1
CASSLRDNEQFF	TRBV6-1	NA	09/0361	NA	1
CASSLRDRDSGANVLTF	TRBV4-2	NA	09/0361	NA	1
CASSLRGRSPLHF	TRBV27	NA	09/0361	NA	1
CASSLRGSDNSEAFF	TRBV7-3	NA	09/0361	NA	1
CASSLRLAGEDEQYF	TRBV12-3	NA	09/0361	NA	2
CASSLRQGANTEAFF	TRBV5-1	NA	09/0361	NA	1
CASSLRQGGNTEAFF	TRBV7-9	NA	09/0361	NA	2
CASSLRRGSGANVLTF	TRBV3-1	NA	09/0361	NA	1
CASSLRRVLNTEAFF	TRBV7-8	NA	09/0361	NA	1
CASSLRTDRGNQPQHF	TRBV7-2	NA	09/0361	NA	4
CASSLRTGAEVYTQYF	TRBV7-9	NA	09/0361	NA	3
CASSLRTGGSPLHF	TRBV7-2	NA	09/0361	NA	4
CASSLRTGSAEAFF	TRBV5-1	NA	09/0361	NA	1
CASSLRTSTDTQYF	TRBV5-1	NA	09/0361	NA	2
CASSLSGDSNQPQHF	TRBV7-2	NA	09/0361	NA	1
CASSLSGGPYNEQFF	TRBV5-4	NA	09/0361	NA	1
CASSLSHGKNEQFF	TRBV27	NA	09/0361	NA	1
CASSLSMSSYEQYF	TRBV7-2	NA	09/0361	NA	1
CASSLSPGREYF	TRBV7-2	NA	09/0361	NA	1
CASSLSRMGGYGYTF	TRBV7-2	NA	09/0361	NA	1
CASSLSSGGHNEQFF	TRBV5-4	NA	09/0361	NA	1
CASSLSSGGYTDTQYF	TRBV5-1	NA	09/0361	NA	1
CASSLSTGRAGELFF	TRBV11-3	NA	09/0361	NA	2
CASSLSVELMNTEAFF	TRBV5-1	NA	09/0361	NA	1
CASSLSVPASQPQHF	TRBV7-8	NA	09/0361	NA	2
CASSLSVPASQTEHF	TRBV7-8	NA	09/0361	NA	1
CASSLTGGRNQPQHF	TRBV5-1	NA	09/0361	NA	1
CASSLTGGWVLNTEAFF	TRBV6-1	NA	09/0361	NA	1
CASSLTGNTEAFF	TRBV7-2	NA	09/0361	NA	3
CASSLTGRINQPQHF	TRBV12-4	NA	09/0361	NA	2
CASSLTGTGGPYEQYF	TRBV7-3	NA	09/0361	NA	1
CASSLTGTSSPLHF	TRBV7-2	NA	09/0361	NA	1
CASSLTPGWGYTF	TRBV5-1	NA	09/0361	NA	1
CASSLTQVDEAFF	TRBV5-6	NA	09/0361	NA	1
CASSLTSQSRETQYF	TRBV7-2	NA	09/0361	NA	3
CASSLVDRSYGYTF	TRBV5-1	NA	09/0361	NA	1
CASSLVGAQAYEQYF	TRBV7-6	NA	09/0361	NA	1
CASSLVLAGISYNEQFF	TRBV5-1	NA	09/0361	NA	1
CASSLVQGEQYF	TRBV7-9	NA	09/0361	NA	1
CASSLVSGLPGELFF	TRBV5-6	NA	09/0361	NA	1
CASSLVSSAATSYEQYF	TRBV5-1	NA	09/0361	NA	2
CASSLVTDRGYSYTF	TRBV7-2	NA	09/0361	NA	1
CASSLVVGEKLFF	TRBV7-6	NA	09/0361	NA	1
CASSLVWGLQGADGYTF	TRBV11-2	NA	09/0361	NA	1
CASSLWDRVIYEQYF	TRBV5-6	NA	09/0361	NA	1
CASSLWTSGGSGQFF	TRBV5-1	NA	09/0361	NA	1
CASSLYGQGHGELFF	TRBV5-1	NA	09/0361	NA	1
CASSLYPGYQGTQYF	TRBV7-6	NA	09/0361	NA	1
CASSLYWGYQETQYF	TRBV7-2	NA	09/0361	NA	2
CASSMGLASYNEQFF	TRBV18	NA	09/0361	NA	1
CASSMGQGTSPLHF	TRBV5-6	NA	09/0361	NA	1
CASSMKEGIRRQPQNF	TRBV19	NA	09/0361	NA	1
CASSMPEGFPPYTGELFF	TRBV19	NA	09/0361	NA	1
CASSMPEVFPAYTVELFF	TRBV19	NA	09/0361	NA	1
CASSNNQGTKNNQDF	TRBV7-9	NA	09/0361	NA	1
CASSNSGGVNTEAFF	TRBV19	NA	09/0361	NA	2
CASSNSRGLRYYGYTF	TRBV5-1	NA	09/0361	NA	1
CASSPAGWGTGELFF	TRBV5-1	NA	09/0361	NA	1
CASSPAISSPEQYF	TRBV5-1	NA	09/0361	NA	1
CASSPASGGGLGTQYF	TRBV6-5	NA	09/0361	NA	1
CASSPASGGGRGTQYF	TRBV6-5	NA	09/0361	NA	1
CASSPAYFRETQYF	TRBV3-1	NA	09/0361	NA	1
CASSPDRAGELFF	TRBV11-2	NA	09/0361	NA	1
CASSPDRAQAGNSLYF	TRBV7-2	NA	09/0361	NA	1
CASSPDRAQAGNTIYF	TRBV7-2	NA	09/0361	NA	1
CASSPDRGNTEAFF	TRBV19	NA	09/0361	NA	1
CASSPDRRYGYTF	TRBV2	NA	09/0361	NA	1
CASSPETGLQETQYF	TRBV7-2	NA	09/0361	NA	5
CASSPFFSNQPQHF	TRBV2	NA	09/0361	NA	2
CASSPFRDRGTGELCF	TRBV5-4	NA	09/0361	NA	1
CASSPFRDRGTGELFF	TRBV5-4	NA	09/0361	NA	1
CASSPGAEMQEAQYF	TRBV7-2	NA	09/0361	NA	1
CASSPGAGRIQETQYF	TRBV7-2	NA	09/0361	NA	1
CASSPGAPGGYTF	TRBV27	NA	09/0361	NA	1
CASSPGGGGSNTGELFF	TRBV7-2	NA	09/0361	NA	1
CASSPGGLAATYEQYF	TRBV11-3	NA	09/0361	NA	1
CASSPGGTVPKHF	TRBV5-5	NA	09/0361	NA	1
CASSPGQTGANVLTF	TRBV6-4	NA	09/0361	NA	1
CASSPGSEYGYTF	TRBV5-1	NA	09/0361	NA	1
CASSPGSGASYNEQFF	TRBV5-1	NA	09/0361	NA	1
CASSPGTGGWDTQYF	TRBV5-6	NA	09/0361	NA	1
CASSPGTGLPGSGNTIYF	TRBV5-1	NA	09/0361	NA	2
CASSPHQGALSYNEQFF	TRBV27	NA	09/0361	NA	2
CASSPIGTGYGYTF	TRBV6-1	NA	09/0361	NA	1
CASSPILETQYF	TRBV28	NA	09/0361	NA	1
CASSPKRRDEQFF	TRBV7-2	NA	09/0361	NA	1
CASSPLAEYNEQFF	TRBV5-6	NA	09/0361	NA	6
CASSPLDLNNSPLHF	TRBV4-2	NA	09/0361	NA	1
CASSPLPTGPQETQYF	TRBV14	NA	09/0361	NA	2
CASSPLRDRGNEQYF	TRBV18	NA	09/0361	NA	1
CASSPLWGRGDEQYF	TRBV7-9	NA	09/0361	NA	1
CASSPNLGVGEQYF	TRBV11-2	NA	09/0361	NA	1
CASSPNRGGSYNEQFF	TRBV11-2	NA	09/0361	NA	1
CASSPNVPGQGTEAFF	TRBV7-9	NA	09/0361	NA	1
CASSPPGKTIYF	TRBV18	NA	09/0361	NA	1
CASSPPGQTIYF	TRBV18	NA	09/0361	NA	1
CASSPPPDAMNTEAFF	TRBV4-1	NA	09/0361	NA	1
CASSPPPGAMNTEAFF	TRBV28	NA	09/0361	NA	1
CASSPPRGAGTDTQYF	TRBV18	NA	09/0361	NA	1
CASSPPSSYRTNTEAFF	TRBV18	NA	09/0361	NA	1
CASSPPVTGTNQPQHF	TRBV18	NA	09/0361	NA	2
CASSPQAGRGGTDTQYF	TRBV4-2	NA	09/0361	NA	1
CASSPQFGTSNQPQHF	TRBV7-2	NA	09/0361	NA	1
CASSPQGAHEQYF	TRBV7-6	NA	09/0361	NA	4
CASSPQGGFPGNTIYF	TRBV11-2	NA	09/0361	NA	1
CASSPQQGNGYTF	TRBV7-2	NA	09/0361	NA	1
CASSPQQGSTDTQYF	TRBV18	NA	09/0361	NA	1
CASSPRAGKQETQYF	TRBV4-1	NA	09/0361	NA	1
CASSPRAPGGYTF	TRBV27	NA	09/0361	NA	1
CASSPRDGLYEQYF	TRBV19	NA	09/0361	NA	2
CASSPRDMTNTGELFF	TRBV27	NA	09/0361	NA	1
CASSPRGNSNQPQHF	TRBV5-5	NA	09/0361	NA	1
CASSPRLAGQETKYF	TRBV7-2	NA	09/0361	NA	1
CASSPRLAGQETQYF	TRBV7-2	NA	09/0361	NA	4
CASSPRLAVYNEQFF	TRBV11-2	NA	09/0361	NA	1
CASSPRLEGQETQDF	TRBV7-2	NA	09/0361	NA	1
CASSPRLIYNEQFF	TRBV9	NA	09/0361	NA	2
CASSPRPGGLGYGYTF	TRBV19	NA	09/0361	NA	4
CASSPRQRMNTEAFF	TRBV13	NA	09/0361	NA	1
CASSPRQRYYGYTF	TRBV19	NA	09/0361	NA	1
CASSPRSTGGGYEQYF	TRBV3-1	NA	09/0361	NA	1
CASSPRTSANTDTQYF	TRBV6-5	NA	09/0361	NA	1
CASSPRTVNYGYTF	TRBV14	NA	09/0361	NA	1
CASSPSGGTLNAQFF	TRBV5-1	NA	09/0361	NA	1
CASSPSGGTLNEQFF	TRBV5-1	NA	09/0361	NA	1
CASSPSGQAYEQYF	TRBV6-1	NA	09/0361	NA	1
CASSPSIPALNTEAFF	TRBV5-1	NA	09/0361	NA	2
CASSPSQALPYEQYF	TRBV6-5	NA	09/0361	NA	2
CASSPSQTGGTEAFF	TRBV18	NA	09/0361	NA	1
CASSPSTTVFHTGYTF	TRBV27	NA	09/0361	NA	3
CASSPTEGGRGTEAFF	TRBV5-1	NA	09/0361	NA	1
CASSPTENTEAFF	TRBV5-4	NA	09/0361	NA	2
CASSPTGAENYGYTF	TRBV2	NA	09/0361	NA	1
CASSPTGGINEKLFF	TRBV7-6	NA	09/0361	NA	2
CASSPTGGPDSPLHF	TRBV5-1	NA	09/0361	NA	2
CASSPTGGRGQPQHF	TRBV6-5	NA	09/0361	NA	1
CASSPTGGTAGQPQHF	TRBV7-9	NA	09/0361	NA	1
CASSPTGGTVNEQFF	TRBV5-1	NA	09/0361	NA	1
CASSPTIAGANDGYTF	TRBV18	NA	09/0361	NA	1
CASSPTLAGTDTQYF	TRBV18	NA	09/0361	NA	3
CASSPTQYGEKLFF	TRBV2	NA	09/0361	NA	2
CASSPVTGLGYIQYF	TRBV5-1	NA	09/0361	NA	1
CASSPWTGLGYIQYF	TRBV5-1	NA	09/0361	NA	1
CASSPYRDSPNYGYTF	TRBV19	NA	09/0361	NA	1
CASSQAGASRYTF	TRBV5-4	NA	09/0361	NA	1
CASSQAGGQRAYGYTF	TRBV3-1	NA	09/0361	NA	2
CASSQARLNEQFF	TRBV4-1	NA	09/0361	NA	1
CASSQASHEQYF	TRBV3-1	NA	09/0361	NA	2
CASSQAYFRETQYF	TRBV3-1	NA	09/0361	NA	2
CASSQDGRANEKLFF	TRBV3-1	NA	09/0361	NA	1
CASSQDGRGQETQYF	TRBV4-2	NA	09/0361	NA	1
CASSQDGRVNYGYTF	TRBV4-2	NA	09/0361	NA	2
CASSQDGWTSGGAITDTQYF	TRBV4-2	NA	09/0361	NA	2
CASSQDHGTGSYGYTF	TRBV3-1	NA	09/0361	NA	3
CASSQDLAGQNYGYTF	TRBV4-2	NA	09/0361	NA	3
CASSQDLAGTNEKLFF	TRBV4-1	NA	09/0361	NA	1
CASSQDLVGQGAYF	TRBV4-1	NA	09/0361	NA	1
CASSQDLYRGNSEKLFF	TRBV4-2	NA	09/0361	NA	1
CASSQDPSGPGGDTQYF	TRBV4-2	NA	09/0361	NA	1
CASSQDPVPDQPEHF	TRBV3-1	NA	09/0361	NA	1
CASSQDPVPDQPQHF	TRBV3-1	NA	09/0361	NA	2
CASSQDQTPTYEQYF	TRBV3-1	NA	09/0361	NA	1
CASSQDRESGRGFLYF	TRBV4-2	NA	09/0361	NA	1
CASSQDRTATDTQYF	TRBV3-1	NA	09/0361	NA	1
CASSQDSGRGGVDYTF	TRBV3-1	NA	09/0361	NA	1
CASSQDSVMNTEAFF	TRBV4-2	NA	09/0361	NA	1
CASSQDTGFTYEQYF	TRBV3-1	NA	09/0361	NA	1
CASSQDTSQNTEAFF	TRBV4-2	NA	09/0361	NA	1
CASSQEAIAGGAHNEQFF	TRBV4-1	NA	09/0361	NA	1
CASSQELAGGPEVDTQYF	TRBV4-2	NA	09/0361	NA	1
CASSQELLASQFF	TRBV3-1	NA	09/0361	NA	2
CASSQEPGGRQDTQYF	TRBV4-2	NA	09/0361	NA	2
CASSQEQGGYTF	TRBV3-1	NA	09/0361	NA	1
CASSQESIAGGAHNEQFF	TRBV4-1	NA	09/0361	NA	1
CASSQETRLADTQYF	TRBV4-2	NA	09/0361	NA	2
CASSQETSGGPAEQFF	TRBV4-1	NA	09/0361	NA	1
CASSQGDKTGELFF	TRBV4-2	NA	09/0361	NA	2
CASSQGERDNIQYF	TRBV4-2	NA	09/0361	NA	1
CASSQGESYNEQFF	TRBV3-1	NA	09/0361	NA	1
CASSQGGGMSTEAFF	TRBV3-1	NA	09/0361	NA	2
CASSQGGTGANEQYF	TRBV4-2	NA	09/0361	NA	1
CASSQGPGGPFF	TRBV3-1	NA	09/0361	NA	1
CASSQGRRGVSIQYF	TRBV5-1	NA	09/0361	NA	1
CASSQGRRTSTDTQYF	TRBV3-1	NA	09/0361	NA	1
CASSQGSEANYGYTF	TRBV5-1	NA	09/0361	NA	1
CASSQGTGTAVSGNTIYF	TRBV4-2	NA	09/0361	NA	2
CASSQGTRLADTQYF	TRBV4-2	NA	09/0361	NA	1
CASSQGVGQGAQNSPLHF	TRBV4-2	NA	09/0361	NA	2
CASSQGVKSPLHF	TRBV5-1	NA	09/0361	NA	1
CASSQGVNSPLHF	TRBV5-1	NA	09/0361	NA	7
CASSQIVGDTQYF	TRBV4-2	NA	09/0361	NA	1
CASSQLQRVGQPQHF	TRBV5-5	NA	09/0361	NA	1
CASSQPGNEQFF	TRBV7-2	NA	09/0361	NA	1
CASSQPGTGDAKEEKLFF	TRBV4-1	NA	09/0361	NA	1
CASSQPGTGGAKEEKLFF	TRBV4-1	NA	09/0361	NA	1
CASSQPRHRGELFF	TRBV5-1	NA	09/0361	NA	1
CASSQPRTGFEQYF	TRBV4-1	NA	09/0361	NA	2
CASSQPVLSYNEQFF	TRBV4-1	NA	09/0361	NA	1
CASSQQAGGPWEQFF	TRBV3-1	NA	09/0361	NA	1
CASSQQDGGARPTNYGYTF	TRBV3-1	NA	09/0361	NA	2
CASSQRLADTQYF	TRBV14	NA	09/0361	NA	1
CASSQRQGKNTEAFF	TRBV7-2	NA	09/0361	NA	5
CASSQRVWTSGVYNEQFF	TRBV4-2	NA	09/0361	NA	1
CASSQSGGTFNEQCF	TRBV5-1	NA	09/0361	NA	1
CASSQSRQSYTEAFF	TRBV4-2	NA	09/0361	NA	1
CASSQSSSQNEKLFF	TRBV4-1	NA	09/0361	NA	1
CASSQTELRLGLSTDTQYF	TRBV12-4	NA	09/0361	NA	1
CASSQTGGRNTEAFF	TRBV18	NA	09/0361	NA	1
CASSQTGPQPQHF	TRBV5-1	NA	09/0361	NA	4
CASSQTGQGGVEKLFF	TRBV7-2	NA	09/0361	NA	1
CASSQTSGGAYNEQFF	TRBV13	NA	09/0361	NA	1
CASSQVDTQYF	TRBV14	NA	09/0361	NA	1
CASSQVFGPNEKLFF	TRBV14	NA	09/0361	NA	1
CASSQVGRAEETQYF	TRBV11-2	NA	09/0361	NA	1
CASSQVGRGQETQSF	TRBV4-2	NA	09/0361	NA	1
CASSQVGRGQETQYF	TRBV4-2	NA	09/0361	NA	3
CASSQVPGQGSYEQYF	TRBV7-2	NA	09/0361	NA	1
CASSQVSGGAQNTQYF	TRBV4-1	NA	09/0361	NA	1
CASSQVTGGRNQPQHF	TRBV4-2	NA	09/0361	NA	2
CASSRAENTEAFF	TRBV5-1	NA	09/0361	NA	1
CASSRDFLRETQYF	TRBV6-1	NA	09/0361	NA	1
CASSRDQRELFF	TRBV7-9	NA	09/0361	NA	1
CASSRDRGVDVGKLFF	TRBV6-1	NA	09/0361	NA	1
CASSRDRGVNVGKLFF	TRBV6-1	NA	09/0361	NA	1
CASSRDRKTEAFF	TRBV3-1	NA	09/0361	NA	1
CASSRERGPDTQYF	TRBV18	NA	09/0361	NA	1
CASSRERGPETKYF	TRBV18	NA	09/0361	NA	1
CASSRGDSLYEQYF	TRBV7-2	NA	09/0361	NA	1
CASSRGLMNYGYTF	TRBV27	NA	09/0361	NA	1
CASSRGPSTDTQYF	TRBV7-7	NA	09/0361	NA	1
CASSRGQGVSQYF	TRBV7-7	NA	09/0361	NA	1
CASSRIRDQNEQFF	TRBV11-2	NA	09/0361	NA	1
CASSRLSTDGYTF	TRBV3-1	NA	09/0361	NA	1
CASSRLTGAGGKQFF	TRBV4-1	NA	09/0361	NA	1
CASSRLTGRQYF	TRBV6-5	NA	09/0361	NA	1
CASSRMGRGPESSYEQYF	TRBV2	NA	09/0361	NA	1
CASSRPGSNTEAFF	TRBV27	NA	09/0361	NA	1
CASSRQGGQPQHF	TRBV6-1	NA	09/0361	NA	1
CASSRRTSGGTIEQFF	TRBV7-2	NA	09/0361	NA	1
CASSRSDSPPQETQYF	TRBV9	NA	09/0361	NA	1
CASSRSGAIPGELFF	TRBV6-1	NA	09/0361	NA	1
CASSRSQGSNSPLHF	TRBV6-5	NA	09/0361	NA	1
CASSRTGGMGTEAFF	TRBV18	NA	09/0361	NA	1
CASSRTGGVGTEAFF	TRBV18	NA	09/0361	NA	1
CASSRTGNCEQYF	TRBV3-1	NA	09/0361	NA	1
CASSRVAGADNEQFF	TRBV27	NA	09/0361	NA	2
CASSSAAGAEAFF	TRBV5-4	NA	09/0361	NA	1
CASSSAGNLLSYEQYF	TRBV5-1	NA	09/0361	NA	1
CASSSANFRGLGQPQHF	TRBV27	NA	09/0361	NA	1
CASSSDRVAGKTVYF	TRBV19	NA	09/0361	NA	1
CASSSFDVHELNTEAFF	TRBV5-6	NA	09/0361	NA	2
CASSSGARAEAFF	TRBV5-4	NA	09/0361	NA	1
CASSSGPGEEKLFF	TRBV5-1	NA	09/0361	NA	1
CASSSGPGTGYLDGYTF	TRBV5-1	NA	09/0361	NA	1
CASSSGPLAEQFF	TRBV7-9	NA	09/0361	NA	1
CASSSGQGSQPQHF	TRBV5-1	NA	09/0361	NA	1
CASSSGQGSYNEQFF	TRBV7-8	NA	09/0361	NA	1
CASSSGQGYIEQYF	TRBV11-3	NA	09/0361	NA	1
CASSSGQINEKLFF	TRBV5-4	NA	09/0361	NA	1
CASSSGTGKRDEQYF	TRBV11-2	NA	09/0361	NA	1
CASSSGTSGYNEQFF	TRBV5-1	NA	09/0361	NA	2
CASSSGYNEQFF	TRBV11-3	NA	09/0361	NA	1
CASSSHLGRWEAFF	TRBV12-4	NA	09/0361	NA	1
CASSSLGGHEQYF	TRBV21-1	NA	09/0361	NA	1
CASSSLGLRQQLNYGYTF	TRBV6-5	NA	09/0361	NA	2
CASSSLTGSGEQYF	TRBV11-2	NA	09/0361	NA	1
CASSSLTSQGVKSPLHF	TRBV5-1	NA	09/0361	NA	1
CASSSLTTAGEQYF	TRBV5-1	NA	09/0361	NA	3
CASSSNPLNRDTLYGYTF	TRBV6-6	NA	09/0361	NA	1
CASSSNQGAWTEAFF	TRBV5-1	NA	09/0361	NA	1
CASSSPGGFNRNTEAFF	TRBV7-2	NA	09/0361	NA	2
CASSSPGIFNTGELFF	TRBV27	NA	09/0361	NA	2
CASSSPGQGRFTGANVLTF	TRBV19	NA	09/0361	NA	4
CASSSPRGQGVVRDTEAFF	TRBV5-6	NA	09/0361	NA	3
CASSSPRTAGANVLTF	TRBV11-2	NA	09/0361	NA	1
CASSSPSGRNTGELFF	TRBV27	NA	09/0361	NA	3
CASSSPTRGPTEAFF	TRBV27	NA	09/0361	NA	2
CASSSQGIPPYEQYF	TRBV3-1	NA	09/0361	NA	1
CASSSQTTVGANVLTF	TRBV5-4	NA	09/0361	NA	2
CASSSRDGGNSPLHF	TRBV15	NA	09/0361	NA	1
CASSSRDREPQHF	TRBV9	NA	09/0361	NA	1
CASSSRDRGEYGYTF	TRBV13	NA	09/0361	NA	1
CASSSRGDITYEQYF	TRBV7-8	NA	09/0361	NA	1
CASSSRGGTDTQYF	TRBV7-2	NA	09/0361	NA	1
CASSSRGRSNYGYPF	TRBV5-1	NA	09/0361	NA	1
CASSSRGVGTEAQPQFF	TRBV7-9	NA	09/0361	NA	1
CASSSRIGGDTQYF	TRBV6-2	NA	09/0361	NA	1
CASSSRPGQFNNEKFF	TRBV5-1	NA	09/0361	NA	1
CASSSRQVDAEAFF	TRBV7-9	NA	09/0361	NA	2
CASSSRTGLTSSRTDLREQYF	TRBV5-1	NA	09/0361	NA	1
CASSSSEVWDEQFF	TRBV27	NA	09/0361	NA	1
CASSSSGGVNTEAFF	TRBV19	NA	09/0361	NA	2
CASSSSPRAEQYF	TRBV7-2	NA	09/0361	NA	2
CASSSSSWGSYSNQPQHF	TRBV5-6	NA	09/0361	NA	1
CASSSSVLETEAFF	TRBV5-1	NA	09/0361	NA	3
CASSSTGTGEHYEDFF	TRBV7-3	NA	09/0361	NA	1
CASSSTLEQYF	TRBV11-2	NA	09/0361	NA	1
CASSSTPGQNYEQYF	TRBV7-3	NA	09/0361	NA	1
CASSSTPQRSSYEQYF	TRBV3-1	NA	09/0361	NA	1
CASSSTQVNTEAFF	TRBV5-1	NA	09/0361	NA	1
CASSSVAGNSYEQYF	TRBV11-2	NA	09/0361	NA	1
CASSSVGGASNQPQHF	TRBV7-8	NA	09/0361	NA	2
CASSSWTSGGNEQFF	TRBV5-1	NA	09/0361	NA	1
CASSSWWQQNTEAFF	TRBV6-5	NA	09/0361	NA	1
CASSSYSDTEAFF	TRBV18	NA	09/0361	NA	2
CASSTASGGGTDTQYF	TRBV12-3	NA	09/0361	NA	1
CASSTDGTTEAFF	TRBV19	NA	09/0361	NA	1
CASSTFPGTQYF	TRBV7-2	NA	09/0361	NA	4
CASSTGGNSYEQYF	TRBV5-4	NA	09/0361	NA	2
CASSTGNTGELFF	TRBV3-1	NA	09/0361	NA	1
CASSTGVGETQYF	TRBV7-7	NA	09/0361	NA	1
CASSTHGGAAYNEQFF	TRBV11-3	NA	09/0361	NA	1
CASSTIGQWGSNPHSYEQYF	TRBV28	NA	09/0361	NA	1
CASSTILAGGHGDTQYF	TRBV5-1	NA	09/0361	NA	2
CASSTLAGAFYEQYF	TRBV7-2	NA	09/0361	NA	1
CASSTLRGSSYNSPLHF	TRBV6-1	NA	09/0361	NA	2
CASSTNRGKRMEQFF	TRBV7-2	NA	09/0361	NA	1
CASSTQANTEAFF	TRBV7-3	NA	09/0361	NA	2
CASSTQGGTEAFF	TRBV5-1	NA	09/0361	NA	1
CASSTRSGGITEELFF	TRBV5-5	NA	09/0361	NA	1
CASSTRSGGITGELFF	TRBV5-5	NA	09/0361	NA	1
CASSTSGGTTDTQYF	TRBV7-2	NA	09/0361	NA	1
CASSTSVLETEAFF	TRBV5-1	NA	09/0361	NA	1
CASSTTLSLVYEQYF	TRBV5-1	NA	09/0361	NA	1
CASSTVGTGLYEQYF	TRBV19	NA	09/0361	NA	3
CASSVAAVYNSPLHF	TRBV9	NA	09/0361	NA	1
CASSVADRGPLNYGYTF	TRBV6-1	NA	09/0361	NA	1
CASSVAGQPQHF	TRBV9	NA	09/0361	NA	1
CASSVAHNNQPQHF	TRBV2	NA	09/0361	NA	1
CASSVALPATSNEQFF	TRBV9	NA	09/0361	NA	1
CASSVCGRESAGHQPPHF	TRBV10-1	NA	09/0361	NA	1
CASSVDNNYGYTF	TRBV5-1	NA	09/0361	NA	2
CASSVDPPGLTRDEQFF	TRBV9	NA	09/0361	NA	1
CASSVEVHYGYTF	TRBV7-2	NA	09/0361	NA	1
CASSVFQGHNSPLHF	TRBV9	NA	09/0361	NA	1
CASSVGATGELFF	TRBV5-1	NA	09/0361	NA	1
CASSVGDGNYEQYF	TRBV7-8	NA	09/0361	NA	2
CASSVGDRNLDTQYF	TRBV5-1	NA	09/0361	NA	1
CASSVGEGVRTDTQYF	TRBV9	NA	09/0361	NA	2
CASSVGFGQALSYNEQFF	TRBV9	NA	09/0361	NA	1
CASSVGLAGTYEQYF	TRBV7-2	NA	09/0361	NA	1
CASSVGLGDEQFF	TRBV9	NA	09/0361	NA	1
CASSVGQYTEAFF	TRBV9	NA	09/0361	NA	1
CASSVGRDLNGYTF	TRBV9	NA	09/0361	NA	1
CASSVGTAKANEQFF	TRBV9	NA	09/0361	NA	1
CASSVGTDTQYF	TRBV5-1	NA	09/0361	NA	1
CASSVHGGAGTEAFF	TRBV7-9	NA	09/0361	NA	1
CASSVIAGSHEQYF	TRBV5-1	NA	09/0361	NA	1
CASSVIEWSREQYF	TRBV5-1	NA	09/0361	NA	1
CASSVIPRTDTQYF	TRBV6-1	NA	09/0361	NA	1
CASSVLTPAEAFF	TRBV5-6	NA	09/0361	NA	1
CASSVNQIAGGYEQYF	TRBV7-2	NA	09/0361	NA	1
CASSVNRGHEQFF	TRBV9	NA	09/0361	NA	2
CASSVPSTGAATEAFF	TRBV11-2	NA	09/0361	NA	1
CASSVQDFHYNEQFF	TRBV6-1	NA	09/0361	NA	1
CASSVQGAGETQYF	TRBV7-6	NA	09/0361	NA	2
CASSVRAGGDDQYF	TRBV2	NA	09/0361	NA	1
CASSVRALTSGGTGELFF	TRBV9	NA	09/0361	NA	1
CASSVRTGENIQYF	TRBV18	NA	09/0361	NA	1
CASSVSLTAGMNAEAFF	TRBV5-1	NA	09/0361	NA	1
CASSVSLTAGMNTEAFF	TRBV5-1	NA	09/0361	NA	1
CASSVTSGGGTDTQYF	TRBV7-2	NA	09/0361	NA	1
CASSVTSGGHNEQFF	TRBV9	NA	09/0361	NA	4
CASSVTSPENTIYF	TRBV5-1	NA	09/0361	NA	1
CASSVVGESTQYF	TRBV9	NA	09/0361	NA	1
CASSVVLWPRDSLYVGSTF	TRBV25-1	NA	09/0361	NA	1
CASSVVSSVGLAGHNEQFF	TRBV9	NA	09/0361	NA	1
CASSVVSSVGRAGHNDQFF	TRBV9	NA	09/0361	NA	1
CASSWDRAAGELFF	TRBV11-2	NA	09/0361	NA	1
CASSWDVGRKETQYF	TRBV5-1	NA	09/0361	NA	1
CASSWGGPAKNIQYF	TRBV25-1	NA	09/0361	NA	3
CASSWGPGELFF	TRBV11-2	NA	09/0361	NA	1
CASSWGTSGEQYF	TRBV12-3	NA	09/0361	NA	1
CASSWPGDYTQYF	TRBV7-3	NA	09/0361	NA	1
CASSWPRGCVADTQYF	TRBV5-1	NA	09/0361	NA	1
CASSWPRGRVADTQYF	TRBV5-1	NA	09/0361	NA	1
CASSWRPGQSYYGYTF	TRBV7-2	NA	09/0361	NA	1
CASSWRQGNEALF	TRBV5-4	NA	09/0361	NA	1
CASSWRVGLAGGSFYYEQYF	TRBV11-2	NA	09/0361	NA	1
CASSWTGNAEAFF	TRBV7-2	NA	09/0361	NA	1
CASSWTGQGPLAYRNQPQHF	TRBV5-6	NA	09/0361	NA	1
CASSWTNGGGTDTQYF	TRBV7-2	NA	09/0361	NA	1
CASSWVGPGDAKEQFF	TRBV5-1	NA	09/0361	NA	1
CASSYETGIGEQYF	TRBV6-5	NA	09/0361	NA	1
CASSYFRTGRATGELFF	TRBV5-6	NA	09/0361	NA	1
CASSYFVTSGGGGNTQYF	TRBV6-5	NA	09/0361	NA	1
CASSYGDSWRSYF	TRBV6-2	NA	09/0361	NA	2
CASSYGLRGRTDTQYF	TRBV6-5	NA	09/0361	NA	1
CASSYGYEQYF	TRBV6-6	NA	09/0361	NA	1
CASSYLGGRTDTQYF	TRBV5-1	NA	09/0361	NA	1
CASSYLMDRVAGNTIYF	TRBV19	NA	09/0361	NA	1
CASSYLMNTEAFF	TRBV19	NA	09/0361	NA	1
CASSYNAGAGELFF	TRBV5-6	NA	09/0361	NA	1
CASSYPERDCNTGELFF	TRBV6-9	NA	09/0361	NA	1
CASSYPSRTGDPEAFF	TRBV28	NA	09/0361	NA	1
CASSYRTGLSTDTEAFF	TRBV3-1	NA	09/0361	NA	1
CASSYSAQTNYGYTF	TRBV6-5	NA	09/0361	NA	2
CASSYSGDEQYF	TRBV6-6	NA	09/0361	NA	1
CASSYSGNEQYF	TRBV6-5	NA	09/0361	NA	2
CASSYSIRRSSGTDTQYF	TRBV6-2	NA	09/0361	NA	2
CASSYSRDNSPLHF	TRBV6-5	NA	09/0361	NA	1
CASSYSRQNTEAFF	TRBV6-1	NA	09/0361	NA	1
CASSYSSGVGGPLSYNEQFF	TRBV6-5	NA	09/0361	NA	1
CASSYSSRRGGPLSYNEQFF	TRBV6-5	NA	09/0361	NA	3
CASTADLVGDTQYF	TRBV19	NA	09/0361	NA	1
CASTAGLPMEQFF	TRBV19	NA	09/0361	NA	2
CASTASYGYTF	TRBV6-1	NA	09/0361	NA	1
CASTDDRVNTEAFF	TRBV18	NA	09/0361	NA	1
CASTEDSGNTEAFF	TRBV18	NA	09/0361	NA	1
CASTFQDTEAFF	TRBV5-5	NA	09/0361	NA	1
CASTGGAYQPQHF	TRBV10-2	NA	09/0361	NA	1
CASTGLADSYEQYF	TRBV2	NA	09/0361	NA	2
CASTGLADSYERYF	TRBV2	NA	09/0361	NA	1
CASTHRGPLGRTEAFF	TRBV5-6	NA	09/0361	NA	1
CASTLHRRGVNTGELFF	TRBV19	NA	09/0361	NA	1
CASTLLLGGGNSPLHF	TRBV7-9	NA	09/0361	NA	1
CASTLTRGEKLFF	TRBV27	NA	09/0361	NA	2
CASTLWDRVIYEQDF	TRBV5-4	NA	09/0361	NA	1
CASTMGQAIPAAGNDQFF	TRBV5-1	NA	09/0361	NA	1
CASTMGQAIPAAGNEQFF	TRBV5-1	NA	09/0361	NA	4
CASTPQGAHEQYF	TRBV7-6	NA	09/0361	NA	1
CASTPQGAHTEAFF	TRBV7-9	NA	09/0361	NA	1
CASTPQPTDSNNEQFF	TRBV6-2	NA	09/0361	NA	1
CASTPTIELEGPYEQYF	TRBV7-9	NA	09/0361	NA	1
CASTPVRVPYYEQYF	TRBV7-2	NA	09/0361	NA	5
CASTQNALRGANTEAFF	TRBV5-1	NA	09/0361	NA	1
CASTRAAPGGEQFF	TRBV6-6	NA	09/0361	NA	1
CASTRGQAIPAAGNEQFF	TRBV5-1	NA	09/0361	NA	1
CASTRTLVDTQYF	TRBV27	NA	09/0361	NA	1
CASTSPGTGPRGGYGYTF	TRBV7-2	NA	09/0361	NA	1
CASTSRGTETYEQYF	TRBV7-2	NA	09/0361	NA	1
CASTSRLAGGIQETQYF	TRBV6-2	NA	09/0361	NA	1
CASTSSGIGPMGGYGDTF	TRBV7-2	NA	09/0361	NA	1
CASTSTIELEGPYEQYF	TRBV7-9	NA	09/0361	NA	1
CASTVGENTEAFF	TRBV2	NA	09/0361	NA	1
CASTVGLAGAGDTQYF	TRBV5-1	NA	09/0361	NA	1
CASTWDTGELFF	TRBV5-4	NA	09/0361	NA	1
CASVYGAGETQYF	TRBV12-5	NA	09/0361	NA	1
CASWGGVDNQPQHF	TRBV2	NA	09/0361	NA	1
CATALPGPRNNEQFF	TRBV5-4	NA	09/0361	NA	2
CATGGGGLSNEQFF	TRBV24-1	NA	09/0361	NA	3
CATICDRSGCNEQFF	TRBV15	NA	09/0361	NA	1
CATKITKDTEAFF	TRBV12-4	NA	09/0361	NA	1
CATKNSGETGKGPEAFF	TRBV24-1	NA	09/0361	NA	1
CATRGVVLEQYF	TRBV6-9	NA	09/0361	NA	1
CATRPTGGQPYEQYF	TRBV7-9	NA	09/0361	NA	1
CATRQGWGETQYF	TRBV10-3	NA	09/0361	NA	1
CATSAPGQGSTGELFF	TRBV24-1	NA	09/0361	NA	1
CATSDAAGEYQETQYF	TRBV24-1	NA	09/0361	NA	1
CATSDCDRNTEAFF	TRBV24-1	NA	09/0361	NA	1
CATSDFKTGGANVLTF	TRBV24-1	NA	09/0361	NA	1
CATSDFYGTGGQVETQYF	TRBV24-1	NA	09/0361	NA	1
CATSDGQGRYTEAFF	TRBV24-1	NA	09/0361	NA	1
CATSDLYRGQDEQFF	TRBV24-1	NA	09/0361	NA	1
CATSDTGLIFGADTQYF	TRBV24-1	NA	09/0361	NA	1
CATSDYGDIQYF	TRBV24-1	NA	09/0361	NA	1
CATSEHRWNNESFF	TRBV18	NA	09/0361	NA	1
CATSGQGAFTDAFF	TRBV15	NA	09/0361	NA	1
CATSLSGALTDTQYF	TRBV15	NA	09/0361	NA	1
CATSRARDRSNQPQHF	TRBV15	NA	09/0361	NA	1
CATSRDARGVNQPQHF	TRBV15	NA	09/0361	NA	2
CATSRDEYRELFF	TRBV15	NA	09/0361	NA	1
CATSRDGRGLDNEQFF	TRBV15	NA	09/0361	NA	1
CATSRDGYRELFF	TRBV15	NA	09/0361	NA	3
CATSRDLRDRGNQPQHF	TRBV15	NA	09/0361	NA	1
CATSRDLRIVGNQPQHF	TRBV15	NA	09/0361	NA	1
CATSRDRSGGNEKFF	TRBV15	NA	09/0361	NA	1
CATSRDRSGGNEQFF	TRBV15	NA	09/0361	NA	2
CATSRDSLAGVLANTGELFF	TRBV15	NA	09/0361	NA	1
CATSRDVAEAFF	TRBV15	NA	09/0361	NA	2
CATSREGRQGGTQYF	TRBV15	NA	09/0361	NA	2
CATSRESAGQAFYEQYF	TRBV15	NA	09/0361	NA	2
CATSRGDRGLAGANVLTF	TRBV15	NA	09/0361	NA	1
CATSRGETAFF	TRBV15	NA	09/0361	NA	1
CATSRGKGLDNKQFF	TRBV15	NA	09/0361	NA	1
CATSRGSGGYNEQFF	TRBV15	NA	09/0361	NA	1
CATSRRLYTGELFF	TRBV24-1	NA	09/0361	NA	2
CATSRTRTGAWGNTIYF	TRBV15	NA	09/0361	NA	1
CATSRVDRGLAVANVLTF	TRBV15	NA	09/0361	NA	1
CATSSGGGGNSPLHF	TRBV15	NA	09/0361	NA	1
CATSSGGRMVEQFF	TRBV10-3	NA	09/0361	NA	1
CATSSGRGNTEAFF	TRBV15	NA	09/0361	NA	1
CATSSNDVLRGDYGYTF	TRBV15	NA	09/0361	NA	1
CATSSPGQGSTGELFF	TRBV24-1	NA	09/0361	NA	2
CATSSRGGGNSPLHF	TRBV15	NA	09/0361	NA	2
CATSSSYRAKSYEQYF	TRBV5-1	NA	09/0361	NA	1
CATSVGGRDTGELFF	TRBV24-1	NA	09/0361	NA	1
CATTQGWGETQYF	TRBV10-3	NA	09/0361	NA	1
CAVKGSGGATDTQYF	TRBV2	NA	09/0361	NA	1
CAVSDGNTEAFF	TRBV10-3	NA	09/0361	NA	2
CAVSRGGSDEQYF	TRBV3-1	NA	09/0361	NA	1
CAWNSVPSRGELFF	TRBV30	NA	09/0361	NA	1
CAWRAGGAGNQAQHF	TRBV30	NA	09/0361	NA	1
CAWRGDRTNSPLHF	TRBV30	NA	09/0361	NA	1
CAWRNRGGTEAFF	TRBV30	NA	09/0361	NA	2
CAWRSGGAGNQPQHF	TRBV30	NA	09/0361	NA	4
CAWRTGGAGYGYTF	TRBV30	NA	09/0361	NA	1
CAWSAQDRGRFPNEQFF	TRBV30	NA	09/0361	NA	1
CAWSAQGGRNQPQHF	TRBV30	NA	09/0361	NA	3
CAWSAQGRSNQPQHF	TRBV30	NA	09/0361	NA	1
CAWSARESRNQHQHF	TRBV30	NA	09/0361	NA	1
CAWSEQGLRSYNSPLHF	TRBV30	NA	09/0361	NA	3
CAWSFMAGVQETQYF	TRBV30	NA	09/0361	NA	1
CAWSGPGLRSTAGELFF	TRBV30	NA	09/0361	NA	1
CAWSLAGGLETQYF	TRBV30	NA	09/0361	NA	1
CAWSPTGPGGQPQHF	TRBV30	NA	09/0361	NA	3
CAWSVAGGITDTQYF	TRBV30	NA	09/0361	NA	1
CAWSVFGRGVVTNTGELFF	TRBV30	NA	09/0361	NA	1
CAWSVLESTQYF	TRBV30	NA	09/0361	NA	1
CAWSVNSNQPQHF	TRBV30	NA	09/0361	NA	1
CAWSVPGSTGELFF	TRBV30	NA	09/0361	NA	1
CAWSVRARGRGNTIYF	TRBV30	NA	09/0361	NA	1
CAWSVRGQFNEKLFF	TRBV30	NA	09/0361	NA	4
CAWTLPGIGSDTQYF	TRBV30	NA	09/0361	NA	1
CCARASLSLGEYNSPIHF	TRBV20-1	NA	09/0361	NA	1
CCNYIKGGIRRQPQHF	TRBV19	NA	09/0361	NA	1
CDSRGVLGPSDSLYVGYTF	TRBV25-1	NA	09/0361	NA	1
CDSSLPGTGKAQYF	TRBV7-2	NA	09/0361	NA	1
CDSSVGQAGTDEQYF	TRBV7-2	NA	09/0361	NA	1
CDSSWGDGGGAYNEQFF	TRBV5-1	NA	09/0361	NA	1
CDSSYLSMRGGHLSYNEQFF	TRBV6-5	NA	09/0361	NA	1
CDSTAGLPMEQFF	TRBV19	NA	09/0361	NA	1
CDSTEDRGSTEAFF	TRBV18	NA	09/0361	NA	1
CGAGNVGGRDEKFF	TRBV20-1	NA	09/0361	NA	1
CGALYAGRGGLTDTQYF	TRBV20-1	NA	09/0361	NA	1
CGARAPGEQCF	TRBV20-1	NA	09/0361	NA	1
CGASQRAGGYNEQFF	TRBV29-1	NA	09/0361	NA	1
CGASQVPGQYYGHYF	TRBV20-1	NA	09/0361	NA	1
CGRRLGQQGPHEEQYF	TRBV5-1	NA	09/0361	NA	1
CGRTLRGTETYEQYF	TRBV7-2	NA	09/0361	NA	1
CGSRDYNPPLHF	TRBV19	NA	09/0361	NA	1
CGSRGDGAGKQYF	TRBV2	NA	09/0361	NA	1
CGSRPGGTVPQHF	TRBV5-5	NA	09/0361	NA	1
CGSRPLVDRNTGRQYF	TRBV7-9	NA	09/0361	NA	1
CGSRRGGGGSRTGELFF	TRBV7-2	NA	09/0361	NA	1
CGSSMTGRSNQPQQF	TRBV12-4	NA	09/0361	NA	1
CGSSNRGGGAVDEQFF	TRBV27	NA	09/0361	NA	1
CGSSSRGETTDTQYF	TRBV10-3	NA	09/0361	NA	1
CGSSTRQGVFVGYTF	TRBV12-4	NA	09/0361	NA	1
CGSSVKDTQYF	TRBV7-2	NA	09/0361	NA	1
CGSTPVRDPSSEQYF	TRBV7-2	NA	09/0361	NA	1
CGSTVPGGGQAQYF	TRBV7-2	NA	09/0361	NA	1
CGVGTSSYEQYF	TRBV29-1	NA	09/0361	NA	1
CGVMGGTGNTIDF	TRBV29-1	NA	09/0361	NA	1
CIARELLGGGAFF	TRBV20-1	NA	09/0361	NA	1
CIARERRQAVGGYTF	TRBV20-1	NA	09/0361	NA	1
CISRKQGALYNEQFF	TRBV20-1	NA	09/0361	NA	1
CPAATKETQYF	TRBV10-3	NA	09/0361	NA	1
CRARDEDSYAKKIKYF	TRBV20-1	NA	09/0361	NA	1
CRASNRDYDYTF	TRBV20-1	NA	09/0361	NA	1
CRASPGGGGLEQYF	TRBV20-1	NA	09/0361	NA	2
CRASQGGSNQPQHF	TRBV20-1	NA	09/0361	NA	1
CRATKGGTEELFF	TRBV20-1	NA	09/0361	NA	1
CRGEESSGNTEVGF	TRBV20-1	NA	09/0361	NA	1
CRGGGGKTEAFF	TRBV20-1	NA	09/0361	NA	1
CRPHRPTSGGGSTDTQYF	TRBV20-1	NA	09/0361	NA	1
CRTNTQYF	TRBV29-1	NA	09/0361	NA	1
CRVDYMRRRNANTEAFF	TRBV29-1	NA	09/0361	NA	1
CRVIKPAGGYEQYF	TRBV20-1	NA	09/0361	NA	1
CSAAFSGGDSYEQYF	TRBV20-1	NA	09/0361	NA	1
CSAARRAGGPREQYF	TRBV20-1	NA	09/0361	NA	2
CSAASPRGRRLETQYF	TRBV20-1	NA	09/0361	NA	1
CSACWATSGTDTQYF	TRBV20-1	NA	09/0361	NA	1
CSADPLGGRDEQFF	TRBV20-1	NA	09/0361	NA	2
CSAEGQGGYNEQFF	TRBV20-1	NA	09/0361	NA	1
CSAELPPALSKNIQYF	TRBV20-1	NA	09/0361	NA	1
CSAFGTEPTSTDTQYF	TRBV20-1	NA	09/0361	NA	1
CSAGDSAANTGELFF	TRBV20-1	NA	09/0361	NA	1
CSAGEAGAGVYEQYF	TRBV20-1	NA	09/0361	NA	1
CSAGGGDTEAFF	TRBV29-1	NA	09/0361	NA	1
CSAGGGKTEAFF	TRBV20-1	NA	09/0361	NA	1
CSAGGRAGTEAFF	TRBV20-1	NA	09/0361	NA	1
CSAGHRDFTGEQFF	TRBV29-1	NA	09/0361	NA	1
CSAGKEGIQYF	TRBV20-1	NA	09/0361	NA	3
CSAGQDSFPYEQYF	TRBV20-1	NA	09/0361	NA	1
CSAGRDRAGEQYF	TRBV20-1	NA	09/0361	NA	1
CSAGRLLEQYF	TRBV20-1	NA	09/0361	NA	1
CSAGSGVGKEQFF	TRBV20-1	NA	09/0361	NA	1
CSAGSGVGNEQFF	TRBV20-1	NA	09/0361	NA	2
CSAIGLEGYSNQPQHF	TRBV20-1	NA	09/0361	NA	1
CSAIGTEASRKDTQYF	TRBV20-1	NA	09/0361	NA	1
CSAIKTGGPTEAFF	TRBV20-1	NA	09/0361	NA	1
CSAIPAAYEQYF	TRBV20-1	NA	09/0361	NA	6
CSAIPAAYGTGKNIQYF	TRBV20-1	NA	09/0361	NA	1
CSAIQLAGGYNEQFF	TRBV29-1	NA	09/0361	NA	1
CSAIWTSGGAETQYF	TRBV20-1	NA	09/0361	NA	1
CSAKGHSNGNTIYF	TRBV20-1	NA	09/0361	NA	1
CSAKGRDSGNTIYF	TRBV20-1	NA	09/0361	NA	2
CSAKKQGSGNTESFF	TRBV20-1	NA	09/0361	NA	1
CSAKSGQSLGYEQYF	TRBV20-1	NA	09/0361	NA	1
CSALKGQSSYNEQFF	TRBV20-1	NA	09/0361	NA	1
CSALLVTDTQYF	TRBV20-1	NA	09/0361	NA	1
CSALQLAGGYNGQFF	TRBV29-1	NA	09/0361	NA	1
CSALRGGGEKLFF	TRBV20-1	NA	09/0361	NA	1
CSALVDTQYF	TRBV20-1	NA	09/0361	NA	1
CSAMGQGRGDGYTF	TRBV20-1	NA	09/0361	NA	1
CSAMRLAGGYNEQFF	TRBV20-1	NA	09/0361	NA	1
CSANIRTSDRFF	TRBV20-1	NA	09/0361	NA	1
CSANQGTFPGEQYF	TRBV20-1	NA	09/0361	NA	1
CSANSGPGYGYTF	TRBV29-1	NA	09/0361	NA	1
CSAPACAGVAGTQYF	TRBV20-1	NA	09/0361	NA	1
CSAPASSGVAGTQYF	TRBV20-1	NA	09/0361	NA	1
CSAPDIGGRETQYF	TRBV20-1	NA	09/0361	NA	2
CSAPGGARMNTEAFF	TRBV20-1	NA	09/0361	NA	1
CSAPGLRGGNTEAFF	TRBV20-1	NA	09/0361	NA	2
CSAPGQSNTEAFF	TRBV20-1	NA	09/0361	NA	1
CSAPGTGNTGELFF	TRBV20-1	NA	09/0361	NA	1
CSAPHSGASNTGELFF	TRBV20-1	NA	09/0361	NA	2
CSAPHSGASNTGGLFF	TRBV20-1	NA	09/0361	NA	1
CSAPIPYGYTF	TRBV29-1	NA	09/0361	NA	1
CSAPPRGINYSNQPQHF	TRBV20-1	NA	09/0361	NA	1
CSAPQGFETQYF	TRBV20-1	NA	09/0361	NA	1
CSAPTRDSGNTIYF	TRBV20-1	NA	09/0361	NA	1
CSAPTSLSSYNEQFF	TRBV20-1	NA	09/0361	NA	1
CSAQPRSTGLAMYQETQYF	TRBV20-1	NA	09/0361	NA	2
CSARAEGLYNYGYSF	TRBV20-1	NA	09/0361	NA	1
CSARAERLYNYGYTF	TRBV20-1	NA	09/0361	NA	1
CSARAFLGYYNEQFF	TRBV20-1	NA	09/0361	NA	1
CSARAGGSGANVLTF	TRBV20-1	NA	09/0361	NA	1
CSARAGGYYGYTF	TRBV20-1	NA	09/0361	NA	3
CSARAHGGEKFANTGELFF	TRBV20-1	NA	09/0361	NA	1
CSARAHPGSNTF	TRBV20-1	NA	09/0361	NA	1
CSARDAGTASNQPQHF	TRBV20-1	NA	09/0361	NA	1
CSARDDGTGYEQYF	TRBV20-1	NA	09/0361	NA	1
CSARDDKNIKYF	TRBV20-1	NA	09/0361	NA	1
CSARDGARAQNTEAFF	TRBV20-1	NA	09/0361	NA	4
CSARDGGAPGELFF	TRBV20-1	NA	09/0361	NA	1
CSARDGGAPGGLVF	TRBV20-1	NA	09/0361	NA	1
CSARDHPSWAGTAEKLFF	TRBV20-1	NA	09/0361	NA	1
CSARDLARGQETQYF	TRBV20-1	NA	09/0361	NA	4
CSARDLATGQDQPQHF	TRBV20-1	NA	09/0361	NA	1
CSARDLATNEKLFF	TRBV20-1	NA	09/0361	NA	1
CSARDLMGAGAFF	TRBV20-1	NA	09/0361	NA	2
CSARDLRTGGETEAFF	TRBV20-1	NA	09/0361	NA	1
CSARDLRTSIYEQYF	TRBV20-1	NA	09/0361	NA	1
CSARDLRVGIYEQYF	TRBV20-1	NA	09/0361	NA	1
CSARDLTGHNEQFF	TRBV20-1	NA	09/0361	NA	3
CSARDNRNTEAFF	TRBV20-1	NA	09/0361	NA	1
CSARDPGGAQYEQYF	TRBV20-1	NA	09/0361	NA	1
CSARDPGRDGNTIYF	TRBV20-1	NA	09/0361	NA	1
CSARDPRRDTEAFF	TRBV20-1	NA	09/0361	NA	1
CSARDPSGDTIYF	TRBV20-1	NA	09/0361	NA	1
CSARDPSGNTIYF	TRBV20-1	NA	09/0361	NA	2
CSARDPSGNTRYF	TRBV20-1	NA	09/0361	NA	1
CSARDQGRKGSSSEAFF	TRBV20-1	NA	09/0361	NA	1
CSARDQQGGYGYTF	TRBV20-1	NA	09/0361	NA	1
CSARDRGDGRYGYTF	TRBV20-1	NA	09/0361	NA	1
CSARDSAGNQPQHF	TRBV20-1	NA	09/0361	NA	3
CSARDSGGAWETQYF	TRBV20-1	NA	09/0361	NA	1
CSARDSLSLGEYNSPLHF	TRBV20-1	NA	09/0361	NA	2
CSARDSWSYEQYF	TRBV20-1	NA	09/0361	NA	1
CSARDTGGSYNSPLHF	TRBV20-1	NA	09/0361	NA	1
CSARDTGQGSEAFF	TRBV20-1	NA	09/0361	NA	1
CSARDVAGGGRTEAFF	TRBV20-1	NA	09/0361	NA	2
CSARDWRGPQLNEKLFF	TRBV20-1	NA	09/0361	NA	1
CSAREGARAQNTEAFF	TRBV20-1	NA	09/0361	NA	1
CSAREGLQETQYF	TRBV20-1	NA	09/0361	NA	1
CSAREPGQGSYEQYF	TRBV20-1	NA	09/0361	NA	1
CSAREPGRTYNEQFF	TRBV20-1	NA	09/0361	NA	1
CSARERGQAVGGYTF	TRBV20-1	NA	09/0361	NA	1
CSARGAGESQYF	TRBV20-1	NA	09/0361	NA	1
CSARGDRGRTDTQYF	TRBV20-1	NA	09/0361	NA	2
CSARGERGRTDTQYF	TRBV20-1	NA	09/0361	NA	1
CSARGLAGPNDEQYF	TRBV20-1	NA	09/0361	NA	3
CSARGLHSRAEQYF	TRBV20-1	NA	09/0361	NA	1
CSARGPTGTDTQYF	TRBV20-1	NA	09/0361	NA	2
CSARGQGNTGELFF	TRBV20-1	NA	09/0361	NA	1
CSARGQPSVQETQYF	TRBV20-1	NA	09/0361	NA	1
CSARGRDPNFSPLHF	TRBV20-1	NA	09/0361	NA	1
CSARGSIGIYTGELFF	TRBV20-1	NA	09/0361	NA	1
CSARGTRASKKNEQFF	TRBV20-1	NA	09/0361	NA	1
CSARIPWGAVNYGYTF	TRBV20-1	NA	09/0361	NA	1
CSARKRQDYEQYF	TRBV20-1	NA	09/0361	NA	1
CSARLAGGGYEQYF	TRBV20-1	NA	09/0361	NA	1
CSARNPAGEAEYF	TRBV20-1	NA	09/0361	NA	1
CSARNPRGPAQPQHF	TRBV20-1	NA	09/0361	NA	1
CSARPAGRSEQYF	TRBV20-1	NA	09/0361	NA	2
CSARPGGREETQYF	TRBV20-1	NA	09/0361	NA	1
CSARPPADGETEQYF	TRBV20-1	NA	09/0361	NA	1
CSARPPLDRDYEQYF	TRBV20-1	NA	09/0361	NA	1
CSARPSPLRNDEQFF	TRBV20-1	NA	09/0361	NA	1
CSARPVRRGKEQFF	TRBV20-1	NA	09/0361	NA	1
CSARPVRRGNEQFF	TRBV20-1	NA	09/0361	NA	1
CSARQGESYNSPLHF	TRBV20-1	NA	09/0361	NA	1
CSARRDPSTDTQYF	TRBV20-1	NA	09/0361	NA	2
CSARRVAGGSSYEQYF	TRBV20-1	NA	09/0361	NA	1
CSARSGGRNTEAFF	TRBV20-1	NA	09/0361	NA	1
CSARSGTQKLDTQYF	TRBV20-1	NA	09/0361	NA	1
CSARSLITKGQDFSYEQYF	TRBV20-1	NA	09/0361	NA	4
CSARSRDRANEKLFF	TRBV29-1	NA	09/0361	NA	1
CSARSRDSANEKLFF	TRBV29-1	NA	09/0361	NA	1
CSARSRTGALPTFYGYTF	TRBV20-1	NA	09/0361	NA	1
CSARTGGRRTGELFF	TRBV20-1	NA	09/0361	NA	1
CSARTPGLAGSEQYF	TRBV20-1	NA	09/0361	NA	1
CSARTSGGAVNEQFF	TRBV20-1	NA	09/0361	NA	3
CSARVLEGGGSNQPQHF	TRBV20-1	NA	09/0361	NA	1
CSARVLRAGAPTDTQYF	TRBV20-1	NA	09/0361	NA	1
CSARVLRAGFPTDTQYF	TRBV20-1	NA	09/0361	NA	1
CSARVPGSNTEAFF	TRBV20-1	NA	09/0361	NA	1
CSARVQGGNQPQHF	TRBV20-1	NA	09/0361	NA	1
CSASAGADTQYF	TRBV20-1	NA	09/0361	NA	1
CSASAGDGSSYNEQFF	TRBV20-1	NA	09/0361	NA	1
CSASDLRLSGLVNEQFF	TRBV20-1	NA	09/0361	NA	1
CSASEGHINEKLFF	TRBV20-1	NA	09/0361	NA	1
CSASFPGLAGGPDNEQFF	TRBV20-1	NA	09/0361	NA	2
CSASGAGAGGQETQYF	TRBV20-1	NA	09/0361	NA	1
CSASGLGDTQYF	TRBV20-1	NA	09/0361	NA	1
CSASGPPSGQETQYF	TRBV20-1	NA	09/0361	NA	1
CSASGPSYEQYF	TRBV20-1	NA	09/0361	NA	1
CSASGSIGIYTGELFF	TRBV20-1	NA	09/0361	NA	1
CSASGTSGGATGELFF	TRBV20-1	NA	09/0361	NA	1
CSASGTVGVGELFF	TRBV20-1	NA	09/0361	NA	1
CSASGVGASYEQYF	TRBV20-1	NA	09/0361	NA	2
CSASGVLFRPFF	TRBV20-1	NA	09/0361	NA	2
CSASGWTSGGHNEQFF	TRBV20-1	NA	09/0361	NA	1
CSASHQAYYGYTF	TRBV20-1	NA	09/0361	NA	3
CSASHRIGGLGNTEAFF	TRBV20-1	NA	09/0361	NA	1
CSASLYIGSGGRTDTQYF	TRBV20-1	NA	09/0361	NA	1
CSASNASGGVGYGYTF	TRBV20-1	NA	09/0361	NA	3
CSASNRDYDYTF	TRBV20-1	NA	09/0361	NA	1
CSASNRDYGYTF	TRBV20-1	NA	09/0361	NA	2
CSASNRGANTEAFF	TRBV29-1	NA	09/0361	NA	1
CSASPGGGGLEQYF	TRBV20-1	NA	09/0361	NA	2
CSASPGTGGAETQYF	TRBV20-1	NA	09/0361	NA	1
CSASPPQGAWGYTF	TRBV20-1	NA	09/0361	NA	2
CSASPVGRARKLFF	TRBV20-1	NA	09/0361	NA	1
CSASPVPEQYF	TRBV20-1	NA	09/0361	NA	3
CSASPYEQYF	TRBV20-1	NA	09/0361	NA	2
CSASQGISGNTIYF	TRBV20-1	NA	09/0361	NA	1
CSASQLPGQYYEQYF	TRBV20-1	NA	09/0361	NA	3
CSASRQIEQYF	TRBV20-1	NA	09/0361	NA	1
CSASRTPGRGYEQYF	TRBV20-1	NA	09/0361	NA	1
CSASSARGTYNEKLF	TRBV20-1	NA	09/0361	NA	1
CSASSGGENIQYF	TRBV20-1	NA	09/0361	NA	1
CSASSSLAKNIQYF	TRBV20-1	NA	09/0361	NA	3
CSASTGHNQPQHF	TRBV20-1	NA	09/0361	NA	1
CSASTSAHTGELFF	TRBV20-1	NA	09/0361	NA	1
CSASWTSGGAETQYF	TRBV20-1	NA	09/0361	NA	1
CSASYTEAFF	TRBV20-1	NA	09/0361	NA	1
CSATGDRGLYCYTF	TRBV29-1	NA	09/0361	NA	1
CSATGLGNEKLFF	TRBV20-1	NA	09/0361	NA	1
CSATGTAYEQYF	TRBV20-1	NA	09/0361	NA	2
CSATHQAYYGYTF	TRBV20-1	NA	09/0361	NA	1
CSATLAVRHNEQFF	TRBV20-1	NA	09/0361	NA	1
CSATNDRGTEAFF	TRBV20-1	NA	09/0361	NA	2
CSATPAGGAAGRQCF	TRBV20-1	NA	09/0361	NA	1
CSATPCTTPEAFF	TRBV20-1	NA	09/0361	NA	1
CSATSGEGGNEQFF	TRBV20-1	NA	09/0361	NA	2
CSATSSGGGPYGYTF	TRBV20-1	NA	09/0361	NA	2
CSATVSDQPQHF	TRBV20-1	NA	09/0361	NA	1
CSATYGTGKNIQYF	TRBV20-1	NA	09/0361	NA	2
CSAVDRRGNTIYF	TRBV20-1	NA	09/0361	NA	1
CSAVPPTGFEQYF	TRBV20-1	NA	09/0361	NA	1
CSAVQDFTQYF	TRBV29-1	NA	09/0361	NA	2
CSAWDPVNYGYTF	TRBV20-1	NA	09/0361	NA	1
CSAWDRETPNYGYTF	TRBV20-1	NA	09/0361	NA	1
CSAYSTGIPQYF	TRBV20-1	NA	09/0361	NA	1
CSCVKGNRNEKLFF	TRBV29-1	NA	09/0361	NA	1
CSENKREYGNTIYF	TRBV20-1	NA	09/0361	NA	1
CSGAGGGSEAFF	TRBV20-1	NA	09/0361	NA	1
CSGCSPGLAGDNEQFF	TRBV20-1	NA	09/0361	NA	1
CSGGTSCYEQYF	TRBV29-1	NA	09/0361	NA	1
CSGGTSGGRITGELFF	TRBV29-1	NA	09/0361	NA	3
CSGSATRAINHQQHF	TRBV20-1	NA	09/0361	NA	1
CSLILFDRPGGQFF	TRBV20-1	NA	09/0361	NA	1
CSLSRLAGGSNTYEQYF	TRBV20-1	NA	09/0361	NA	1
CSLVGHTDTDTQYF	TRBV20-1	NA	09/0361	NA	1
CSPVNSTDTQYF	TRBV20-1	NA	09/0361	NA	1
CSQQGGLDQPKHF	TRBV20-1	NA	09/0361	NA	1
CSRRPNGTGGGEKTVF	TRBV7-2	NA	09/0361	NA	1
CSSCAPRAGVVTYTQYF	TRBV25-1	NA	09/0361	NA	1
CSSIFSSGGHNGQFF	TRBV5-4	NA	09/0361	NA	1
CSSIPRDGLYEQYF	TRBV19	NA	09/0361	NA	1
CSSRDRTYNEQFF	TRBV20-1	NA	09/0361	NA	1
CSSSDLAGGGKLVYGYSF	TRBV5-6	NA	09/0361	NA	1
CSSSEDRGDTEAFF	TRBV18	NA	09/0361	NA	1
CSSSKVRKVIPRGYTF	TRBV21-1	NA	09/0361	NA	1
CSSSLANRAGLMNTEAFF	TRBV5-4	NA	09/0361	NA	1
CSSSLEGASSTEAFF	TRBV5-1	NA	09/0361	NA	1
CSSSLGWTAAFF	TRBV5-1	NA	09/0361	NA	1
CSSSLPGGRVADTQYF	TRBV5-1	NA	09/0361	NA	1
CSSSSGPLAEQFF	TRBV7-9	NA	09/0361	NA	1
CSTSITLKNTEAFF	TRBV20-1	NA	09/0361	NA	1
CSTSVMGRGRTLLF	TRBV7-2	NA	09/0361	NA	1
CSTTVSDQPQHF	TRBV20-1	NA	09/0361	NA	1
CSVAQAGEGTEAFF	TRBV29-1	NA	09/0361	NA	1
CSVASLTAEPYEQYF	TRBV29-1	NA	09/0361	NA	1
CSVDAKGHNSPLHF	TRBV20-1	NA	09/0361	NA	1
CSVDVGLLGDEKYF	TRBV29-1	NA	09/0361	NA	1
CSVDVGLLGEEKYF	TRBV29-1	NA	09/0361	NA	1
CSVDYMRRRTANTEAFF	TRBV29-1	NA	09/0361	NA	1
CSVEARTNTEAFF	TRBV29-1	NA	09/0361	NA	2
CSVEASEKLFF	TRBV29-1	NA	09/0361	NA	2
CSVEDPGSSYEQYF	TRBV29-1	NA	09/0361	NA	2
CSVEDPVGGKGGTDTQYF	TRBV29-1	NA	09/0361	NA	1
CSVEGGAGTGSKFNYGYTF	TRBV29-1	NA	09/0361	NA	2
CSVEGKTSYEQYF	TRBV29-1	NA	09/0361	NA	1
CSVEKVGGSTEAFF	TRBV29-1	NA	09/0361	NA	1
CSVENAGYGYTF	TRBV29-1	NA	09/0361	NA	1
CSVEYMRRRTANTEAFF	TRBV29-1	NA	09/0361	NA	1
CSVGGAGSIDQPQHF	TRBV29-1	NA	09/0361	NA	1
CSVGGAKDTQYF	TRBV20-1	NA	09/0361	NA	2
CSVGGEGSIDQPQHF	TRBV29-1	NA	09/0361	NA	1
CSVGGRAYETQYF	TRBV29-1	NA	09/0361	NA	1
CSVGHRANTGELFF	TRBV29-1	NA	09/0361	NA	1
CSVGQRTSGNTDTQYF	TRBV20-1	NA	09/0361	NA	1
CSVGTSGGYNEQFF	TRBV29-1	NA	09/0361	NA	1
CSVGTSSYEQYF	TRBV29-1	NA	09/0361	NA	1
CSVIKPAGGYEQYF	TRBV20-1	NA	09/0361	NA	1
CSVPGTGFYEQYF	TRBV29-1	NA	09/0361	NA	2
CSVPHPSGYTF	TRBV29-1	NA	09/0361	NA	1
CSVQEGGGYGYTF	TRBV29-1	NA	09/0361	NA	1
CSVSHGTSGGDIGELFF	TRBV29-1	NA	09/0361	NA	1
CSVTRETDTQYF	TRBV29-1	NA	09/0361	NA	1
CSVVEGSPRSYTF	TRBV20-1	NA	09/0361	NA	1
CSVVFGVLDGYTF	TRBV29-1	NA	09/0361	NA	1
CSVVGLDTQYF	TRBV29-1	NA	09/0361	NA	1
CSVVGQTGQPQHF	TRBV29-1	NA	09/0361	NA	1
CSVVMTASSYEQYF	TRBV29-1	NA	09/0361	NA	1
CTARDIGQARRLFF	TRBV20-1	NA	09/0361	NA	1
CTSRARQRGNNEQYF	TRBV7-2	NA	09/0361	NA	1
CTSSETTEAFF	TRBV5-1	NA	09/0361	NA	1
CTSSLRTANTEAFF	TRBV3-1	NA	09/0361	NA	1
CTSSSWVLDTEPCF	TRBV5-1	NA	09/0361	NA	1
CVISSGHGSQPPHF	TRBV5-1	NA	09/0361	NA	1
CVSGFIRCGLSYNEQFF	TRBV7-2	NA	09/0361	NA	1
CVSSLANRAGLMNSEAFF	TRBV5-4	NA	09/0361	NA	1
CVSSLVDRAGNTEACF	TRBV5-6	NA	09/0361	NA	1
CVSSLVQGEQYF	TRBV7-6	NA	09/0361	NA	1
CVSSVSVGRVGKPQHF	TRBV5-4	NA	09/0361	NA	1
CVTSRDARGVNQPQHF	TRBV15	NA	09/0361	NA	1
CWASPPQGAWGYTF	TRBV20-1	NA	09/0361	NA	1
CASALGGAYGYTF	TRBV5-1	NA	09/0418	NA	1
CASGGLATDTQYF	TRBV9	NA	09/0418	NA	1
CASGGPDGNEKLFF	TRBV2	NA	09/0418	NA	3
CASHRPPCRGYTF	TRBV21-1	NA	09/0418	NA	2
CASKSGATDTQYF	TRBV2	NA	09/0418	NA	1
CASLGRFSYEQYF	TRBV28	NA	09/0418	NA	1
CASLPGPGQAHNEKLFF	TRBV28	NA	09/0418	NA	2
CASMTSGGGDTQYF	TRBV25-1	NA	09/0418	NA	1
CASNLQGRFTEAFF	TRBV19	NA	09/0418	NA	1
CASQRTAHIGELFF	TRBV6-5	NA	09/0418	NA	1
CASRGGEGGGNYNEQFF	TRBV10-1	NA	09/0418	NA	58
CASRGRGTGDEQYF	TRBV6-5	NA	09/0418	NA	1
CASRGVDRGLYQETQYF	TRBV27	NA	09/0418	NA	3
CASRKIQGSTGELFF	TRBV27	NA	09/0418	NA	1
CASRQGLWGEQFF	TRBV28	NA	09/0418	NA	3
CASRRGSNQPQHF	TRBV12-3	NA	09/0418	NA	6
CASRTDIHGGTEAFF	TRBV6-2	NA	09/0418	NA	1
CASSAEGGEQYF	TRBV2	NA	09/0418	NA	1
CASSARQGRTYNEQFF	TRBV11-1	NA	09/0418	NA	2
CASSDSPRANVLTF	TRBV19	NA	09/0418	NA	1
CASSENLWGGGTFGEQFF	TRBV5-4	NA	09/0418	NA	2
CASSFGNGGNTQYF	TRBV7-9	NA	09/0418	NA	1
CASSFGPGQGTSNEKLFF	TRBV28	NA	09/0418	NA	2
CASSFGRGEETQYF	TRBV5-1	NA	09/0418	NA	2
CASSFLSTDTQYF	TRBV12-3	NA	09/0418	NA	1
CASSFPSSGSNNEQFF	TRBV7-2	NA	09/0418	NA	4
CASSFQRGGGETQYF	TRBV12-3	NA	09/0418	NA	2
CASSFRYGDEAFF	TRBV5-4	NA	09/0418	NA	1
CASSFSGGEQYF	TRBV7-2	NA	09/0418	NA	2
CASSGQGWVDEQFF	TRBV5-1	NA	09/0418	NA	2
CASSGTPNSPLHF	TRBV30	NA	09/0418	NA	4
CASSIGVYNEQFF	TRBV19	NA	09/0418	NA	1
CASSLAGTETQYF	TRBV12-3	NA	09/0418	NA	2
CASSLDAPAGGTQYF	TRBV11-2	NA	09/0418	NA	2
CASSLDEQRVSTDTQYF	TRBV7-2	NA	09/0418	NA	7
CASSLDRDRGPVFRTDTQYF	TRBV7-8	NA	09/0418	NA	2
CASSLDTGGSYNEQFF	TRBV5-1	NA	09/0418	NA	1
CASSLEGGGAAEAFF	TRBV11-2	NA	09/0418	NA	1
CASSLEGHYEQYF	TRBV11-3	NA	09/0418	NA	1
CASSLEQGNEQFF	TRBV7-3	NA	09/0418	NA	1
CASSLGGRDTEAFF	TRBV7-3	NA	09/0418	NA	1
CASSLGGRMGAFF	TRBV3-1	NA	09/0418	NA	1
CASSLGPGQGAEETQYF	TRBV11-1	NA	09/0418	NA	13
CASSLGQIQETQYF	TRBV5-6	NA	09/0418	NA	1
CASSLGVWELAFF	TRBV12-3	NA	09/0418	NA	2
CASSLGVWETQYF	TRBV12-3	NA	09/0418	NA	2
CASSLLGGMATDTQYF	TRBV5-1	NA	09/0418	NA	1
CASSLMGPGANVLTF	TRBV5-1	NA	09/0418	NA	1
CASSLNGGMRTDTQYF	TRBV5-1	NA	09/0418	NA	1
CASSLPGGNIQYF	TRBV27	NA	09/0418	NA	4
CASSLRGVSWETQYF	TRBV11-2	NA	09/0418	NA	1
CASSLRNTDTQYF	TRBV7-9	NA	09/0418	NA	2
CASSLRNTGELFF	TRBV25-1	NA	09/0418	NA	2
CASSLRPIPSEAFF	TRBV27	NA	09/0418	NA	3
CASSLSPGGDGYTF	TRBV5-5	NA	09/0418	NA	1
CASSLTGVAKNIQYF	TRBV27	NA	09/0418	NA	2
CASSLTYEQYF	TRBV5-5	NA	09/0418	NA	1
CASSLVGTGPETQYF	TRBV7-9	NA	09/0418	NA	2
CASSLVQGLSSYNSPLHF	TRBV11-2	NA	09/0418	NA	2
CASSLWGDEQYF	TRBV7-2	NA	09/0418	NA	3
CASSNRGGGAVDEQFF	TRBV27	NA	09/0418	NA	9
CASSPDSGSYGQYF	TRBV7-6	NA	09/0418	NA	12
CASSPGGFFTDTQYF	TRBV11-2	NA	09/0418	NA	3
CASSPGPGLAQYNEQFF	TRBV28	NA	09/0418	NA	1
CASSPGTAKTEAFF	TRBV5-1	NA	09/0418	NA	1
CASSPGVGLQETQYF	TRBV7-2	NA	09/0418	NA	1
CASSPMTSLSSYEQYF	TRBV27	NA	09/0418	NA	2
CASSPPPGRGRFDEQYF	TRBV4-1	NA	09/0418	NA	11
CASSPRGTGGNEQFF	TRBV9	NA	09/0418	NA	3
CASSPSGTGVKNIQYF	TRBV7-2	NA	09/0418	NA	1
CASSPSLQGQVYEQYF	TRBV7-8	NA	09/0418	NA	7
CASSPSTDTQYF	TRBV7-2	NA	09/0418	NA	1
CASSQAGTVAGNTIYF	TRBV4-1	NA	09/0418	NA	4
CASSQAYEQYF	TRBV3-1	NA	09/0418	NA	1
CASSQDLVARETQYF	TRBV3-1	NA	09/0418	NA	3
CASSQDQREGLGYEQYF	TRBV4-2	NA	09/0418	NA	2
CASSQDSRGRGNEQFF	TRBV3-1	NA	09/0418	NA	4
CASSQDWAEETQYF	TRBV3-1	NA	09/0418	NA	1
CASSQDWWGAQVTGELFF	TRBV4-1	NA	09/0418	NA	2
CASSQGGWETQYF	TRBV4-2	NA	09/0418	NA	1
CASSQGQRPRDEQYF	TRBV4-2	NA	09/0418	NA	11
CASSQGQSDRPQHF	TRBV4-1	NA	09/0418	NA	2
CASSQVPGRGGYTF	TRBV3-1	NA	09/0418	NA	3
CASSRGGQHYEQYF	TRBV12-4	NA	09/0418	NA	3
CASSSAGFFKETQYF	TRBV7-8	NA	09/0418	NA	3
CASSSFRTDTQYF	TRBV11-3	NA	09/0418	NA	1
CASSSPWAGELFF	TRBV5-1	NA	09/0418	NA	1
CASSSREGRDGYTF	TRBV5-1	NA	09/0418	NA	1
CASSSRLRDSASTDTQYF	TRBV5-1	NA	09/0418	NA	5
CASSSSAGGTDTQYF	TRBV5-4	NA	09/0418	NA	2
CASSSTPGLVNEQFF	TRBV7-2	NA	09/0418	NA	1
CASSSTRLAVYEQYF	TRBV27	NA	09/0418	NA	1
CASSTPGRLYGYTF	TRBV12-3	NA	09/0418	NA	1
CASSTTGYSGNTIYF	TRBV28	NA	09/0418	NA	1
CASSVGSGREGYNEQFF	TRBV9	NA	09/0418	NA	2
CASSVRDRGLGEQFF	TRBV5-1	NA	09/0418	NA	1
CASSVRQGGADTQYF	TRBV9	NA	09/0418	NA	1
CASSYGPGQEHNEKLFF	TRBV28	NA	09/0418	NA	6
CASSYSQEGNGYTF	TRBV6-6	NA	09/0418	NA	4
CASTDPLTSGGPLKSYNEQFF	TRBV9	NA	09/0418	NA	2
CASTGAQETQYF	TRBV10-2	NA	09/0418	NA	2
CASTLYPGLAGASTDTQYF	TRBV12-4	NA	09/0418	NA	1
CASTRLSGGSTDTQYF	TRBV6-4	NA	09/0418	NA	2
CASTRRGSGEQYF	TRBV27	NA	09/0418	NA	2
CASTRRSEAFF	TRBV30	NA	09/0418	NA	1
CASTWGEKLFF	TRBV6-6	NA	09/0418	NA	3
CASWDSTDTQYF	TRBV5-1	NA	09/0418	NA	1
CATSGWDSNYGYTF	TRBV24-1	NA	09/0418	NA	1
CAWKRPDSSYEQYF	TRBV30	NA	09/0418	NA	4
CAWSVQGKASYGYTF	TRBV30	NA	09/0418	NA	1
CAWSVSPNYGYTF	TRBV30	NA	09/0418	NA	1
CSAAGTSRSLSYNEQFF	TRBV20-1	NA	09/0418	NA	3
CSAAHHNEQFF	TRBV20-1	NA	09/0418	NA	2
CSAAPGQGMNTEAFF	TRBV29-1	NA	09/0418	NA	2
CSAFAPGLAGREQFF	TRBV20-1	NA	09/0418	NA	3
CSAGDRVGGSSYNEQFF	TRBV29-1	NA	09/0418	NA	17
CSAGERSSTDTQYF	TRBV29-1	NA	09/0418	NA	1
CSAGGTPGRGTYNEQFF	TRBV20-1	NA	09/0418	NA	24
CSAGRTEAFF	TRBV20-1	NA	09/0418	NA	1
CSAGSGSYNEQFF	TRBV20-1	NA	09/0418	NA	1
CSAGTGGGGYTF	TRBV20-1	NA	09/0418	NA	1
CSAHRGGTYNEQFF	TRBV20-1	NA	09/0418	NA	6
CSAKAGWGMSTEAFF	TRBV29-1	NA	09/0418	NA	1
CSAKSPGAGGYEQYF	TRBV20-1	NA	09/0418	NA	1
CSALAPGALSTDTQYF	TRBV20-1	NA	09/0418	NA	24
CSALAPGDRYTDTQYF	TRBV20-1	NA	09/0418	NA	3
CSALKGQINTEAFF	TRBV20-1	NA	09/0418	NA	1
CSALPPGRASTDTQYF	TRBV20-1	NA	09/0418	NA	1
CSALRTGVVGPQHF	TRBV20-1	NA	09/0418	NA	1
CSALSPGLAGARDEQFF	TRBV20-1	NA	09/0418	NA	7
CSALSPGLAGGPATQYF	TRBV20-1	NA	09/0418	NA	15
CSALTRASEQYF	TRBV20-1	NA	09/0418	NA	11
CSANNGPSESTDTQYF	TRBV20-1	NA	09/0418	NA	12
CSAPAQMRNTDTQYF	TRBV20-1	NA	09/0418	NA	3
CSAPSGPGTSSSYNEQFF	TRBV20-1	NA	09/0418	NA	9
CSAQSGDRHTEAFF	TRBV20-1	NA	09/0418	NA	2
CSARAPGGGGYNEQFF	TRBV20-1	NA	09/0418	NA	17
CSARAPGLAGFNEQFF	TRBV20-1	NA	09/0418	NA	23
CSARAPGLAGMNEQFF	TRBV20-1	NA	09/0418	NA	4
CSARASGTGTEAFF	TRBV20-1	NA	09/0418	NA	1
CSARDERQGASAFF	TRBV20-1	NA	09/0418	NA	6
CSARDERTLLQHF	TRBV20-1	NA	09/0418	NA	11
CSARDPIRGLAGGNYYNEQFF	TRBV20-1	NA	09/0418	NA	7
CSARDPTANSPLHF	TRBV20-1	NA	09/0418	NA	11
CSARDRAETQYF	TRBV29-1	NA	09/0418	NA	2
CSAREASGYTDTQYF	TRBV20-1	NA	09/0418	NA	1
CSARETPGTGDTGELCF	TRBV20-1	NA	09/0418	NA	1
CSARETPGTGDTGELFF	TRBV20-1	NA	09/0418	NA	16
CSARETPGTGDTGGLFF	TRBV20-1	NA	09/0418	NA	2
CSARGGGTGIAGELFF	TRBV20-1	NA	09/0418	NA	2
CSARGLTGLAGGNEQFF	TRBV20-1	NA	09/0418	NA	3
CSARGYGKGPYEQYF	TRBV20-1	NA	09/0418	NA	6
CSARKGGRGNTIYF	TRBV20-1	NA	09/0418	NA	1
CSARKQGALYNEQFF	TRBV20-1	NA	09/0418	NA	5
CSARPPTGRDNYGDTF	TRBV20-1	NA	09/0418	NA	1
CSARRGNTEAFF	TRBV20-1	NA	09/0418	NA	1
CSARSSWAPGELFF	TRBV20-1	NA	09/0418	NA	1
CSARTGTSDTQYF	TRBV20-1	NA	09/0418	NA	1
CSARVLASGSTDTQYF	TRBV20-1	NA	09/0418	NA	1
CSASAPGLAGGPLYEQYF	TRBV20-1	NA	09/0418	NA	12
CSASAPGLAGMHEQYF	TRBV20-1	NA	09/0418	NA	14
CSASDRKETQYF	TRBV20-1	NA	09/0418	NA	4
CSASDTRYYGYTF	TRBV20-1	NA	09/0418	NA	2
CSASKGVQEKLFF	TRBV20-1	NA	09/0418	NA	6
CSASNPPALYGYTF	TRBV20-1	NA	09/0418	NA	2
CSASRQGKGTGELFF	TRBV20-1	NA	09/0418	NA	1
CSASRRGGGPPQYF	TRBV20-1	NA	09/0418	NA	2
CSASSGLAGLNTGELFF	TRBV20-1	NA	09/0418	NA	2
CSASSPGAASLNEQFF	TRBV20-1	NA	09/0418	NA	6
CSASSPGLAGGLHEQFF	TRBV20-1	NA	09/0418	NA	4
CSASSPGLAGYQETQYF	TRBV20-1	NA	09/0418	NA	11
CSASSTPGRPTSGASTDTQYF	TRBV20-1	NA	09/0418	NA	7
CSATDRGLNEQFF	TRBV29-1	NA	09/0418	NA	1
CSATITLKNTEAFF	TRBV20-1	NA	09/0418	NA	1
CSAWEGQDEQFF	TRBV20-1	NA	09/0418	NA	4
CSAWETGYSRQYF	TRBV29-1	NA	09/0418	NA	3
CSGRFGTGGNIQYF	TRBV20-1	NA	09/0418	NA	3
CSTDTDTQYF	TRBV20-1	NA	09/0418	NA	2
CSTLVRFLAGDHNEQFF	TRBV29-1	NA	09/0418	NA	5
CSTNTDTQYF	TRBV29-1	NA	09/0418	NA	4
CSVEAGWGMNTEAFF	TRBV29-1	NA	09/0418	NA	2
CSVEGGAGTDTQYF	TRBV29-1	NA	09/0418	NA	2
CSVEIPPGTSGPQETQYF	TRBV29-1	NA	09/0418	NA	9
CSVEPRISAGASSYNEQFF	TRBV29-1	NA	09/0418	NA	3
CSVGGGWGMATEAFF	TRBV29-1	NA	09/0418	NA	8
CSVGPRRLAGGHPINEQFF	TRBV29-1	NA	09/0418	NA	3
CSVGPRSGGNSGNTIYF	TRBV29-1	NA	09/0418	NA	2
CSVIPRVASGRAGEETQYF	TRBV29-1	NA	09/0418	NA	4
CSVLFFVGGPGNEQFF	TRBV29-1	NA	09/0418	NA	7
CSVLGGTGVDEQYF	TRBV29-1	NA	09/0418	NA	3
CSVLPRVNTGTSGGNTQYF	TRBV29-1	NA	09/0418	NA	7
CSVLPSTGGGYGYTF	TRBV29-1	NA	09/0418	NA	5
CSVREFTYEQYF	TRBV29-1	NA	09/0418	NA	2
CSVSGENEQYF	TRBV29-1	NA	09/0418	NA	4
CSVSPGWAMKETQYF	TRBV29-1	NA	09/0418	NA	2
CSVSSGWAMNTEAFF	TRBV29-1	NA	09/0418	NA	2
CSVVAQLNTEAFF	TRBV29-1	NA	09/0418	NA	1
CSVVERPTGTPVAETQYF	TRBV29-1	NA	09/0418	NA	2
CSVVGRNIQGAVINNEQFF	TRBV29-1	NA	09/0418	NA	3
CSVVRRVTSGTTNQETQYF	TRBV29-1	NA	09/0418	NA	12
CSVVRTSATYEQYF	TRBV29-1	NA	09/0418	NA	1
CSVVVFISGPNNEQFF	TRBV29-1	NA	09/0418	NA	4
CSVYSQGLEAFF	TRBV29-1	NA	09/0418	NA	3
CAASGLWRGQDEQFF	TRBV24-1	NA	09/0418	NA	1
CACHRDSYNSPLHF	TRBV30	NA	09/0418	NA	1
CACLPMTSLSSYEQYF	TRBV27	NA	09/0418	NA	1
CACSLAWPFKSVANVLTF	TRBV7-2	NA	09/0418	NA	1
CACSVQGKASYGYSF	TRBV30	NA	09/0418	NA	1
CAFAYMNTEAFF	TRBV30	NA	09/0418	NA	1
CAGAETGEQYF	TRBV2	NA	09/0418	NA	1
CAGGGSYTEAFF	TRBV7-2	NA	09/0418	NA	1
CAGRLGPGQGAEETQYF	TRBV11-1	NA	09/0418	NA	1
CAGRYPSGPKRNTGELFF	TRBV19	NA	09/0418	NA	1
CAGSADRGRGPPVF	TRBV30	NA	09/0418	NA	1
CAGSEGTVISEQYF	TRBV5-4	NA	09/0418	NA	1
CAGSLRPNTQYF	TRBV12-3	NA	09/0418	NA	1
CAGSRSLQGQVYGQYF	TRBV7-8	NA	09/0418	NA	1
CAGSRTGSNEQFF	TRBV6-5	NA	09/0418	NA	1
CAGSVGIDRGSETQYF	TRBV5-1	NA	09/0418	NA	1
CAGSVGSGFVRESLYF	TRBV7-2	NA	09/0418	NA	1
CAGSVHDGEETQYF	TRBV30	NA	09/0418	NA	1
CAGSWGDTQYF	TRBV7-8	NA	09/0418	NA	1
CAGSYSPGPTYEQYF	TRBV6-5	NA	09/0418	NA	1
CAIARPGSYEQYF	TRBV10-3	NA	09/0418	NA	2
CAIGASPETQYF	TRBV10-3	NA	09/0418	NA	1
CAIKSGGITDTQYF	TRBV10-3	NA	09/0418	NA	1
CAINSGGTYNEQFF	TRBV10-3	NA	09/0418	NA	2
CAIRGGPGEAKNIQYF	TRBV10-3	NA	09/0418	NA	1
CAIRRTVTRGSGDF	TRBV10-3	NA	09/0418	NA	1
CAIRVQGSGQPQHF	TRBV6-6	NA	09/0418	NA	1
CAISAGKGYGYTF	TRBV10-3	NA	09/0418	NA	1
CAISDGRGNTGELFF	TRBV10-3	NA	09/0418	NA	1
CAISEAYEQYF	TRBV10-3	NA	09/0418	NA	1
CAISEPVSEQYF	TRBV10-3	NA	09/0418	NA	1
CAISESKGLAGGPYEQYF	TRBV10-3	NA	09/0418	NA	1
CAISESRGPEAFF	TRBV10-3	NA	09/0418	NA	1
CAISESTGGEKLFF	TRBV10-3	NA	09/0418	NA	1
CAISEVGLVDTQYF	TRBV10-3	NA	09/0418	NA	2
CAISEVPEAPQHF	TRBV10-3	NA	09/0418	NA	1
CAISFLATGPYEQYF	TRBV7-2	NA	09/0418	NA	1
CAISGGTSGYEQYF	TRBV10-3	NA	09/0418	NA	1
CAISGGTVAYEQYF	TRBV10-3	NA	09/0418	NA	1
CAISGTQETQYF	TRBV10-3	NA	09/0418	NA	2
CAISGTRGETQYF	TRBV10-3	NA	09/0418	NA	3
CAISGTSGGAADTQYF	TRBV10-3	NA	09/0418	NA	1
CAISLDTGIQSTDTQYF	TRBV11-2	NA	09/0418	NA	1
CAISPSNQPQHF	TRBV10-3	NA	09/0418	NA	1
CAISQSNQPQHF	TRBV10-3	NA	09/0418	NA	2
CAISRSSVGETQYF	TRBV10-3	NA	09/0418	NA	2
CAISVNRCHEQFF	TRBV9	NA	09/0418	NA	1
CAITPGRGHLSYEQYF	TRBV10-3	NA	09/0418	NA	1
CALDREGYEQYF	TRBV30	NA	09/0418	NA	1
CALRGGPGEAKNIQYF	TRBV10-3	NA	09/0418	NA	1
CARCRDASRTGVLKKQYF	TRBV5-4	NA	09/0418	NA	1
CARGPDRRAYEQYF	TRBV5-4	NA	09/0418	NA	1
CARGRTSREYEQYF	TRBV19	NA	09/0418	NA	1
CARNLAGGTEAFF	TRBV12-3	NA	09/0418	NA	1
CARPKGVSGNTIYF	TRBV21-1	NA	09/0418	NA	1
CARRRDPNEQFF	TRBV4-1	NA	09/0418	NA	1
CARRRSPRGDGANVLTF	TRBV27	NA	09/0418	NA	1
CARSCDRGNTGELFF	TRBV7-2	NA	09/0418	NA	1
CARSGGARGYGQFF	TRBV5-6	NA	09/0418	NA	1
CARSSKDRGKEQVF	TRBV5-1	NA	09/0418	NA	1
CARSVGTLYGYTF	TRBV25-1	NA	09/0418	NA	1
CASANSGRAGDEQFF	TRBV5-6	NA	09/0418	NA	1
CASCPSKGLHSYEQYF	TRBV27	NA	09/0418	NA	1
CASCRSGEGGDTF	TRBV5-1	NA	09/0418	NA	1
CASCSEAEDTKYF	TRBV7-2	NA	09/0418	NA	1
CASCTGVWTEAFF	TRBV10-2	NA	09/0418	NA	2
CASCWVGPGDANGQVF	TRBV5-1	NA	09/0418	NA	1
CASDRMNTGELFF	TRBV28	NA	09/0418	NA	1
CASEYHMGRPNTGELFF	TRBV6-2	NA	09/0418	NA	1
CASFSKTGANIKGWNTEAFF	TRBV19	NA	09/0418	NA	1
CASGDYEQYF	TRBV2	NA	09/0418	NA	5
CASGFIGRGYEQYF	TRBV12-3	NA	09/0418	NA	1
CASGGNRWGGGTFGAQFF	TRBV9	NA	09/0418	NA	1
CASGGPNEQYF	TRBV2	NA	09/0418	NA	2
CASGGQDSDTQYF	TRBV9	NA	09/0418	NA	1
CASGGSVTGELFF	TRBV27	NA	09/0418	NA	1
CASGGTVQETQYF	TRBV27	NA	09/0418	NA	1
CASGLAPESTGELFF	TRBV5-1	NA	09/0418	NA	1
CASGLERRGPGETQYF	TRBV7-2	NA	09/0418	NA	1
CASGLGVWELAFF	TRBV12-3	NA	09/0418	NA	1
CASGLQRGVPYNQPQHF	TRBV12-5	NA	09/0418	NA	1
CASGLVDRGRDHPQHF	TRBV12-5	NA	09/0418	NA	1
CASGLVDRGRDQPQHF	TRBV12-5	NA	09/0418	NA	2
CASGMLAKNIQYF	TRBV27	NA	09/0418	NA	1
CASGPGLAGRETQYF	TRBV12-5	NA	09/0418	NA	2
CASGPGTSDYEQYF	TRBV7-2	NA	09/0418	NA	1
CASGQEDRNYGYTF	TRBV4-1	NA	09/0418	NA	1
CASGRFGQGMTGELFF	TRBV7-2	NA	09/0418	NA	1
CASGRTAQSAEQYF	TRBV4-2	NA	09/0418	NA	1
CASGRTSGEYEQYF	TRBV19	NA	09/0418	NA	1
CASGSQRGGGGTQYF	TRBV7-2	NA	09/0418	NA	1
CASGVGTLYGYTF	TRBV25-1	NA	09/0418	NA	1
CASHSGQGFSHEQYF	TRBV2	NA	09/0418	NA	1
CASIALGGRYSGANVLTF	TRBV9	NA	09/0418	NA	1
CASIGGTGLKKQYF	TRBV28	NA	09/0418	NA	1
CASIKDGYNTEACF	TRBV27	NA	09/0418	NA	1
CASINPGQGATSSYEQYF	TRBV21-1	NA	09/0418	NA	1
CASISTGGTEAFF	TRBV12-3	NA	09/0418	NA	4
CASITTSGAGEQYF	TRBV28	NA	09/0418	NA	1
CASKLDPQSRDEQFF	TRBV28	NA	09/0418	NA	1
CASKPSSGANVLTF	TRBV10-2	NA	09/0418	NA	1
CASKRGSRYEQYF	TRBV28	NA	09/0418	NA	1
CASKTGGESQPQHF	TRBV7-8	NA	09/0418	NA	1
CASLIHTGVAQYF	TRBV12-3	NA	09/0418	NA	1
CASLKVRGTGELFF	TRBV6-1	NA	09/0418	NA	1
CASMEGNAYEQYF	TRBV25-1	NA	09/0418	NA	2
CASMETGADTQYF	TRBV5-1	NA	09/0418	NA	1
CASMGFGQSYNSPLHF	TRBV27	NA	09/0418	NA	1
CASMRQGNQPQHF	TRBV19	NA	09/0418	NA	1
CASMRQVIQPQHF	TRBV19	NA	09/0418	NA	1
CASNFYCGGGIQYF	TRBV27	NA	09/0418	NA	1
CASNRGAPDTGELFF	TRBV19	NA	09/0418	NA	1
CASNRGAPNTGELFF	TRBV19	NA	09/0418	NA	1
CASRAGTGDPNTGELFF	TRBV5-1	NA	09/0418	NA	1
CASRALGAYQETQDF	TRBV2	NA	09/0418	NA	1
CASRALGAYQETQYF	TRBV2	NA	09/0418	NA	1
CASRALSNGAILNTGELFF	TRBV2	NA	09/0418	NA	1
CASRDPSGTDTQYF	TRBV7-2	NA	09/0418	NA	1
CASRFEREESYNEQFF	TRBV2	NA	09/0418	NA	1
CASRFGQYPSGNTIYF	TRBV7-2	NA	09/0418	NA	1
CASRGDYHTGDLFF	TRBV19	NA	09/0418	NA	1
CASRGPHPNSPLHF	TRBV7-8	NA	09/0418	NA	4
CASRGQGGGTEAFF	TRBV5-1	NA	09/0418	NA	1
CASRGRYNEQFF	TRBV28	NA	09/0418	NA	1
CASRGVDRGLDQETQYF	TRBV27	NA	09/0418	NA	1
CASRHTRNTGELFF	TRBV11-2	NA	09/0418	NA	1
CASRITGELFF	TRBV5-1	NA	09/0418	NA	1
CASRKDYRTSTDTQYF	TRBV3-1	NA	09/0418	NA	1
CASRKGQGGTDTQYF	TRBV12-3	NA	09/0418	NA	1
CASRKLYKEQFF	TRBV27	NA	09/0418	NA	1
CASRLAYYYEQVF	TRBV12-4	NA	09/0418	NA	1
CASRLGQFNEQFF	TRBV6-5	NA	09/0418	NA	1
CASRLIAGANNEQFF	TRBV6-1	NA	09/0418	NA	2
CASRMNRRQGDTF	TRBV28	NA	09/0418	NA	1
CASRPLAGLFKETGELFF	TRBV7-8	NA	09/0418	NA	1
CASRPTGGQGSDEQYF	TRBV7-9	NA	09/0418	NA	1
CASRQGKYNQPQHF	TRBV6-6	NA	09/0418	NA	1
CASRQGQAWDGYTF	TRBV6-2	NA	09/0418	NA	1
CASRQRGGAYEQYF	TRBV5-1	NA	09/0418	NA	1
CASRRDFLRETQYF	TRBV6-1	NA	09/0418	NA	1
CASRRGRPERTGELFF	TRBV19	NA	09/0418	NA	3
CASRRQGNQPQHF	TRBV19	NA	09/0418	NA	1
CASRRSPRGDGANVLTF	TRBV27	NA	09/0418	NA	1
CASRSASYEQYF	TRBV27	NA	09/0418	NA	1
CASRSATGEGQPQHF	TRBV6-6	NA	09/0418	NA	1
CASRSKDRGNEQFF	TRBV5-1	NA	09/0418	NA	1
CASRSRGASEETQYF	TRBV19	NA	09/0418	NA	1
CASRSRVSYEQYF	TRBV2	NA	09/0418	NA	1
CASRTGARPYEQYF	TRBV12-3	NA	09/0418	NA	1
CASRTRDYNEQFF	TRBV6-6	NA	09/0418	NA	1
CASRVGQGKETQYF	TRBV9	NA	09/0418	NA	1
CASRYGVDTGELFF	TRBV5-1	NA	09/0418	NA	1
CASSAGGGLEQFF	TRBV7-7	NA	09/0418	NA	1
CASSAGTSAETQYF	TRBV6-4	NA	09/0418	NA	1
CASSAKDSGNVQFF	TRBV5-1	NA	09/0418	NA	1
CASSALGGRYSGANVLTF	TRBV9	NA	09/0418	NA	1
CASSAPREPGAYEQYF	TRBV25-1	NA	09/0418	NA	1
CASSAQGNTIYF	TRBV7-9	NA	09/0418	NA	1
CASSARAGGGNEQFF	TRBV5-1	NA	09/0418	NA	1
CASSARETGELFF	TRBV25-1	NA	09/0418	NA	1
CASSARGGASGNEQFF	TRBV19	NA	09/0418	NA	1
CASSARGVGGTGELFF	TRBV4-2	NA	09/0418	NA	1
CASSARPGRTYNEQFF	TRBV11-1	NA	09/0418	NA	1
CASSARQGRTYNDQFF	TRBV11-1	NA	09/0418	NA	1
CASSAVGGNQPQHF	TRBV2	NA	09/0418	NA	1
CASSCGQGSEQFF	TRBV5-1	NA	09/0418	NA	1
CASSCRDRGRNTIYF	TRBV2	NA	09/0418	NA	1
CASSDAGQGTTGELFF	TRBV24-1	NA	09/0418	NA	1
CASSDGARGSYEQYF	TRBV25-1	NA	09/0418	NA	1
CASSDGLGPYNEQFF	TRBV3-1	NA	09/0418	NA	1
CASSDNQETQYF	TRBV2	NA	09/0418	NA	1
CASSDTGTGLNEQNF	TRBV5-1	NA	09/0418	NA	1
CASSDTGTGLNEQYF	TRBV5-1	NA	09/0418	NA	3
CASSEAAANEKLFF	TRBV2	NA	09/0418	NA	2
CASSEAAGYEKLFF	TRBV2	NA	09/0418	NA	1
CASSEAFDIFEKLFF	TRBV6-1	NA	09/0418	NA	1
CASSEAGDNSHLHF	TRBV2	NA	09/0418	NA	1
CASSEAGDNSPLHF	TRBV2	NA	09/0418	NA	2
CASSEAGDNSPLNF	TRBV2	NA	09/0418	NA	1
CASSEAGQGLSNQPQHF	TRBV6-1	NA	09/0418	NA	1
CASSEDGRGNTIYF	TRBV2	NA	09/0418	NA	1
CASSEGETQYF	TRBV25-1	NA	09/0418	NA	2
CASSEGPGGAYGYTF	TRBV6-1	NA	09/0418	NA	1
CASSEGTEFYGYTF	TRBV6-1	NA	09/0418	NA	1
CASSEGTVISEQYF	TRBV5-4	NA	09/0418	NA	1
CASSEHTGMHQPQHF	TRBV6-1	NA	09/0418	NA	1
CASSEIGQGDNEQFF	TRBV2	NA	09/0418	NA	1
CASSELRGGEQYF	TRBV6-1	NA	09/0418	NA	1
CASSELSGGYNSPLHF	TRBV2	NA	09/0418	NA	1
CASSEPLGSVRGETQYF	TRBV10-2	NA	09/0418	NA	1
CASSEQGQYNEQFF	TRBV5-1	NA	09/0418	NA	1
CASSEQGYEQYF	TRBV2	NA	09/0418	NA	1
CASSERGSGYTF	TRBV2	NA	09/0418	NA	1
CASSERGTASNQPQHF	TRBV27	NA	09/0418	NA	1
CASSERRGPETQYF	TRBV2	NA	09/0418	NA	1
CASSESLWGGGTIGEQFF	TRBV9	NA	09/0418	NA	1
CASSESTGQWEQFF	TRBV10-2	NA	09/0418	NA	1
CASSETSGRGNEQFF	TRBV7-2	NA	09/0418	NA	1
CASSFFSGVYNEQFF	TRBV27	NA	09/0418	NA	1
CASSFGAGPSGDQPQHF	TRBV7-6	NA	09/0418	NA	1
CASSFGGATRGYTF	TRBV12-4	NA	09/0418	NA	1
CASSFGIGPRLETQYF	TRBV7-7	NA	09/0418	NA	2
CASSFGQGSEQFF	TRBV5-1	NA	09/0418	NA	2
CASSFGQSRADEKLFF	TRBV27	NA	09/0418	NA	1
CASSFNYGYTF	TRBV27	NA	09/0418	NA	1
CASSFPDTSANTGELFF	TRBV27	NA	09/0418	NA	1
CASSFPGDYGYTF	TRBV5-6	NA	09/0418	NA	1
CASSFPTGYHEQFF	TRBV28	NA	09/0418	NA	1
CASSFQAGGETQYF	TRBV5-1	NA	09/0418	NA	1
CASSFQRAGGSTDTQYF	TRBV10-2	NA	09/0418	NA	1
CASSFRGEAFF	TRBV27	NA	09/0418	NA	2
CASSFSGGGQYF	TRBV7-2	NA	09/0418	NA	1
CASSFSGRAPETQYF	TRBV12-4	NA	09/0418	NA	1
CASSFSPPGLAEAKHIQYF	TRBV27	NA	09/0418	NA	1
CASSFSPSTDTQYF	TRBV5-1	NA	09/0418	NA	1
CASSFTDTQYF	TRBV7-2	NA	09/0418	NA	1
CASSFTHTPLTF	TRBV5-4	NA	09/0418	NA	1
CASSFWTDPGTGGNIQYF	TRBV7-2	NA	09/0418	NA	1
CASSFYSGGGIQYF	TRBV27	NA	09/0418	NA	1
CASSGGQATRGEQYF	TRBV7-2	NA	09/0418	NA	3
CASSGGQGVSGANVLTF	TRBV19	NA	09/0418	NA	1
CASSGGQVVSGSNVLTF	TRBV19	NA	09/0418	NA	1
CASSGGSGREGYNEQFF	TRBV9	NA	09/0418	NA	1
CASSGQGPVYGYTF	TRBV5-1	NA	09/0418	NA	1
CASSGRSSTDTQYF	TRBV24-1	NA	09/0418	NA	1
CASSGRSSTETQYF	TRBV24-1	NA	09/0418	NA	1
CASSGTGLAGQTYEQYF	TRBV27	NA	09/0418	NA	1
CASSGTGSKNIQYF	TRBV4-2	NA	09/0418	NA	1
CASSGVDGETQYF	TRBV2	NA	09/0418	NA	1
CASSGVGSGNTIYF	TRBV9	NA	09/0418	NA	1
CASSHGQDGGYTF	TRBV3-1	NA	09/0418	NA	1
CASSHPADTQYF	TRBV4-1	NA	09/0418	NA	1
CASSHSSQGWDSGANVLTF	TRBV12-3	NA	09/0418	NA	1
CASSHTLSYEQYF	TRBV28	NA	09/0418	NA	1
CASSHWAGGLGTNEKLFF	TRBV28	NA	09/0418	NA	2
CASSIAAAVTGELFF	TRBV19	NA	09/0418	NA	1
CASSIDYQGREQFF	TRBV27	NA	09/0418	NA	2
CASSIEPGQGYQPQHF	TRBV6-1	NA	09/0418	NA	1
CASSIGAAQETQYF	TRBV5-1	NA	09/0418	NA	1
CASSIGDGANYGYTF	TRBV19	NA	09/0418	NA	1
CASSIGGPGLAGEENQYF	TRBV19	NA	09/0418	NA	1
CASSIGGPGLAGEETQYF	TRBV19	NA	09/0418	NA	1
CASSILPLGSNEQFF	TRBV5-1	NA	09/0418	NA	1
CASSINSPSGANVLTF	TRBV19	NA	09/0418	NA	1
CASSINTGVEQYF	TRBV12-3	NA	09/0418	NA	2
CASSIRTSGSPNTGELFF	TRBV27	NA	09/0418	NA	1
CASSISNLAASYNEQFF	TRBV19	NA	09/0418	NA	1
CASSIWQGAAGELFF	TRBV27	NA	09/0418	NA	1
CASSKGGQGGYNEQFF	TRBV21-1	NA	09/0418	NA	3
CASSKNDRGSYEQYF	TRBV11-2	NA	09/0418	NA	2
CASSKQPGGTEAFF	TRBV7-2	NA	09/0418	NA	2
CASSKRDGNYGYTF	TRBV6-6	NA	09/0418	NA	1
CASSKTGSGNTEAFF	TRBV27	NA	09/0418	NA	1
CASSLAAIGQSYEQYF	TRBV5-1	NA	09/0418	NA	2
CASSLAAVAGGQNIQYF	TRBV5-1	NA	09/0418	NA	3
CASSLADRSSGNTIYF	TRBV5-1	NA	09/0418	NA	1
CASSLAEGVPREQYF	TRBV5-1	NA	09/0418	NA	1
CASSLAFRGTSYEQYF	TRBV7-2	NA	09/0418	NA	2
CASSLAGFREDGYTF	TRBV7-8	NA	09/0418	NA	1
CASSLAGGAPDTEAFF	TRBV13	NA	09/0418	NA	2
CASSLAGGGLVALHF	TRBV6-6	NA	09/0418	NA	1
CASSLAGGKQFF	TRBV6-5	NA	09/0418	NA	1
CASSLAGVEKLFF	TRBV12-3	NA	09/0418	NA	1
CASSLAGVETQYF	TRBV2	NA	09/0418	NA	1
CASSLALAGTGELFF	TRBV7-9	NA	09/0418	NA	1
CASSLALVGEQFF	TRBV5-1	NA	09/0418	NA	1
CASSLANNSPLHF	TRBV3-1	NA	09/0418	NA	2
CASSLAPGYYGYTF	TRBV27	NA	09/0418	NA	1
CASSLARQGGLETQYF	TRBV5-5	NA	09/0418	NA	1
CASSLASGSYVPYF	TRBV7-6	NA	09/0418	NA	1
CASSLASISYTF	TRBV7-9	NA	09/0418	NA	1
CASSLASLGQFRPQHF	TRBV7-8	NA	09/0418	NA	1
CASSLASRGQFRPQHF	TRBV7-9	NA	09/0418	NA	1
CASSLATGFYRSPLHF	TRBV7-2	NA	09/0418	NA	1
CASSLAVRLAAPYNEQFF	TRBV5-6	NA	09/0418	NA	1
CASSLAVTETQYF	TRBV12-3	NA	09/0418	NA	1
CASSLAWRRYTF	TRBV7-9	NA	09/0418	NA	1
CASSLDAGGFYEQYF	TRBV5-1	NA	09/0418	NA	1
CASSLDEQRVSTDKQDF	TRBV7-2	NA	09/0418	NA	1
CASSLDGNTEAFF	TRBV6-2	NA	09/0418	NA	1
CASSLDHYPSGNTIYF	TRBV7-2	NA	09/0418	NA	1
CASSLDRATQFFTDTQYF	TRBV7-8	NA	09/0418	NA	1
CASSLDRDYEQSF	TRBV18	NA	09/0418	NA	1
CASSLDSGGPYGYTF	TRBV7-6	NA	09/0418	NA	1
CASSLDSLYGYTF	TRBV7-8	NA	09/0418	NA	1
CASSLDSVWGYTF	TRBV6-1	NA	09/0418	NA	1
CASSLDTGIQSTDTQYF	TRBV11-2	NA	09/0418	NA	2
CASSLEASGANVLTF	TRBV5-1	NA	09/0418	NA	3
CASSLEGAAKNIQYF	TRBV11-1	NA	09/0418	NA	1
CASSLEGGAQYF	TRBV6-1	NA	09/0418	NA	1
CASSLEGGMREQYF	TRBV5-1	NA	09/0418	NA	1
CASSLEGGPYGYTF	TRBV5-1	NA	09/0418	NA	1
CASSLEGRPYGYTF	TRBV5-1	NA	09/0418	NA	1
CASSLEPGGVTEAFF	TRBV7-8	NA	09/0418	NA	1
CASSLERRGFGEQFF	TRBV7-2	NA	09/0418	NA	1
CASSLERSGFVEETQFF	TRBV7-2	NA	09/0418	NA	1
CASSLERTDTQYF	TRBV11-2	NA	09/0418	NA	2
CASSLFDSNEQFF	TRBV7-2	NA	09/0418	NA	1
CASSLFGGAQPQHF	TRBV5-1	NA	09/0418	NA	1
CASSLGAGDNEQFF	TRBV7-7	NA	09/0418	NA	1
CASSLGDGGGAYNEQFF	TRBV5-1	NA	09/0418	NA	2
CASSLGDPRDKQYF	TRBV7-9	NA	09/0418	NA	1
CASSLGDPRDTQYF	TRBV7-9	NA	09/0418	NA	1
CASSLGDRGDIQYF	TRBV7-2	NA	09/0418	NA	1
CASSLGDRGDMQYF	TRBV7-2	NA	09/0418	NA	1
CASSLGEAKSNEQFF	TRBV7-9	NA	09/0418	NA	1
CASSLGESSGANVLTF	TRBV27	NA	09/0418	NA	1
CASSLGGGQYGYPF	TRBV6-1	NA	09/0418	NA	1
CASSLGHLTGELFF	TRBV6-5	NA	09/0418	NA	1
CASSLGIDSGSETQYF	TRBV5-1	NA	09/0418	NA	5
CASSLGLAGLNTGELFF	TRBV5-1	NA	09/0418	NA	1
CASSLGLAGVLSYEQYF	TRBV4-1	NA	09/0418	NA	1
CASSLGLALSNEQFF	TRBV5-6	NA	09/0418	NA	1
CASSLGLALSNEQLF	TRBV5-4	NA	09/0418	NA	1
CASSLGLGNTGELFF	TRBV7-2	NA	09/0418	NA	2
CASSLGLRGQRETQYF	TRBV7-7	NA	09/0418	NA	2
CASSLGLRGQRGTQYF	TRBV7-7	NA	09/0418	NA	1
CASSLGPGQGAAETQYF	TRBV11-1	NA	09/0418	NA	1
CASSLGPSGNTIYF	TRBV7-2	NA	09/0418	NA	4
CASSLGQAGTGDTIYF	TRBV7-2	NA	09/0418	NA	1
CASSLGQGTDTQYF	TRBV7-2	NA	09/0418	NA	1
CASSLGQSYEQYF	TRBV5-1	NA	09/0418	NA	1
CASSLGRGQYFPYEQYF	TRBV7-9	NA	09/0418	NA	1
CASSLGRPANSPLHF	TRBV11-2	NA	09/0418	NA	1
CASSLGSGFVQETQYF	TRBV7-2	NA	09/0418	NA	1
CASSLGSGGAGEQFF	TRBV5-1	NA	09/0418	NA	2
CASSLGTGRGQPQHF	TRBV12-4	NA	09/0418	NA	1
CASSLGTYSYNEQFF	TRBV4-1	NA	09/0418	NA	2
CASSLGVGGETQYF	TRBV7-2	NA	09/0418	NA	1
CASSLGVSLAKNIQYF	TRBV5-1	NA	09/0418	NA	1
CASSLGVWGETQYF	TRBV7-2	NA	09/0418	NA	1
CASSLGYEQYF	TRBV28	NA	09/0418	NA	1
CASSLKRGGRYNQPQHF	TRBV7-8	NA	09/0418	NA	1
CASSLLASGPYEQYF	TRBV7-2	NA	09/0418	NA	1
CASSLLGGDPDTQYF	TRBV5-1	NA	09/0418	NA	1
CASSLLGGMGTDTQYF	TRBV5-1	NA	09/0418	NA	1
CASSLLQGGYGYTF	TRBV5-8	NA	09/0418	NA	1
CASSLLSTGAYNEQFF	TRBV28	NA	09/0418	NA	2
CASSLLVTTNIQYF	TRBV12-3	NA	09/0418	NA	1
CASSLMKPPGAGELFF	TRBV27	NA	09/0418	NA	3
CASSLMVNLNTEAFF	TRBV12-3	NA	09/0418	NA	1
CASSLNHPNQPQHF	TRBV7-2	NA	09/0418	NA	1
CASSLNYGYTF	TRBV6-2	NA	09/0418	NA	1
CASSLPDRAGETQYF	TRBV11-2	NA	09/0418	NA	1
CASSLPDRAGGTQYF	TRBV11-2	NA	09/0418	NA	1
CASSLPGRTTYEQYF	TRBV5-6	NA	09/0418	NA	1
CASSLPPSPEFYSPLHF	TRBV27	NA	09/0418	NA	1
CASSLPQGNYGYTF	TRBV5-6	NA	09/0418	NA	1
CASSLQGGEDTQYF	TRBV27	NA	09/0418	NA	2
CASSLQGRIYGDTF	TRBV6-1	NA	09/0418	NA	1
CASSLQPDTQYF	TRBV5-1	NA	09/0418	NA	1
CASSLQQGKETQYF	TRBV9	NA	09/0418	NA	1
CASSLQQNTGELFF	TRBV5-1	NA	09/0418	NA	1
CASSLRAGSTGEKLFF	TRBV3-1	NA	09/0418	NA	1
CASSLRDGSLNTEAFF	TRBV5-1	NA	09/0418	NA	1
CASSLRDYETSSFNEQFF	TRBV3-1	NA	09/0418	NA	1
CASSLRGGDPDTQYF	TRBV5-1	NA	09/0418	NA	1
CASSLRGSGAAEKLFF	TRBV27	NA	09/0418	NA	1
CASSLRKPPGAGELFF	TRBV27	NA	09/0418	NA	1
CASSLRLAGSLSSYEQYF	TRBV7-8	NA	09/0418	NA	1
CASSLRLAGSTDTQYF	TRBV12-3	NA	09/0418	NA	1
CASSLRPNTQYF	TRBV12-3	NA	09/0418	NA	1
CASSLRQAGTEAFF	TRBV7-2	NA	09/0418	NA	3
CASSLRRLAGSVGGTDTQYF	TRBV7-8	NA	09/0418	NA	1
CASSLSGYNYGYTF	TRBV27	NA	09/0418	NA	1
CASSLSHVSSYEQYF	TRBV27	NA	09/0418	NA	2
CASSLSIGFEAFF	TRBV5-6	NA	09/0418	NA	1
CASSLSLAGTQETQYF	TRBV7-9	NA	09/0418	NA	1
CASSLSNTGELFF	TRBV25-1	NA	09/0418	NA	1
CASSLSPTSGSYNAQFF	TRBV27	NA	09/0418	NA	1
CASSLSPTSGSYNEQFF	TRBV27	NA	09/0418	NA	2
CASSLSRIQPQHF	TRBV7-8	NA	09/0418	NA	1
CASSLSSQSRSNYGYTF	TRBV12-4	NA	09/0418	NA	1
CASSLSYPTGVGGYEQYF	TRBV27	NA	09/0418	NA	1
CASSLTAIGQSFEQYF	TRBV5-1	NA	09/0418	NA	1
CASSLTGGNYGYTF	TRBV5-6	NA	09/0418	NA	1
CASSLTGPANSPLHF	TRBV7-8	NA	09/0418	NA	1
CASSLTPLYGYTF	TRBV5-1	NA	09/0418	NA	1
CASSLVGGPAGEQYF	TRBV7-2	NA	09/0418	NA	1
CASSLVGGSSYNEQFF	TRBV7-8	NA	09/0418	NA	3
CASSLVGTSGSPTYEQYF	TRBV11-2	NA	09/0418	NA	1
CASSLVPGVGYEQYF	TRBV7-2	NA	09/0418	NA	1
CASSLVPIRRGGGQETRYF	TRBV7-2	NA	09/0418	NA	1
CASSLVPIRSGGAQETQYF	TRBV7-2	NA	09/0418	NA	2
CASSLVPLRSGGAQETQYF	TRBV7-2	NA	09/0418	NA	2
CASSLVPLRSGGSQETQYF	TRBV7-2	NA	09/0418	NA	1
CASSLVQGAGQPQHF	TRBV4-1	NA	09/0418	NA	1
CASSLVQTQETQYF	TRBV5-6	NA	09/0418	NA	1
CASSLWAGGPNTGELFF	TRBV7-8	NA	09/0418	NA	1
CASSLWGAEQYF	TRBV7-2	NA	09/0418	NA	1
CASSLWRNEKLFF	TRBV27	NA	09/0418	NA	1
CASSLYAGMEQYF	TRBV5-5	NA	09/0418	NA	1
CASSMGDEQFF	TRBV7-9	NA	09/0418	NA	1
CASSMPRRGGGQPQHF	TRBV19	NA	09/0418	NA	1
CASSNQGFYEQYF	TRBV7-6	NA	09/0418	NA	2
CASSPAGAKNTEAFF	TRBV4-2	NA	09/0418	NA	2
CASSPDFRRVASTGELFF	TRBV27	NA	09/0418	NA	1
CASSPDRERYEQYF	TRBV18	NA	09/0418	NA	1
CASSPDRFVGYTF	TRBV3-1	NA	09/0418	NA	1
CASSPDRVDYGYTF	TRBV16	NA	09/0418	NA	1
CASSPDSGELFF	TRBV2	NA	09/0418	NA	1
CASSPDSGSDGQYF	TRBV7-6	NA	09/0418	NA	1
CASSPDSGTYGQYF	TRBV7-6	NA	09/0418	NA	1
CASSPDWATPLHF	TRBV11-2	NA	09/0418	NA	2
CASSPETSFGYPF	TRBV2	NA	09/0418	NA	1
CASSPETWTGGGTDTQYF	TRBV18	NA	09/0418	NA	1
CASSPGGFSGNTIYF	TRBV28	NA	09/0418	NA	1
CASSPGGNTEAFF	TRBV4-1	NA	09/0418	NA	1
CASSPGGSLMNTEAFF	TRBV7-2	NA	09/0418	NA	1
CASSPGGVAGTYEQYF	TRBV11-3	NA	09/0418	NA	1
CASSPGIQGSYEQFF	TRBV4-2	NA	09/0418	NA	1
CASSPGLAGGLPYEQYF	TRBV11-2	NA	09/0418	NA	1
CASSPGLAVSYEQYF	TRBV7-2	NA	09/0418	NA	1
CASSPGPGLAGYNEQFF	TRBV28	NA	09/0418	NA	1
CASSPGPSGAELVYEQYF	TRBV5-1	NA	09/0418	NA	1
CASSPGQQVFMLGYTF	TRBV18	NA	09/0418	NA	1
CASSPGTFLSYNEQFF	TRBV7-6	NA	09/0418	NA	1
CASSPGTGAHYGDTF	TRBV7-2	NA	09/0418	NA	1
CASSPGTSDYEQYF	TRBV7-2	NA	09/0418	NA	2
CASSPGTSFGYTF	TRBV2	NA	09/0418	NA	1
CASSPHSEGSREQYF	TRBV27	NA	09/0418	NA	1
CASSPKRGDRGVDTQYF	TRBV7-8	NA	09/0418	NA	1
CASSPLAEQETQYF	TRBV18	NA	09/0418	NA	1
CASSPLAGGPWDTQYF	TRBV27	NA	09/0418	NA	1
CASSPLGANTPYEQYF	TRBV9	NA	09/0418	NA	1
CASSPLGGGGYQETQYF	TRBV5-4	NA	09/0418	NA	1
CASSPLGTEYEQYF	TRBV27	NA	09/0418	NA	1
CASSPLMGLAGDTQYF	TRBV14	NA	09/0418	NA	1
CASSPLRGGQAGAYETQYF	TRBV7-2	NA	09/0418	NA	1
CASSPLRTGGTYEQYF	TRBV28	NA	09/0418	NA	1
CASSPMGPAPGFTATDTQYF	TRBV4-1	NA	09/0418	NA	2
CASSPMTGSISRGWNTEAFF	TRBV19	NA	09/0418	NA	1
CASSPNAGGYGYTF	TRBV7-2	NA	09/0418	NA	1
CASSPNGGPRTGELFF	TRBV5-1	NA	09/0418	NA	1
CASSPNRASNTEAFF	TRBV6-1	NA	09/0418	NA	1
CASSPPGLAENIQYF	TRBV5-7	NA	09/0418	NA	1
CASSPPSRSGLDKNIQYF	TRBV28	NA	09/0418	NA	1
CASSPPTTFTEPQYF	TRBV6-2	NA	09/0418	NA	1
CASSPPTTFTETQYF	TRBV6-2	NA	09/0418	NA	1
CASSPQGAGVNYEQYF	TRBV4-2	NA	09/0418	NA	1
CASSPQGDSYGYTF	TRBV5-1	NA	09/0418	NA	2
CASSPQRVAGTTDTQYF	TRBV18	NA	09/0418	NA	1
CASSPQSGSVGNTIYF	TRBV7-2	NA	09/0418	NA	2
CASSPQTGTTGELFF	TRBV12-3	NA	09/0418	NA	1
CASSPREGGVGFF	TRBV7-9	NA	09/0418	NA	1
CASSPREVAFF	TRBV12-3	NA	09/0418	NA	1
CASSPRGANGYTF	TRBV5-6	NA	09/0418	NA	1
CASSPRGQGSVGTDTQYF	TRBV18	NA	09/0418	NA	1
CASSPRLDTQYF	TRBV9	NA	09/0418	NA	1
CASSPRRGISELFF	TRBV7-9	NA	09/0418	NA	1
CASSPRTDTTNEKLFF	TRBV7-8	NA	09/0418	NA	1
CASSPRTVTYEQYF	TRBV14	NA	09/0418	NA	1
CASSPRVDQETQYF	TRBV5-1	NA	09/0418	NA	1
CASSPRWASRETQYF	TRBV12-4	NA	09/0418	NA	1
CASSPRWASTDTQYF	TRBV12-4	NA	09/0418	NA	1
CASSPSKGLHSYEQYF	TRBV27	NA	09/0418	NA	2
CASSPSSAGEEGELFF	TRBV5-4	NA	09/0418	NA	1
CASSPSSNEQYF	TRBV7-2	NA	09/0418	NA	1
CASSPSSSYNEQFF	TRBV7-7	NA	09/0418	NA	1
CASSPSTGSNNSPLHF	TRBV18	NA	09/0418	NA	1
CASSPTARLETQYF	TRBV28	NA	09/0418	NA	1
CASSPTWTGAYEQYF	TRBV7-2	NA	09/0418	NA	1
CASSPVGATSTDAQFF	TRBV5-1	NA	09/0418	NA	1
CASSPVGGDSYEQYF	TRBV5-1	NA	09/0418	NA	1
CASSPVIWGANEQYF	TRBV7-2	NA	09/0418	NA	2
CASSPVMWGAYEQYF	TRBV7-2	NA	09/0418	NA	1
CASSPVPPSSDVSYNEQFF	TRBV5-1	NA	09/0418	NA	1
CASSPVRGGSYNEQFF	TRBV7-6	NA	09/0418	NA	1
CASSPVRQNAYEQYF	TRBV18	NA	09/0418	NA	1
CASSQARGF	TRBV3-1	NA	09/0418	NA	1
CASSQASGSYGQYF	TRBV7-6	NA	09/0418	NA	1
CASSQDARGRGNEQFF	TRBV3-1	NA	09/0418	NA	1
CASSQDFDRQYF	TRBV3-1	NA	09/0418	NA	1
CASSQDHGNSPLHF	TRBV3-1	NA	09/0418	NA	1
CASSQDKGQGAYEQYF	TRBV4-1	NA	09/0418	NA	1
CASSQDLGQGVSYGYTF	TRBV3-1	NA	09/0418	NA	1
CASSQDMRSADAFF	TRBV3-1	NA	09/0418	NA	1
CASSQDPPRGQITDTQYF	TRBV4-2	NA	09/0418	NA	1
CASSQDRVSGNTIYF	TRBV4-1	NA	09/0418	NA	1
CASSQEGDSISFGYTF	TRBV4-1	NA	09/0418	NA	1
CASSQEPSTNDFYGYTF	TRBV4-1	NA	09/0418	NA	1
CASSQFASSDEQYF	TRBV3-1	NA	09/0418	NA	1
CASSQFASSYEQYF	TRBV3-1	NA	09/0418	NA	1
CASSQFLGDTQYF	TRBV3-1	NA	09/0418	NA	1
CASSQFLGGEQFF	TRBV3-1	NA	09/0418	NA	3
CASSQFTGPYEQYF	TRBV3-1	NA	09/0418	NA	1
CASSQGGASSPLHF	TRBV7-8	NA	09/0418	NA	1
CASSQGGQGHYGYTF	TRBV4-1	NA	09/0418	NA	1
CASSQGLNQPQHF	TRBV3-1	NA	09/0418	NA	3
CASSQGPGARQPQHF	TRBV3-1	NA	09/0418	NA	1
CASSQGQGADTQYF	TRBV4-2	NA	09/0418	NA	5
CASSQGQRPRDEKYF	TRBV4-3	NA	09/0418	NA	1
CASSQGRVAYEQYF	TRBV3-1	NA	09/0418	NA	1
CASSQGVVAKNIQYF	TRBV7-2	NA	09/0418	NA	2
CASSQHNSGTSHSTDTQYF	TRBV5-1	NA	09/0418	NA	1
CASSQILAGMKIETQYF	TRBV5-1	NA	09/0418	NA	1
CASSQQGGMNQPQHF	TRBV4-2	NA	09/0418	NA	1
CASSQRRASYNEQFF	TRBV3-1	NA	09/0418	NA	1
CASSQSLSTGTQYF	TRBV14	NA	09/0418	NA	1
CASSQSQGADGYTF	TRBV4-2	NA	09/0418	NA	1
CASSQSRGETQYF	TRBV6-5	NA	09/0418	NA	1
CASSQSRSETQYF	TRBV6-5	NA	09/0418	NA	1
CASSQTDREGTEAFF	TRBV4-1	NA	09/0418	NA	1
CASSQVDRANYGYTF	TRBV4-1	NA	09/0418	NA	1
CASSQVGGALLPDTQYF	TRBV4-1	NA	09/0418	NA	1
CASSQVGGNNQPQQF	TRBV16	NA	09/0418	NA	1
CASSQVGLSRYRGSPLHF	TRBV3-1	NA	09/0418	NA	1
CASSQVGRSRYRGSPLHF	TRBV3-1	NA	09/0418	NA	1
CASSQVMAVHNEQFF	TRBV4-1	NA	09/0418	NA	2
CASSQVRDILFPEAFF	TRBV4-1	NA	09/0418	NA	1
CASSRAGGSYNEQFF	TRBV6-5	NA	09/0418	NA	1
CASSRAGGSYNGQFF	TRBV6-5	NA	09/0418	NA	1
CASSRAVNEQFF	TRBV5-1	NA	09/0418	NA	2
CASSRDPNEQFF	TRBV4-1	NA	09/0418	NA	1
CASSRFGQGITGELFF	TRBV7-2	NA	09/0418	NA	2
CASSRGGEETQYF	TRBV7-2	NA	09/0418	NA	3
CASSRGGEETRGEQYF	TRBV7-2	NA	09/0418	NA	1
CASSRGGQYYEQYF	TRBV12-4	NA	09/0418	NA	1
CASSRGLAGELYEQYF	TRBV10-2	NA	09/0418	NA	1
CASSRGTSGREAYEQYF	TRBV3-1	NA	09/0418	NA	1
CASSRIASYGYTF	TRBV6-1	NA	09/0418	NA	1
CASSRLGEGITGELFF	TRBV7-2	NA	09/0418	NA	1
CASSRLIAGYNEQFF	TRBV3-1	NA	09/0418	NA	1
CASSRPGVGETQYF	TRBV7-9	NA	09/0418	NA	1
CASSRQDNYEQYF	TRBV5-1	NA	09/0418	NA	1
CASSRQEENQYF	TRBV5-1	NA	09/0418	NA	1
CASSRQEETQYF	TRBV5-1	NA	09/0418	NA	1
CASSRQGGDTEAFF	TRBV6-6	NA	09/0418	NA	1
CASSRQRGMDYGYTF	TRBV14	NA	09/0418	NA	1
CASSRSGEGGDTF	TRBV5-1	NA	09/0418	NA	1
CASSRSSVGETQYF	TRBV10-3	NA	09/0418	NA	1
CASSRTGTGARWEPLHF	TRBV6-5	NA	09/0418	NA	1
CASSRVDRVRGNTEAFF	TRBV5-6	NA	09/0418	NA	1
CASSRWEAGANVLTF	TRBV12-3	NA	09/0418	NA	1
CASSSAVETQYF	TRBV7-6	NA	09/0418	NA	1
CASSSDPSSYNEQFF	TRBV5-1	NA	09/0418	NA	1
CASSSEAEDTQYF	TRBV7-2	NA	09/0418	NA	1
CASSSEGGGTYEQFF	TRBV5-1	NA	09/0418	NA	1
CASSSGFTYNEQFF	TRBV7-6	NA	09/0418	NA	1
CASSSGGFVSDTEAFF	TRBV7-9	NA	09/0418	NA	1
CASSSGLLGCQCF	TRBV7-2	NA	09/0418	NA	1
CASSSGPGGNEQFF	TRBV12-4	NA	09/0418	NA	3
CASSSGQGWNTEAFF	TRBV11-3	NA	09/0418	NA	1
CASSSGQRTMNTEAFF	TRBV4-1	NA	09/0418	NA	1
CASSSGREETQYF	TRBV7-7	NA	09/0418	NA	1
CASSSKDRGNEQFF	TRBV5-1	NA	09/0418	NA	2
CASSSLLTSGRVTDTQYF	TRBV5-6	NA	09/0418	NA	1
CASSSMRSSTGELFF	TRBV5-4	NA	09/0418	NA	1
CASSSNHNSPLHF	TRBV4-1	NA	09/0418	NA	1
CASSSPDRGLETQYF	TRBV11-2	NA	09/0418	NA	1
CASSSPGAGAPSYEQYF	TRBV11-2	NA	09/0418	NA	1
CASSSPGLEETQYF	TRBV5-1	NA	09/0418	NA	2
CASSSQGGGQPQHF	TRBV7-2	NA	09/0418	NA	1
CASSSQGGTDTQYF	TRBV27	NA	09/0418	NA	2
CASSSQGGVQPQHF	TRBV7-2	NA	09/0418	NA	1
CASSSQQAGNTGELFF	TRBV5-1	NA	09/0418	NA	4
CASSSRDKGAGVEAQYF	TRBV7-8	NA	09/0418	NA	1
CASSSRDRGTDTQYF	TRBV5-1	NA	09/0418	NA	1
CASSSRGRDSASTDTQYF	TRBV5-1	NA	09/0418	NA	1
CASSSRGTGELFF	TRBV18	NA	09/0418	NA	2
CASSSRGVGGTGELFF	TRBV4-2	NA	09/0418	NA	1
CASSSRYKEAWVETQYF	TRBV7-8	NA	09/0418	NA	3
CASSSSNRETDTQYF	TRBV6-5	NA	09/0418	NA	1
CASSSSRDYEQYF	TRBV27	NA	09/0418	NA	1
CASSSSRKGIYSEQFF	TRBV5-1	NA	09/0418	NA	1
CASSSSRTGIYNEQFF	TRBV5-1	NA	09/0418	NA	1
CASSSTPGGVLYGYTF	TRBV27	NA	09/0418	NA	3
CASSSWTSDKNIQYF	TRBV5-1	NA	09/0418	NA	1
CASSSWTSGSGTGELFF	TRBV27	NA	09/0418	NA	2
CASSSWWGTGADTQYF	TRBV9	NA	09/0418	NA	1
CASSTASGSYGKYF	TRBV7-6	NA	09/0418	NA	1
CASSTDAFGTGVLKTQYF	TRBV5-4	NA	09/0418	NA	2
CASSTDALGTGVLKTQYF	TRBV5-4	NA	09/0418	NA	1
CASSTGGQPQHF	TRBV27	NA	09/0418	NA	1
CASSTGLAGGLGANVLTF	TRBV7-8	NA	09/0418	NA	1
CASSTGPGGTQYF	TRBV5-1	NA	09/0418	NA	2
CASSTGVRGTDTQYF	TRBV19	NA	09/0418	NA	2
CASSTPMATGQGASVTEAFF	TRBV4-1	NA	09/0418	NA	1
CASSTQGAEQYF	TRBV27	NA	09/0418	NA	1
CASSTRLAGTLSYNEQFF	TRBV7-8	NA	09/0418	NA	2
CASSTRTGENYNEQFF	TRBV9	NA	09/0418	NA	1
CASSTTGYSGNTIDF	TRBV28	NA	09/0418	NA	1
CASSVADGLQETQYF	TRBV12-3	NA	09/0418	NA	1
CASSVAPGGDYGYTF	TRBV5-4	NA	09/0418	NA	1
CASSVCGRESAGNQPQHF	TRBV10-1	NA	09/0418	NA	1
CASSVDAGKNEQFF	TRBV9	NA	09/0418	NA	1
CASSVDEQRVSTDTQYF	TRBV7-2	NA	09/0418	NA	1
CASSVDLSGGVRNEQFF	TRBV9	NA	09/0418	NA	1
CASSVDSGGPYGYTF	TRBV7-6	NA	09/0418	NA	1
CASSVGDRGYEQYF	TRBV5-6	NA	09/0418	NA	2
CASSVGGAKAGELFF	TRBV27	NA	09/0418	NA	1
CASSVGGQRYEQYF	TRBV12-4	NA	09/0418	NA	1
CASSVGHVVEAFF	TRBV25-1	NA	09/0418	NA	1
CASSVGLGNTGELFF	TRBV7-2	NA	09/0418	NA	1
CASSVGQGKETQYF	TRBV9	NA	09/0418	NA	3
CASSVGSLSGELFF	TRBV25-1	NA	09/0418	NA	2
CASSVGTSQETQYF	TRBV9	NA	09/0418	NA	1
CASSVGTSTDTQYF	TRBV10-2	NA	09/0418	NA	1
CASSVGVGGAIETQYF	TRBV9	NA	09/0418	NA	1
CASSVLGGVYNAQFF	TRBV9	NA	09/0418	NA	1
CASSVLGGVYNEQFF	TRBV9	NA	09/0418	NA	1
CASSVPRGLAVNTGELFF	TRBV13	NA	09/0418	NA	1
CASSVQGAAGYTF	TRBV19	NA	09/0418	NA	1
CASSVQSGDTEAFF	TRBV9	NA	09/0418	NA	2
CASSVRPNTQYF	TRBV12-3	NA	09/0418	NA	1
CASSVRRAGTVVFF	TRBV7-2	NA	09/0418	NA	1
CASSVSAGLGYEQFF	TRBV9	NA	09/0418	NA	1
CASSVSASLGYEQFF	TRBV9	NA	09/0418	NA	1
CASSVSGTEETQYF	TRBV19	NA	09/0418	NA	1
CASSVTGQGLGGKGKCF	TRBV9	NA	09/0418	NA	1
CASSVTGRVSESLHF	TRBV6-1	NA	09/0418	NA	1
CASSVTSGGKEFF	TRBV27	NA	09/0418	NA	1
CASSVVGSGNTIYF	TRBV9	NA	09/0418	NA	1
CASSVVGTSGSPTYEQYF	TRBV11-2	NA	09/0418	NA	1
CASSVYTRETQYF	TRBV7-2	NA	09/0418	NA	1
CASSVYTWETQYF	TRBV7-2	NA	09/0418	NA	1
CASSWGDTQYF	TRBV7-8	NA	09/0418	NA	2
CASSWGEKLFF	TRBV6-6	NA	09/0418	NA	1
CASSWGGDQPQHF	TRBV27	NA	09/0418	NA	1
CASSWGGNLYEQYF	TRBV28	NA	09/0418	NA	1
CASSWGIQGFSTDTQYF	TRBV27	NA	09/0418	NA	1
CASSWGLYNEQFF	TRBV11-3	NA	09/0418	NA	1
CASSWQGEETQYF	TRBV10-3	NA	09/0418	NA	1
CASSWSSGASSYNEQFF	TRBV19	NA	09/0418	NA	1
CASSWTSGGGGEQFF	TRBV5-1	NA	09/0418	NA	1
CASSYDCGRVYNDNQPQHF	TRBV6-5	NA	09/0418	NA	1
CASSYDRNYGYTF	TRBV6-5	NA	09/0418	NA	1
CASSYGRDEQYF	TRBV18	NA	09/0418	NA	1
CASSYGRLNTEAFF	TRBV6-2	NA	09/0418	NA	2
CASSYGTGQETQYF	TRBV7-2	NA	09/0418	NA	1
CASSYGTGSSEAFF	TRBV6-5	NA	09/0418	NA	2
CASSYHPVAKNIQYF	TRBV6-5	NA	09/0418	NA	1
CASSYKRESEQFF	TRBV27	NA	09/0418	NA	1
CASSYLGFTDTQYF	TRBV9	NA	09/0418	NA	1
CASSYPSGPKRNTGELFF	TRBV19	NA	09/0418	NA	2
CASSYREQYF	TRBV6-5	NA	09/0418	NA	2
CASSYTPTGEQYF	TRBV9	NA	09/0418	NA	1
CASSYWGQATDTQYF	TRBV6-2	NA	09/0418	NA	1
CASTDRDRGNTEAFF	TRBV19	NA	09/0418	NA	1
CASTDSLTSGGPLKSYNEQFF	TRBV9	NA	09/0418	NA	1
CASTDTGLAGEPSYEQYF	TRBV2	NA	09/0418	NA	1
CASTDTQYF	TRBV25-1	NA	09/0418	NA	1
CASTEQGSSYEQYF	TRBV25-1	NA	09/0418	NA	1
CASTKDGSSYNEQFF	TRBV2	NA	09/0418	NA	1
CASTKGGGYQETNYF	TRBV28	NA	09/0418	NA	1
CASTQGGGYQETQYF	TRBV28	NA	09/0418	NA	1
CASTQTTNTGELFF	TRBV10-2	NA	09/0418	NA	1
CASTRGLNTEAFF	TRBV30	NA	09/0418	NA	1
CASTSVGRVYNQPQHF	TRBV7-2	NA	09/0418	NA	2
CASTVGVSYEQYF	TRBV6-5	NA	09/0418	NA	2
CASWGTGELFF	TRBV19	NA	09/0418	NA	1
CATCPRGGNVLTF	TRBV24-1	NA	09/0418	NA	1
CATHIAGGYTDTQYF	TRBV3-1	NA	09/0418	NA	1
CATIRDRSGTDTQYF	TRBV15	NA	09/0418	NA	1
CATKDPDSYNEQFF	TRBV6-1	NA	09/0418	NA	1
CATMAAGLHIAKNIQYF	TRBV11-2	NA	09/0418	NA	1
CATPQGGNEQYF	TRBV24-1	NA	09/0418	NA	1
CATRGSSNYGYTF	TRBV15	NA	09/0418	NA	2
CATRVIEGRDYNEQFF	TRBV27	NA	09/0418	NA	1
CATSAGVGAQETQYF	TRBV24-1	NA	09/0418	NA	1
CATSDLGPSSGGANEQFF	TRBV24-1	NA	09/0418	NA	1
CATSRDKGYGNQPQHF	TRBV15	NA	09/0418	NA	1
CATSRDLPGGGGPGVEQYF	TRBV15	NA	09/0418	NA	1
CATSRDLRGRGAYNELFF	TRBV15	NA	09/0418	NA	1
CATSRDLRGTGTYNEQFF	TRBV15	NA	09/0418	NA	2
CATSRDRAYAGELFF	TRBV15	NA	09/0418	NA	1
CATSRDRPGGGGPGVEQYF	TRBV15	NA	09/0418	NA	1
CATSRDRRDGELFF	TRBV15	NA	09/0418	NA	2
CATSRDRSGTDTQYF	TRBV15	NA	09/0418	NA	2
CATSRDRSGTGTYNEQYF	TRBV15	NA	09/0418	NA	1
CATSRDRTQPQHF	TRBV15	NA	09/0418	NA	1
CATSRDRVDEKLFF	TRBV15	NA	09/0418	NA	1
CATSRERSGTDTQYF	TRBV15	NA	09/0418	NA	1
CATSRIQASNSPLHF	TRBV15	NA	09/0418	NA	1
CATSRIQASNSPLLF	TRBV15	NA	09/0418	NA	1
CATSRRTGVDEKLFF	TRBV15	NA	09/0418	NA	1
CATSRTLGRGTGTYNELFF	TRBV15	NA	09/0418	NA	1
CATSRTLGRHTGALFF	TRBV15	NA	09/0418	NA	1
CATSRTLGRHTGELFF	TRBV15	NA	09/0418	NA	2
CATSRTTGRYTGELFF	TRBV15	NA	09/0418	NA	1
CATSSGLAGEETQYF	TRBV15	NA	09/0418	NA	1
CATSTTQGVHTGELFF	TRBV15	NA	09/0418	NA	2
CATTPLGSKFTNTGELFF	TRBV7-8	NA	09/0418	NA	3
CAWAGLNLNEQFF	TRBV30	NA	09/0418	NA	1
CAWGDSNQPQHF	TRBV30	NA	09/0418	NA	1
CAWGRGPPNQPQHF	TRBV30	NA	09/0418	NA	1
CAWGSGGAGNQDQHF	TRBV30	NA	09/0418	NA	1
CAWKGTANSPLHF	TRBV30	NA	09/0418	NA	2
CAWKRAGQFF	TRBV30	NA	09/0418	NA	2
CAWNERGGDETQYF	TRBV30	NA	09/0418	NA	1
CAWNPSDRSTEAFF	TRBV30	NA	09/0418	NA	4
CAWNRPDSSYEQYF	TRBV30	NA	09/0418	NA	1
CAWRGPPWLDTEAFF	TRBV30	NA	09/0418	NA	3
CAWRGSRLAMGDIQYF	TRBV30	NA	09/0418	NA	5
CAWRRADKGYEQYF	TRBV30	NA	09/0418	NA	1
CAWRRPYSSNEQYF	TRBV30	NA	09/0418	NA	1
CAWRSRGGDETQYF	TRBV30	NA	09/0418	NA	1
CAWSADRGRGPPVF	TRBV30	NA	09/0418	NA	2
CAWSARGGDETQYF	TRBV30	NA	09/0418	NA	1
CAWSDHSNQPQHF	TRBV30	NA	09/0418	NA	2
CAWSIGHPNTEAFF	TRBV30	NA	09/0418	NA	2
CAWSKDRGGTEAFF	TRBV30	NA	09/0418	NA	1
CAWSKDRGRTEAFF	TRBV30	NA	09/0418	NA	2
CAWSLDRGNYGYTF	TRBV30	NA	09/0418	NA	1
CAWSPDRGLRGYTF	TRBV30	NA	09/0418	NA	1
CAWSPDRGRYTIYF	TRBV30	NA	09/0418	NA	1
CAWSPSGRATDDYPF	TRBV30	NA	09/0418	NA	1
CAWSQTAGTGTNNEQFF	TRBV30	NA	09/0418	NA	2
CAWSRDRGGNEQYF	TRBV30	NA	09/0418	NA	1
CAWSRDRGRNEQYF	TRBV30	NA	09/0418	NA	1
CAWSRDSRVAGYTF	TRBV30	NA	09/0418	NA	1
CAWSRGTAQNYGYTF	TRBV30	NA	09/0418	NA	1
CAWSSRGGDETQYF	TRBV30	NA	09/0418	NA	1
CAWSTGPANQPQHF	TRBV30	NA	09/0418	NA	1
CAWSVGGTLFGNTIYF	TRBV30	NA	09/0418	NA	1
CAWSVHDSEETQYF	TRBV30	NA	09/0418	NA	1
CAWSVRGQCNEKLFF	TRBV30	NA	09/0418	NA	1
CAWSVSTSGRRNTQYF	TRBV30	NA	09/0418	NA	1
CAWTWGGAGSGDTQYF	TRBV30	NA	09/0418	NA	1
CCSSLGLGLSNEQFF	TRBV5-4	NA	09/0418	NA	1
CCTLVRFLAGDHNAQFF	TRBV29-1	NA	09/0418	NA	1
CDISEPQETQYF	TRBV10-3	NA	09/0418	NA	1
CDSGRSHGGEGYEQYF	TRBV7-8	NA	09/0418	NA	1
CDSSLGAIGQSDEQYF	TRBV5-1	NA	09/0418	NA	1
CGAERNGVGPEAFF	TRBV20-1	NA	09/0418	NA	1
CGAGSTPVRPTSGARTDTQYF	TRBV20-1	NA	09/0418	NA	1
CGASAPGLAGMHEQYF	TRBV20-1	NA	09/0418	NA	1
CGEEGTGGANEQYF	TRBV29-1	NA	09/0418	NA	1
CGRSILSRLAVDNEQFF	TRBV7-9	NA	09/0418	NA	1
CGSSLGRPANSPLHF	TRBV11-2	NA	09/0418	NA	1
CGSSVGGGGETQYF	TRBV7-2	NA	09/0418	NA	1
CGSSVGPGQGAEETQYF	TRBV11-1	NA	09/0418	NA	1
CGSSWIGGYGYTF	TRBV5-1	NA	09/0418	NA	1
CGTAGEENQFF	TRBV20-1	NA	09/0418	NA	1
CGTSRRLGGHNDELFF	TRBV15	NA	09/0418	NA	1
CGWKRPGSSYGQYF	TRBV30	NA	09/0418	NA	1
CIASGANVLTF	TRBV20-1	NA	09/0418	NA	1
CIAWETGYARPYF	TRBV29-1	NA	09/0418	NA	1
CIVRDGWGMNTEAFF	TRBV29-1	NA	09/0418	NA	1
CPSSHQGSNYSYTF	TRBV27	NA	09/0418	NA	1
CRAAHHNEQFF	TRBV20-1	NA	09/0418	NA	1
CRAGGTPGRGTYNEQFF	TRBV20-1	NA	09/0418	NA	1
CRAHRDRGVVNTEAFF	TRBV20-1	NA	09/0418	NA	1
CRALAPGALSTDTQYF	TRBV20-1	NA	09/0418	NA	1
CRARAPWWGGYNEQFF	TRBV20-1	NA	09/0418	NA	1
CRARARRASPSTDTHYF	TRBV20-1	NA	09/0418	NA	1
CRASSPGLAGYQETQYF	TRBV20-1	NA	09/0418	NA	1
CRAWEGQDEQFF	TRBV20-1	NA	09/0418	NA	1
CRAYRGINSPLHF	TRBV20-1	NA	09/0418	NA	1
CRCRETPGTGETGELFF	TRBV20-1	NA	09/0418	NA	1
CRGQRRGGETQYF	TRBV20-1	NA	09/0418	NA	1
CRPGGAGKETQYF	TRBV20-1	NA	09/0418	NA	1
CRVEVPPGTGGPQETQYF	TRBV29-1	NA	09/0418	NA	1
CRVFLDTLYF	TRBV29-1	NA	09/0418	NA	1
CSAAGGPDSYNEQFF	TRBV20-1	NA	09/0418	NA	2
CSAAGHGNTIYF	TRBV20-1	NA	09/0418	NA	1
CSAALGAEGASEQYF	TRBV20-1	NA	09/0418	NA	1
CSAASGTRRSSDTQYF	TRBV20-1	NA	09/0418	NA	1
CSADMKRGRYNEQFF	TRBV20-1	NA	09/0418	NA	2
CSAEGTVEAFF	TRBV20-1	NA	09/0418	NA	2
CSAFGTGEWDYGYTF	TRBV20-1	NA	09/0418	NA	1
CSAGARAGASSYNEQFF	TRBV29-1	NA	09/0418	NA	1
CSAGDRGTYEQYF	TRBV20-1	NA	09/0418	NA	1
CSAGDRVGGSAYNEQCF	TRBV29-1	NA	09/0418	NA	1
CSAGDRVGGSAYNEQFF	TRBV29-1	NA	09/0418	NA	1
CSAGDRVGGSSYDEQFF	TRBV29-1	NA	09/0418	NA	1
CSAGDRVGGSSYKEQFF	TRBV29-1	NA	09/0418	NA	1
CSAGDRVGGSSYNEQCF	TRBV29-1	NA	09/0418	NA	1
CSAGDRVGGSYYNEQFF	TRBV29-1	NA	09/0418	NA	1
CSAGGRGGTDTQYF	TRBV20-1	NA	09/0418	NA	1
CSAGGTPAGGTYNEQYF	TRBV20-1	NA	09/0418	NA	1
CSAGGTPGGGTYNEQFF	TRBV20-1	NA	09/0418	NA	1
CSAGGTPGRGKYNEQFF	TRBV20-1	NA	09/0418	NA	1
CSAGGTPGRGLAGDNYYNEQFF	TRBV20-1	NA	09/0418	NA	1
CSAGGTSGRGTSSSYNEQFF	TRBV20-1	NA	09/0418	NA	1
CSAGHQSGRSGSYNEQFF	TRBV20-1	NA	09/0418	NA	1
CSAGMRQGEETQYF	TRBV20-1	NA	09/0418	NA	1
CSAGPGQGVGPYEQYF	TRBV20-1	NA	09/0418	NA	2
CSAGPLAGGPFSETQYF	TRBV20-1	NA	09/0418	NA	1
CSAGQDSSKPQHF	TRBV20-1	NA	09/0418	NA	1
CSAGRDTQYF	TRBV20-1	NA	09/0418	NA	1
CSAGRGAYEQYF	TRBV20-1	NA	09/0418	NA	1
CSAGRLAEQYF	TRBV20-1	NA	09/0418	NA	1
CSAGSGTGSNEQYF	TRBV20-1	NA	09/0418	NA	2
CSAGVKTGQRTHGELFF	TRBV20-1	NA	09/0418	NA	1
CSAHRDRGLVNTEAFF	TRBV20-1	NA	09/0418	NA	2
CSAHRDRGLVSTEAFF	TRBV20-1	NA	09/0418	NA	1
CSAHRGGTYNAQFF	TRBV20-1	NA	09/0418	NA	1
CSAIDPSGRAWNEQFF	TRBV20-1	NA	09/0418	NA	1
CSAILGEKDDEQYF	TRBV20-1	NA	09/0418	NA	1
CSAIPGRSSYEQYF	TRBV20-1	NA	09/0418	NA	1
CSAIPPDRDSHQAFF	TRBV20-1	NA	09/0418	NA	1
CSAKSGGGETQYF	TRBV20-1	NA	09/0418	NA	1
CSAKTSGGVYEQYF	TRBV20-1	NA	09/0418	NA	2
CSAKTSGGVYVQYF	TRBV20-1	NA	09/0418	NA	2
CSALAGGPPDKQYF	TRBV20-1	NA	09/0418	NA	1
CSALAGGPPDTQYF	TRBV20-1	NA	09/0418	NA	1
CSALGDYSGGEQFF	TRBV20-1	NA	09/0418	NA	1
CSALGPGDRYTDTKYF	TRBV20-1	NA	09/0418	NA	1
CSALPPGLASTDTQYF	TRBV20-1	NA	09/0418	NA	13
CSALQLAGGYDEQFF	TRBV29-1	NA	09/0418	NA	1
CSALRGAGSNTGELFF	TRBV29-1	NA	09/0418	NA	1
CSALRGMSYNEQFF	TRBV20-1	NA	09/0418	NA	1
CSALSGTYTGELFF	TRBV20-1	NA	09/0418	NA	1
CSALSPGLVGGPATQYF	TRBV20-1	NA	09/0418	NA	1
CSALSRASEQYF	TRBV20-1	NA	09/0418	NA	1
CSALTAHSGNTIYF	TRBV20-1	NA	09/0418	NA	1
CSAMAGTPTGELFF	TRBV29-1	NA	09/0418	NA	1
CSANEFQGIGELFF	TRBV20-1	NA	09/0418	NA	1
CSANNCPREGKGSQDF	TRBV20-1	NA	09/0418	NA	1
CSANNGPSGRTGKEVF	TRBV20-1	NA	09/0418	NA	1
CSANPGMWKRRGYF	TRBV20-1	NA	09/0418	NA	2
CSANRGGRDEQFF	TRBV20-1	NA	09/0418	NA	13
CSAPGASGTSYEQYF	TRBV20-1	NA	09/0418	NA	1
CSAPIDGRGYTF	TRBV20-1	NA	09/0418	NA	1
CSAPLTSGRAQVREQFF	TRBV20-1	NA	09/0418	NA	1
CSAPLYGQGDGYTF	TRBV20-1	NA	09/0418	NA	1
CSAPNGGGDEQFF	TRBV20-1	NA	09/0418	NA	1
CSAPRLVPNTGELFF	TRBV20-1	NA	09/0418	NA	1
CSAPSGPGSSSSYNEQFF	TRBV20-1	NA	09/0418	NA	1
CSAPSGPGTSSAYNEQFF	TRBV20-1	NA	09/0418	NA	1
CSAPSGPGTSSSYNAQFF	TRBV20-1	NA	09/0418	NA	1
CSAPSLGQSSYEQYF	TRBV20-1	NA	09/0418	NA	2
CSAQRESGELFF	TRBV20-1	NA	09/0418	NA	1
CSAQRRLRGLGALFF	TRBV20-1	NA	09/0418	NA	1
CSAQRRLRGLGELFF	TRBV20-1	NA	09/0418	NA	1
CSAQSGPGTASSYNEQFF	TRBV20-1	NA	09/0418	NA	1
CSARAAGGGGYNEQFF	TRBV20-1	NA	09/0418	NA	1
CSARAEGGSGKKNIQYF	TRBV20-1	NA	09/0418	NA	2
CSARAGGGNQPQHF	TRBV20-1	NA	09/0418	NA	1
CSARAGGLAITDTQYF	TRBV20-1	NA	09/0418	NA	1
CSARAPGGGGGYNEQFF	TRBV20-1	NA	09/0418	NA	1
CSARAPGGGGYNETQYF	TRBV20-1	NA	09/0418	NA	1
CSARAPGLADFNAQFF	TRBV20-1	NA	09/0418	NA	1
CSARAPGLAGGPLYEQYF	TRBV20-1	NA	09/0418	NA	1
CSARAPGLGGFNEQFF	TRBV20-1	NA	09/0418	NA	1
CSARAPGRAGFNEQFF	TRBV20-1	NA	09/0418	NA	1
CSARAPRGPPYEQYF	TRBV20-1	NA	09/0418	NA	1
CSARAPRRAGFNEQFF	TRBV20-1	NA	09/0418	NA	1
CSARAPSANSPLHF	TRBV20-1	NA	09/0418	NA	1
CSARAPVGGGYNEQFF	TRBV20-1	NA	09/0418	NA	1
CSARARTSRPYNEQFF	TRBV20-1	NA	09/0418	NA	1
CSARDELAGGPTYEQYF	TRBV20-1	NA	09/0418	NA	2
CSARDGGRYEQYF	TRBV20-1	NA	09/0418	NA	1
CSARDGQGAFGYTF	TRBV20-1	NA	09/0418	NA	1
CSARDGRGGEKLFF	TRBV20-1	NA	09/0418	NA	2
CSARDGTPYEQYF	TRBV20-1	NA	09/0418	NA	1
CSARDIGHARKLFF	TRBV20-1	NA	09/0418	NA	1
CSARDLGKGYTF	TRBV20-1	NA	09/0418	NA	1
CSARDLNYGYTF	TRBV20-1	NA	09/0418	NA	1
CSARDLRPLLQLF	TRBV20-1	NA	09/0418	NA	1
CSARDPEGAHQPQHF	TRBV20-1	NA	09/0418	NA	1
CSARDPIRGLAGGNYYNQQFF	TRBV20-1	NA	09/0418	NA	1
CSARDPQSPDGYTF	TRBV20-1	NA	09/0418	NA	1
CSARDPTANSPLLF	TRBV20-1	NA	09/0418	NA	1
CSARDRATRELVF	TRBV20-1	NA	09/0418	NA	1
CSARDRKEIQYF	TRBV29-1	NA	09/0418	NA	1
CSARDRKETQYF	TRBV29-1	NA	09/0418	NA	1
CSARDSGLAGGRGSTDTQYF	TRBV20-1	NA	09/0418	NA	2
CSARDSQRGFTDTQYF	TRBV20-1	NA	09/0418	NA	1
CSAREAARSYNSPLHF	TRBV20-1	NA	09/0418	NA	1
CSAREAPGTGDTGELFF	TRBV20-1	NA	09/0418	NA	1
CSAREDPGAGPLHF	TRBV20-1	NA	09/0418	NA	1
CSAREERQGASAFF	TRBV20-1	NA	09/0418	NA	1
CSAREEYSLYNEQFF	TRBV20-1	NA	09/0418	NA	1
CSARELGVGYTF	TRBV20-1	NA	09/0418	NA	1
CSARETTSGFTDTQYF	TRBV20-1	NA	09/0418	NA	1
CSARGAGVDEQFF	TRBV20-1	NA	09/0418	NA	1
CSARGDSSLSAYNEQFF	TRBV20-1	NA	09/0418	NA	1
CSARGDSSLSSYNEQFF	TRBV20-1	NA	09/0418	NA	3
CSARGGDGGNTEAFF	TRBV20-1	NA	09/0418	NA	1
CSARGGGTGVAGELFF	TRBV20-1	NA	09/0418	NA	1
CSARGLAGSTQYF	TRBV20-1	NA	09/0418	NA	1
CSARGLTGLAGGNAQFF	TRBV20-1	NA	09/0418	NA	1
CSARGMRQGAAGELFF	TRBV20-1	NA	09/0418	NA	1
CSARGPGANYGYNF	TRBV20-1	NA	09/0418	NA	1
CSARGPGSNYGYTF	TRBV20-1	NA	09/0418	NA	1
CSARGPLAGYNEQFF	TRBV20-1	NA	09/0418	NA	1
CSARGQLGYNEQFF	TRBV20-1	NA	09/0418	NA	1
CSARGQTSDPYEQYF	TRBV20-1	NA	09/0418	NA	1
CSARGVVGGRQEETQYF	TRBV20-1	NA	09/0418	NA	1
CSARHQSGRSGNEQFF	TRBV20-1	NA	09/0418	NA	2
CSARKGVQEKLFF	TRBV20-1	NA	09/0418	NA	1
CSARKGWGTGELFF	TRBV20-1	NA	09/0418	NA	2
CSARKIGEPRGHEQFF	TRBV20-1	NA	09/0418	NA	1
CSARLGQEQYF	TRBV20-1	NA	09/0418	NA	2
CSARNPKNEQYF	TRBV20-1	NA	09/0418	NA	1
CSARNREYGYTF	TRBV20-1	NA	09/0418	NA	1
CSARPGQGLSNQPQHF	TRBV20-1	NA	09/0418	NA	1
CSARPLAGGPFSETQYF	TRBV20-1	NA	09/0418	NA	6
CSARPPLVAGGPGWETQYF	TRBV20-1	NA	09/0418	NA	2
CSARPRGDTGELFF	TRBV20-1	NA	09/0418	NA	1
CSARPRLSYNEQFF	TRBV20-1	NA	09/0418	NA	1
CSARPSGDYGYTF	TRBV20-1	NA	09/0418	NA	1
CSARPYWLRSGAVASTDTQYF	TRBV20-1	NA	09/0418	NA	2
CSARPYWLRSGAVPSTDKQYF	TRBV20-1	NA	09/0418	NA	1
CSARPYWLRSGAVPSTDTQYF	TRBV20-1	NA	09/0418	NA	3
CSARQAVIDYGYTF	TRBV20-1	NA	09/0418	NA	2
CSARRGSNPNYGYTF	TRBV20-1	NA	09/0418	NA	1
CSARRSGGGTYNEQFF	TRBV20-1	NA	09/0418	NA	1
CSARSLTGLAGGNEQFF	TRBV20-1	NA	09/0418	NA	1
CSARSPGRAGARDEQFF	TRBV20-1	NA	09/0418	NA	1
CSARTDRINYGYTF	TRBV20-1	NA	09/0418	NA	2
CSARTGEGEENQYF	TRBV20-1	NA	09/0418	NA	1
CSARTGEGEETQYF	TRBV20-1	NA	09/0418	NA	2
CSARVDRGQPFFSGNTEAFF	TRBV20-1	NA	09/0418	NA	1
CSARVPGLAGFNEQFF	TRBV20-1	NA	09/0418	NA	1
CSARVQGPGSQPQHF	TRBV20-1	NA	09/0418	NA	1
CSARYRTGETEAFF	TRBV20-1	NA	09/0418	NA	2
CSARYSRGRQNNEQFF	TRBV20-1	NA	09/0418	NA	1
CSASAGRVGEKLFF	TRBV20-1	NA	09/0418	NA	1
CSASAPGRAGRHEHYF	TRBV20-1	NA	09/0418	NA	1
CSASDPIRGLAGGNYYNEHFF	TRBV20-1	NA	09/0418	NA	1
CSASDSTQYF	TRBV20-1	NA	09/0418	NA	1
CSASDTRCYGYTIYF	TRBV20-1	NA	09/0418	NA	1
CSASGDLFYEQYF	TRBV20-1	NA	09/0418	NA	1
CSASGLGEQFF	TRBV20-1	NA	09/0418	NA	1
CSASGQLSEAFF	TRBV20-1	NA	09/0418	NA	2
CSASGSGRAYNEQFF	TRBV20-1	NA	09/0418	NA	1
CSASGTPGLAGGLYEQYF	TRBV20-1	NA	09/0418	NA	1
CSASKPPALYGYPF	TRBV20-1	NA	09/0418	NA	1
CSASLGPGRGYTF	TRBV20-1	NA	09/0418	NA	1
CSASNGTSESTDTQYF	TRBV20-1	NA	09/0418	NA	1
CSASPGERKLLGYF	TRBV20-1	NA	09/0418	NA	1
CSASPPGAASLNEQFF	TRBV20-1	NA	09/0418	NA	1
CSASRALDTRAYEHYF	TRBV20-1	NA	09/0418	NA	1
CSASRALDTRAYEQYF	TRBV20-1	NA	09/0418	NA	1
CSASRGGEKLFF	TRBV20-1	NA	09/0418	NA	1
CSASRGGRDEQFF	TRBV20-1	NA	09/0418	NA	1
CSASRPGLAGMHEQYF	TRBV20-1	NA	09/0418	NA	1
CSASRQGYEQYF	TRBV20-1	NA	09/0418	NA	2
CSASRRASNEQFF	TRBV20-1	NA	09/0418	NA	2
CSASSAPGRPTSGDSTDTQYF	TRBV20-1	NA	09/0418	NA	1
CSASSPGLAGGLQEQFF	TRBV20-1	NA	09/0418	NA	1
CSASSPGLAGYQENQDF	TRBV20-1	NA	09/0418	NA	1
CSASSTLRDEQFF	TRBV20-1	NA	09/0418	NA	1
CSASSTPGRPTRGASTDTQYF	TRBV20-1	NA	09/0418	NA	1
CSASVGADEQFF	TRBV20-1	NA	09/0418	NA	1
CSATGDRGLYGYTF	TRBV29-1	NA	09/0418	NA	1
CSATGTGMYNEQFF	TRBV20-1	NA	09/0418	NA	1
CSATGTNYEQYF	TRBV20-1	NA	09/0418	NA	1
CSATPDRWGTEAFF	TRBV20-1	NA	09/0418	NA	1
CSATPGTGGRQHQHF	TRBV20-1	NA	09/0418	NA	1
CSATPGTGGRQPQHF	TRBV20-1	NA	09/0418	NA	1
CSATPWDAGPLHF	TRBV20-1	NA	09/0418	NA	1
CSATRTGNLPRPEAFF	TRBV20-1	NA	09/0418	NA	1
CSATWGVGASTDTQYF	TRBV20-1	NA	09/0418	NA	1
CSAVDRTTEAFF	TRBV20-1	NA	09/0418	NA	3
CSAWEGGDEQFF	TRBV20-1	NA	09/0418	NA	1
CSAYRTSGDRETQYF	TRBV20-1	NA	09/0418	NA	1
CSAYSSGGSTDTQYF	TRBV20-1	NA	09/0418	NA	3
CSCPLNADTQYF	TRBV20-1	NA	09/0418	NA	1
CSDHNGPSEGTDTQYF	TRBV20-1	NA	09/0418	NA	1
CSDHRDRGLVNTEAFF	TRBV20-1	NA	09/0418	NA	1
CSDHRGAGPNTGELFF	TRBV29-1	NA	09/0418	NA	1
CSDSSTPGRPTSGASTDTQYF	TRBV20-1	NA	09/0418	NA	1
CSFEQGNTIYF	TRBV29-1	NA	09/0418	NA	1
CSFIPRVASGRAGEETQYF	TRBV29-1	NA	09/0418	NA	1
CSFSGGASPDTQYF	TRBV20-1	NA	09/0418	NA	1
CSGAVGGGGSEQFF	TRBV29-1	NA	09/0418	NA	1
CSGDCRDREGAYGYTF	TRBV29-1	NA	09/0418	NA	1
CSGDSRGDEQFF	TRBV20-1	NA	09/0418	NA	2
CSGGGNWADTQYF	TRBV29-1	NA	09/0418	NA	1
CSGGLPGELFF	TRBV29-1	NA	09/0418	NA	1
CSGLAGNDEQFF	TRBV20-1	NA	09/0418	NA	1
CSGLAPGALSTDTQYF	TRBV20-1	NA	09/0418	NA	1
CSGLRYRVNSPLHF	TRBV29-1	NA	09/0418	NA	1
CSGMTDLEQYF	TRBV29-1	NA	09/0418	NA	3
CSGRAPGGGGYNEQFF	TRBV20-1	NA	09/0418	NA	1
CSGREAPGTGDTGELFF	TRBV20-1	NA	09/0418	NA	1
CSGSGGIGGTDTQYF	TRBV20-1	NA	09/0418	NA	2
CSGTPIPYWPAFF	TRBV20-1	NA	09/0418	NA	1
CSGTRPDSSYEQYF	TRBV30	NA	09/0418	NA	1
CSGVRRVTRGSTNQGTQYF	TRBV29-1	NA	09/0418	NA	1
CSIPGGGADTQYF	TRBV29-1	NA	09/0418	NA	1
CSISPGPRTNYGYTF	TRBV19	NA	09/0418	NA	1
CSLSGRPNNEQFF	TRBV20-1	NA	09/0418	NA	1
CSPITTQGVHTGELFF	TRBV15	NA	09/0418	NA	1
CSRRGAATDTQYF	TRBV20-1	NA	09/0418	NA	1
CSRSQARGGNEQFF	TRBV4-2	NA	09/0418	NA	1
CSSGREGSSQDDDFF	TRBV24-1	NA	09/0418	NA	1
CSSKSWGGETQYF	TRBV20-1	NA	09/0418	NA	1
CSSLKFVGGSTDTQYF	TRBV29-1	NA	09/0418	NA	1
CSSLSPGLAGGPATQYF	TRBV20-1	NA	09/0418	NA	1
CSSPLNADTQYF	TRBV20-1	NA	09/0418	NA	2
CSSRAGTGAQYGVTF	TRBV7-2	NA	09/0418	NA	1
CSSRTGKVHNEQFF	TRBV20-1	NA	09/0418	NA	1
CSSSVLTGRTDTQYF	TRBV9	NA	09/0418	NA	1
CSTDTDAQYF	TRBV29-1	NA	09/0418	NA	1
CSTTRGDEQFF	TRBV20-1	NA	09/0418	NA	1
CSVAAFDRVGKETQYF	TRBV29-1	NA	09/0418	NA	1
CSVAGASNTGELLF	TRBV29-1	NA	09/0418	NA	1
CSVAGGLPSSYNEQFF	TRBV29-1	NA	09/0418	NA	2
CSVAGGPLQDTQYF	TRBV20-1	NA	09/0418	NA	1
CSVALPSYEQYF	TRBV29-1	NA	09/0418	NA	2
CSVAPGWGMSSYEQYF	TRBV29-1	NA	09/0418	NA	1
CSVARDMGGSTF	TRBV29-1	NA	09/0418	NA	1
CSVARDMGGYNF	TRBV29-1	NA	09/0418	NA	1
CSVARDMGGYTF	TRBV29-1	NA	09/0418	NA	3
CSVDASETPDTQYF	TRBV29-1	NA	09/0418	NA	1
CSVDFRDREGSYGYTF	TRBV29-1	NA	09/0418	NA	1
CSVDTDTQYF	TRBV29-1	NA	09/0418	NA	1
CSVEDPRGDHNEQFF	TRBV29-1	NA	09/0418	NA	1
CSVEDRTGLDEGQGVF	TRBV29-1	NA	09/0418	NA	1
CSVEDSSSYNEQFF	TRBV29-1	NA	09/0418	NA	4
CSVEEGCAQNYGYTF	TRBV29-1	NA	09/0418	NA	1
CSVEEGNTQYF	TRBV29-1	NA	09/0418	NA	1
CSVEGGQGADTQYF	TRBV29-1	NA	09/0418	NA	1
CSVEGGRGATTQYF	TRBV29-1	NA	09/0418	NA	1
CSVEGGSGADTQYF	TRBV29-1	NA	09/0418	NA	1
CSVEGPGAKGYTF	TRBV29-1	NA	09/0418	NA	1
CSVEGRERGALFF	TRBV29-1	NA	09/0418	NA	1
CSVEGRERGELFF	TRBV29-1	NA	09/0418	NA	1
CSVEGTGGANEQYF	TRBV29-1	NA	09/0418	NA	1
CSVEGTGGENEQYF	TRBV29-1	NA	09/0418	NA	1
CSVEIGTGVSGSSYEETQYF	TRBV29-1	NA	09/0418	NA	1
CSVEIPPGTSGPQGTQYF	TRBV29-1	NA	09/0418	NA	1
CSVELVSGQNIQYF	TRBV29-1	NA	09/0418	NA	1
CSVEPRIAAGAGSYNEQFF	TRBV29-1	NA	09/0418	NA	1
CSVESPPGTSGPQETQYF	TRBV29-1	NA	09/0418	NA	1
CSVEVPGAKGYPF	TRBV29-1	NA	09/0418	NA	1
CSVEVWVTGSGNEQFF	TRBV29-1	NA	09/0418	NA	1
CSVEYRTSGRLQFF	TRBV29-1	NA	09/0418	NA	1
CSVFLATQYF	TRBV29-1	NA	09/0418	NA	1
CSVFLDTQYF	TRBV29-1	NA	09/0418	NA	2
CSVFQGAGSKTGEQYF	TRBV29-1	NA	09/0418	NA	1
CSVFTDTQYF	TRBV29-1	NA	09/0418	NA	1
CSVGAGGSKETQYF	TRBV20-1	NA	09/0418	NA	1
CSVGDRGYEQYF	TRBV29-1	NA	09/0418	NA	5
CSVGDRVGGASSYNEQFF	TRBV29-1	NA	09/0418	NA	1
CSVGDRVGGSSYNEQFF	TRBV29-1	NA	09/0418	NA	1
CSVGEFTYEQYF	TRBV29-1	NA	09/0418	NA	1
CSVGEGLNYGYTF	TRBV29-1	NA	09/0418	NA	1
CSVGGGGGTDTQYF	TRBV29-1	NA	09/0418	NA	1
CSVGGGGKAFF	TRBV20-1	NA	09/0418	NA	1
CSVGGGLANTGELFF	TRBV29-1	NA	09/0418	NA	2
CSVGGRAYVETQYF	TRBV29-1	NA	09/0418	NA	1
CSVGQFVSGRDNEQFF	TRBV29-1	NA	09/0418	NA	5
CSVGQFVSGRVDEQFF	TRBV29-1	NA	09/0418	NA	1
CSVGTGWGMNTEAFF	TRBV29-1	NA	09/0418	NA	1
CSVGTVNTEAFF	TRBV29-1	NA	09/0418	NA	1
CSVGVTGGGTNHDTQYF	TRBV29-1	NA	09/0418	NA	1
CSVINYLDSTAFF	TRBV29-1	NA	09/0418	NA	1
CSVINYRDSRAFF	TRBV29-1	NA	09/0418	NA	1
CSVIRGRGAGAGTDTQYF	TRBV29-1	NA	09/0418	NA	2
CSVIRGRGAGTGTDTKYF	TRBV29-1	NA	09/0418	NA	1
CSVIRLLGGRAGTNAQFF	TRBV29-1	NA	09/0418	NA	1
CSVKGQGSGTQYF	TRBV29-1	NA	09/0418	NA	1
CSVKQGWGMNTEAFF	TRBV29-1	NA	09/0418	NA	1
CSVLFFGGGPGNEQFF	TRBV29-1	NA	09/0418	NA	1
CSVLGGTGYTEAFF	TRBV29-1	NA	09/0418	NA	1
CSVLGGTQETQYF	TRBV29-1	NA	09/0418	NA	2
CSVLVFVGGPGNEQFF	TRBV29-1	NA	09/0418	NA	1
CSVPIGILGYNEQFF	TRBV29-1	NA	09/0418	NA	1
CSVQLGVWGYTF	TRBV29-1	NA	09/0418	NA	1
CSVRDGWGMNTEAFF	TRBV29-1	NA	09/0418	NA	2
CSVRFFVGGPGNEQCF	TRBV29-1	NA	09/0418	NA	1
CSVRGAVNTGELFF	TRBV29-1	NA	09/0418	NA	3
CSVRGRAKEKLFF	TRBV20-1	NA	09/0418	NA	1
CSVRQGWGMNTEAFF	TRBV29-1	NA	09/0418	NA	1
CSVRQGWGMNTEAVF	TRBV29-1	NA	09/0418	NA	1
CSVSDSGSLTQYF	TRBV20-1	NA	09/0418	NA	1
CSVSGGVGGYEQYF	TRBV29-1	NA	09/0418	NA	1
CSVSGTAKAGELFF	TRBV29-1	NA	09/0418	NA	1
CSVSGTANTGELFF	TRBV29-1	NA	09/0418	NA	2
CSVSPRVASGRGGEETEYF	TRBV29-1	NA	09/0418	NA	1
CSVSSAGLAGYQETQYF	TRBV20-1	NA	09/0418	NA	1
CSVSSGWEMNTEAFF	TRBV29-1	NA	09/0418	NA	1
CSVTGEWEQYF	TRBV29-1	NA	09/0418	NA	1
CSVTQASSGNTIYF	TRBV29-1	NA	09/0418	NA	1
CSVVAGWGMNTEAFF	TRBV29-1	NA	09/0418	NA	3
CSVVEGQWNTEAFF	TRBV29-1	NA	09/0418	NA	1
CSVVGQGTSGTSYNETQFF	TRBV29-1	NA	09/0418	NA	1
CSVVGTGDTDEQYF	TRBV29-1	NA	09/0418	NA	1
CSVVLRVTSGTTNQETQYF	TRBV29-1	NA	09/0418	NA	1
CSVVPGQWDTEAFF	TRBV29-1	NA	09/0418	NA	2
CSVVPGWGMPNTEAFF	TRBV29-1	NA	09/0418	NA	2
CSVVPRVTSGRTHGDTQYF	TRBV29-1	NA	09/0418	NA	1
CSVVRGMAGGTMNNETQFF	TRBV29-1	NA	09/0418	NA	1
CSVVRRLTSGTTNQDTQYF	TRBV29-1	NA	09/0418	NA	1
CSVVRRVPSATSNQETQYF	TRBV29-1	NA	09/0418	NA	1
CSVVRRVTSGATNQETQYF	TRBV29-1	NA	09/0418	NA	1
CSVVRRVTSWTTNQETQYF	TRBV29-1	NA	09/0418	NA	1
CSVVRTGETYEQYF	TRBV29-1	NA	09/0418	NA	1
CSVVSGWGMNTEAFF	TRBV29-1	NA	09/0418	NA	1
CSVVSKVGATEAFF	TRBV29-1	NA	09/0418	NA	2
CSVVVCQWDTEAFF	TRBV29-1	NA	09/0418	NA	1
CSVVVGQWDTEAFF	TRBV29-1	NA	09/0418	NA	1
CSVVVRVTGGMLSQENQYF	TRBV29-1	NA	09/0418	NA	1
CSVVVRVTGGMLSQETQYF	TRBV29-1	NA	09/0418	NA	2
CTSSPGWGYTF	TRBV5-6	NA	09/0418	NA	1
CVCCLRDYERAWFNGQFF	TRBV3-1	NA	09/0418	NA	1
CVSRLGVRGTTDTKYF	TRBV5-4	NA	09/0418	NA	1
CVSSREPSTNDFYGYPF	TRBV4-1	NA	09/0418	NA	1
CVSSYGTGQETQYF	TRBV7-2	NA	09/0418	NA	1
CVTIVLGPSSGGSNEQFF	TRBV24-1	NA	09/0418	NA	1
CAHKTDSYEQYF	TRBV30	NA	09/0449	NA	2
CAIGAVNQPQHF	TRBV10-3	NA	09/0449	NA	1
CASGDRENSPLHF	TRBV7-9	NA	09/0449	NA	1
CASGSHRNIQYF	TRBV27	NA	09/0449	NA	1
CASKDRASSGANVLTF	TRBV19	NA	09/0449	NA	2
CASNLQGRFTEAFF	TRBV19	NA	09/0449	NA	1
CASNSGPTANYGYTF	TRBV4-2	NA	09/0449	NA	1
CASQTSGRTNNEQFF	TRBV5-4	NA	09/0449	NA	1
CASRQAGRDEQFF	TRBV6-1	NA	09/0449	NA	1
CASSAGRNTEAFF	TRBV27	NA	09/0449	NA	1
CASSARAGTSGGAPSF	TRBV7-2	NA	09/0449	NA	1
CASSATTGSYEQYF	TRBV3-1	NA	09/0449	NA	1
CASSDPGQEQFF	TRBV7-3	NA	09/0449	NA	1
CASSDRRQETQYF	TRBV25-1	NA	09/0449	NA	3
CASSEPRDRGGSSYEQYF	TRBV5-1	NA	09/0449	NA	1
CASSETSGQFF	TRBV11-2	NA	09/0449	NA	1
CASSEVYTEAFF	TRBV6-1	NA	09/0449	NA	1
CASSFQTGTSGRSSYEQYF	TRBV28	NA	09/0449	NA	1
CASSFTTHHPQGYEQYF	TRBV7-3	NA	09/0449	NA	1
CASSGSGNRAATHGYTF	TRBV9	NA	09/0449	NA	1
CASSIQGYSGANVLTF	TRBV2	NA	09/0449	NA	1
CASSKTQGTYEQYF	TRBV7-9	NA	09/0449	NA	1
CASSLALAGAGEQFF	TRBV5-1	NA	09/0449	NA	1
CASSLGLALYNEQFF	TRBV6-6	NA	09/0449	NA	1
CASSLGSSGQGNTGELFF	TRBV11-2	NA	09/0449	NA	1
CASSLLRTGKNEQFF	TRBV28	NA	09/0449	NA	2
CASSLQGETYEQYF	TRBV11-3	NA	09/0449	NA	1
CASSLSGGDSPLHF	TRBV27	NA	09/0449	NA	1
CASSLTRGDYNEQFF	TRBV4-2	NA	09/0449	NA	2
CASSLVAGDGETQYF	TRBV5-1	NA	09/0449	NA	2
CASSLVAGGGDTQYF	TRBV7-2	NA	09/0449	NA	1
CASSLVSGGRHPEQFF	TRBV5-4	NA	09/0449	NA	1
CASSLYQETQYF	TRBV5-4	NA	09/0449	NA	2
CASSPGVGLQETQYF	TRBV7-2	NA	09/0449	NA	1
CASSPIAGANTGELFF	TRBV11-2	NA	09/0449	NA	1
CASSPLASSYNEQFF	TRBV7-9	NA	09/0449	NA	2
CASSPLTGEGEKLFF	TRBV5-1	NA	09/0449	NA	2
CASSPLVAGSSYEQYF	TRBV12-3	NA	09/0449	NA	1
CASSPPMGGTEAFF	TRBV7-2	NA	09/0449	NA	2
CASSPRALNTGELFF	TRBV9	NA	09/0449	NA	1
CASSPRSGGSWTEAFF	TRBV18	NA	09/0449	NA	1
CASSPTGTENYNEQFF	TRBV5-1	NA	09/0449	NA	1
CASSQDDRNQPQHF	TRBV4-2	NA	09/0449	NA	6
CASSQDWAPKGEKLFF	TRBV4-2	NA	09/0449	NA	6
CASSQEAASAGPSTDTQYF	TRBV4-3	NA	09/0449	NA	1
CASSQESPSSEQYF	TRBV3-1	NA	09/0449	NA	3
CASSQRRGETQYF	TRBV4-2	NA	09/0449	NA	1
CASSQVNRFWETQYF	TRBV14	NA	09/0449	NA	2
CASSRGENYSNQPQHF	TRBV6-2	NA	09/0449	NA	1
CASSRGTGLLF	TRBV27	NA	09/0449	NA	1
CASSRPGTGPNTEAFF	TRBV6-5	NA	09/0449	NA	1
CASSSGPGGAGNTIYF	TRBV7-2	NA	09/0449	NA	2
CASSSLPAGLHSTDTQYF	TRBV7-6	NA	09/0449	NA	1
CASSSQRGAPEQYF	TRBV7-6	NA	09/0449	NA	1
CASSSRTWPHLNTEAFF	TRBV9	NA	09/0449	NA	1
CASSTGFTAEQFF	TRBV6-6	NA	09/0449	NA	1
CASSTGQGSNEQFF	TRBV5-1	NA	09/0449	NA	1
CASSTGTLSSEQYF	TRBV6-6	NA	09/0449	NA	1
CASSVGQLETYEQYF	TRBV7-2	NA	09/0449	NA	2
CASSVPAGGGSNEQFF	TRBV9	NA	09/0449	NA	3
CASSWEGGPLGTDTQYF	TRBV5-4	NA	09/0449	NA	1
CASSWGTSGGNEQFF	TRBV5-6	NA	09/0449	NA	1
CASSYSARMIYGYTF	TRBV6-2	NA	09/0449	NA	2
CASTVTEAFF	TRBV6-4	NA	09/0449	NA	1
CATQRQGNKANVLTF	TRBV25-1	NA	09/0449	NA	1
CATSRGHMISYNEQFF	TRBV15	NA	09/0449	NA	3
CAWARTGTGFYGYTF	TRBV30	NA	09/0449	NA	1
CRATSGRANEQFF	TRBV20-1	NA	09/0449	NA	2
CSAEPRDTQYF	TRBV20-1	NA	09/0449	NA	2
CSAGLGRNNNSPLHF	TRBV20-1	NA	09/0449	NA	2
CSAGQAANEKLFF	TRBV20-1	NA	09/0449	NA	1
CSAGTGRAKNIQYF	TRBV20-1	NA	09/0449	NA	1
CSAIWSAIRNTQYF	TRBV20-1	NA	09/0449	NA	1
CSAKKTRETNTEAFF	TRBV20-1	NA	09/0449	NA	1
CSAPGPFQETQYF	TRBV20-1	NA	09/0449	NA	1
CSAPLAGGPSTDTQYF	TRBV20-1	NA	09/0449	NA	3
CSARAGTGFSYEQYF	TRBV20-1	NA	09/0449	NA	1
CSARDGGQGLLGPQHF	TRBV20-1	NA	09/0449	NA	3
CSARDGRGDNEQFF	TRBV20-1	NA	09/0449	NA	1
CSARDSQGASTEAFF	TRBV20-1	NA	09/0449	NA	7
CSARELGNTEAFF	TRBV20-1	NA	09/0449	NA	1
CSARGGRGYNSPLHF	TRBV20-1	NA	09/0449	NA	4
CSARGLGEKLFF	TRBV29-1	NA	09/0449	NA	1
CSARGQQGASGELFF	TRBV20-1	NA	09/0449	NA	2
CSARHPQGIGEQYF	TRBV20-1	NA	09/0449	NA	3
CSARLTGDRETQYF	TRBV20-1	NA	09/0449	NA	1
CSARSTHAREDQPQHF	TRBV29-1	NA	09/0449	NA	1
CSARTSGRETQYF	TRBV20-1	NA	09/0449	NA	6
CSARVRGGHSSYEQYF	TRBV20-1	NA	09/0449	NA	1
CSASGQGAVGELFF	TRBV20-1	NA	09/0449	NA	1
CSASNQRGGRELFF	TRBV20-1	NA	09/0449	NA	1
CSASRRQRATSYNEQFF	TRBV20-1	NA	09/0449	NA	1
CSATAATASTDTQYF	TRBV20-1	NA	09/0449	NA	1
CSATGTGIYNEQFF	TRBV20-1	NA	09/0449	NA	1
CSAYYTTGSSYEQYF	TRBV20-1	NA	09/0449	NA	1
CSTLTEEVAFF	TRBV29-1	NA	09/0449	NA	1
CSVAVPEIGSVYEQYF	TRBV29-1	NA	09/0449	NA	1
CSVERQGVNYGYTF	TRBV29-1	NA	09/0449	NA	1
CSVSSGTGVTGELFF	TRBV29-1	NA	09/0449	NA	1
CSVVFLTDTQYF	TRBV29-1	NA	09/0449	NA	1
CVARGGTRYNEQFF	TRBV29-1	NA	09/0449	NA	1
CAAGGTWGYTF	TRBV19	NA	09/0449	NA	2
CACELGSSTDTQYF	TRBV30	NA	09/0449	NA	1
CACSFPSGGRGRSDTQYF	TRBV5-4	NA	09/0449	NA	1
CACSTGTSGSLDEQFF	TRBV5-1	NA	09/0449	NA	1
CACTPHRGRWEQYF	TRBV30	NA	09/0449	NA	1
CAGSGRGGGETQYF	TRBV30	NA	09/0449	NA	1
CAGSVGDTGELFF	TRBV12-4	NA	09/0449	NA	1
CAGTGVFQPQHF	TRBV6-7	NA	09/0449	NA	1
CAHKTDSDEQDF	TRBV30	NA	09/0449	NA	1
CAHSGTGGCSYNEQFF	TRBV30	NA	09/0449	NA	1
CAIMPSPGRSTEAFF	TRBV10-3	NA	09/0449	NA	1
CAIRESGNEQFF	TRBV10-3	NA	09/0449	NA	1
CAIRETGNEQFF	TRBV10-3	NA	09/0449	NA	1
CAIRSGQGAKNIQYF	TRBV10-3	NA	09/0449	NA	1
CAIRSTSGGGGLNEQFF	TRBV10-3	NA	09/0449	NA	2
CAIRTSGSYEQYF	TRBV10-3	NA	09/0449	NA	1
CAISDRLAGGYEQFF	TRBV10-3	NA	09/0449	NA	1
CAISDTGGAATDGYTF	TRBV10-3	NA	09/0449	NA	1
CAISEAGGTTGELFF	TRBV10-3	NA	09/0449	NA	1
CAISEGQPGPQYNEQFF	TRBV10-3	NA	09/0449	NA	1
CAISELHGGSTEAFF	TRBV10-3	NA	09/0449	NA	1
CAISELVGTLGSPLHF	TRBV10-3	NA	09/0449	NA	1
CAISEQNNQPQHF	TRBV10-3	NA	09/0449	NA	2
CAISESGSEGTDTKYF	TRBV10-3	NA	09/0449	NA	1
CAISESGSEGTDTQYF	TRBV10-3	NA	09/0449	NA	1
CAISESNEQFF	TRBV10-3	NA	09/0449	NA	1
CAISGGDRGSNEQFF	TRBV10-3	NA	09/0449	NA	1
CAISGLDEQFF	TRBV10-3	NA	09/0449	NA	1
CAISGNDGTGKKDTQYF	TRBV10-3	NA	09/0449	NA	1
CAISPGLAGPHNEQFF	TRBV10-3	NA	09/0449	NA	2
CAISQTGGELFF	TRBV10-3	NA	09/0449	NA	1
CAISRIQSAPAFF	TRBV10-3	NA	09/0449	NA	1
CAISVGAGTYEQYF	TRBV5-1	NA	09/0449	NA	1
CALRTQTNYGYTF	TRBV30	NA	09/0449	NA	2
CANRGGGTEAFF	TRBV10-3	NA	09/0449	NA	1
CANSLGTGGYNKQFF	TRBV7-2	NA	09/0449	NA	1
CANSREAHGSYDGQFF	TRBV15	NA	09/0449	NA	1
CAPSPGRSTVTQYF	TRBV15	NA	09/0449	NA	1
CARGRGTQYF	TRBV30	NA	09/0449	NA	1
CARITGDLTEAFF	TRBV10-2	NA	09/0449	NA	1
CARRPWGETQYF	TRBV4-2	NA	09/0449	NA	1
CARSFTGRAAYNEQFF	TRBV7-2	NA	09/0449	NA	1
CARSLEAAGQPQHF	TRBV7-2	NA	09/0449	NA	1
CARSLPRAGEDEQYF	TRBV5-1	NA	09/0449	NA	1
CARSQDPRGGSGNTQYF	TRBV4-1	NA	09/0449	NA	1
CASAGESETQYF	TRBV25-1	NA	09/0449	NA	1
CASAPRRTDTQYF	TRBV18	NA	09/0449	NA	1
CASAVSSYNEQFF	TRBV7-2	NA	09/0449	NA	1
CASCIGDEQYF	TRBV12-5	NA	09/0449	NA	1
CASDPMETAGELFF	TRBV6-1	NA	09/0449	NA	1
CASGDSGGPGSQTQYF	TRBV12-5	NA	09/0449	NA	1
CASGGQGGAGANVRTF	TRBV7-6	NA	09/0449	NA	1
CASGGTNYEQYF	TRBV10-3	NA	09/0449	NA	1
CASGGTTDTQYF	TRBV7-2	NA	09/0449	NA	1
CASGLGGGVSETEYF	TRBV7-2	NA	09/0449	NA	1
CASGLQETQYF	TRBV12-5	NA	09/0449	NA	4
CASGLSGSGNTIYF	TRBV12-5	NA	09/0449	NA	1
CASGMGEQFF	TRBV10-2	NA	09/0449	NA	1
CASGPRTSGGFGDEQYF	TRBV7-2	NA	09/0449	NA	1
CASGPRWYRTLNTEAFF	TRBV7-2	NA	09/0449	NA	1
CASGPTGLSSYEQYF	TRBV5-5	NA	09/0449	NA	1
CASGREDRSQPEHF	TRBV4-3	NA	09/0449	NA	1
CASGSKAGLEQYF	TRBV7-2	NA	09/0449	NA	1
CASIQTGGTEAFF	TRBV12-3	NA	09/0449	NA	1
CASIQTGGTETFF	TRBV12-3	NA	09/0449	NA	1
CASIRSGGSNQPQHF	TRBV28	NA	09/0449	NA	1
CASISTASNTEAFF	TRBV6-1	NA	09/0449	NA	1
CASIYDRGKSPYEQYF	TRBV6-1	NA	09/0449	NA	1
CASIYDRVKSPYEQYF	TRBV6-1	NA	09/0449	NA	1
CASKDRASSGTNVLTF	TRBV19	NA	09/0449	NA	1
CASKGAETQYF	TRBV7-9	NA	09/0449	NA	1
CASKMNTEAFF	TRBV6-5	NA	09/0449	NA	1
CASKVGLAGGAGELFF	TRBV7-9	NA	09/0449	NA	1
CASKVGLAGGVGELFF	TRBV7-9	NA	09/0449	NA	1
CASMREVNTEAFF	TRBV5-1	NA	09/0449	NA	1
CASNGGGEQYF	TRBV10-2	NA	09/0449	NA	1
CASNIQGPPNTGELFF	TRBV19	NA	09/0449	NA	1
CASNPTRGNTEAFF	TRBV19	NA	09/0449	NA	1
CASNRGSGANVLTF	TRBV10-2	NA	09/0449	NA	1
CASNSAGTDTQYF	TRBV7-8	NA	09/0449	NA	1
CASNSGGPDTQYF	TRBV6-1	NA	09/0449	NA	1
CASNTRQGGNQPQHF	TRBV28	NA	09/0449	NA	1
CASRAQIEAFF	TRBV10-2	NA	09/0449	NA	1
CASRAVQGLDEQYF	TRBV5-4	NA	09/0449	NA	1
CASRDRGVSYEQYF	TRBV6-5	NA	09/0449	NA	1
CASRGQTNYGYTF	TRBV6-1	NA	09/0449	NA	1
CASRGTGNQPQHF	TRBV5-8	NA	09/0449	NA	1
CASRKKREGEQYF	TRBV27	NA	09/0449	NA	1
CASRLSSYTEAFF	TRBV28	NA	09/0449	NA	1
CASRPDGGKNTAAFF	TRBV5-1	NA	09/0449	NA	1
CASRPDRANTEAFF	TRBV5-4	NA	09/0449	NA	1
CASRPERLALPYEQYF	TRBV28	NA	09/0449	NA	1
CASRPQTGEGYGYTF	TRBV4-1	NA	09/0449	NA	1
CASRPRAPSSYNSPLHF	TRBV6-6	NA	09/0449	NA	1
CASRQEPSGGGRTNTGELFF	TRBV4-2	NA	09/0449	NA	1
CASRQERLALPYEQYF	TRBV28	NA	09/0449	NA	1
CASRQGWSTEAFF	TRBV12-4	NA	09/0449	NA	1
CASRQIVAGWDDGYTF	TRBV4-3	NA	09/0449	NA	1
CASRQSRQCYNEQFF	TRBV19	NA	09/0449	NA	1
CASRREGNTEAFF	TRBV5-1	NA	09/0449	NA	1
CASRREVNTEAFF	TRBV5-1	NA	09/0449	NA	1
CASRRPHGQETQYF	TRBV2	NA	09/0449	NA	1
CASRRRRAGTDTQYF	TRBV2	NA	09/0449	NA	1
CASRSGLAGGPAKNIQYF	TRBV5-4	NA	09/0449	NA	1
CASRSQGALGGYTF	TRBV2	NA	09/0449	NA	1
CASRTAGSHEQYF	TRBV27	NA	09/0449	NA	1
CASRTELSTDTQYF	TRBV5-1	NA	09/0449	NA	1
CASRTGQGASPLHF	TRBV27	NA	09/0449	NA	1
CASRTGYVQPQHF	TRBV6-2	NA	09/0449	NA	1
CASRTPGGNTIYF	TRBV11-2	NA	09/0449	NA	1
CASRVPAGGGSNEQFF	TRBV9	NA	09/0449	NA	1
CASRWEAGELFF	TRBV7-2	NA	09/0449	NA	1
CASSAEEQGDYEQYF	TRBV5-1	NA	09/0449	NA	1
CASSAGAANTGELFF	TRBV18	NA	09/0449	NA	1
CASSAGQGSYEQYF	TRBV2	NA	09/0449	NA	1
CASSAGRAGGPAKDVQYF	TRBV5-4	NA	09/0449	NA	1
CASSAIRGQSYEQYF	TRBV5-5	NA	09/0449	NA	1
CASSARDRGFTEAFF	TRBV7-9	NA	09/0449	NA	1
CASSARTGPPRAFF	TRBV6-2	NA	09/0449	NA	2
CASSARTSGDTQYF	TRBV9	NA	09/0449	NA	1
CASSASGEQFF	TRBV9	NA	09/0449	NA	4
CASSAVQGLDEQYF	TRBV5-4	NA	09/0449	NA	1
CASSAYSGTYEQYF	TRBV2	NA	09/0449	NA	1
CASSCTGLAAYNEQFF	TRBV7-2	NA	09/0449	NA	1
CASSDDGAREQFF	TRBV2	NA	09/0449	NA	1
CASSDGTGYYGYTF	TRBV10-2	NA	09/0449	NA	1
CASSDLAGEETQYF	TRBV25-1	NA	09/0449	NA	1
CASSDPGGGSTDTQYF	TRBV5-1	NA	09/0449	NA	1
CASSDPMGGCLSPRHF	TRBV25-1	NA	09/0449	NA	1
CASSDPMGGGLSPLHF	TRBV25-1	NA	09/0449	NA	1
CASSDRCGGQETQYF	TRBV25-1	NA	09/0449	NA	1
CASSDRDGVNIQYF	TRBV2	NA	09/0449	NA	1
CASSDRTSSGNTIYF	TRBV6-1	NA	09/0449	NA	1
CASSDSRTSGRGWFF	TRBV5-4	NA	09/0449	NA	1
CASSDSTSGESGELFF	TRBV6-4	NA	09/0449	NA	1
CASSEFLSYEQYF	TRBV6-1	NA	09/0449	NA	1
CASSEQGGNTEAFF	TRBV25-1	NA	09/0449	NA	1
CASSERGNEQFF	TRBV6-1	NA	09/0449	NA	2
CASSESGSEGTDTQDF	TRBV10-3	NA	09/0449	NA	1
CASSESILGEQYF	TRBV10-2	NA	09/0449	NA	1
CASSETAGLEQYF	TRBV7-2	NA	09/0449	NA	1
CASSETWNEQFF	TRBV10-3	NA	09/0449	NA	1
CASSFDRGNTEAFF	TRBV5-1	NA	09/0449	NA	1
CASSFGDSRSNTGELFF	TRBV5-1	NA	09/0449	NA	1
CASSFGGSDYGYTF	TRBV27	NA	09/0449	NA	1
CASSFLGQTYRPQHF	TRBV7-8	NA	09/0449	NA	1
CASSFLRGGGLGETQYF	TRBV27	NA	09/0449	NA	1
CASSFPSGGRGSTDTQYF	TRBV5-4	NA	09/0449	NA	1
CASSFRDGSYEQYF	TRBV5-1	NA	09/0449	NA	1
CASSFRGPQYNEQFF	TRBV11-2	NA	09/0449	NA	2
CASSFRLKTGTDTQYF	TRBV11-2	NA	09/0449	NA	1
CASSFSAEWDTQYF	TRBV28	NA	09/0449	NA	1
CASSFSKDQPQHF	TRBV5-1	NA	09/0449	NA	1
CASSFTGLAAYNEQFF	TRBV7-2	NA	09/0449	NA	1
CASSFTGLADYNEQFF	TRBV7-2	NA	09/0449	NA	1
CASSFVGGDRNTGELFF	TRBV27	NA	09/0449	NA	1
CASSFYKKETQYF	TRBV28	NA	09/0449	NA	1
CASSFYSSNQPQHF	TRBV7-2	NA	09/0449	NA	1
CASSFYTAGGPTDTQYF	TRBV27	NA	09/0449	NA	6
CASSGHREGEQYF	TRBV7-2	NA	09/0449	NA	1
CASSGKGGRQPQHF	TRBV2	NA	09/0449	NA	1
CASSGRTGISTDTQYF	TRBV25-1	NA	09/0449	NA	1
CASSGSGERTEAFF	TRBV5-1	NA	09/0449	NA	1
CASSGTGTGVYEQYF	TRBV6-5	NA	09/0449	NA	1
CASSGTGTSSKPYEQYF	TRBV5-5	NA	09/0449	NA	1
CASSHALSPLEQYF	TRBV16	NA	09/0449	NA	1
CASSHGLRGQGEGTEAFF	TRBV4-1	NA	09/0449	NA	1
CASSHGQGDGYTF	TRBV3-1	NA	09/0449	NA	2
CASSHLGTDYGYTF	TRBV3-1	NA	09/0449	NA	1
CASSHLSIQDTQYF	TRBV7-9	NA	09/0449	NA	1
CASSHPGQGRGGTESFF	TRBV3-1	NA	09/0449	NA	1
CASSHRGGDNEKLFF	TRBV7-9	NA	09/0449	NA	1
CASSHRTSYNEQFF	TRBV6-2	NA	09/0449	NA	1
CASSHVTGGADGYTF	TRBV3-1	NA	09/0449	NA	1
CASSIDPGKGQFF	TRBV5-4	NA	09/0449	NA	1
CASSIDPVKGQFF	TRBV5-4	NA	09/0449	NA	1
CASSIGAPNYGYTF	TRBV19	NA	09/0449	NA	1
CASSIRQSLNEKLFF	TRBV19	NA	09/0449	NA	1
CASSIRYGNGYTF	TRBV12-4	NA	09/0449	NA	1
CASSITRQETQYF	TRBV2	NA	09/0449	NA	1
CASSKDAGRATQYF	TRBV12-4	NA	09/0449	NA	1
CASSKISLVGPQPF	TRBV12-3	NA	09/0449	NA	1
CASSKISRVGPQHF	TRBV12-3	NA	09/0449	NA	1
CASSKKREGEQYF	TRBV27	NA	09/0449	NA	5
CASSLAGDSPHSPLHF	TRBV7-2	NA	09/0449	NA	1
CASSLAGGTEAFF	TRBV5-1	NA	09/0449	NA	1
CASSLAGQGRSPLHF	TRBV5-1	NA	09/0449	NA	2
CASSLAIGGGQETQYF	TRBV11-2	NA	09/0449	NA	1
CASSLAKGLTEAFF	TRBV5-1	NA	09/0449	NA	1
CASSLALPQPQHF	TRBV7-2	NA	09/0449	NA	5
CASSLALQANEKLFF	TRBV5-1	NA	09/0449	NA	1
CASSLAPCLGNQPQHF	TRBV7-2	NA	09/0449	NA	1
CASSLAQGDTGELFF	TRBV5-1	NA	09/0449	NA	1
CASSLARGSYNEQFF	TRBV5-8	NA	09/0449	NA	2
CASSLASGVTDNEQFF	TRBV5-1	NA	09/0449	NA	2
CASSLATIDEQYF	TRBV7-2	NA	09/0449	NA	1
CASSLATVLNTEAFF	TRBV12-3	NA	09/0449	NA	1
CASSLAWDSPHSPLHF	TRBV7-2	NA	09/0449	NA	3
CASSLDGGRDYEQYF	TRBV7-8	NA	09/0449	NA	1
CASSLDGQVPYGYTF	TRBV7-2	NA	09/0449	NA	1
CASSLDHIREKLFF	TRBV5-1	NA	09/0449	NA	1
CASSLDRGGTDTQYF	TRBV5-1	NA	09/0449	NA	1
CASSLDRRNTEAFF	TRBV5-1	NA	09/0449	NA	1
CASSLDSGQGWYEQYF	TRBV7-2	NA	09/0449	NA	2
CASSLEAGGPQYF	TRBV7-2	NA	09/0449	NA	1
CASSLEASGQPQHF	TRBV7-2	NA	09/0449	NA	3
CASSLEPDQPQHF	TRBV5-6	NA	09/0449	NA	1
CASSLEPPGMGIEYGYTF	TRBV7-9	NA	09/0449	NA	1
CASSLETGKEYQPQHF	TRBV7-2	NA	09/0449	NA	1
CASSLETGKGYQPQHF	TRBV7-2	NA	09/0449	NA	5
CASSLEVSAKMNIQYF	TRBV5-1	NA	09/0449	NA	1
CASSLGAGTYEQYF	TRBV5-1	NA	09/0449	NA	3
CASSLGDEQFF	TRBV6-5	NA	09/0449	NA	1
CASSLGDRASMRAFF	TRBV5-1	NA	09/0449	NA	1
CASSLGDRRGDGYTF	TRBV5-5	NA	09/0449	NA	1
CASSLGGDTDTQYF	TRBV12-3	NA	09/0449	NA	1
CASSLGGHLDEQYF	TRBV27	NA	09/0449	NA	1
CASSLGGRVETQYF	TRBV11-2	NA	09/0449	NA	2
CASSLGGRVNEQFF	TRBV5-1	NA	09/0449	NA	1
CASSLGGVADTQYF	TRBV7-2	NA	09/0449	NA	1
CASSLGLAGEQYF	TRBV5-1	NA	09/0449	NA	1
CASSLGLLASGANVLTF	TRBV11-2	NA	09/0449	NA	1
CASSLGLRQGTTEAFF	TRBV5-1	NA	09/0449	NA	1
CASSLGPGDTQYF	TRBV7-7	NA	09/0449	NA	1
CASSLGPGWVTQYF	TRBV7-2	NA	09/0449	NA	1
CASSLGRDRQNNEQFF	TRBV7-3	NA	09/0449	NA	1
CASSLGRGIYEQYF	TRBV5-6	NA	09/0449	NA	1
CASSLGRGQGTTEAFF	TRBV5-1	NA	09/0449	NA	1
CASSLGRKVGYTF	TRBV28	NA	09/0449	NA	1
CASSLGRNPSQENSPLHF	TRBV12-3	NA	09/0449	NA	2
CASSLGRSNQPQYF	TRBV7-9	NA	09/0449	NA	1
CASSLGSEGYRTYGYTF	TRBV7-2	NA	09/0449	NA	1
CASSLGSGDTGGYEQYF	TRBV7-9	NA	09/0449	NA	1
CASSLGTGDTGGDEQYF	TRBV7-9	NA	09/0449	NA	1
CASSLGTGGYNEQFF	TRBV7-2	NA	09/0449	NA	1
CASSLGTGNTDTQYF	TRBV5-4	NA	09/0449	NA	1
CASSLGTGRNEQFF	TRBV7-2	NA	09/0449	NA	1
CASSLGTSNQPQHF	TRBV7-9	NA	09/0449	NA	1
CASSLGVGALTDTQYF	TRBV7-2	NA	09/0449	NA	1
CASSLGVSVLKNSPLHF	TRBV7-8	NA	09/0449	NA	1
CASSLLDDRSYEQYF	TRBV5-1	NA	09/0449	NA	1
CASSLLQGLADRYEQYF	TRBV5-6	NA	09/0449	NA	1
CASSLLRTGWENEYF	TRBV5-6	NA	09/0449	NA	1
CASSLLRTGWETQYF	TRBV5-6	NA	09/0449	NA	3
CASSLMAGGQEIQYF	TRBV7-2	NA	09/0449	NA	1
CASSLMGLAGATYQETQYF	TRBV3-1	NA	09/0449	NA	1
CASSLNSGGEQFF	TRBV13	NA	09/0449	NA	1
CASSLNTGLSTDTQYF	TRBV7-9	NA	09/0449	NA	1
CASSLPGGRGTGELFF	TRBV7-9	NA	09/0449	NA	1
CASSLPLAGEDEQYF	TRBV5-1	NA	09/0449	NA	1
CASSLQMVDYGYTF	TRBV12-3	NA	09/0449	NA	1
CASSLQTGNSPLHF	TRBV5-1	NA	09/0449	NA	1
CASSLRDGTEAFF	TRBV28	NA	09/0449	NA	1
CASSLRGGGPLHF	TRBV27	NA	09/0449	NA	1
CASSLRGPGHRNTEAFF	TRBV7-9	NA	09/0449	NA	1
CASSLRGPGTGDYEQYF	TRBV6-5	NA	09/0449	NA	2
CASSLRGRSHSNSETQYF	TRBV5-4	NA	09/0449	NA	1
CASSLRRGDKNIQYF	TRBV7-8	NA	09/0449	NA	1
CASSLRSSGTSRTDTQYF	TRBV28	NA	09/0449	NA	1
CASSLSAEGDTQYF	TRBV28	NA	09/0449	NA	1
CASSLSQRGFYEQYF	TRBV27	NA	09/0449	NA	1
CASSLSRAGDGELFF	TRBV27	NA	09/0449	NA	1
CASSLSSGTYEQYF	TRBV5-4	NA	09/0449	NA	1
CASSLSSYTEAFF	TRBV28	NA	09/0449	NA	2
CASSLSTGNYGYTF	TRBV27	NA	09/0449	NA	1
CASSLSVGGNYGYTF	TRBV27	NA	09/0449	NA	1
CASSLTGADTQYF	TRBV5-1	NA	09/0449	NA	1
CASSLTGTTETQYF	TRBV12-3	NA	09/0449	NA	1
CASSLTRTDTQYF	TRBV11-2	NA	09/0449	NA	1
CASSLVAAAGYEQYF	TRBV5-1	NA	09/0449	NA	1
CASSLVAGKQYF	TRBV5-1	NA	09/0449	NA	1
CASSLVASGQPQHF	TRBV7-2	NA	09/0449	NA	2
CASSLVDLRWGINSPLHF	TRBV7-2	NA	09/0449	NA	1
CASSLVLARDNEQFF	TRBV5-5	NA	09/0449	NA	1
CASSLVLEWGNEQFF	TRBV5-1	NA	09/0449	NA	1
CASSLVRGNYNEQFF	TRBV7-2	NA	09/0449	NA	2
CASSLVSDTQYF	TRBV7-9	NA	09/0449	NA	1
CASSLVSGTNTGELFF	TRBV5-1	NA	09/0449	NA	1
CASSLVSSGSGAEAFF	TRBV5-1	NA	09/0449	NA	1
CASSLVTSGAYYEQYF	TRBV5-1	NA	09/0449	NA	3
CASSLWESTEAFF	TRBV6-6	NA	09/0449	NA	1
CASSPDPNSGANVLNF	TRBV27	NA	09/0449	NA	1
CASSPDPNSGANVLTF	TRBV27	NA	09/0449	NA	1
CASSPFSANTGELFF	TRBV5-1	NA	09/0449	NA	1
CASSPGATGVNTEAFF	TRBV7-9	NA	09/0449	NA	1
CASSPGGIQGYTF	TRBV5-1	NA	09/0449	NA	1
CASSPGGPNIQYF	TRBV7-2	NA	09/0449	NA	1
CASSPGGPTGELFF	TRBV12-3	NA	09/0449	NA	1
CASSPGGSGNTIYF	TRBV28	NA	09/0449	NA	1
CASSPGLGTYEQYF	TRBV7-2	NA	09/0449	NA	1
CASSPGQGRLGTEAFF	TRBV19	NA	09/0449	NA	1
CASSPGRGTYEQSF	TRBV7-2	NA	09/0449	NA	1
CASSPGTGGTEAFF	TRBV3-1	NA	09/0449	NA	1
CASSPGTRGVINEQFF	TRBV5-1	NA	09/0449	NA	1
CASSPGTSGGLTYTQYF	TRBV27	NA	09/0449	NA	1
CASSPHAGYNEKLFF	TRBV7-9	NA	09/0449	NA	1
CASSPINEHGYTF	TRBV5-6	NA	09/0449	NA	2
CASSPLASSSNEQFF	TRBV7-9	NA	09/0449	NA	1
CASSPLGINTGELFF	TRBV18	NA	09/0449	NA	1
CASSPLGRNTGELFF	TRBV18	NA	09/0449	NA	2
CASSPLGRNTVERFF	TRBV18	NA	09/0449	NA	1
CASSPLRTDTQYF	TRBV18	NA	09/0449	NA	2
CASSPLVDTQYF	TRBV11-2	NA	09/0449	NA	1
CASSPLVSGEAFF	TRBV18	NA	09/0449	NA	1
CASSPMQRGGYTF	TRBV4-3	NA	09/0449	NA	1
CASSPNMEGVSPLHF	TRBV18	NA	09/0449	NA	1
CASSPPAGVVTGELFF	TRBV18	NA	09/0449	NA	1
CASSPPDRGRVDTQYF	TRBV25-1	NA	09/0449	NA	1
CASSPPGATGNTIYF	TRBV18	NA	09/0449	NA	2
CASSPRDERCGGYGNTF	TRBV7-9	NA	09/0449	NA	1
CASSPRDESTGGYGYTF	TRBV7-9	NA	09/0449	NA	3
CASSPRGYQTLNTEAFF	TRBV7-2	NA	09/0449	NA	1
CASSPRLAGGDEQFF	TRBV7-2	NA	09/0449	NA	1
CASSPRQRGGYTF	TRBV4-3	NA	09/0449	NA	1
CASSPRRGFGNEQFF	TRBV9	NA	09/0449	NA	1
CASSPRTSGGFGDTHYF	TRBV7-2	NA	09/0449	NA	1
CASSPRTSGGFGDTQYF	TRBV7-2	NA	09/0449	NA	4
CASSPRTSGGVGDTQYF	TRBV7-2	NA	09/0449	NA	1
CASSPSATLSGGTDTQYF	TRBV9	NA	09/0449	NA	1
CASSPSGGSREQYF	TRBV7-9	NA	09/0449	NA	1
CASSPSGGVSDTQYF	TRBV7-6	NA	09/0449	NA	1
CASSPSLAGANTGELFF	TRBV5-1	NA	09/0449	NA	1
CASSPSLVRGTGELFF	TRBV7-3	NA	09/0449	NA	1
CASSPSPRYSNQPQHF	TRBV6-1	NA	09/0449	NA	1
CASSPTAGIEQYF	TRBV7-2	NA	09/0449	NA	1
CASSPTAGLEQYF	TRBV7-2	NA	09/0449	NA	1
CASSPVGAPIYGYTF	TRBV5-1	NA	09/0449	NA	1
CASSPVSGGAYEQYF	TRBV3-1	NA	09/0449	NA	2
CASSPVSGGGYEQYF	TRBV3-1	NA	09/0449	NA	1
CASSQAHDSTYEQYF	TRBV4-1	NA	09/0449	NA	1
CASSQARDRGSRAFF	TRBV3-1	NA	09/0449	NA	1
CASSQARGQVYGYTF	TRBV4-2	NA	09/0449	NA	1
CASSQDALNTEAFF	TRBV3-1	NA	09/0449	NA	1
CASSQDDRSQPQHF	TRBV4-2	NA	09/0449	NA	1
CASSQDGGKGYGYTF	TRBV7-2	NA	09/0449	NA	1
CASSQDGGKSYGYTF	TRBV7-2	NA	09/0449	NA	2
CASSQDGSTGELFF	TRBV4-1	NA	09/0449	NA	1
CASSQDLAGGTQYF	TRBV3-1	NA	09/0449	NA	1
CASSQDLGEAGVF	TRBV4-1	NA	09/0449	NA	2
CASSQDLHPNEQFF	TRBV4-2	NA	09/0449	NA	1
CASSQDLSGGYEQYF	TRBV3-1	NA	09/0449	NA	1
CASSQDPGGYSYNEQFF	TRBV4-1	NA	09/0449	NA	1
CASSQDQGRGGYNEQFF	TRBV4-2	NA	09/0449	NA	1
CASSQDRRETQYF	TRBV4-3	NA	09/0449	NA	1
CASSQDRRSYGYTF	TRBV4-3	NA	09/0449	NA	1
CASSQDSAAGGYGYTF	TRBV4-2	NA	09/0449	NA	1
CASSQDSDSGNTIYF	TRBV4-1	NA	09/0449	NA	1
CASSQDVAGGLQETQYF	TRBV4-3	NA	09/0449	NA	1
CASSQDWAPQGETLFF	TRBV4-2	NA	09/0449	NA	1
CASSQDWATKGVFYTF	TRBV4-2	NA	09/0449	NA	1
CASSQETSAPSSTDTQYF	TRBV4-3	NA	09/0449	NA	1
CASSQEVSGGVQETQYF	TRBV14	NA	09/0449	NA	1
CASSQFEGAGETQYF	TRBV3-1	NA	09/0449	NA	2
CASSQFQGQGDEQDF	TRBV18	NA	09/0449	NA	1
CASSQGGAVTGELFF	TRBV4-1	NA	09/0449	NA	1
CASSQGGGVGAFF	TRBV3-1	NA	09/0449	NA	1
CASSQGGLRSGNTIYF	TRBV4-3	NA	09/0449	NA	1
CASSQGGRETQYF	TRBV4-3	NA	09/0449	NA	1
CASSQGMNTEAFF	TRBV5-4	NA	09/0449	NA	1
CASSQGQGKQPQHF	TRBV3-1	NA	09/0449	NA	1
CASSQGQGNQPQHF	TRBV3-1	NA	09/0449	NA	7
CASSQGQGNQPQQF	TRBV3-1	NA	09/0449	NA	1
CASSQGYADEKLFF	TRBV4-3	NA	09/0449	NA	2
CASSQGYAYEKLFF	TRBV4-3	NA	09/0449	NA	1
CASSQHEMTYSSGYTF	TRBV3-1	NA	09/0449	NA	1
CASSQPRTSGLQFTLTDTQDF	TRBV4-1	NA	09/0449	NA	1
CASSQQDPLAGTQYF	TRBV4-1	NA	09/0449	NA	1
CASSQQGGDTEAFF	TRBV18	NA	09/0449	NA	1
CASSQQTGYQETQYF	TRBV3-1	NA	09/0449	NA	1
CASSQRGLAGYNEQFF	TRBV4-2	NA	09/0449	NA	1
CASSQRGRTNEQFF	TRBV3-1	NA	09/0449	NA	1
CASSQRTESSYNSPIHF	TRBV3-1	NA	09/0449	NA	1
CASSQRTESSYNSPLHF	TRBV3-1	NA	09/0449	NA	1
CASSQTGEFGTDTQYF	TRBV6-6	NA	09/0449	NA	1
CASSQTSGGAADTQYF	TRBV4-1	NA	09/0449	NA	1
CASSQVFLARRAGYLFF	TRBV4-3	NA	09/0449	NA	1
CASSQVHEQFF	TRBV3-1	NA	09/0449	NA	1
CASSQWGETQYF	TRBV4-2	NA	09/0449	NA	1
CASSQYGQGPYEQYF	TRBV4-3	NA	09/0449	NA	1
CASSRDPGTRQNEQFF	TRBV3-1	NA	09/0449	NA	1
CASSRDRVDINSNQPQHF	TRBV6-2	NA	09/0449	NA	1
CASSRDSVNTEAFF	TRBV7-8	NA	09/0449	NA	1
CASSREHGDRGQETQYF	TRBV7-8	NA	09/0449	NA	1
CASSREYGYTF	TRBV3-1	NA	09/0449	NA	1
CASSRGATNYGYTF	TRBV7-8	NA	09/0449	NA	1
CASSRGFEQYF	TRBV4-1	NA	09/0449	NA	1
CASSRGLAGDEQYF	TRBV5-1	NA	09/0449	NA	2
CASSRGTGSRYEKYF	TRBV3-1	NA	09/0449	NA	1
CASSRLERVSGELFF	TRBV19	NA	09/0449	NA	1
CASSRPTVNSPLHF	TRBV27	NA	09/0449	NA	1
CASSRQETQYF	TRBV5-6	NA	09/0449	NA	1
CASSRRDRVGNSPLHF	TRBV27	NA	09/0449	NA	2
CASSRRRGGQGAQYF	TRBV3-1	NA	09/0449	NA	1
CASSRTGGGGYTEAFF	TRBV28	NA	09/0449	NA	1
CASSRWAYERYF	TRBV5-6	NA	09/0449	NA	1
CASSSDPVKGQFF	TRBV5-4	NA	09/0449	NA	1
CASSSFQDTEAFF	TRBV7-8	NA	09/0449	NA	1
CASSSGDRPTSGANVLTF	TRBV7-6	NA	09/0449	NA	1
CASSSGLAGGPAKNIQYF	TRBV5-4	NA	09/0449	NA	5
CASSSGLAGGPAKNSQYF	TRBV5-4	NA	09/0449	NA	1
CASSSGLAGGPAKTIQYF	TRBV5-4	NA	09/0449	NA	1
CASSSGLAGGPGKNIQYF	TRBV5-4	NA	09/0449	NA	1
CASSSGLNTEAFF	TRBV18	NA	09/0449	NA	1
CASSSGQGIYEQYF	TRBV5-1	NA	09/0449	NA	1
CASSSGTWEGEQYF	TRBV7-2	NA	09/0449	NA	1
CASSSGVGALTDTQYF	TRBV7-2	NA	09/0449	NA	1
CASSSLNGYEQYF	TRBV5-1	NA	09/0449	NA	1
CASSSLNRADGYTF	TRBV5-4	NA	09/0449	NA	2
CASSSLSPGQGLHEQFF	TRBV5-1	NA	09/0449	NA	1
CASSSPAGASPDNEQFF	TRBV5-1	NA	09/0449	NA	2
CASSSPLGDVLTF	TRBV19	NA	09/0449	NA	1
CASSSPSTSGRYNEQFF	TRBV7-3	NA	09/0449	NA	2
CASSSRDRNTDTQYF	TRBV5-1	NA	09/0449	NA	1
CASSSRDSNTDTQYF	TRBV5-1	NA	09/0449	NA	2
CASSSRGWGTDTQYF	TRBV6-5	NA	09/0449	NA	1
CASSSRQGANTGELFF	TRBV5-1	NA	09/0449	NA	1
CASSSRRSAGGANVLTF	TRBV5-1	NA	09/0449	NA	1
CASSSRTDNSPLHF	TRBV5-5	NA	09/0449	NA	1
CASSSSGRAGELFF	TRBV7-3	NA	09/0449	NA	3
CASSSSGTGSTEAFF	TRBV5-1	NA	09/0449	NA	1
CASSSSTVGNQPQHF	TRBV27	NA	09/0449	NA	1
CASSSTAGLEQYF	TRBV7-2	NA	09/0449	NA	4
CASSSTDQPQHF	TRBV28	NA	09/0449	NA	1
CASSSTSGAQFF	TRBV5-6	NA	09/0449	NA	1
CASSSTSGGAGETQYF	TRBV13	NA	09/0449	NA	1
CASSTDRDSFNEQFF	TRBV18	NA	09/0449	NA	1
CASSTGGYNSPLHF	TRBV4-3	NA	09/0449	NA	1
CASSTGTSGSLDEQFF	TRBV5-1	NA	09/0449	NA	2
CASSTLQRYKADTQYF	TRBV7-9	NA	09/0449	NA	1
CASSTMRQGYTEAFF	TRBV27	NA	09/0449	NA	1
CASSTPDNNRFF	TRBV5-1	NA	09/0449	NA	1
CASSTPGQGAKEQYF	TRBV28	NA	09/0449	NA	1
CASSVAPGPGNEAQHF	TRBV7-2	NA	09/0449	NA	1
CASSVATAGGFNEQFF	TRBV5-5	NA	09/0449	NA	1
CASSVGAGGTSTDTQYF	TRBV9	NA	09/0449	NA	1
CASSVGGPGANVLTF	TRBV9	NA	09/0449	NA	3
CASSVGGRNEKLFF	TRBV9	NA	09/0449	NA	1
CASSVGQPYHEQFF	TRBV5-1	NA	09/0449	NA	1
CASSVGRAYYEQYF	TRBV27	NA	09/0449	NA	1
CASSVNRRDTQYF	TRBV12-3	NA	09/0449	NA	1
CASSVPAGGGSNEHFF	TRBV9	NA	09/0449	NA	1
CASSVQIGVNSPLHF	TRBV5-5	NA	09/0449	NA	1
CASSVQVDNEASF	TRBV2	NA	09/0449	NA	1
CASSVYQETQYF	TRBV5-4	NA	09/0449	NA	2
CASSVYRDREAYGYTF	TRBV5-5	NA	09/0449	NA	1
CASSVYTAGGPTDTQYF	TRBV27	NA	09/0449	NA	1
CASSWALAGAGEKFF	TRBV5-8	NA	09/0449	NA	1
CASSWRDAIQYF	TRBV7-6	NA	09/0449	NA	1
CASSYGQGKSEQFF	TRBV7-2	NA	09/0449	NA	1
CASSYGWGGGYTF	TRBV6-6	NA	09/0449	NA	1
CASSYMGETQYF	TRBV11-2	NA	09/0449	NA	1
CASSYRDRGRRGYTF	TRBV27	NA	09/0449	NA	1
CASSYRGLAKGSSYEQYF	TRBV6-5	NA	09/0449	NA	1
CASSYRRGQLPQHF	TRBV12-3	NA	09/0449	NA	1
CASSYSQERGTVTEAFF	TRBV6-2	NA	09/0449	NA	1
CASSYSSGNTIYF	TRBV7-9	NA	09/0449	NA	1
CASSYSSGRGGETQYF	TRBV28	NA	09/0449	NA	1
CASSYTNPGQGPYGYTF	TRBV6-5	NA	09/0449	NA	1
CASSYVSSARGEHSHLRF	TRBV6-6	NA	09/0449	NA	1
CASSYYGSNQHQHF	TRBV7-2	NA	09/0449	NA	1
CASTFRQGEAYYGYTF	TRBV6-2	NA	09/0449	NA	1
CASTGGQVDNSPLHF	TRBV4-2	NA	09/0449	NA	1
CASTLGGGVSDTQYF	TRBV7-2	NA	09/0449	NA	1
CASTLGGGVSGHTQYF	TRBV7-2	NA	09/0449	NA	1
CASTLSTDTQYF	TRBV28	NA	09/0449	NA	1
CASTPSGGAETQYF	TRBV7-8	NA	09/0449	NA	1
CASTPSPGTGRFYNEQFF	TRBV28	NA	09/0449	NA	1
CASTPTHGVRQGMNTEAFF	TRBV25-1	NA	09/0449	NA	1
CASTRGQGSNEQYF	TRBV6-1	NA	09/0449	NA	1
CASTRTEANTEAFF	TRBV5-4	NA	09/0449	NA	1
CASTTGTGYYEQYF	TRBV5-1	NA	09/0449	NA	1
CASTVGSRGGRPEQFF	TRBV7-2	NA	09/0449	NA	1
CASVPRDGSTGGDGYIF	TRBV7-9	NA	09/0449	NA	1
CATADTGRQPQHF	TRBV6-2	NA	09/0449	NA	1
CATCVPSPDRGRTDTQYF	TRBV27	NA	09/0449	NA	1
CATGGGGTSIHGYTF	TRBV19	NA	09/0449	NA	1
CATKTGGNTEAFF	TRBV19	NA	09/0449	NA	1
CATMADTDTQYF	TRBV10-3	NA	09/0449	NA	1
CATQKWVLNNQPQHF	TRBV15	NA	09/0449	NA	1
CATRDRLNTEAFF	TRBV2	NA	09/0449	NA	2
CATRHVLAGPHNDQFF	TRBV10-3	NA	09/0449	NA	1
CATRRGASTDTQYF	TRBV7-2	NA	09/0449	NA	1
CATSAGGGGSYKEQFF	TRBV10-3	NA	09/0449	NA	1
CATSDPDPGGGTDTQYF	TRBV24-1	NA	09/0449	NA	1
CATSDPLGFGSTDTQYF	TRBV24-1	NA	09/0449	NA	1
CATSDSYEDIQYF	TRBV24-1	NA	09/0449	NA	2
CATSDSYEYIQYF	TRBV24-1	NA	09/0449	NA	1
CATSGGTDTQYF	TRBV15	NA	09/0449	NA	1
CATSGTGRGYTF	TRBV24-1	NA	09/0449	NA	2
CATSGTTENAYNEQFF	TRBV15	NA	09/0449	NA	2
CATSLEANTGELFF	TRBV24-1	NA	09/0449	NA	1
CATSNRTGAKNTGELFF	TRBV15	NA	09/0449	NA	4
CATSRDRNTIYF	TRBV15	NA	09/0449	NA	2
CATSRDTDQPQHF	TRBV15	NA	09/0449	NA	1
CATSREAPGRYYEQFF	TRBV15	NA	09/0449	NA	1
CATSRGHMISYNGQFF	TRBV15	NA	09/0449	NA	1
CATSRGIGGETNQPQHF	TRBV15	NA	09/0449	NA	2
CATSRGWNGQNEQYF	TRBV15	NA	09/0449	NA	2
CATSRTMGGGYGYTF	TRBV15	NA	09/0449	NA	1
CATSSERPGAYNEQFF	TRBV15	NA	09/0449	NA	2
CATSSERPGAYNGQFF	TRBV15	NA	09/0449	NA	1
CATSSERTGAYNEQFF	TRBV15	NA	09/0449	NA	1
CATSSGRRTDTQYF	TRBV15	NA	09/0449	NA	1
CATSSGRSTDTQYF	TRBV15	NA	09/0449	NA	1
CATSTGRSTDTQYF	TRBV15	NA	09/0449	NA	3
CAWAGHTHQPQHF	TRBV30	NA	09/0449	NA	1
CAWAGHTNQPQHF	TRBV30	NA	09/0449	NA	4
CAWAGQTNQPQHF	TRBV30	NA	09/0449	NA	1
CAWKADSYEQYF	TRBV30	NA	09/0449	NA	1
CAWKTASYGQYF	TRBV30	NA	09/0449	NA	1
CAWKTDAYEQYF	TRBV30	NA	09/0449	NA	1
CAWKTDSDEQYF	TRBV30	NA	09/0449	NA	2
CAWKTDSYEQYF	TRBV30	NA	09/0449	NA	9
CAWRGAGRVGKQPIYF	TRBV30	NA	09/0449	NA	1
CAWSAGGTAYNEQFF	TRBV30	NA	09/0449	NA	1
CAWSAPGRETQYF	TRBV30	NA	09/0449	NA	1
CAWSGRAGGETQYF	TRBV30	NA	09/0449	NA	1
CAWSPPTSGQPPHF	TRBV30	NA	09/0449	NA	1
CAWSVGSEAFF	TRBV30	NA	09/0449	NA	1
CAWSVSGAKPQHF	TRBV30	NA	09/0449	NA	1
CCARIPGGGWDTDTQYF	TRBV20-1	NA	09/0449	NA	1
CDSRCRLKTWTDTQYF	TRBV11-2	NA	09/0449	NA	1
CDSSLRGRKENKYF	TRBV7-2	NA	09/0449	NA	1
CDSSVALGGAGEQFF	TRBV5-4	NA	09/0449	NA	1
CDSSVEELEGGGFETQYF	TRBV9	NA	09/0449	NA	1
CGAGSAGGGGDTDTQYF	TRBV20-1	NA	09/0449	NA	1
CGAGVRGGGGDTDTQYF	TRBV20-1	NA	09/0449	NA	1
CGARDRRGDNEQFF	TRBV20-1	NA	09/0449	NA	1
CGARHPGGGGYTDTQYF	TRBV20-1	NA	09/0449	NA	1
CGARIRGGGGDTDTQYF	TRBV20-1	NA	09/0449	NA	1
CGARIRGVGGDTDTQYF	TRBV20-1	NA	09/0449	NA	1
CGARVAREYYEQYF	TRBV20-1	NA	09/0449	NA	1
CGARVEYAQFF	TRBV20-1	NA	09/0449	NA	1
CGGRRRGGGGDTDTQYF	TRBV20-1	NA	09/0449	NA	1
CGSRPGGSGKTIYF	TRBV28	NA	09/0449	NA	1
CGSSGSDEHSQYF	TRBV5-6	NA	09/0449	NA	1
CGSSLGGPSPLTQYF	TRBV7-2	NA	09/0449	NA	1
CGSSSTAGLEQYF	TRBV7-2	NA	09/0449	NA	1
CGSSWGDRRGEGYTF	TRBV5-5	NA	09/0449	NA	1
CIARDSGGGTDTQYF	TRBV20-1	NA	09/0449	NA	1
CMAKDRAEAFF	TRBV20-1	NA	09/0449	NA	1
CPSSQGYADEKLFF	TRBV4-3	NA	09/0449	NA	1
CRAEPRDTQYF	TRBV20-1	NA	09/0449	NA	1
CRAGDGGGDSYEQYF	TRBV20-1	NA	09/0449	NA	1
CRAGSPGGGGDTDTQYF	TRBV20-1	NA	09/0449	NA	1
CRARASGGAKHIQYF	TRBV20-1	NA	09/0449	NA	1
CRARDNRYEQYF	TRBV20-1	NA	09/0449	NA	1
CRARDPRGDNEQLF	TRBV20-1	NA	09/0449	NA	1
CRARGTVHEQYF	TRBV20-1	NA	09/0449	NA	1
CRARIRGGGGDTDTQYF	TRBV20-1	NA	09/0449	NA	1
CRARMASGDQETQYF	TRBV20-1	NA	09/0449	NA	1
CRARSPGGGGDTDTQYF	TRBV20-1	NA	09/0449	NA	1
CRARWRGGGGDTDTQYF	TRBV20-1	NA	09/0449	NA	1
CRATRGRAKEQFF	TRBV20-1	NA	09/0449	NA	1
CRATSGGANEQFF	TRBV20-1	NA	09/0449	NA	1
CRATSGRAKEQFF	TRBV20-1	NA	09/0449	NA	1
CRGVSAFGGYTF	TRBV20-1	NA	09/0449	NA	1
CRSPLARGASTVTQYF	TRBV20-1	NA	09/0449	NA	1
CSAARDRNTGELFF	TRBV20-1	NA	09/0449	NA	1
CSAARQTSGRQGEQFF	TRBV20-1	NA	09/0449	NA	1
CSACVGLELRYNEQFF	TRBV20-1	NA	09/0449	NA	1
CSADRGYLDGYTF	TRBV29-1	NA	09/0449	NA	1
CSAEPRDTPYF	TRBV20-1	NA	09/0449	NA	1
CSAFGTSGAARETQYF	TRBV20-1	NA	09/0449	NA	1
CSAFSFHSNQPQHF	TRBV20-1	NA	09/0449	NA	1
CSAGADLQAQYF	TRBV29-1	NA	09/0449	NA	1
CSAGFQETQYF	TRBV20-1	NA	09/0449	NA	1
CSAGLTRAKNMQYF	TRBV20-1	NA	09/0449	NA	1
CSAGQGTSHSSYEQYF	TRBV29-1	NA	09/0449	NA	1
CSAGTGGAKNIQYF	TRBV20-1	NA	09/0449	NA	1
CSAGTGGVENIEQYF	TRBV20-1	NA	09/0449	NA	1
CSAIGLTLGDEQFF	TRBV20-1	NA	09/0449	NA	2
CSAISGGALEQFF	TRBV20-1	NA	09/0449	NA	1
CSAKSSHGGDTQDF	TRBV20-1	NA	09/0449	NA	1
CSALGGSYNEQFF	TRBV20-1	NA	09/0449	NA	3
CSALGSSGTYEQYF	TRBV20-1	NA	09/0449	NA	1
CSALGTSGTYEQYF	TRBV20-1	NA	09/0449	NA	3
CSALHRASNEKLFF	TRBV20-1	NA	09/0449	NA	1
CSALLAGAVYNEQFF	TRBV20-1	NA	09/0449	NA	1
CSALNPGQNYEQYF	TRBV20-1	NA	09/0449	NA	1
CSALPGETQYF	TRBV20-1	NA	09/0449	NA	1
CSALSNLGTDTQYF	TRBV20-1	NA	09/0449	NA	1
CSANELRAGLRNEKLFF	TRBV20-1	NA	09/0449	NA	1
CSANRVNTEAFF	TRBV20-1	NA	09/0449	NA	1
CSAPDTLGSYEQYF	TRBV20-1	NA	09/0449	NA	2
CSAPGAFNYGYTF	TRBV20-1	NA	09/0449	NA	3
CSAPGLYNYGYTF	TRBV20-1	NA	09/0449	NA	2
CSAPIPKTGRATEAFF	TRBV20-1	NA	09/0449	NA	1
CSAPNRGVGTSEQFF	TRBV20-1	NA	09/0449	NA	2
CSAPPRAGRNSPLHF	TRBV20-1	NA	09/0449	NA	2
CSAPRTGPHTGELFF	TRBV20-1	NA	09/0449	NA	1
CSAPSGGNTGELFF	TRBV20-1	NA	09/0449	NA	1
CSAPSGTRVSPLHF	TRBV20-1	NA	09/0449	NA	1
CSAQLPTSQETQYF	TRBV20-1	NA	09/0449	NA	3
CSAQSGPGHPQHF	TRBV20-1	NA	09/0449	NA	1
CSAQSPGGFGGKNIQYF	TRBV20-1	NA	09/0449	NA	1
CSARAHSGVVQETQYF	TRBV20-1	NA	09/0449	NA	1
CSARALHTDTQYF	TRBV20-1	NA	09/0449	NA	1
CSARAQGNTQYF	TRBV20-1	NA	09/0449	NA	1
CSARAYEQGTHEKLFF	TRBV20-1	NA	09/0449	NA	1
CSARDAQRGGSGDTQYF	TRBV20-1	NA	09/0449	NA	1
CSARDCNDRADTQYF	TRBV20-1	NA	09/0449	NA	1
CSARDFNDRADTQYF	TRBV20-1	NA	09/0449	NA	1
CSARDGKARETQYF	TRBV20-1	NA	09/0449	NA	1
CSARDLRGVLLEAFF	TRBV20-1	NA	09/0449	NA	1
CSARDNRYEQYF	TRBV20-1	NA	09/0449	NA	2
CSARDNSGPTGTEAFF	TRBV20-1	NA	09/0449	NA	1
CSARDPDRGAPDTQYF	TRBV20-1	NA	09/0449	NA	1
CSARDPGGPTDTQYF	TRBV20-1	NA	09/0449	NA	2
CSARDPGGVSNEQFF	TRBV20-1	NA	09/0449	NA	2
CSARDPIYGQGSTEAFF	TRBV20-1	NA	09/0449	NA	1
CSARDPQLTDTQYF	TRBV20-1	NA	09/0449	NA	1
CSARDPRGDNEQFF	TRBV20-1	NA	09/0449	NA	2
CSARDPSTGLRGELFF	TRBV20-1	NA	09/0449	NA	1
CSARDPSTGLRGELVF	TRBV20-1	NA	09/0449	NA	1
CSARDQDRDYLYNEQFF	TRBV20-1	NA	09/0449	NA	1
CSARDQGQGDTGELFF	TRBV20-1	NA	09/0449	NA	1
CSARDQGREGDTGELFF	TRBV20-1	NA	09/0449	NA	1
CSARDQQGNYGYTF	TRBV20-1	NA	09/0449	NA	1
CSARDQVWDSPLHF	TRBV20-1	NA	09/0449	NA	3
CSARDRASTEAFF	TRBV20-1	NA	09/0449	NA	1
CSARDRDSYEQYF	TRBV20-1	NA	09/0449	NA	1
CSARDRRNTGELFF	TRBV20-1	NA	09/0449	NA	1
CSARDRSSYGYTF	TRBV20-1	NA	09/0449	NA	1
CSARDRTGFSYEQYF	TRBV20-1	NA	09/0449	NA	1
CSARDSAGEVTEAFF	TRBV20-1	NA	09/0449	NA	1
CSARDSGGAKNIQYF	TRBV20-1	NA	09/0449	NA	3
CSARDWASGKGDTQYF	TRBV20-1	NA	09/0449	NA	1
CSAREEGRGNQPQHF	TRBV20-1	NA	09/0449	NA	1
CSAREGQGIYEQYF	TRBV20-1	NA	09/0449	NA	1
CSAREGRQQETQYF	TRBV20-1	NA	09/0449	NA	1
CSAREQGNEQFF	TRBV20-1	NA	09/0449	NA	1
CSARGAEGLVANEKLFF	TRBV20-1	NA	09/0449	NA	1
CSARGAGREGYTF	TRBV20-1	NA	09/0449	NA	1
CSARGAPVTSPETQYF	TRBV20-1	NA	09/0449	NA	1
CSARGFSSSGLTSTDTQYF	TRBV20-1	NA	09/0449	NA	1
CSARGGGASTEAFF	TRBV20-1	NA	09/0449	NA	1
CSARGGPTDTQYF	TRBV20-1	NA	09/0449	NA	1
CSARGGRGYNSHLHF	TRBV20-1	NA	09/0449	NA	1
CSARGGSITGELFF	TRBV20-1	NA	09/0449	NA	1
CSARGGVGQPQHF	TRBV20-1	NA	09/0449	NA	1
CSARGLASTYEQYF	TRBV20-1	NA	09/0449	NA	2
CSARGLLASGARTPPGTQYF	TRBV20-1	NA	09/0449	NA	1
CSARGLVSGEQFF	TRBV20-1	NA	09/0449	NA	1
CSARGNRVTGELFF	TRBV20-1	NA	09/0449	NA	1
CSARGRGDTDTQYF	TRBV20-1	NA	09/0449	NA	1
CSARGSAFSNQPQHF	TRBV20-1	NA	09/0449	NA	1
CSARGTIHEQFF	TRBV20-1	NA	09/0449	NA	1
CSARGTVHEQYF	TRBV20-1	NA	09/0449	NA	4
CSARIPGGGGDTDTQYF	TRBV20-1	NA	09/0449	NA	3
CSARIRGGGGDTDTQYF	TRBV20-1	NA	09/0449	NA	1
CSARKKGKLFF	TRBV20-1	NA	09/0449	NA	1
CSARKTGKLFF	TRBV20-1	NA	09/0449	NA	2
CSARLSGTSPLHF	TRBV20-1	NA	09/0449	NA	1
CSARMASGDQETQYF	TRBV20-1	NA	09/0449	NA	1
CSARNGLAGDGYTF	TRBV20-1	NA	09/0449	NA	1
CSARNPDAQYF	TRBV20-1	NA	09/0449	NA	1
CSARNPTGEAFF	TRBV20-1	NA	09/0449	NA	3
CSARNRGLPGPGVRETQYF	TRBV20-1	NA	09/0449	NA	1
CSARPGTHSNQRQHF	TRBV20-1	NA	09/0449	NA	1
CSARPSGAGETQYF	TRBV20-1	NA	09/0449	NA	1
CSARRGDTMSTDTQYF	TRBV20-1	NA	09/0449	NA	1
CSARRGQVNF	TRBV20-1	NA	09/0449	NA	2
CSARRIGGGSTGELFF	TRBV20-1	NA	09/0449	NA	1
CSARRPGTGGGYPF	TRBV20-1	NA	09/0449	NA	1
CSARRPGTGGGYTF	TRBV20-1	NA	09/0449	NA	2
CSARRSGTSPLHF	TRBV20-1	NA	09/0449	NA	1
CSARSSGDYNEQFF	TRBV20-1	NA	09/0449	NA	1
CSARSSYNSPLHF	TRBV29-1	NA	09/0449	NA	3
CSARSTTNSDTQYF	TRBV20-1	NA	09/0449	NA	1
CSARSVRQWNTEAFF	TRBV20-1	NA	09/0449	NA	2
CSARSWVGQGADGYTF	TRBV20-1	NA	09/0449	NA	1
CSARTGLAGLQETQYF	TRBV20-1	NA	09/0449	NA	1
CSARTPSSSADTQYF	TRBV20-1	NA	09/0449	NA	1
CSARTSGGETQYF	TRBV20-1	NA	09/0449	NA	1
CSARTSGGGSYNEQFF	TRBV20-1	NA	09/0449	NA	1
CSARTSGGSSYNEQFF	TRBV20-1	NA	09/0449	NA	1
CSARTSGNTGELFF	TRBV20-1	NA	09/0449	NA	1
CSARVGLELRYDEQFF	TRBV20-1	NA	09/0449	NA	1
CSARVGLELRYNEQFF	TRBV20-1	NA	09/0449	NA	1
CSARVGRAANTQYF	TRBV20-1	NA	09/0449	NA	1
CSARVPGGGGDTDTQYF	TRBV20-1	NA	09/0449	NA	1
CSARVQGRTDTQYF	TRBV20-1	NA	09/0449	NA	1
CSARVRLTSYEQYF	TRBV20-1	NA	09/0449	NA	1
CSARVTGGEGYGYTF	TRBV20-1	NA	09/0449	NA	1
CSARVTSLYEQYF	TRBV20-1	NA	09/0449	NA	1
CSARYNEQFF	TRBV20-1	NA	09/0449	NA	1
CSASAGHARGEYTF	TRBV20-1	NA	09/0449	NA	1
CSASDRANTGELFF	TRBV20-1	NA	09/0449	NA	1
CSASEQPYEQYF	TRBV20-1	NA	09/0449	NA	1
CSASGAGKAPYNEQFF	TRBV20-1	NA	09/0449	NA	1
CSASGFSGSGLTSMDTQYF	TRBV20-1	NA	09/0449	NA	1
CSASGFTYEQYF	TRBV20-1	NA	09/0449	NA	2
CSASGGATSDEQCF	TRBV20-1	NA	09/0449	NA	1
CSASGGINEQFF	TRBV20-1	NA	09/0449	NA	1
CSASGLDNPATGELFF	TRBV20-1	NA	09/0449	NA	1
CSASGLDNPSTGELFF	TRBV20-1	NA	09/0449	NA	2
CSASGLRGGLGNGELFF	TRBV20-1	NA	09/0449	NA	1
CSASGSGRRGTGELFF	TRBV20-1	NA	09/0449	NA	2
CSASGSQSFTEAFF	TRBV20-1	NA	09/0449	NA	1
CSASLPAAVDKDTQYF	TRBV20-1	NA	09/0449	NA	1
CSASLPTGELFF	TRBV20-1	NA	09/0449	NA	3
CSASLPTGEQFF	TRBV20-1	NA	09/0449	NA	1
CSASNRDEQYF	TRBV20-1	NA	09/0449	NA	1
CSASNRQGETDTQYF	TRBV20-1	NA	09/0449	NA	1
CSASPQRDTIYF	TRBV20-1	NA	09/0449	NA	1
CSASPQRETIYF	TRBV20-1	NA	09/0449	NA	1
CSASRGAFQETQYF	TRBV20-1	NA	09/0449	NA	2
CSASRPGAGANVLTF	TRBV29-1	NA	09/0449	NA	1
CSASRQEQYF	TRBV20-1	NA	09/0449	NA	1
CSASRSGGVYEQYF	TRBV20-1	NA	09/0449	NA	1
CSASSSYEHYF	TRBV20-1	NA	09/0449	NA	1
CSASSSYEQYF	TRBV20-1	NA	09/0449	NA	1
CSASTDTQYF	TRBV20-1	NA	09/0449	NA	1
CSASTGPTGCAYGYTF	TRBV20-1	NA	09/0449	NA	1
CSASTTSGINNEQFF	TRBV20-1	NA	09/0449	NA	1
CSASTYAGANALTF	TRBV20-1	NA	09/0449	NA	1
CSASTYSGANDLTF	TRBV20-1	NA	09/0449	NA	1
CSASTYSGANVLTF	TRBV20-1	NA	09/0449	NA	9
CSASVSPGHDYGYTF	TRBV20-1	NA	09/0449	NA	2
CSATAFGGRGMNTEAFF	TRBV20-1	NA	09/0449	NA	1
CSATGDRGGYSNQPQHF	TRBV20-1	NA	09/0449	NA	1
CSATGGVYEQYF	TRBV20-1	NA	09/0449	NA	2
CSATPGLAGGETQYF	TRBV20-1	NA	09/0449	NA	1
CSATPTGAYNEQFF	TRBV20-1	NA	09/0449	NA	1
CSATRGSTDTQYF	TRBV20-1	NA	09/0449	NA	1
CSATRQGVSQETQYF	TRBV20-1	NA	09/0449	NA	1
CSATRRERSDTEAFF	TRBV20-1	NA	09/0449	NA	1
CSATSLHLRDSLYTQYF	TRBV20-1	NA	09/0449	NA	2
CSATTENDEKLFF	TRBV20-1	NA	09/0449	NA	1
CSATTTSGANVLTF	TRBV20-1	NA	09/0449	NA	1
CSATVLAGTQYF	TRBV20-1	NA	09/0449	NA	1
CSAVRQIDGYTF	TRBV20-1	NA	09/0449	NA	1
CSAVTSLGGYTF	TRBV20-1	NA	09/0449	NA	1
CSCVAGALETQYF	TRBV20-1	NA	09/0449	NA	1
CSDRDSQGASREAFF	TRBV20-1	NA	09/0449	NA	1
CSDRSRGGGGDTDTQYF	TRBV20-1	NA	09/0449	NA	1
CSGARAGSSYNEQFF	TRBV29-1	NA	09/0449	NA	1
CSGASRGVGTSEQFF	TRBV20-1	NA	09/0449	NA	1
CSGCLRVPQEKLFF	TRBV29-1	NA	09/0449	NA	1
CSGGAGRAKNIQYF	TRBV20-1	NA	09/0449	NA	2
CSGGAGRAKNMQYF	TRBV20-1	NA	09/0449	NA	1
CSGPGQGITEAFF	TRBV20-1	NA	09/0449	NA	1
CSGPRQVITEAFF	TRBV20-1	NA	09/0449	NA	1
CSGRAPGPAGYNEQFF	TRBV20-1	NA	09/0449	NA	1
CSGRDNSGPTGTEAFF	TRBV20-1	NA	09/0449	NA	1
CSGRSPGGGGDTDTQYF	TRBV20-1	NA	09/0449	NA	1
CSGSTGGGTYGYTF	TRBV20-1	NA	09/0449	NA	1
CSKSSGGTDTQYF	TRBV20-1	NA	09/0449	NA	1
CSPRIPGRSGDTDPQYF	TRBV20-1	NA	09/0449	NA	1
CSPVGTSGGAAKNIQYF	TRBV20-1	NA	09/0449	NA	1
CSSGRGFNTEAFF	TRBV20-1	NA	09/0449	NA	1
CSSQFRDFSYNGPFF	TRBV2	NA	09/0449	NA	1
CSSRDRVWDSPLHF	TRBV20-1	NA	09/0449	NA	1
CSSSLETGKEYQPQHF	TRBV7-2	NA	09/0449	NA	1
CSSSPEGTARNYGYTF	TRBV4-1	NA	09/0449	NA	1
CSTGRRPTGELFF	TRBV20-1	NA	09/0449	NA	3
CSTRRPAGGGAGEMQYF	TRBV20-1	NA	09/0449	NA	1
CSVALAGSSYNEQFF	TRBV29-1	NA	09/0449	NA	2
CSVALDTPYGYTF	TRBV20-1	NA	09/0449	NA	1
CSVARGTEAFF	TRBV29-1	NA	09/0449	NA	2
CSVATGILNEKLFF	TRBV29-1	NA	09/0449	NA	1
CSVATSSSGANVLTF	TRBV29-1	NA	09/0449	NA	1
CSVAWGGDNEQFF	TRBV29-1	NA	09/0449	NA	1
CSVDVGTGETQYF	TRBV29-1	NA	09/0449	NA	3
CSVEAFPRDYRRKADTQYF	TRBV29-1	NA	09/0449	NA	2
CSVEDSQISGKGETQYF	TRBV29-1	NA	09/0449	NA	1
CSVEEEGRATETFF	TRBV29-1	NA	09/0449	NA	1
CSVEEGRGTDTQYF	TRBV29-1	NA	09/0449	NA	1
CSVEGGTGGSNEQFF	TRBV29-1	NA	09/0449	NA	1
CSVEGYHGYTF	TRBV29-1	NA	09/0449	NA	1
CSVEPRGGAWNEPFF	TRBV29-1	NA	09/0449	NA	1
CSVERTGGIDEQFF	TRBV29-1	NA	09/0449	NA	1
CSVETWNTEAFF	TRBV29-1	NA	09/0449	NA	1
CSVGGKNYGYTF	TRBV20-1	NA	09/0449	NA	9
CSVGNGRDTEAFF	TRBV29-1	NA	09/0449	NA	1
CSVGRTTYEQYF	TRBV29-1	NA	09/0449	NA	1
CSVGTRIHNEQFF	TRBV29-1	NA	09/0449	NA	1
CSVGVGTGETQYF	TRBV29-1	NA	09/0449	NA	1
CSVIQVRGTEAFF	TRBV29-1	NA	09/0449	NA	1
CSVLGGRGDGTEAFF	TRBV29-1	NA	09/0449	NA	1
CSVPRPREDKQYF	TRBV29-1	NA	09/0449	NA	1
CSVRAKLTGTEAFF	TRBV29-1	NA	09/0449	NA	1
CSVRDTGSTEAFF	TRBV20-1	NA	09/0449	NA	1
CSVRLRGGGGDTDTQYF	TRBV20-1	NA	09/0449	NA	1
CSVRRESQETQYF	TRBV29-1	NA	09/0449	NA	1
CSVRSGGTAYEQYF	TRBV10-3	NA	09/0449	NA	1
CSVSLTGFQETQYF	TRBV29-1	NA	09/0449	NA	1
CSVTNRDGPQHF	TRBV29-1	NA	09/0449	NA	1
CSVVGRPGDTQYF	TRBV29-1	NA	09/0449	NA	1
CSVVLLANTGELFF	TRBV29-1	NA	09/0449	NA	1
CSVVRGTGPPNTEAFF	TRBV29-1	NA	09/0449	NA	2
CSYSRRGPSTEAFF	TRBV29-1	NA	09/0449	NA	1
CTSIPRWETQYF	TRBV1	NA	09/0449	NA	1
CTSSFTGLAGYNEQIF	TRBV7-2	NA	09/0449	NA	1
CTSSSPGQGLSYEQYF	TRBV5-1	NA	09/0449	NA	1
CVARVRGGGGDTDTQYF	TRBV20-1	NA	09/0449	NA	1
CVSGLESECYRTYGYTF	TRBV7-2	NA	09/0449	NA	1
CVSRLATRNQPQHF	TRBV7-9	NA	09/0449	NA	1
CVSSLGPGWVTQYF	TRBV7-2	NA	09/0449	NA	1
CASATSPLTDTQYF	TRBV19	NA	09/0547	NA	1
CASGSHRNIQYF	TRBV27	NA	09/0547	NA	1
CASKGTGGSNQPQHF	TRBV27	NA	09/0547	NA	1
CASRGQAIDEQFF	TRBV6-1	NA	09/0547	NA	2
CASRPEIGELFF	TRBV5-1	NA	09/0547	NA	1
CASRQGRYGYTF	TRBV28	NA	09/0547	NA	1
CASRRQGSDEQYF	TRBV5-4	NA	09/0547	NA	3
CASRRTGAEAFF	TRBV6-5	NA	09/0547	NA	1
CASRSLDEQFF	TRBV12-4	NA	09/0547	NA	3
CASSATTGSYEQYF	TRBV3-1	NA	09/0547	NA	1
CASSDRRQETQYF	TRBV25-1	NA	09/0547	NA	28
CASSDTVVNQPQHF	TRBV7-8	NA	09/0547	NA	1
CASSEALGTGISREKLFF	TRBV2	NA	09/0547	NA	1
CASSEPGASNTGELFF	TRBV6-1	NA	09/0547	NA	1
CASSERREQFF	TRBV7-2	NA	09/0547	NA	1
CASSESLPSSGANVLTF	TRBV10-2	NA	09/0547	NA	1
CASSETSGQFF	TRBV11-2	NA	09/0547	NA	3
CASSETTGPRYYTF	TRBV10-2	NA	09/0547	NA	1
CASSEYVRGELSGNTIYF	TRBV25-1	NA	09/0547	NA	1
CASSFAERNQPQHF	TRBV28	NA	09/0547	NA	1
CASSFRGLGEAFF	TRBV5-1	NA	09/0547	NA	1
CASSGVQGTTGELFF	TRBV2	NA	09/0547	NA	1
CASSKTQGTYEQYF	TRBV7-9	NA	09/0547	NA	1
CASSLDDRDYGYTF	TRBV5-1	NA	09/0547	NA	1
CASSLDGQGAQPQHF	TRBV11-2	NA	09/0547	NA	1
CASSLEGPLNTEAFF	TRBV5-1	NA	09/0547	NA	1
CASSLEQGNEQFF	TRBV7-2	NA	09/0547	NA	1
CASSLFVTPRQGKNTEAFF	TRBV5-5	NA	09/0547	NA	1
CASSLGGSGEKLFF	TRBV11-2	NA	09/0547	NA	1
CASSLGLAKNSPLHF	TRBV7-2	NA	09/0547	NA	1
CASSLGLALYNEQFF	TRBV6-6	NA	09/0547	NA	1
CASSLGQIQETQYF	TRBV5-6	NA	09/0547	NA	1
CASSLLAGIYNEQFF	TRBV5-1	NA	09/0547	NA	1
CASSLMAGGQETQYF	TRBV7-2	NA	09/0547	NA	15
CASSLPSSGVLYEQYF	TRBV6-2	NA	09/0547	NA	1
CASSLQEFYNEQFF	TRBV27	NA	09/0547	NA	4
CASSLQGAAEKLFF	TRBV5-4	NA	09/0547	NA	2
CASSLRGQGANEKLFF	TRBV7-2	NA	09/0547	NA	1
CASSLRLAGELFF	TRBV7-2	NA	09/0547	NA	1
CASSLSYEQYF	TRBV5-6	NA	09/0547	NA	1
CASSLTQTQYF	TRBV11-2	NA	09/0547	NA	2
CASSLTYEQYF	TRBV11-2	NA	09/0547	NA	5
CASSLVLSGIPSNYGYTF	TRBV12-3	NA	09/0547	NA	1
CASSLVPENNQPQHF	TRBV7-8	NA	09/0547	NA	1
CASSLWGQPQHF	TRBV12-3	NA	09/0547	NA	3
CASSPGLAGVGEQFF	TRBV18	NA	09/0547	NA	1
CASSPIAGANTGELFF	TRBV11-2	NA	09/0547	NA	2
CASSPILGLSSYEQYF	TRBV5-1	NA	09/0547	NA	1
CASSPPPTGQTEAFF	TRBV6-5	NA	09/0547	NA	3
CASSPSAGLAGDTGELFF	TRBV18	NA	09/0547	NA	3
CASSPSTGQGRNEQFF	TRBV18	NA	09/0547	NA	2
CASSPWTSGDNEQFF	TRBV12-3	NA	09/0547	NA	1
CASSQARGTGGLFF	TRBV4-2	NA	09/0547	NA	1
CASSQDAFGDQPQHF	TRBV4-1	NA	09/0547	NA	1
CASSQDRLGISLYTGELFF	TRBV4-1	NA	09/0547	NA	2
CASSQEGTGPNQPQHF	TRBV4-1	NA	09/0547	NA	1
CASSQGAGGNTEAFF	TRBV3-1	NA	09/0547	NA	5
CASSQGQGHEQYF	TRBV6-2	NA	09/0547	NA	1
CASSQGRKDQVSGNTIYF	TRBV3-1	NA	09/0547	NA	2
CASSQGRSGGADTQYF	TRBV4-2	NA	09/0547	NA	4
CASSQPQSSGANVLTF	TRBV14	NA	09/0547	NA	1
CASSQQGAAGYNEQFF	TRBV3-1	NA	09/0547	NA	2
CASSQRRGETQYF	TRBV4-2	NA	09/0547	NA	2
CASSQVIVPHHSYEQYF	TRBV4-1	NA	09/0547	NA	1
CASSQVQGPGELFF	TRBV5-1	NA	09/0547	NA	5
CASSRGENYSNQPQHF	TRBV6-2	NA	09/0547	NA	2
CASSRISSVQETQYF	TRBV5-1	NA	09/0547	NA	2
CASSRPGTGPNTEAFF	TRBV6-5	NA	09/0547	NA	1
CASSRQGADEQYF	TRBV5-4	NA	09/0547	NA	2
CASSRQGSTDTQYF	TRBV5-4	NA	09/0547	NA	7
CASSSLPAGLHSTDTQYF	TRBV7-6	NA	09/0547	NA	1
CASSSPGTGIYEQYF	TRBV6-5	NA	09/0547	NA	1
CASSTGFTAEQFF	TRBV6-6	NA	09/0547	NA	1
CASSTQGPLYEQFF	TRBV7-2	NA	09/0547	NA	4
CASSVGQGTQPQHF	TRBV5-1	NA	09/0547	NA	3
CASSVSPWGTGNTIYF	TRBV9	NA	09/0547	NA	1
CASTHGGNGYTF	TRBV6-5	NA	09/0547	NA	1
CASTKGALGETQYF	TRBV6-1	NA	09/0547	NA	1
CASTVTEAFF	TRBV6-4	NA	09/0547	NA	1
CAVGLGEKLFF	TRBV10-3	NA	09/0547	NA	1
CAWARTGTGFYGYTF	TRBV30	NA	09/0547	NA	1
CAWSRGERGGLEQFF	TRBV30	NA	09/0547	NA	1
CAWSRTLQGNQPQHF	TRBV30	NA	09/0547	NA	3
CRATSGRANEQFF	TRBV20-1	NA	09/0547	NA	1
CSAGSGSDYNEQFF	TRBV20-1	NA	09/0547	NA	2
CSAGTGLTQPQHF	TRBV20-1	NA	09/0547	NA	4
CSAGTSGRLIAKNIQYF	TRBV20-1	NA	09/0547	NA	2
CSAIWSAIRNTQYF	TRBV20-1	NA	09/0547	NA	2
CSAKIGSPMYF	TRBV20-1	NA	09/0547	NA	4
CSAKKGSEKLFF	TRBV20-1	NA	09/0547	NA	1
CSAKKTRETNTEAFF	TRBV20-1	NA	09/0547	NA	2
CSALQATQYF	TRBV20-1	NA	09/0547	NA	11
CSAPDRLAGGFTDTQYF	TRBV20-1	NA	09/0547	NA	2
CSAPLRPALHF	TRBV20-1	NA	09/0547	NA	1
CSAPRTSGSSTDTQYF	TRBV20-1	NA	09/0547	NA	1
CSAQGDSYNEQFF	TRBV29-1	NA	09/0547	NA	1
CSAQGQGINTEAFF	TRBV20-1	NA	09/0547	NA	1
CSARAGTGFSYEQYF	TRBV20-1	NA	09/0547	NA	2
CSARARGRQETQYF	TRBV20-1	NA	09/0547	NA	1
CSARASMSSGEQFF	TRBV20-1	NA	09/0547	NA	5
CSARDLHTEAFF	TRBV20-1	NA	09/0547	NA	3
CSARDPGQRYEQYF	TRBV20-1	NA	09/0547	NA	1
CSARDTGGNQPQHF	TRBV20-1	NA	09/0547	NA	1
CSAREASGTGRNGYTF	TRBV20-1	NA	09/0547	NA	1
CSARELGNTEAFF	TRBV20-1	NA	09/0547	NA	2
CSARETLGQGETQYF	TRBV20-1	NA	09/0547	NA	3
CSARGLAGTHTEQYF	TRBV20-1	NA	09/0547	NA	2
CSARGLGEKLFF	TRBV29-1	NA	09/0547	NA	2
CSARGLGSTDTQYF	TRBV20-1	NA	09/0547	NA	4
CSARLGGETQYF	TRBV20-1	NA	09/0547	NA	3
CSARNDRSQETQYF	TRBV20-1	NA	09/0547	NA	7
CSARQGAVGYTF	TRBV20-1	NA	09/0547	NA	8
CSARRQGINTEAFF	TRBV20-1	NA	09/0547	NA	1
CSARSGSKNIQYF	TRBV20-1	NA	09/0547	NA	6
CSARSGTSGGYEQYF	TRBV20-1	NA	09/0547	NA	2
CSARSPGLAGYNEQFF	TRBV20-1	NA	09/0547	NA	5
CSARSPPIVMAREKFSSYNEQFF	TRBV20-1	NA	09/0547	NA	3
CSARTGGTGTEAFF	TRBV20-1	NA	09/0547	NA	1
CSARVAGGPGAYYNEQFF	TRBV20-1	NA	09/0547	NA	1
CSARVETSSLGEQFF	TRBV20-1	NA	09/0547	NA	1
CSARVLGQGASDTQYF	TRBV20-1	NA	09/0547	NA	1
CSARVRGGHSSYEQYF	TRBV20-1	NA	09/0547	NA	1
CSARVRLAGVYEQFF	TRBV20-1	NA	09/0547	NA	4
CSASFSSGSTDTQYF	TRBV20-1	NA	09/0547	NA	5
CSASKGTGIEGHEQYF	TRBV20-1	NA	09/0547	NA	2
CSASLSGYNEQFF	TRBV20-1	NA	09/0547	NA	1
CSASPGQATYEQYF	TRBV20-1	NA	09/0547	NA	6
CSASRPGGAYEQYF	TRBV20-1	NA	09/0547	NA	1
CSASRRQRATSYNEQFF	TRBV20-1	NA	09/0547	NA	1
CSASWTGGSNNEQFF	TRBV20-1	NA	09/0547	NA	3
CSATAATASTDTQYF	TRBV20-1	NA	09/0547	NA	1
CSATEDMNQPQHF	TRBV29-1	NA	09/0547	NA	4
CSATPGATNYGYTF	TRBV20-1	NA	09/0547	NA	1
CSATTGSEGYQPQHF	TRBV20-1	NA	09/0547	NA	1
CSDDGPRKETQYF	TRBV29-1	NA	09/0547	NA	2
CSGPGVTDTQYF	TRBV20-1	NA	09/0547	NA	2
CSPKGPTSTDTQYF	TRBV20-1	NA	09/0547	NA	1
CSVDSSEGRVNQPQHF	TRBV29-1	NA	09/0547	NA	2
CSVGGREETQYF	TRBV29-1	NA	09/0547	NA	5
CSVPGPREDTQYF	TRBV29-1	NA	09/0547	NA	1
CSYLVWDQETQYF	TRBV20-1	NA	09/0547	NA	1
CAAGFLSDTQYF	TRBV5-1	NA	09/0547	NA	1
CAGTGTPSSYNEQFF	TRBV30	NA	09/0547	NA	1
CAIGEGQGDHEQYF	TRBV10-3	NA	09/0547	NA	3
CAIRNRETSYEQYF	TRBV10-3	NA	09/0547	NA	1
CAIRPGTLNYGYTF	TRBV10-3	NA	09/0547	NA	1
CAISAAEGPDKFF	TRBV10-3	NA	09/0547	NA	1
CAISEQPGLADTDTQYF	TRBV10-3	NA	09/0547	NA	1
CAISESDSSYEQYF	TRBV10-3	NA	09/0547	NA	1
CAISESRGTGKGRWYNYGYTF	TRBV10-3	NA	09/0547	NA	1
CAISESSGRPYNEQFF	TRBV10-3	NA	09/0547	NA	1
CAISGNDGTGNTDTQYF	TRBV10-3	NA	09/0547	NA	1
CAISKGGDYGYTF	TRBV10-3	NA	09/0547	NA	1
CAISVRGGNSNQPQHF	TRBV10-3	NA	09/0547	NA	1
CAITLEFTDTQYF	TRBV10-3	NA	09/0547	NA	2
CARTKGALGETQYF	TRBV6-1	NA	09/0547	NA	1
CASASNNEQFF	TRBV6-9	NA	09/0547	NA	2
CASCLVATTRGTEAFF	TRBV7-2	NA	09/0547	NA	1
CASDLLGTQYF	TRBV11-2	NA	09/0547	NA	1
CASGPGQGLGNIQYF	TRBV27	NA	09/0547	NA	1
CASGPYSGGANEQYF	TRBV5-1	NA	09/0547	NA	1
CASGQGSKETQYF	TRBV6-1	NA	09/0547	NA	1
CASGRQGSDEQFF	TRBV5-4	NA	09/0547	NA	1
CASGRRENFGGTDTQYF	TRBV2	NA	09/0547	NA	1
CASGSGTSGRLDEQFF	TRBV5-1	NA	09/0547	NA	1
CASKMGQPYEQYF	TRBV2	NA	09/0547	NA	1
CASKSSLSYNEQFF	TRBV2	NA	09/0547	NA	1
CASKSSSGNTEAFF	TRBV12-3	NA	09/0547	NA	1
CASKTDAHTEAFF	TRBV28	NA	09/0547	NA	2
CASKVAEIYNEQFF	TRBV5-1	NA	09/0547	NA	1
CASLNSREMQYF	TRBV28	NA	09/0547	NA	1
CASLPTNTGELFF	TRBV6-5	NA	09/0547	NA	1
CASNPGNGYTF	TRBV6-1	NA	09/0547	NA	1
CASNQNKFTRPDTQYF	TRBV5-1	NA	09/0547	NA	2
CASPEGEVNTEAFF	TRBV5-1	NA	09/0547	NA	1
CASQGHNEKLFF	TRBV10-3	NA	09/0547	NA	1
CASQLTGNQPQHF	TRBV6-6	NA	09/0547	NA	1
CASRAADTQYF	TRBV2	NA	09/0547	NA	1
CASRAGGVMNTEAFF	TRBV5-4	NA	09/0547	NA	1
CASRDLGAKGYTF	TRBV12-4	NA	09/0547	NA	1
CASREGDSNQPQHF	TRBV6-6	NA	09/0547	NA	1
CASREGTLNQETQYF	TRBV5-1	NA	09/0547	NA	2
CASRGGGAPPGTFF	TRBV27	NA	09/0547	NA	1
CASRGLAGGSSYEQYF	TRBV6-5	NA	09/0547	NA	1
CASRGSYTEAFF	TRBV12-3	NA	09/0547	NA	1
CASRHYTGRTEAFF	TRBV11-2	NA	09/0547	NA	1
CASRIKSSLPYEQYF	TRBV27	NA	09/0547	NA	1
CASRKTNRQFF	TRBV5-8	NA	09/0547	NA	1
CASRNGGGYNEQFF	TRBV5-1	NA	09/0547	NA	1
CASRPEIGGRFF	TRBV5-1	NA	09/0547	NA	1
CASRPGGGTGELFF	TRBV7-2	NA	09/0547	NA	1
CASRPSGSGAQYF	TRBV6-5	NA	09/0547	NA	1
CASRPTGGPYGYTF	TRBV5-1	NA	09/0547	NA	1
CASRREIGLYNEQFF	TRBV5-1	NA	09/0547	NA	1
CASRRPGSNEKLFF	TRBV11-2	NA	09/0547	NA	2
CASRRQGSDEQFF	TRBV5-4	NA	09/0547	NA	1
CASRSGWAIAGNTIYF	TRBV7-2	NA	09/0547	NA	1
CASRSNRGQRTEAFF	TRBV2	NA	09/0547	NA	1
CASRTGTGGSPLHF	TRBV27	NA	09/0547	NA	2
CASRTLARHNEQFF	TRBV11-2	NA	09/0547	NA	1
CASRTRTGPSGNSGANVLTF	TRBV11-2	NA	09/0547	NA	1
CASRTTWGGEQYF	TRBV19	NA	09/0547	NA	2
CASRYRGLQETQYF	TRBV2	NA	09/0547	NA	1
CASSADRGAGRTPLHF	TRBV18	NA	09/0547	NA	2
CASSADSRDRDYEQYF	TRBV9	NA	09/0547	NA	2
CASSAGTSALAEQFF	TRBV6-4	NA	09/0547	NA	1
CASSAHAGTSGGASYNEQFF	TRBV25-1	NA	09/0547	NA	1
CASSAHEREPNYGYTF	TRBV11-2	NA	09/0547	NA	1
CASSAIGQGPYNEQFF	TRBV5-1	NA	09/0547	NA	1
CASSARRQGTYEQYF	TRBV4-2	NA	09/0547	NA	1
CASSASGLAGGWETQYF	TRBV25-1	NA	09/0547	NA	1
CASSATTGGHNSPLHF	TRBV7-8	NA	09/0547	NA	1
CASSAWQLAYNEQFF	TRBV6-2	NA	09/0547	NA	1
CASSAYYGYTF	TRBV11-2	NA	09/0547	NA	2
CASSDPGQGANEQFF	TRBV12-3	NA	09/0547	NA	1
CASSDPGQPNTEAFF	TRBV6-1	NA	09/0547	NA	1
CASSDPRVDEQYF	TRBV25-1	NA	09/0547	NA	1
CASSDRGSNYGYTF	TRBV12-3	NA	09/0547	NA	1
CASSDSGGKQYF	TRBV25-1	NA	09/0547	NA	2
CASSDSGRLFLDEQFF	TRBV25-1	NA	09/0547	NA	1
CASSDVQGSNQPQHF	TRBV10-2	NA	09/0547	NA	1
CASSEAAATTYEQYF	TRBV6-1	NA	09/0547	NA	1
CASSEAGWDYGYTF	TRBV25-1	NA	09/0547	NA	1
CASSEALLNNEQFF	TRBV6-1	NA	09/0547	NA	1
CASSEFLSGNTIYF	TRBV10-2	NA	09/0547	NA	1
CASSEGGLTEAFF	TRBV10-2	NA	09/0547	NA	1
CASSEGGYEQYF	TRBV25-1	NA	09/0547	NA	1
CASSEGIGNEQFF	TRBV2	NA	09/0547	NA	1
CASSEGMADRGYTF	TRBV18	NA	09/0547	NA	1
CASSELAGGPYNEQFF	TRBV9	NA	09/0547	NA	1
CASSELRMLGGANQPQHF	TRBV10-1	NA	09/0547	NA	2
CASSELTDASSPLHF	TRBV5-1	NA	09/0547	NA	1
CASSEPGQADILLANTGELFF	TRBV6-1	NA	09/0547	NA	1
CASSEPNSNEAFF	TRBV10-1	NA	09/0547	NA	1
CASSERASGMFSIYNEQFF	TRBV6-1	NA	09/0547	NA	1
CASSERGGLAGREQYF	TRBV10-2	NA	09/0547	NA	1
CASSESGSSYEQYF	TRBV10-1	NA	09/0547	NA	1
CASSESSDSYEQYF	TRBV25-1	NA	09/0547	NA	1
CASSESVEGVETQYF	TRBV2	NA	09/0547	NA	1
CASSETRGGRVTDTQYF	TRBV25-1	NA	09/0547	NA	1
CASSFDSNTEAFF	TRBV27	NA	09/0547	NA	1
CASSFGTKNIQYF	TRBV7-2	NA	09/0547	NA	1
CASSFKSIGLADYEQYF	TRBV7-8	NA	09/0547	NA	1
CASSFPLRGRTYEQYF	TRBV28	NA	09/0547	NA	1
CASSFRLGSNQPQHF	TRBV28	NA	09/0547	NA	1
CASSFSGPTYEQYF	TRBV11-2	NA	09/0547	NA	2
CASSFWGLAEDFF	TRBV5-1	NA	09/0547	NA	1
CASSFYVTGELFF	TRBV7-2	NA	09/0547	NA	1
CASSGDPSGNEQFF	TRBV9	NA	09/0547	NA	1
CASSGDRLYNEQFF	TRBV18	NA	09/0547	NA	1
CASSGGGAIDEQFF	TRBV5-1	NA	09/0547	NA	1
CASSGGRAPLHF	TRBV27	NA	09/0547	NA	1
CASSGGRTDLKNIQYF	TRBV25-1	NA	09/0547	NA	1
CASSGLAGTGELFF	TRBV7-3	NA	09/0547	NA	1
CASSGLRDSYEQYF	TRBV18	NA	09/0547	NA	1
CASSGQGTEAFF	TRBV12-3	NA	09/0547	NA	1
CASSGRDTLYGYTF	TRBV7-8	NA	09/0547	NA	1
CASSGSGGEKLFF	TRBV5-1	NA	09/0547	NA	1
CASSGSVPIETQYF	TRBV5-4	NA	09/0547	NA	1
CASSGTGTSSYNSPLHF	TRBV4-1	NA	09/0547	NA	1
CASSGWDFHDNYGYTF	TRBV25-1	NA	09/0547	NA	1
CASSHDSPGELFF	TRBV18	NA	09/0547	NA	1
CASSHGGVGELFF	TRBV7-6	NA	09/0547	NA	1
CASSHGTGNYEQYF	TRBV7-2	NA	09/0547	NA	1
CASSHLTGGLNTEAFF	TRBV18	NA	09/0547	NA	1
CASSHNQAGGYTF	TRBV4-2	NA	09/0547	NA	1
CASSHPGTNLRGTEAFF	TRBV4-1	NA	09/0547	NA	1
CASSHSGILRGSYNSPLHF	TRBV5-6	NA	09/0547	NA	1
CASSHTRGWETQYF	TRBV4-1	NA	09/0547	NA	1
CASSHTSGRVCEQYF	TRBV27	NA	09/0547	NA	1
CASSIAGLNYEQYF	TRBV18	NA	09/0547	NA	1
CASSIAGSSYNEQFF	TRBV19	NA	09/0547	NA	1
CASSIERGTQPQHF	TRBV19	NA	09/0547	NA	1
CASSIQGDLGEQFF	TRBV19	NA	09/0547	NA	1
CASSIVAREGNEQFF	TRBV19	NA	09/0547	NA	1
CASSIVATTETQYF	TRBV19	NA	09/0547	NA	1
CASSKMGTLPGSKQPQHF	TRBV2	NA	09/0547	NA	1
CASSKYPSGDYGYTF	TRBV6-5	NA	09/0547	NA	1
CASSLAAGRNIQYF	TRBV7-9	NA	09/0547	NA	2
CASSLADSGRFF	TRBV11-2	NA	09/0547	NA	1
CASSLAFGSQIYEQYF	TRBV5-1	NA	09/0547	NA	1
CASSLAGGGPFEQYF	TRBV7-2	NA	09/0547	NA	1
CASSLAGTGTDTQYF	TRBV5-1	NA	09/0547	NA	9
CASSLALPFYNEQFF	TRBV7-9	NA	09/0547	NA	1
CASSLASGRTGEQFF	TRBV7-2	NA	09/0547	NA	1
CASSLATQGGQETQYF	TRBV5-5	NA	09/0547	NA	1
CASSLAVKNEKLFF	TRBV7-9	NA	09/0547	NA	1
CASSLDGGPANEQFF	TRBV11-2	NA	09/0547	NA	1
CASSLDGRTEKLFF	TRBV5-1	NA	09/0547	NA	1
CASSLDHWDRANYGYTF	TRBV11-2	NA	09/0547	NA	1
CASSLDLAAGTDTQYF	TRBV7-3	NA	09/0547	NA	1
CASSLDRGRFSTEAFF	TRBV5-6	NA	09/0547	NA	1
CASSLDRVRVWDTEAFF	TRBV7-2	NA	09/0547	NA	2
CASSLDSDQPQHF	TRBV7-8	NA	09/0547	NA	1
CASSLDTETQYF	TRBV7-2	NA	09/0547	NA	1
CASSLDWLAAQYF	TRBV27	NA	09/0547	NA	1
CASSLEAGGPNEQFF	TRBV11-2	NA	09/0547	NA	2
CASSLEAGGPNTQYF	TRBV11-2	NA	09/0547	NA	1
CASSLEGTDTQYF	TRBV7-9	NA	09/0547	NA	1
CASSLEPGVSYNEQFF	TRBV5-6	NA	09/0547	NA	1
CASSLERGEGPYEQYF	TRBV11-3	NA	09/0547	NA	1
CASSLFSKGEQFF	TRBV7-3	NA	09/0547	NA	1
CASSLGAGWNEQFF	TRBV27	NA	09/0547	NA	1
CASSLGGGTDTQYF	TRBV7-6	NA	09/0547	NA	1
CASSLGGQETQYF	TRBV11-2	NA	09/0547	NA	3
CASSLGGTGSGELFF	TRBV13	NA	09/0547	NA	1
CASSLGGWGEAFF	TRBV11-2	NA	09/0547	NA	1
CASSLGLAGGKARETQYF	TRBV5-4	NA	09/0547	NA	2
CASSLGRGPIYNEQFF	TRBV7-8	NA	09/0547	NA	1
CASSLGRMSMGTDTIYF	TRBV7-9	NA	09/0547	NA	1
CASSLGSDEQFF	TRBV7-9	NA	09/0547	NA	2
CASSLGTTINTGELFF	TRBV3-1	NA	09/0547	NA	1
CASSLGVNSDTQYF	TRBV5-1	NA	09/0547	NA	1
CASSLISGGGYEQYF	TRBV12-3	NA	09/0547	NA	1
CASSLITGAGANVLTF	TRBV6-5	NA	09/0547	NA	1
CASSLLAGGGETQYF	TRBV5-1	NA	09/0547	NA	1
CASSLLSGANVLTF	TRBV5-1	NA	09/0547	NA	1
CASSLMGGKETQYF	TRBV5-4	NA	09/0547	NA	1
CASSLNTIRGANVLTF	TRBV4-2	NA	09/0547	NA	1
CASSLNWVEQFF	TRBV5-1	NA	09/0547	NA	1
CASSLPGQGDGYTF	TRBV7-2	NA	09/0547	NA	4
CASSLPSTGQETQYF	TRBV5-4	NA	09/0547	NA	1
CASSLQGALETQYF	TRBV5-4	NA	09/0547	NA	1
CASSLQGATDTQYF	TRBV5-4	NA	09/0547	NA	1
CASSLRFGGLSSYNEQFF	TRBV7-2	NA	09/0547	NA	1
CASSLRQGGTHYEQYF	TRBV5-1	NA	09/0547	NA	1
CASSLRRSGVKNEQFF	TRBV11-2	NA	09/0547	NA	1
CASSLSKYSNQPQHF	TRBV27	NA	09/0547	NA	1
CASSLSMTDTQYF	TRBV7-6	NA	09/0547	NA	1
CASSLSPPLNQPQHF	TRBV27	NA	09/0547	NA	2
CASSLSQGNEQFF	TRBV18	NA	09/0547	NA	1
CASSLSSGSSPLHF	TRBV5-1	NA	09/0547	NA	1
CASSLSSLTPSTQYF	TRBV7-2	NA	09/0547	NA	1
CASSLSWFSGAFF	TRBV5-1	NA	09/0547	NA	1
CASSLTASSYEQYF	TRBV7-7	NA	09/0547	NA	1
CASSLTGGGTEAFF	TRBV25-1	NA	09/0547	NA	3
CASSLTGGGTEAYF	TRBV25-1	NA	09/0547	NA	1
CASSLTGRSTYGELFF	TRBV7-3	NA	09/0547	NA	1
CASSLTLAQYF	TRBV11-2	NA	09/0547	NA	2
CASSLTPTGRRNLNTEAFF	TRBV5-1	NA	09/0547	NA	1
CASSLTRGTDTQYF	TRBV5-1	NA	09/0547	NA	1
CASSLTSPYQNEQFF	TRBV5-1	NA	09/0547	NA	1
CASSLVAAGPNTGELFF	TRBV7-3	NA	09/0547	NA	1
CASSLVAGLNTEAFF	TRBV11-2	NA	09/0547	NA	1
CASSLVALNTGELFF	TRBV7-9	NA	09/0547	NA	2
CASSLVEVPGGGYTF	TRBV5-6	NA	09/0547	NA	1
CASSLVGGKETPYF	TRBV5-4	NA	09/0547	NA	1
CASSLVLAGGGEQFF	TRBV5-1	NA	09/0547	NA	1
CASSLVQDTEAFF	TRBV5-1	NA	09/0547	NA	1
CASSLVWDNEQFF	TRBV5-5	NA	09/0547	NA	1
CASSLVWWQGIGMNTEAFF	TRBV5-1	NA	09/0547	NA	1
CASSLYQSNEQFF	TRBV7-2	NA	09/0547	NA	1
CASSLYRDDEQYF	TRBV5-4	NA	09/0547	NA	1
CASSMMGSGRHNEQFF	TRBV5-1	NA	09/0547	NA	1
CASSNGWGSGELFF	TRBV7-3	NA	09/0547	NA	1
CASSPAAATSGNTIYF	TRBV5-1	NA	09/0547	NA	1
CASSPAQGYNSPLHF	TRBV12-4	NA	09/0547	NA	1
CASSPERGGSYEQYF	TRBV4-2	NA	09/0547	NA	1
CASSPGEGNTIYF	TRBV5-1	NA	09/0547	NA	1
CASSPGGAGNYGYTF	TRBV5-4	NA	09/0547	NA	1
CASSPGGGGPVETQYF	TRBV7-7	NA	09/0547	NA	1
CASSPGGGWIEQFF	TRBV5-1	NA	09/0547	NA	1
CASSPGIAGGQDIQYF	TRBV7-2	NA	09/0547	NA	1
CASSPGLATDTQYF	TRBV11-3	NA	09/0547	NA	1
CASSPGQGMSNEQFF	TRBV18	NA	09/0547	NA	1
CASSPGQGNTEAFF	TRBV6-4	NA	09/0547	NA	1
CASSPGQGTIQYF	TRBV11-3	NA	09/0547	NA	2
CASSPGRYNEQFF	TRBV7-2	NA	09/0547	NA	1
CASSPGTSGSTDTQYF	TRBV4-2	NA	09/0547	NA	1
CASSPIGQARLAKNIQYF	TRBV4-1	NA	09/0547	NA	1
CASSPILSGRGANTGELFF	TRBV18	NA	09/0547	NA	2
CASSPLAAGQETQYF	TRBV19	NA	09/0547	NA	1
CASSPLGQGNEQFF	TRBV7-7	NA	09/0547	NA	2
CASSPLILASPRNNEQFF	TRBV13	NA	09/0547	NA	2
CASSPLLSGEAFF	TRBV18	NA	09/0547	NA	1
CASSPLNRGTGTPYEQYF	TRBV11-2	NA	09/0547	NA	1
CASSPLRTDAQYF	TRBV18	NA	09/0547	NA	1
CASSPMPGLDADTQYF	TRBV7-9	NA	09/0547	NA	1
CASSPPARAETQYF	TRBV18	NA	09/0547	NA	4
CASSPPGTETGTQYF	TRBV4-1	NA	09/0547	NA	1
CASSPPPGQGFVRGEQYF	TRBV18	NA	09/0547	NA	1
CASSPPRTGSSYEQYF	TRBV18	NA	09/0547	NA	1
CASSPQGQETEQYF	TRBV18	NA	09/0547	NA	1
CASSPRDRNTEAFF	TRBV7-8	NA	09/0547	NA	1
CASSPREGRDEQFF	TRBV18	NA	09/0547	NA	1
CASSPRGQGAYNEQFF	TRBV9	NA	09/0547	NA	1
CASSPRSSRGDIQYF	TRBV4-2	NA	09/0547	NA	1
CASSPRTSGRADTQYF	TRBV18	NA	09/0547	NA	1
CASSPRTSGSADTQYF	TRBV18	NA	09/0547	NA	1
CASSPRVTGGPMDEQFF	TRBV5-1	NA	09/0547	NA	1
CASSPSDRGGEAFF	TRBV18	NA	09/0547	NA	1
CASSPSGGTGGAEQYF	TRBV7-9	NA	09/0547	NA	1
CASSPSSEARLSTDTQYF	TRBV5-4	NA	09/0547	NA	1
CASSPSTGTPGEKLFF	TRBV11-2	NA	09/0547	NA	2
CASSPTDHEQFF	TRBV25-1	NA	09/0547	NA	1
CASSPTGTSLEQYF	TRBV3-1	NA	09/0547	NA	1
CASSPTGTSTDTQYF	TRBV3-1	NA	09/0547	NA	1
CASSPTPWTVMSYREQFF	TRBV5-1	NA	09/0547	NA	1
CASSPTSGRTAGEQYF	TRBV4-2	NA	09/0547	NA	1
CASSPWTVNTEAFF	TRBV18	NA	09/0547	NA	1
CASSQAGGGMATPYF	TRBV4-1	NA	09/0547	NA	1
CASSQAGLAGGLETQYF	TRBV4-1	NA	09/0547	NA	2
CASSQAGLAGVAVHEQYF	TRBV14	NA	09/0547	NA	1
CASSQATGTAYEQYF	TRBV4-2	NA	09/0547	NA	1
CASSQATSGGVNEQFF	TRBV3-1	NA	09/0547	NA	1
CASSQAWDMDQPQHF	TRBV4-2	NA	09/0547	NA	2
CASSQDIRTEAFF	TRBV4-2	NA	09/0547	NA	1
CASSQDLGQGVAGELFF	TRBV4-1	NA	09/0547	NA	1
CASSQDRRGANAGELFF	TRBV4-1	NA	09/0547	NA	1
CASSQDVVLGTGARGYGYTF	TRBV4-1	NA	09/0547	NA	1
CASSQDWAGLSGANVLTF	TRBV4-1	NA	09/0547	NA	1
CASSQEDGSYEQYF	TRBV4-1	NA	09/0547	NA	1
CASSQERLVRDRPHNEQFF	TRBV3-1	NA	09/0547	NA	1
CASSQESSGGGRTNTGELFF	TRBV4-2	NA	09/0547	NA	1
CASSQEVGGALGANVLTF	TRBV4-2	NA	09/0547	NA	1
CASSQEVSYGYTF	TRBV14	NA	09/0547	NA	1
CASSQGGGIRTQYF	TRBV5-1	NA	09/0547	NA	1
CASSQGGLAGGYNEQFF	TRBV3-1	NA	09/0547	NA	1
CASSQGPGNTEAFF	TRBV4-1	NA	09/0547	NA	1
CASSQGPGTSSYTEAFHF	TRBV4-1	NA	09/0547	NA	1
CASSQLISPLHF	TRBV4-1	NA	09/0547	NA	1
CASSQMGTARSNTEAFF	TRBV4-1	NA	09/0547	NA	2
CASSQNGQGTRYEQYF	TRBV6-1	NA	09/0547	NA	1
CASSQNMDTEAFF	TRBV3-1	NA	09/0547	NA	1
CASSQNSGPSRVGEQFF	TRBV3-1	NA	09/0547	NA	1
CASSQPDRALQGTTEAFF	TRBV4-1	NA	09/0547	NA	1
CASSQPSGVIYEQYF	TRBV4-2	NA	09/0547	NA	1
CASSQPWTVNNEQFF	TRBV4-1	NA	09/0547	NA	1
CASSQQGAGETQYF	TRBV5-4	NA	09/0547	NA	1
CASSQQGGNSHEQFF	TRBV5-1	NA	09/0547	NA	1
CASSQRGLDSYEQYF	TRBV3-1	NA	09/0547	NA	1
CASSQSDMSTGMRGNTIYF	TRBV3-1	NA	09/0547	NA	1
CASSQSLQVSGNTIYF	TRBV4-2	NA	09/0547	NA	1
CASSQTGFLSPLHF	TRBV4-1	NA	09/0547	NA	1
CASSQTLFSGANVLTF	TRBV3-1	NA	09/0547	NA	1
CASSQVGLAGGSEQFF	TRBV3-1	NA	09/0547	NA	2
CASSQVIRGGEQYF	TRBV4-1	NA	09/0547	NA	1
CASSQVQTTGNTEAFF	TRBV3-1	NA	09/0547	NA	1
CASSQVRRELFF	TRBV4-1	NA	09/0547	NA	3
CASSQVTRGSETQYF	TRBV3-1	NA	09/0547	NA	1
CASSQVTRQYYEQYF	TRBV14	NA	09/0547	NA	1
CASSQYFGGDPQETQYF	TRBV4-2	NA	09/0547	NA	1
CASSRAYQETQYF	TRBV19	NA	09/0547	NA	1
CASSRDGGNQPQHF	TRBV6-6	NA	09/0547	NA	1
CASSRDGTRGTGELFF	TRBV11-3	NA	09/0547	NA	1
CASSRDNTDTQYF	TRBV6-1	NA	09/0547	NA	1
CASSRDSGRLKLFF	TRBV19	NA	09/0547	NA	1
CASSRGDVYGYTF	TRBV28	NA	09/0547	NA	1
CASSRGGPPEGTEAFF	TRBV6-2	NA	09/0547	NA	2
CASSRGGTSGGDTQYF	TRBV9	NA	09/0547	NA	1
CASSRGTGIRYEQYF	TRBV3-1	NA	09/0547	NA	1
CASSRGTVNTEAFF	TRBV28	NA	09/0547	NA	1
CASSRNLRDTTYEQYF	TRBV4-1	NA	09/0547	NA	1
CASSRPSGSLGDIQYF	TRBV5-1	NA	09/0547	NA	1
CASSRQGAADTQYF	TRBV5-4	NA	09/0547	NA	1
CASSRRDGVARYF	TRBV6-5	NA	09/0547	NA	1
CASSRRGLNTGELFF	TRBV3-1	NA	09/0547	NA	2
CASSRRGQLNTEAFF	TRBV5-1	NA	09/0547	NA	1
CASSRTDRSKWKLAGLDSTDTQYF	TRBV7-8	NA	09/0547	NA	1
CASSRTGQIAKNIQYF	TRBV18	NA	09/0547	NA	1
CASSRTGSDEQYF	TRBV5-4	NA	09/0547	NA	1
CASSRTSGDNEQFF	TRBV7-2	NA	09/0547	NA	1
CASSRTSGSYGADTQYF	TRBV11-3	NA	09/0547	NA	1
CASSRVGYGYTF	TRBV3-1	NA	09/0547	NA	1
CASSSALRDTPTIAQYF	TRBV11-2	NA	09/0547	NA	2
CASSSETEQYF	TRBV21-1	NA	09/0547	NA	1
CASSSGADLYSNQPQHF	TRBV7-8	NA	09/0547	NA	1
CASSSGTENTGELFF	TRBV6-5	NA	09/0547	NA	1
CASSSGTGGNLYEQYF	TRBV5-4	NA	09/0547	NA	1
CASSSGTSGKGAETQYF	TRBV7-2	NA	09/0547	NA	1
CASSSIRGGSYEQYF	TRBV5-1	NA	09/0547	NA	2
CASSSKTGGGATEAFF	TRBV6-5	NA	09/0547	NA	1
CASSSLTGHYEQYF	TRBV12-4	NA	09/0547	NA	1
CASSSLTGYGYTF	TRBV5-1	NA	09/0547	NA	1
CASSSNRGGETQYF	TRBV5-4	NA	09/0547	NA	1
CASSSPGGLYNEQFF	TRBV6-6	NA	09/0547	NA	1
CASSSPLAGGTDTQYF	TRBV27	NA	09/0547	NA	1
CASSSQAVGTEAFF	TRBV5-1	NA	09/0547	NA	1
CASSSQGGTGGTEAFF	TRBV7-9	NA	09/0547	NA	1
CASSSQGRTRGTEAFF	TRBV7-9	NA	09/0547	NA	1
CASSSQQGTNEKLFF	TRBV18	NA	09/0547	NA	1
CASSSRTGTISGANVLTF	TRBV25-1	NA	09/0547	NA	1
CASSSRTSGDFLYNEQFF	TRBV9	NA	09/0547	NA	1
CASSSRVDRNRYGYTF	TRBV12-4	NA	09/0547	NA	1
CASSSSGLAGGRVSHEQFF	TRBV5-4	NA	09/0547	NA	1
CASSSSGSSYEQYF	TRBV5-1	NA	09/0547	NA	1
CASSSTGSYGYTF	TRBV4-2	NA	09/0547	NA	1
CASSSTRAGGSYNEQFF	TRBV7-9	NA	09/0547	NA	1
CASSSTTGTEAFF	TRBV27	NA	09/0547	NA	1
CASSSTVDQPQHF	TRBV7-3	NA	09/0547	NA	1
CASSSTVSYEQYF	TRBV5-1	NA	09/0547	NA	2
CASSSWQLSYNEQFF	TRBV6-2	NA	09/0547	NA	1
CASSTAYSGANVLTF	TRBV12-4	NA	09/0547	NA	4
CASSTDSLNQPQHF	TRBV19	NA	09/0547	NA	1
CASSTGESGANVLTF	TRBV21-1	NA	09/0547	NA	1
CASSTGLAMGNEQFF	TRBV5-1	NA	09/0547	NA	2
CASSTGRTRYEQYF	TRBV5-1	NA	09/0547	NA	1
CASSTQLTDGAYEQYF	TRBV5-1	NA	09/0547	NA	1
CASSTRDSYNEQFF	TRBV7-8	NA	09/0547	NA	2
CASSTRGGASGNTIYF	TRBV19	NA	09/0547	NA	1
CASSTSGGPDRKTQYF	TRBV27	NA	09/0547	NA	1
CASSTYRGRSGELFF	TRBV11-2	NA	09/0547	NA	2
CASSVAASAYEQYF	TRBV9	NA	09/0547	NA	1
CASSVDPQEGVKNEQFF	TRBV9	NA	09/0547	NA	2
CASSVFGGRGWTGELFF	TRBV9	NA	09/0547	NA	1
CASSVGQGAGETQYF	TRBV5-1	NA	09/0547	NA	1
CASSVGRSGGFYNEQFF	TRBV9	NA	09/0547	NA	1
CASSVGTGPGQPQHF	TRBV9	NA	09/0547	NA	1
CASSVGTSGPLKTNIQYF	TRBV25-1	NA	09/0547	NA	1
CASSVRDTGELFF	TRBV6-1	NA	09/0547	NA	1
CASSVTLEAFF	TRBV11-2	NA	09/0547	NA	1
CASSVVAEGQDTKYF	TRBV7-2	NA	09/0547	NA	1
CASSVVAGGADTQYF	TRBV9	NA	09/0547	NA	1
CASSVVGGNEQFF	TRBV9	NA	09/0547	NA	1
CASSWGQGAEEKLFF	TRBV7-2	NA	09/0547	NA	1
CASSYESNYGYTF	TRBV6-5	NA	09/0547	NA	2
CASSYGVSAEKLFF	TRBV6-6	NA	09/0547	NA	1
CASSYPGLNYEQYF	TRBV6-6	NA	09/0547	NA	1
CASSYPRTRNQPQHF	TRBV6-2	NA	09/0547	NA	3
CASSYRSSYNSPLHF	TRBV5-4	NA	09/0547	NA	1
CASSYSAGSSYNEQFF	TRBV5-1	NA	09/0547	NA	1
CASSYSGGAKNIQYF	TRBV6-6	NA	09/0547	NA	2
CASSYSGTHSGNTIYF	TRBV4-1	NA	09/0547	NA	1
CASSYSISSESGNTIYF	TRBV6-6	NA	09/0547	NA	1
CASSYSTGLRTYNEQFF	TRBV6-6	NA	09/0547	NA	1
CASSYTRSSYNEQFF	TRBV11-2	NA	09/0547	NA	1
CASTARTGGSAEAFF	TRBV5-1	NA	09/0547	NA	3
CASTDGGYGGELFF	TRBV3-1	NA	09/0547	NA	1
CASTFGASNTEAFF	TRBV5-1	NA	09/0547	NA	1
CASTHSGANVLTF	TRBV6-1	NA	09/0547	NA	2
CASTIQPVQVMDTDTQYF	TRBV21-1	NA	09/0547	NA	1
CASTKTQGARAEQYF	TRBV11-2	NA	09/0547	NA	1
CASTLGTLPPQYF	TRBV12-4	NA	09/0547	NA	1
CASTNHPRTGNGYTF	TRBV6-1	NA	09/0547	NA	1
CASTRDSGANVLTF	TRBV12-3	NA	09/0547	NA	1
CASTSQDRYQPQHF	TRBV28	NA	09/0547	NA	1
CASTSQGAGYGYTF	TRBV6-5	NA	09/0547	NA	1
CASTWQVDQPQHF	TRBV2	NA	09/0547	NA	1
CASTYGGQETQYF	TRBV6-6	NA	09/0547	NA	1
CASVWRTQMNTEAFF	TRBV12-5	NA	09/0547	NA	1
CASYFGTGEYNEQFF	TRBV6-1	NA	09/0547	NA	1
CASYTVTGDLYGYTF	TRBV6-6	NA	09/0547	NA	1
CATPDRGCNTEAFF	TRBV6-1	NA	09/0547	NA	1
CATQDRPKNIQYF	TRBV15	NA	09/0547	NA	1
CATRDGRSGNTIYF	TRBV15	NA	09/0547	NA	1
CATSDLKTSGSTDTQYF	TRBV24-1	NA	09/0547	NA	1
CATSDLRDRVSSSLYEQYF	TRBV24-1	NA	09/0547	NA	1
CATSKGTSGSLDTQYF	TRBV15	NA	09/0547	NA	1
CATSRGQEGLNTEAFF	TRBV15	NA	09/0547	NA	1
CATSRKQVYEQYF	TRBV15	NA	09/0547	NA	1
CATSRQGTPSNQPQHF	TRBV15	NA	09/0547	NA	1
CATTPQLGYNEQFF	TRBV19	NA	09/0547	NA	1
CAWRAGRNTEAFF	TRBV30	NA	09/0547	NA	1
CAWRWGSGNTIYF	TRBV30	NA	09/0547	NA	2
CAWSEAPAGNSPLHF	TRBV30	NA	09/0547	NA	1
CAWSPGGGSYNSPLHF	TRBV30	NA	09/0547	NA	1
CAWSPGLAGMWQETQYF	TRBV30	NA	09/0547	NA	2
CAWSRPQNYEQYF	TRBV30	NA	09/0547	NA	1
CAWSVDGKETQYF	TRBV30	NA	09/0547	NA	1
CAWSVFQGAYEQYF	TRBV30	NA	09/0547	NA	1
CAWSVGGQETQYF	TRBV30	NA	09/0547	NA	1
CAWSVSYEQYF	TRBV30	NA	09/0547	NA	1
CAWTGDRGGEQFF	TRBV30	NA	09/0547	NA	1
CAWTGTDSNQPQHF	TRBV30	NA	09/0547	NA	1
CISRTGFAGYTF	TRBV20-1	NA	09/0547	NA	1
CRAKGPGQGPTRAFF	TRBV20-1	NA	09/0547	NA	1
CRARDGKLKNIQYF	TRBV20-1	NA	09/0547	NA	1
CRARSPGLAGYNEQFF	TRBV20-1	NA	09/0547	NA	1
CRARTGGYNEQFF	TRBV20-1	NA	09/0547	NA	1
CSAAARRRGGAFF	TRBV20-1	NA	09/0547	NA	1
CSAADREKLFF	TRBV20-1	NA	09/0547	NA	1
CSAAGGYYGYTF	TRBV29-1	NA	09/0547	NA	1
CSAALGLAGADLRQFF	TRBV20-1	NA	09/0547	NA	1
CSAASRTSGYEQYF	TRBV20-1	NA	09/0547	NA	1
CSADGDRFTQPQHF	TRBV20-1	NA	09/0547	NA	1
CSAEGLAGVNEQFF	TRBV20-1	NA	09/0547	NA	1
CSAERGGGYDEQYF	TRBV20-1	NA	09/0547	NA	1
CSAGADGRAYNSPLHF	TRBV20-1	NA	09/0547	NA	2
CSAGAMPETQYF	TRBV12-4	NA	09/0547	NA	1
CSAGDAGDF	TRBV20-1	NA	09/0547	NA	1
CSAGGGKRDEKLFF	TRBV20-1	NA	09/0547	NA	2
CSAGGTEAFF	TRBV20-1	NA	09/0547	NA	1
CSAGGTGFGYTF	TRBV20-1	NA	09/0547	NA	1
CSAGGTPNQPQHF	TRBV20-1	NA	09/0547	NA	1
CSAGIGPRWAGNTEAFF	TRBV20-1	NA	09/0547	NA	1
CSAGIRLAGTDTQYF	TRBV20-1	NA	09/0547	NA	1
CSAGQGLETQYF	TRBV29-1	NA	09/0547	NA	2
CSAGRTSSPYNEQFF	TRBV20-1	NA	09/0547	NA	1
CSAGSGQGDGYTF	TRBV20-1	NA	09/0547	NA	1
CSAGTSGAGEQYF	TRBV29-1	NA	09/0547	NA	1
CSAGVRSSSYEQYF	TRBV20-1	NA	09/0547	NA	1
CSAHAETSGTYEQYF	TRBV20-1	NA	09/0547	NA	1
CSAIGGVGTEAFF	TRBV20-1	NA	09/0547	NA	1
CSAIGQGTTYEQYF	TRBV20-1	NA	09/0547	NA	1
CSAILAEETQYF	TRBV20-1	NA	09/0547	NA	1
CSAILPDAKSHQPQHF	TRBV20-1	NA	09/0547	NA	1
CSAIRGGAVSDEQYF	TRBV20-1	NA	09/0547	NA	1
CSAISYRQGGGELFF	TRBV20-1	NA	09/0547	NA	2
CSAITGLKSTYEQYF	TRBV20-1	NA	09/0547	NA	1
CSAKGTGGRIYEQYF	TRBV20-1	NA	09/0547	NA	1
CSAKKAGGSTDTQYF	TRBV20-1	NA	09/0547	NA	1
CSAKRQGGNTIYF	TRBV20-1	NA	09/0547	NA	1
CSAKTGNDEKLFF	TRBV20-1	NA	09/0547	NA	1
CSAKTRRFTDTQYF	TRBV20-1	NA	09/0547	NA	1
CSALGETNYGYTF	TRBV20-1	NA	09/0547	NA	1
CSALQGSYGYTF	TRBV20-1	NA	09/0547	NA	2
CSANDYNEQFF	TRBV20-1	NA	09/0547	NA	1
CSANPTGGQYEQYF	TRBV20-1	NA	09/0547	NA	2
CSANPTGTRETQYF	TRBV20-1	NA	09/0547	NA	1
CSANRGMQETQYF	TRBV20-1	NA	09/0547	NA	2
CSAPDRGGSYEKLFF	TRBV20-1	NA	09/0547	NA	1
CSAPGQGAIDDEQFF	TRBV20-1	NA	09/0547	NA	1
CSAPILGASYEQYF	TRBV20-1	NA	09/0547	NA	1
CSAPNGGAGYTF	TRBV20-1	NA	09/0547	NA	1
CSAPPRLAGEGAQYF	TRBV20-1	NA	09/0547	NA	9
CSAPRARSGANVLTF	TRBV20-1	NA	09/0547	NA	1
CSAPRQGETQYF	TRBV20-1	NA	09/0547	NA	1
CSAPRVGYTEAFF	TRBV20-1	NA	09/0547	NA	4
CSAQAGVSYNSPLHF	TRBV20-1	NA	09/0547	NA	1
CSAQGLAGSQNTQYF	TRBV20-1	NA	09/0547	NA	1
CSAQQFPGVSYEQYF	TRBV20-1	NA	09/0547	NA	1
CSARAFGGGAFNEQFF	TRBV20-1	NA	09/0547	NA	1
CSARAGGTGISPLHF	TRBV20-1	NA	09/0547	NA	1
CSARAIRGGRTEQYF	TRBV20-1	NA	09/0547	NA	1
CSARARSEGYTF	TRBV20-1	NA	09/0547	NA	1
CSARASWGGEQYF	TRBV20-1	NA	09/0547	NA	1
CSARATGAGGEAFF	TRBV20-1	NA	09/0547	NA	1
CSARDDTRSYEQYF	TRBV20-1	NA	09/0547	NA	1
CSARDEDTYAKNIQYF	TRBV20-1	NA	09/0547	NA	2
CSARDFAETQYF	TRBV20-1	NA	09/0547	NA	1
CSARDFASDRTDTQYF	TRBV20-1	NA	09/0547	NA	1
CSARDFLREGTDTQYF	TRBV20-1	NA	09/0547	NA	1
CSARDFSSASGQETQYF	TRBV20-1	NA	09/0547	NA	4
CSARDGHTVYEQYF	TRBV20-1	NA	09/0547	NA	2
CSARDISSGGNQETQYF	TRBV20-1	NA	09/0547	NA	1
CSARDLGHRPLAYEQYF	TRBV20-1	NA	09/0547	NA	4
CSARDPGFAYEQYF	TRBV20-1	NA	09/0547	NA	1
CSARDPGQGPNQAFF	TRBV20-1	NA	09/0547	NA	1
CSARDREVDEQFF	TRBV20-1	NA	09/0547	NA	1
CSARDRRGAYNEQFF	TRBV20-1	NA	09/0547	NA	2
CSARDRWGSLDQETQYF	TRBV20-1	NA	09/0547	NA	1
CSARDSVLDQPQHF	TRBV20-1	NA	09/0547	NA	1
CSARDWTSGGDETQYF	TRBV20-1	NA	09/0547	NA	1
CSAREDRSQETQYF	TRBV20-1	NA	09/0547	NA	2
CSARGESTVGGELFF	TRBV20-1	NA	09/0547	NA	1
CSARGLAGHYEQYF	TRBV20-1	NA	09/0547	NA	2
CSARGLQVNQPQHF	TRBV20-1	NA	09/0547	NA	1
CSARGLSSYNSPLHF	TRBV20-1	NA	09/0547	NA	1
CSARGPPIVMAREKFSSYNEQFF	TRBV20-1	NA	09/0547	NA	1
CSARGQYEGGELFF	TRBV20-1	NA	09/0547	NA	1
CSARGSLAGANEQFF	TRBV20-1	NA	09/0547	NA	2
CSARGSTMYEQYF	TRBV20-1	NA	09/0547	NA	3
CSARIRTSNYEQYF	TRBV20-1	NA	09/0547	NA	1
CSARKGAAYYGQSF	TRBV20-1	NA	09/0547	NA	1
CSARKTNTEAFF	TRBV20-1	NA	09/0547	NA	1
CSARLNRDLENEQFF	TRBV20-1	NA	09/0547	NA	1
CSARLWPNNEQFF	TRBV20-1	NA	09/0547	NA	1
CSARMPYSNQPQHF	TRBV20-1	NA	09/0547	NA	1
CSARPDRAYGNQPQHF	TRBV20-1	NA	09/0547	NA	1
CSARPPGRLASETQYF	TRBV20-1	NA	09/0547	NA	1
CSARPWTEQTQYF	TRBV20-1	NA	09/0547	NA	1
CSARQGTRSEDEQFF	TRBV20-1	NA	09/0547	NA	2
CSARQGVGCYTF	TRBV20-1	NA	09/0547	NA	1
CSARRDLRDGYGYTF	TRBV20-1	NA	09/0547	NA	1
CSARRRLAGYNEQFF	TRBV20-1	NA	09/0547	NA	3
CSARSGLVPWGEQYF	TRBV20-1	NA	09/0547	NA	1
CSARTGDAKNIQYF	TRBV20-1	NA	09/0547	NA	1
CSARTGGYNEQFF	TRBV20-1	NA	09/0547	NA	1
CSARTGTVNTEAFF	TRBV20-1	NA	09/0547	NA	2
CSARTQTDNSPLHF	TRBV20-1	NA	09/0547	NA	1
CSARTSGNTIYF	TRBV20-1	NA	09/0547	NA	1
CSARVRTEYNEQFF	TRBV20-1	NA	09/0547	NA	2
CSARVSGDRGKEAFF	TRBV20-1	NA	09/0547	NA	1
CSARVSTEAFF	TRBV29-1	NA	09/0547	NA	1
CSARVTLETRAGEQYF	TRBV20-1	NA	09/0547	NA	2
CSARWRGSPGTDTQYF	TRBV20-1	NA	09/0547	NA	2
CSASAPTEGDTQYF	TRBV20-1	NA	09/0547	NA	1
CSASFLSYEQYF	TRBV20-1	NA	09/0547	NA	1
CSASGGALGYEQYF	TRBV20-1	NA	09/0547	NA	1
CSASGGATSDEQFF	TRBV20-1	NA	09/0547	NA	1
CSASGMGGGETQYF	TRBV29-1	NA	09/0547	NA	2
CSASGQGAVNSPLHF	TRBV20-1	NA	09/0547	NA	1
CSASHGPGSTDTQYF	TRBV20-1	NA	09/0547	NA	1
CSASHQGRLDETQYF	TRBV20-1	NA	09/0547	NA	1
CSASHRAMISTEAFF	TRBV20-1	NA	09/0547	NA	1
CSASKAPGDNSPELHF	TRBV20-1	NA	09/0547	NA	1
CSASKDFNTGELFF	TRBV20-1	NA	09/0547	NA	1
CSASLLAPSSYEQYF	TRBV20-1	NA	09/0547	NA	1
CSASNRLSVVGGYTF	TRBV20-1	NA	09/0547	NA	1
CSASNTGYGYTF	TRBV20-1	NA	09/0547	NA	1
CSASPGASGVSNEQFF	TRBV20-1	NA	09/0547	NA	2
CSASPGLVRRADTQYF	TRBV20-1	NA	09/0547	NA	1
CSASPLAGAGVLRQETQYF	TRBV20-1	NA	09/0547	NA	5
CSASPLTGFATNEKLFF	TRBV20-1	NA	09/0547	NA	1
CSASRPGLGIQDTQYF	TRBV20-1	NA	09/0547	NA	1
CSASSPQANVPLHF	TRBV20-1	NA	09/0547	NA	2
CSASTGSAGYTF	TRBV20-1	NA	09/0547	NA	1
CSASTLSGGQETQYF	TRBV20-1	NA	09/0547	NA	1
CSASVRTGALYEQYF	TRBV20-1	NA	09/0547	NA	1
CSASVYSGANVLTF	TRBV20-1	NA	09/0547	NA	2
CSASYQGEIAFF	TRBV20-1	NA	09/0547	NA	1
CSASYSGGRNQPQHF	TRBV20-1	NA	09/0547	NA	1
CSATAATNEKLFF	TRBV20-1	NA	09/0547	NA	2
CSATAGAGNEQYF	TRBV20-1	NA	09/0547	NA	1
CSATGLAGTQYF	TRBV20-1	NA	09/0547	NA	1
CSATHDSAGDTQYF	TRBV20-1	NA	09/0547	NA	1
CSATPTGLGYTF	TRBV20-1	NA	09/0547	NA	2
CSATQLAGTSSYEQYF	TRBV20-1	NA	09/0547	NA	1
CSATRPANEKLFF	TRBV20-1	NA	09/0547	NA	1
CSATTRLPGNTIYF	TRBV20-1	NA	09/0547	NA	1
CSATTRQGGHEQYF	TRBV20-1	NA	09/0547	NA	1
CSATWDSQKAFF	TRBV20-1	NA	09/0547	NA	1
CSAVGETNYGYTF	TRBV20-1	NA	09/0547	NA	1
CSAVPRDIVVNTEAFF	TRBV20-1	NA	09/0547	NA	1
CSAVRPGQETQYF	TRBV20-1	NA	09/0547	NA	1
CSAWPFGTGGAETQYF	TRBV20-1	NA	09/0547	NA	1
CSAWTSGRVGSYNEQFF	TRBV20-1	NA	09/0547	NA	4
CSAYPELSYNEQFF	TRBV20-1	NA	09/0547	NA	1
CSAYPGLDTGELFF	TRBV20-1	NA	09/0547	NA	1
CSDASGRGDSDTQYF	TRBV20-1	NA	09/0547	NA	1
CSGAVPSGHNEQFF	TRBV29-1	NA	09/0547	NA	1
CSGPGVSDTQYF	TRBV20-1	NA	09/0547	NA	1
CSGTASSYEQYF	TRBV20-1	NA	09/0547	NA	1
CSKIAASTDTQYF	TRBV20-1	NA	09/0547	NA	1
CSLLSAGANIGELFF	TRBV20-1	NA	09/0547	NA	2
CSPGTRRADTQYF	TRBV20-1	NA	09/0547	NA	1
CSPHGAGETQYF	TRBV20-1	NA	09/0547	NA	1
CSSTAEWGGAYNEQFF	TRBV12-3	NA	09/0547	NA	1
CSTRQGANEQYF	TRBV29-1	NA	09/0547	NA	1
CSVAVPSGNKEQFF	TRBV29-1	NA	09/0547	NA	1
CSVDALAGYGYTF	TRBV29-1	NA	09/0547	NA	1
CSVDRGGTEAFF	TRBV29-1	NA	09/0547	NA	1
CSVDSAEGRVNQPQHF	TRBV29-1	NA	09/0547	NA	1
CSVEGIRYEQYF	TRBV29-1	NA	09/0547	NA	1
CSVEIFQGSYEQYF	TRBV29-1	NA	09/0547	NA	1
CSVEWDTDTQYF	TRBV29-1	NA	09/0547	NA	1
CSVEWFAGYFYGYTF	TRBV29-1	NA	09/0547	NA	1
CSVGGDGPYEQYF	TRBV29-1	NA	09/0547	NA	1
CSVGTGVPYEQYF	TRBV29-1	NA	09/0547	NA	3
CSVNRDFTSTDTQYF	TRBV29-1	NA	09/0547	NA	1
CSVPDSFTDTQYF	TRBV29-1	NA	09/0547	NA	2
CSVPKTGTSGELFF	TRBV29-1	NA	09/0547	NA	2
CSVPLAGQETQYF	TRBV20-1	NA	09/0547	NA	1
CSVPSGAGQETQYF	TRBV20-1	NA	09/0547	NA	1
CSVRLAGQGLGNEQFF	TRBV29-1	NA	09/0547	NA	1
CSVSFAGSKNIQYF	TRBV29-1	NA	09/0547	NA	3
CSVTPGLAVYNEQFF	TRBV20-1	NA	09/0547	NA	1
CSVTSEVSDTQYF	TRBV20-1	NA	09/0547	NA	2
CSVVAGQGISGANVLTF	TRBV29-1	NA	09/0547	NA	1
CSVVRSGAEAFF	TRBV29-1	NA	09/0547	NA	1
CSVVTGGGYEQYF	TRBV29-1	NA	09/0547	NA	1
CSVWSGPRGTGGLFF	TRBV29-1	NA	09/0547	NA	1
CTGGTNTEAFF	TRBV29-1	NA	09/0547	NA	1
CTSSQGPGSEQFF	TRBV1	NA	09/0547	NA	1
CASATSPLTDTQYF	TRBV19	NA	09/0642	NA	1
CASGPGGTYEQYF	TRBV27	NA	09/0642	NA	1
CASKSADTQYF	TRBV5-1	NA	09/0642	NA	2
CASRGGGHNTGELFF	TRBV7-2	NA	09/0642	NA	2
CASRRAFAGELFF	TRBV5-1	NA	09/0642	NA	1
CASRTDIHGGTEAFF	TRBV6-2	NA	09/0642	NA	1
CASSDPGRGQTDTQYF	TRBV25-1	NA	09/0642	NA	1
CASSDTVVNQPQHF	TRBV7-8	NA	09/0642	NA	1
CASSEPGASNTGELFF	TRBV6-1	NA	09/0642	NA	1
CASSERREQFF	TRBV7-2	NA	09/0642	NA	1
CASSFGPVQGTNTGELFF	TRBV5-1	NA	09/0642	NA	2
CASSFRGLGEAFF	TRBV5-1	NA	09/0642	NA	1
CASSLAFLGSREQFF	TRBV11-2	NA	09/0642	NA	1
CASSLDSLGNQPQHF	TRBV5-1	NA	09/0642	NA	1
CASSLDTGGSYNEQFF	TRBV5-1	NA	09/0642	NA	1
CASSLEGLATYNEQFF	TRBV5-4	NA	09/0642	NA	1
CASSLEQGNEQFF	TRBV7-2	NA	09/0642	NA	3
CASSLGLAGGYADTQYF	TRBV7-2	NA	09/0642	NA	4
CASSLGLAKNSPLHF	TRBV7-2	NA	09/0642	NA	2
CASSLGQIQETQYF	TRBV5-6	NA	09/0642	NA	1
CASSLMGPGANVLTF	TRBV5-1	NA	09/0642	NA	1
CASSLPSSGVLYEQYF	TRBV6-2	NA	09/0642	NA	1
CASSLRGLGVHTQYF	TRBV7-2	NA	09/0642	NA	3
CASSLSNEKLFF	TRBV7-8	NA	09/0642	NA	3
CASSLVLSGIPSNYGYTF	TRBV12-3	NA	09/0642	NA	1
CASSLVPENNQPQHF	TRBV7-8	NA	09/0642	NA	1
CASSLVYPGAGSYEQYF	TRBV5-1	NA	09/0642	NA	1
CASSPGGRGNQPQHF	TRBV5-1	NA	09/0642	NA	1
CASSPGQGPRKLHF	TRBV6-5	NA	09/0642	NA	1
CASSPILGLSSYEQYF	TRBV5-1	NA	09/0642	NA	1
CASSPSTDTQYF	TRBV7-2	NA	09/0642	NA	12
CASSQAAGRAFF	TRBV3-1	NA	09/0642	NA	1
CASSQDAFGDQPQHF	TRBV4-1	NA	09/0642	NA	1
CASSQPQSSGANVLTF	TRBV14	NA	09/0642	NA	1
CASSSPGTGIYEQYF	TRBV6-5	NA	09/0642	NA	1
CASSSQGATDTQYF	TRBV5-4	NA	09/0642	NA	1
CASSSSGGNTDTQYF	TRBV11-3	NA	09/0642	NA	1
CASSTDNTEAFF	TRBV5-1	NA	09/0642	NA	2
CASSWIGGYGYTF	TRBV5-1	NA	09/0642	NA	1
CASSYGRNTEAFF	TRBV6-5	NA	09/0642	NA	1
CASSYHLTGTEAFF	TRBV6-6	NA	09/0642	NA	1
CASTHGGNGYTF	TRBV6-5	NA	09/0642	NA	1
CASTLYPGLAGASTDTQYF	TRBV12-4	NA	09/0642	NA	1
CASWDSTDTQYF	TRBV5-1	NA	09/0642	NA	1
CATSGSRQYF	TRBV15	NA	09/0642	NA	1
CAWSVGFYGYTF	TRBV30	NA	09/0642	NA	3
CAWSVPTGGQPQHF	TRBV30	NA	09/0642	NA	1
CAWSVSPNYGYTF	TRBV30	NA	09/0642	NA	1
CSAARGAGFGSPLHF	TRBV20-1	NA	09/0642	NA	1
CSAIGSTDTQYF	TRBV20-1	NA	09/0642	NA	2
CSAKAPGLAGEGAKNIQYF	TRBV20-1	NA	09/0642	NA	2
CSALKGQINTEAFF	TRBV20-1	NA	09/0642	NA	1
CSAQGDSYNEQFF	TRBV29-1	NA	09/0642	NA	1
CSARARGRQETQYF	TRBV20-1	NA	09/0642	NA	1
CSARDPGQRYEQYF	TRBV20-1	NA	09/0642	NA	1
CSARDTGGNQPQHF	TRBV20-1	NA	09/0642	NA	1
CSAREASGYTDTQYF	TRBV20-1	NA	09/0642	NA	1
CSARENTGELFF	TRBV20-1	NA	09/0642	NA	1
CSARRQGINTEAFF	TRBV20-1	NA	09/0642	NA	1
CSARVAGGPGAYYNEQFF	TRBV20-1	NA	09/0642	NA	2
CSARVPNGFWGYTF	TRBV20-1	NA	09/0642	NA	1
CSASLSGYNEQFF	TRBV20-1	NA	09/0642	NA	1
CSATQGMETQYF	TRBV20-1	NA	09/0642	NA	1
CSAWDSSANYGYTF	TRBV20-1	NA	09/0642	NA	1
CSDDGPRKETQYF	TRBV29-1	NA	09/0642	NA	1
CSSSTDTQYF	TRBV29-1	NA	09/0642	NA	1
CSTGPGQGAVEQYF	TRBV20-1	NA	09/0642	NA	1
CSVDWPGGTDTQYF	TRBV29-1	NA	09/0642	NA	2
CACSIPDRDPYNEQFF	TRBV30	NA	09/0642	NA	3
CAFKEQGPSNQPQHF	TRBV30	NA	09/0642	NA	2
CAGSSGYNEQFF	TRBV11-3	NA	09/0642	NA	1
CAIGKDQGVGQYF	TRBV10-3	NA	09/0642	NA	1
CAIRPGAVRTDTQYF	TRBV10-3	NA	09/0642	NA	2
CAISAGGRPTTDTQYF	TRBV10-3	NA	09/0642	NA	1
CAISDQGFGELFF	TRBV10-3	NA	09/0642	NA	3
CAISDSYGYTF	TRBV10-3	NA	09/0642	NA	1
CAISEGKGQAGTDTQYF	TRBV10-3	NA	09/0642	NA	1
CAISEGQGKRAYGYTF	TRBV10-3	NA	09/0642	NA	1
CAISEMGTSGIITDTQYF	TRBV10-3	NA	09/0642	NA	2
CAISESTSGNEQFF	TRBV10-3	NA	09/0642	NA	1
CAPHIAGGYTDTQYF	TRBV3-1	NA	09/0642	NA	1
CASAEGLNTEAFF	TRBV7-7	NA	09/0642	NA	2
CASASLPGHQETEAFF	TRBV5-1	NA	09/0642	NA	3
CASATSSGANTGELFF	TRBV7-2	NA	09/0642	NA	1
CASCLARAMSEGDEQFF	TRBV5-1	NA	09/0642	NA	1
CASESMNSPLHF	TRBV19	NA	09/0642	NA	1
CASFYNYGYTF	TRBV12-5	NA	09/0642	NA	1
CASGGQGRRAFF	TRBV5-8	NA	09/0642	NA	1
CASGLASGGRNTEAFF	TRBV12-5	NA	09/0642	NA	2
CASGPGRAGRETQYF	TRBV12-5	NA	09/0642	NA	1
CASIVTSGAYNEQFF	TRBV5-1	NA	09/0642	NA	1
CASKSGTGAYEQYF	TRBV5-4	NA	09/0642	NA	1
CASKSMNSPLHF	TRBV19	NA	09/0642	NA	1
CASKTGAGGIVEQFF	TRBV4-2	NA	09/0642	NA	1
CASKTGDTQYF	TRBV5-1	NA	09/0642	NA	1
CASKTGTGVIDEQFF	TRBV4-2	NA	09/0642	NA	1
CASLKVRATGELFF	TRBV6-1	NA	09/0642	NA	1
CASNPGPGNTEAFF	TRBV5-1	NA	09/0642	NA	1
CASQSPGGWNQPQHF	TRBV19	NA	09/0642	NA	1
CASRAGSRYNEQFF	TRBV12-4	NA	09/0642	NA	1
CASRDQGPYEQYF	TRBV25-1	NA	09/0642	NA	1
CASRFDIGGPSYEQYF	TRBV5-1	NA	09/0642	NA	1
CASRFGTGSNQPQHF	TRBV6-5	NA	09/0642	NA	1
CASRGRGTYEQYF	TRBV7-2	NA	09/0642	NA	3
CASRHLYNEQFF	TRBV6-1	NA	09/0642	NA	1
CASRMGGGDGYTF	TRBV25-1	NA	09/0642	NA	1
CASRNGGSYNEQFF	TRBV12-4	NA	09/0642	NA	1
CASRPIPGIGYTF	TRBV7-9	NA	09/0642	NA	1
CASRPSPGNEQFF	TRBV7-2	NA	09/0642	NA	1
CASRQGLNTEAFF	TRBV18	NA	09/0642	NA	1
CASRRQGSTGELFF	TRBV19	NA	09/0642	NA	1
CASRRSAGGELFF	TRBV3-1	NA	09/0642	NA	1
CASRSTGVSSYEQYF	TRBV5-1	NA	09/0642	NA	1
CASRTGTSQETQYF	TRBV5-6	NA	09/0642	NA	1
CASRVLQENSPLHF	TRBV5-1	NA	09/0642	NA	1
CASRYRQGAFGANVLTF	TRBV3-1	NA	09/0642	NA	1
CASSAARTTYEQYF	TRBV7-2	NA	09/0642	NA	1
CASSAGTNLNQPQHF	TRBV19	NA	09/0642	NA	1
CASSANRGRGSPLHF	TRBV7-2	NA	09/0642	NA	1
CASSAPPINEQFF	TRBV3-1	NA	09/0642	NA	1
CASSAPQLDSPDSQETQYF	TRBV25-1	NA	09/0642	NA	1
CASSARVENTEAFF	TRBV10-2	NA	09/0642	NA	1
CASSASPGTSYEQYF	TRBV7-2	NA	09/0642	NA	3
CASSATTGGDTGELFF	TRBV5-1	NA	09/0642	NA	1
CASSAVGADTQYF	TRBV5-1	NA	09/0642	NA	1
CASSCREGRDGYTF	TRBV5-1	NA	09/0642	NA	1
CASSDNPPGGVFSPTGNTIYF	TRBV10-1	NA	09/0642	NA	1
CASSEAPTGGYNEQFF	TRBV6-1	NA	09/0642	NA	1
CASSEDRVGNSPLHF	TRBV2	NA	09/0642	NA	1
CASSEERGGTDTQYF	TRBV6-1	NA	09/0642	NA	1
CASSEGSVSGQPQHF	TRBV6-1	NA	09/0642	NA	1
CASSEGSYTGELFF	TRBV2	NA	09/0642	NA	1
CASSEGTSRGNEQFF	TRBV2	NA	09/0642	NA	1
CASSEGTTYYNEQFF	TRBV12-3	NA	09/0642	NA	1
CASSEHRQAGEKLFF	TRBV6-1	NA	09/0642	NA	1
CASSEKVTDTQYF	TRBV18	NA	09/0642	NA	1
CASSELQGSYGYTF	TRBV25-1	NA	09/0642	NA	1
CASSEQGSGGTDTQYF	TRBV25-1	NA	09/0642	NA	1
CASSESGGQGGGQPQHF	TRBV25-1	NA	09/0642	NA	1
CASSETGTGEGYTF	TRBV6-1	NA	09/0642	NA	1
CASSETQGSYEQYF	TRBV25-1	NA	09/0642	NA	1
CASSEVWATVLNQPQHF	TRBV6-1	NA	09/0642	NA	1
CASSEYRTGTDTQYF	TRBV25-1	NA	09/0642	NA	1
CASSFDIMNTEAFF	TRBV7-2	NA	09/0642	NA	1
CASSFELGSGRYNEQFF	TRBV5-1	NA	09/0642	NA	1
CASSFGHRNTGELFF	TRBV11-2	NA	09/0642	NA	1
CASSFGRAGVETQYF	TRBV27	NA	09/0642	NA	2
CASSFLPNTGELFF	TRBV6-2	NA	09/0642	NA	1
CASSFLQGQGYGYTF	TRBV12-4	NA	09/0642	NA	2
CASSFRGADTDTQYF	TRBV5-1	NA	09/0642	NA	1
CASSFRGQGIDSYNEQFF	TRBV27	NA	09/0642	NA	1
CASSFRPQSEAFF	TRBV5-1	NA	09/0642	NA	1
CASSFSAGHTQYF	TRBV6-5	NA	09/0642	NA	1
CASSFSGLRNTEAFF	TRBV5-1	NA	09/0642	NA	1
CASSFSQTGGFNSPLHF	TRBV27	NA	09/0642	NA	1
CASSGDDAYPYNEQFF	TRBV25-1	NA	09/0642	NA	1
CASSGGDEQFF	TRBV18	NA	09/0642	NA	1
CASSGKGWGEAFF	TRBV25-1	NA	09/0642	NA	1
CASSGRTDTDTQYF	TRBV5-1	NA	09/0642	NA	1
CASSGSSGTGNYGYTF	TRBV25-1	NA	09/0642	NA	1
CASSGTGESSYNEQFF	TRBV25-1	NA	09/0642	NA	1
CASSGTGGDNEKLFF	TRBV25-1	NA	09/0642	NA	1
CASSGTGGNEQFF	TRBV25-1	NA	09/0642	NA	1
CASSHGPGHHQETQYF	TRBV5-1	NA	09/0642	NA	1
CASSHGQVATNEKLFF	TRBV3-1	NA	09/0642	NA	1
CASSHVAGGLNEQDF	TRBV6-4	NA	09/0642	NA	1
CASSIGLRVSYNSPLHF	TRBV12-4	NA	09/0642	NA	1
CASSIGQEELPLHF	TRBV5-1	NA	09/0642	NA	2
CASSKGLQVTGELFF	TRBV6-6	NA	09/0642	NA	1
CASSKGQGAETQYF	TRBV5-1	NA	09/0642	NA	1
CASSLALLTGVMNTEAFF	TRBV5-5	NA	09/0642	NA	3
CASSLALVALSYEQYF	TRBV7-8	NA	09/0642	NA	1
CASSLAPLGTGTNEQFF	TRBV7-2	NA	09/0642	NA	1
CASSLARGPLDTEAFF	TRBV12-3	NA	09/0642	NA	1
CASSLAVHGSDTQYF	TRBV7-2	NA	09/0642	NA	2
CASSLDESTDTQYF	TRBV5-1	NA	09/0642	NA	1
CASSLDGTWGNQPQHF	TRBV7-8	NA	09/0642	NA	1
CASSLDRGMRNEQFF	TRBV5-6	NA	09/0642	NA	2
CASSLDTGNYGYTF	TRBV5-1	NA	09/0642	NA	1
CASSLEARIDTDTQYF	TRBV5-8	NA	09/0642	NA	1
CASSLEDMLLPEQYF	TRBV7-2	NA	09/0642	NA	1
CASSLEDRLNTEAFF	TRBV5-8	NA	09/0642	NA	1
CASSLEHRTDTQYF	TRBV5-1	NA	09/0642	NA	1
CASSLGAGTADTQYF	TRBV5-1	NA	09/0642	NA	1
CASSLGGAPYQETQYF	TRBV5-5	NA	09/0642	NA	2
CASSLGGATEAFF	TRBV7-8	NA	09/0642	NA	1
CASSLGGGAKNIQYF	TRBV7-2	NA	09/0642	NA	1
CASSLGGLLYNEQFF	TRBV12-3	NA	09/0642	NA	1
CASSLGGSSYEQYF	TRBV7-6	NA	09/0642	NA	1
CASSLGGTGKNIQYF	TRBV5-1	NA	09/0642	NA	1
CASSLGIIWGENIQYF	TRBV5-1	NA	09/0642	NA	1
CASSLGLAGTTPRF	TRBV7-2	NA	09/0642	NA	1
CASSLGLAQETQYF	TRBV12-3	NA	09/0642	NA	1
CASSLGLNSPLHF	TRBV5-1	NA	09/0642	NA	1
CASSLGLTGRETQYF	TRBV7-7	NA	09/0642	NA	1
CASSLGPRGSYEQYF	TRBV5-6	NA	09/0642	NA	1
CASSLGTVSSYNEQFF	TRBV7-6	NA	09/0642	NA	1
CASSLGYEDTQYF	TRBV27	NA	09/0642	NA	2
CASSLIRGDEQFF	TRBV7-2	NA	09/0642	NA	1
CASSLKIGTGELFF	TRBV5-1	NA	09/0642	NA	1
CASSLLQCGQNQETQYF	TRBV18	NA	09/0642	NA	1
CASSLMGNTEAFF	TRBV6-1	NA	09/0642	NA	1
CASSLMTGKGEQYF	TRBV7-2	NA	09/0642	NA	1
CASSLRATGELFF	TRBV12-4	NA	09/0642	NA	1
CASSLRGQGIDSYNEQFF	TRBV27	NA	09/0642	NA	1
CASSLRQSGELFF	TRBV11-3	NA	09/0642	NA	1
CASSLSANNGYTF	TRBV27	NA	09/0642	NA	1
CASSLSGAGTDTQYF	TRBV7-2	NA	09/0642	NA	6
CASSLSGQETQYF	TRBV27	NA	09/0642	NA	1
CASSLSITDTQYF	TRBV7-6	NA	09/0642	NA	1
CASSLSKEKLFF	TRBV7-8	NA	09/0642	NA	1
CASSLSRTTYEQYF	TRBV7-2	NA	09/0642	NA	4
CASSLTRTSGASTDTQYF	TRBV7-6	NA	09/0642	NA	1
CASSLTRYQPQHF	TRBV27	NA	09/0642	NA	1
CASSLTSTRAYNDEQFF	TRBV5-1	NA	09/0642	NA	1
CASSLVGYGYTF	TRBV6-1	NA	09/0642	NA	2
CASSLVIGSGGMNEQFF	TRBV7-2	NA	09/0642	NA	1
CASSLVPTAGLINEKLFF	TRBV7-2	NA	09/0642	NA	1
CASSLVPTPKLINEKLFF	TRBV7-2	NA	09/0642	NA	1
CASSLVRTSGGARDTQYF	TRBV7-2	NA	09/0642	NA	1
CASSLWVNTEAFF	TRBV7-2	NA	09/0642	NA	1
CASSLYPGAGTEAFF	TRBV5-1	NA	09/0642	NA	1
CASSLYQGSDTKAFF	TRBV7-9	NA	09/0642	NA	2
CASSNGRSTDTQYF	TRBV19	NA	09/0642	NA	1
CASSPAMRGGTDTQYF	TRBV19	NA	09/0642	NA	1
CASSPDYSSYEQYF	TRBV7-2	NA	09/0642	NA	1
CASSPGQGGTQYF	TRBV3-1	NA	09/0642	NA	1
CASSPGQVATNEKLFF	TRBV3-1	NA	09/0642	NA	1
CASSPGTGNYGYTF	TRBV6-6	NA	09/0642	NA	1
CASSPNTDTQYF	TRBV7-2	NA	09/0642	NA	1
CASSPPGFNYGYTF	TRBV5-1	NA	09/0642	NA	1
CASSPPLVAGGRTRETQYF	TRBV5-6	NA	09/0642	NA	1
CASSPPRGTDTQYF	TRBV21-1	NA	09/0642	NA	1
CASSPPTGGGRSPLHF	TRBV18	NA	09/0642	NA	1
CASSPQTGGWNEQFF	TRBV18	NA	09/0642	NA	1
CASSPRLAGEETQYF	TRBV7-2	NA	09/0642	NA	1
CASSPSEGPRRDTQYF	TRBV3-1	NA	09/0642	NA	1
CASSPSRGDYNEQFF	TRBV12-4	NA	09/0642	NA	1
CASSPSSGGTYNEQFF	TRBV7-7	NA	09/0642	NA	2
CASSPTRGTEAFF	TRBV27	NA	09/0642	NA	1
CASSPTRSETQYF	TRBV18	NA	09/0642	NA	1
CASSPYGSGGAVSHNEQFF	TRBV3-1	NA	09/0642	NA	1
CASSQAAGIDTQYF	TRBV3-1	NA	09/0642	NA	1
CASSQAGRGVNEQYF	TRBV4-1	NA	09/0642	NA	1
CASSQDGQGIGTKNSQYF	TRBV4-2	NA	09/0642	NA	1
CASSQDGTSLNEQFF	TRBV4-2	NA	09/0642	NA	1
CASSQDLISTDTQYF	TRBV4-1	NA	09/0642	NA	2
CASSQDPANTEAFF	TRBV4-3	NA	09/0642	NA	1
CASSQDVSGANVLTF	TRBV5-1	NA	09/0642	NA	1
CASSQEKSSYNEQFF	TRBV4-1	NA	09/0642	NA	2
CASSQERGRDTQYF	TRBV4-1	NA	09/0642	NA	1
CASSQFQGGTEAFF	TRBV7-2	NA	09/0642	NA	1
CASSQGASELNTGELFF	TRBV4-2	NA	09/0642	NA	1
CASSQGGLAEYNEQFF	TRBV4-2	NA	09/0642	NA	1
CASSQGGLASWTDTQYF	TRBV4-2	NA	09/0642	NA	1
CASSQGLNTEAFF	TRBV14	NA	09/0642	NA	1
CASSQGPSGRTDTQYF	TRBV3-1	NA	09/0642	NA	1
CASSQGQWLRFTEAFF	TRBV5-1	NA	09/0642	NA	1
CASSQGTGQGETQYF	TRBV4-2	NA	09/0642	NA	1
CASSQGTSSKETQYF	TRBV4-2	NA	09/0642	NA	12
CASSQLGQTPNYGYTF	TRBV4-2	NA	09/0642	NA	1
CASSQPVQGQGHEQYF	TRBV4-1	NA	09/0642	NA	2
CASSQRQANTEAFF	TRBV27	NA	09/0642	NA	1
CASSQSLGQDYEQYF	TRBV16	NA	09/0642	NA	1
CASSQSSWEQNTGELFF	TRBV4-2	NA	09/0642	NA	1
CASSQSWAGAEKLFF	TRBV3-1	NA	09/0642	NA	2
CASSQTILRGPTEAFF	TRBV4-1	NA	09/0642	NA	1
CASSQVGGPTDTQYF	TRBV4-1	NA	09/0642	NA	1
CASSQVYGTGIYEQYF	TRBV4-1	NA	09/0642	NA	1
CASSQWTSGGITDTQYF	TRBV4-2	NA	09/0642	NA	1
CASSRGAPGTDTQYF	TRBV11-3	NA	09/0642	NA	1
CASSRGFEQFF	TRBV6-1	NA	09/0642	NA	1
CASSRGGQGATRPQHF	TRBV14	NA	09/0642	NA	1
CASSRGTVDSGANVLTF	TRBV19	NA	09/0642	NA	1
CASSRNVRVGSYNSPLHF	TRBV14	NA	09/0642	NA	1
CASSRQRGGDEQFF	TRBV19	NA	09/0642	NA	1
CASSRRGGAGELFF	TRBV7-2	NA	09/0642	NA	1
CASSRSYEQYF	TRBV5-4	NA	09/0642	NA	1
CASSRTGTQNTEAFF	TRBV27	NA	09/0642	NA	1
CASSSAGTGATNTEAFF	TRBV5-1	NA	09/0642	NA	1
CASSSDGTDTQYF	TRBV12-3	NA	09/0642	NA	1
CASSSDSGGYEQYF	TRBV7-2	NA	09/0642	NA	1
CASSSDSSSSGNTIYF	TRBV6-2	NA	09/0642	NA	1
CASSSGALAGSGNEQFF	TRBV7-2	NA	09/0642	NA	1
CASSSGRTNKTQYF	TRBV7-2	NA	09/0642	NA	1
CASSSGTGEGGIQYF	TRBV6-6	NA	09/0642	NA	1
CASSSNEKLFF	TRBV7-8	NA	09/0642	NA	3
CASSSRQGNQPQHF	TRBV7-2	NA	09/0642	NA	1
CASSSSGTGRNSPLHF	TRBV7-8	NA	09/0642	NA	1
CASSSTGTYGYTF	TRBV3-1	NA	09/0642	NA	2
CASSSTQGEKSEQYF	TRBV2	NA	09/0642	NA	1
CASSSWTGGTEAFF	TRBV7-2	NA	09/0642	NA	1
CASSSWTSGTDTQYF	TRBV7-2	NA	09/0642	NA	1
CASSTDKAVTEAFF	TRBV18	NA	09/0642	NA	1
CASSTLRDEGTGELFF	TRBV19	NA	09/0642	NA	1
CASSTPTGGAGGYTF	TRBV7-2	NA	09/0642	NA	1
CASSTQYNEQFF	TRBV10-1	NA	09/0642	NA	1
CASSTRQVTDTQYF	TRBV7-8	NA	09/0642	NA	1
CASSVAGVSDQPQHF	TRBV5-6	NA	09/0642	NA	1
CASSVEEGQPQETQYF	TRBV9	NA	09/0642	NA	1
CASSVGSADNEQFF	TRBV5-1	NA	09/0642	NA	1
CASSVGTVNSPLHF	TRBV6-6	NA	09/0642	NA	1
CASSVKGQGLTGELFF	TRBV9	NA	09/0642	NA	1
CASSVPGKAYTDTQYF	TRBV6-1	NA	09/0642	NA	1
CASSVRSEEQFF	TRBV9	NA	09/0642	NA	1
CASSVRVRDQPQHF	TRBV6-1	NA	09/0642	NA	1
CASSVSGGATNEQFF	TRBV9	NA	09/0642	NA	1
CASSVTVEHTDTQYF	TRBV5-1	NA	09/0642	NA	1
CASSVVPDGLGYTF	TRBV9	NA	09/0642	NA	1
CASSWGRSNTEAFF	TRBV25-1	NA	09/0642	NA	2
CASSWGSPGNIQYF	TRBV5-1	NA	09/0642	NA	1
CASSWGTTGAASATQYF	TRBV5-1	NA	09/0642	NA	1
CASSWGTTGAASGTQYF	TRBV5-1	NA	09/0642	NA	1
CASSYEVSGQGGGYTF	TRBV5-1	NA	09/0642	NA	1
CASSYRARDEQFF	TRBV28	NA	09/0642	NA	1
CASSYSNTGELFF	TRBV7-6	NA	09/0642	NA	1
CASSYVGTYNEQFF	TRBV6-2	NA	09/0642	NA	1
CASSYYRGNTEAFF	TRBV7-2	NA	09/0642	NA	1
CASTGTGSRSGYTF	TRBV2	NA	09/0642	NA	1
CASTHPPGPTDTQYF	TRBV10-2	NA	09/0642	NA	1
CASTQEQETQYF	TRBV5-1	NA	09/0642	NA	1
CASVPGAVKGEKLFF	TRBV6-6	NA	09/0642	NA	1
CASYPKRGGSYNEQFF	TRBV5-4	NA	09/0642	NA	1
CATGGAVGETQYF	TRBV10-3	NA	09/0642	NA	1
CATKPRTGAGETQYF	TRBV15	NA	09/0642	NA	2
CATNPRTGAGETQYF	TRBV15	NA	09/0642	NA	1
CATSDPDRGFVWEETQYF	TRBV15	NA	09/0642	NA	1
CATSKPDGGNIQYF	TRBV15	NA	09/0642	NA	1
CATSPEVSRQDNTEAFF	TRBV15	NA	09/0642	NA	1
CATSRAPQETQYF	TRBV15	NA	09/0642	NA	1
CATSRDGWGQRYEQYF	TRBV15	NA	09/0642	NA	1
CATSRIGDGELFF	TRBV15	NA	09/0642	NA	1
CATSRIWDGELFF	TRBV15	NA	09/0642	NA	1
CATSRQDNTEAFF	TRBV15	NA	09/0642	NA	1
CATSRQDNTEDFF	TRBV15	NA	09/0642	NA	1
CATSRYGLVEGGGELFF	TRBV15	NA	09/0642	NA	1
CATSRYGVVGGGGELFF	TRBV15	NA	09/0642	NA	1
CAWDRGHSNTGELFF	TRBV30	NA	09/0642	NA	1
CAWGWGRVSFSNHAPHF	TRBV30	NA	09/0642	NA	1
CAWIGGGSSNQPQHF	TRBV30	NA	09/0642	NA	1
CAWKTPGRILRQYF	TRBV30	NA	09/0642	NA	1
CAWMTSGFGNEQFF	TRBV30	NA	09/0642	NA	2
CAWSASENSPLHF	TRBV30	NA	09/0642	NA	2
CAWSAWGSLRTTEAFF	TRBV30	NA	09/0642	NA	1
CAWSLGRDSFSNQPQHF	TRBV30	NA	09/0642	NA	1
CAWSLGTDGGGYGYTF	TRBV30	NA	09/0642	NA	1
CAWSLTRLDYGYTF	TRBV30	NA	09/0642	NA	1
CAWSWGGSSNQPQHF	TRBV30	NA	09/0642	NA	1
CPSSLSGAGTDTQYF	TRBV7-2	NA	09/0642	NA	1
CRARDGRGGEKLFF	TRBV20-1	NA	09/0642	NA	1
CSAARGGGYTF	TRBV20-1	NA	09/0642	NA	1
CSAARSGEGKLFF	TRBV20-1	NA	09/0642	NA	1
CSAASGGATYEQYF	TRBV20-1	NA	09/0642	NA	2
CSAAVSRIKETQYF	TRBV20-1	NA	09/0642	NA	1
CSAGKAGGRSYNEQFF	TRBV20-1	NA	09/0642	NA	1
CSAGPGRAKNIQYF	TRBV20-1	NA	09/0642	NA	3
CSAGPTGDEKLLF	TRBV20-1	NA	09/0642	NA	1
CSAGPTGTEKLFF	TRBV20-1	NA	09/0642	NA	1
CSAHNTLAGGPDTQYF	TRBV20-1	NA	09/0642	NA	1
CSAHRGTRGQPQHF	TRBV20-1	NA	09/0642	NA	2
CSAILGEKDYEQYF	TRBV20-1	NA	09/0642	NA	1
CSAILNAGGEQYF	TRBV20-1	NA	09/0642	NA	1
CSAIRYTSGGFTGELFF	TRBV20-1	NA	09/0642	NA	1
CSAKGNGELFF	TRBV20-1	NA	09/0642	NA	2
CSAKIRGTTQPQHF	TRBV20-1	NA	09/0642	NA	1
CSANRNMNTEAFF	TRBV29-1	NA	09/0642	NA	1
CSAPLAGDIQYF	TRBV20-1	NA	09/0642	NA	1
CSAQGLGGQPQHF	TRBV20-1	NA	09/0642	NA	1
CSAQVVGGGVMNTEAFF	TRBV20-1	NA	09/0642	NA	1
CSARAGLRDTQYF	TRBV20-1	NA	09/0642	NA	1
CSARAQGQGSYEQYF	TRBV20-1	NA	09/0642	NA	1
CSARDERTPPQHF	TRBV20-1	NA	09/0642	NA	1
CSARDGFSGNNEQFF	TRBV20-1	NA	09/0642	NA	2
CSARDGGPDTQYF	TRBV20-1	NA	09/0642	NA	1
CSARDGQGAGELLF	TRBV20-1	NA	09/0642	NA	1
CSARDIQVGVTEAFF	TRBV20-1	NA	09/0642	NA	1
CSARDLGGPNTEAFF	TRBV20-1	NA	09/0642	NA	1
CSARDLGLGSGNTIYF	TRBV20-1	NA	09/0642	NA	1
CSARDPQRGWNTEAFF	TRBV20-1	NA	09/0642	NA	1
CSARDRATRELFF	TRBV20-1	NA	09/0642	NA	2
CSARDRRGAYGYTF	TRBV20-1	NA	09/0642	NA	1
CSARDVVEGYEQYF	TRBV20-1	NA	09/0642	NA	1
CSARENSRDTIYF	TRBV20-1	NA	09/0642	NA	1
CSARFSGGSPLHF	TRBV20-1	NA	09/0642	NA	1
CSARGGGQGGYEQYF	TRBV20-1	NA	09/0642	NA	1
CSARGQTRDPYAQYF	TRBV20-1	NA	09/0642	NA	1
CSARGTSGGLLYNEQFF	TRBV20-1	NA	09/0642	NA	1
CSARGYREEAYF	TRBV20-1	NA	09/0642	NA	1
CSARLGPTDTQYF	TRBV20-1	NA	09/0642	NA	1
CSARNWRSAPYNEQFF	TRBV20-1	NA	09/0642	NA	1
CSARPRDRAVTYEQYF	TRBV20-1	NA	09/0642	NA	1
CSARQGEAGNTIYF	TRBV20-1	NA	09/0642	NA	2
CSARQGNVHGETQYF	TRBV20-1	NA	09/0642	NA	1
CSARRGSNQNYGYTF	TRBV20-1	NA	09/0642	NA	1
CSARVDRGLQNTEAFF	TRBV20-1	NA	09/0642	NA	2
CSARVGTGPLGFDNEQFF	TRBV20-1	NA	09/0642	NA	2
CSARWPKGNTEAFF	TRBV20-1	NA	09/0642	NA	4
CSASGTSDEQYF	TRBV20-1	NA	09/0642	NA	1
CSASGWGGSYNEQFF	TRBV20-1	NA	09/0642	NA	1
CSASLQGRSYNEQFF	TRBV20-1	NA	09/0642	NA	1
CSASLTRAPYEQYF	TRBV20-1	NA	09/0642	NA	1
CSASLVGLVNNEQFF	TRBV20-1	NA	09/0642	NA	1
CSASRDGSSYEQYF	TRBV20-1	NA	09/0642	NA	1
CSASREAGEKLFF	TRBV20-1	NA	09/0642	NA	2
CSASRGAGENLFF	TRBV20-1	NA	09/0642	NA	1
CSASRQGRDTEAFF	TRBV20-1	NA	09/0642	NA	1
CSASSPGTKNIQYF	TRBV20-1	NA	09/0642	NA	1
CSASSRIYEQYF	TRBV20-1	NA	09/0642	NA	1
CSASWPHTGELFF	TRBV20-1	NA	09/0642	NA	1
CSATSGGGGNEQFF	TRBV20-1	NA	09/0642	NA	1
CSGADSGSLTQYF	TRBV20-1	NA	09/0642	NA	1
CSGEEGQPTLWHYGYTF	TRBV29-1	NA	09/0642	NA	1
CSGISGRDTDTQYF	TRBV20-1	NA	09/0642	NA	1
CSGKRDQLNNEQFF	TRBV29-1	NA	09/0642	NA	1
CSSSLGLAGGYADTQYF	TRBV7-2	NA	09/0642	NA	1
CSSSLGTVSAYNDQFF	TRBV7-6	NA	09/0642	NA	1
CSVDEFGSYNEQFF	TRBV29-1	NA	09/0642	NA	1
CSVDRARGGYTF	TRBV29-1	NA	09/0642	NA	1
CSVEPVQGFPGANVLTF	TRBV29-1	NA	09/0642	NA	1
CSVEVGPPEAEAFF	TRBV29-1	NA	09/0642	NA	1
CSVGGFGQSRTDTQYF	TRBV29-1	NA	09/0642	NA	1
CSVGPRRLAGGHPINVPFF	TRBV29-1	NA	09/0642	NA	1
CSVRPHHEQFF	TRBV29-1	NA	09/0642	NA	1
CSVSDGNQPQHF	TRBV29-1	NA	09/0642	NA	1
CSVTEGQRIF	TRBV29-1	NA	09/0642	NA	1
CSVVWSVMENEKLFF	TRBV29-1	NA	09/0642	NA	1
CVSSDGRGQVYNEQFF	TRBV25-1	NA	09/0642	NA	1
